:020000041000EA
:10000000002008205D0100101301001015010010F0
:100010001101001011010010110100101101001058
:10002000110100101101001011010010498300108E
:100030001101001011010010C9820010258000106C
:100040001D0100101D0100101D0100101D010010F8
:100050001D0100101D0100101D0100101D010010E8
:100060001D0100101D0100101D0100101D010010D8
:100070001D0100101D0100101D0100101D010010C8
:100080001D0100101D0100101D0100101D010010B8
:100090001D0100101D0100101D0100101D010010A8
:1000A0001D0100101D0100101D0100101D01001098
:1000B0001D0100101D0100101D0100101D01001088
:1000C0001D0100101D0100101D0100101D01001078
:1000D0001D0100101D0100101D0100101D01001068
:1000E0001D0100101D0100101D0100101D01001058
:1000F0001D0100101D0100101D0100101D01001048
:100100001D0100101D0100101D0100101D01001037
:1001100000BE00BE00BE00BE00BE00BEEFF3058004
:10012000103800BEF2EB8871B0930010D493001029
:10013000A801001090A31AE7D3DEFFFF42012110AF
:10014000FF01000094AC0000793512AB4FF00000C5
:100150002049086006C881F3088810474FF05040D6
:10016000006810B14FF00000F2E70FA40ECC002998
:1001700002D000F015F8F9E71749184A002000E00E
:1001800001C19142FCD1002080F30A8814498847BC
:10019000144988471449884700BEFDE701C901C2D8
:1001A0009A42FBD3704700BFD49300101001002087
:1001B000081B0020CCAD0010000008200000082023
:1001C000CCAD001000100820001008200000000036
:1001D0007047000008ED00E0081B00206C2A00209A
:1001E0003D320010C103001035320010F8B500BFD9
:1001F000064B0749C91A891048BF0131491003D07D
:10020000044B0BB101481847704700BF081B002082
:10021000081B00200000000008B5054B1BB1054974
:100220000548AFF30080BDE80840FFF7E1BF00BF1D
:100230000000000094280020448F001008B50E2014
:1002400000F020F90F2000F01DF90E234FF00002FE
:1002500042EC44300F23012242EC44301C491D483B
:1002600005F096FD0321002000F0DAF803210120BB
:1002700000F0D6F800220121104600F0EFF801212D
:100280000022084600F0EAF82721124805F084FE13
:1002900005F05AFE104805F073FE0E4805F0AAFE60
:1002A00008210022012005F0FBFF02460B4B012034
:1002B0001A6006F071F90023094A194610601A46BF
:1002C00006F02AF8BDE80840002007F08DB800BF0E
:1002D000A086010094150020488F001018240020EB
:1002E0006C29002000B58BB004A805F0A1FE124CCB
:1002F000124E4FF0FF31206806F0C6FA684601A999
:1003000005F0CAFE04A9009805F0FCFE0346DDE9ED
:10031000001004AA029305F019FF054602A9022362
:1003200000223068039505F0F7FF002320681A4685
:10033000194605F0F1FFDCE76C29002018240020A5
:1003400000B51B4C1B4D85B04FF0FF31206806F007
:100350009BFA4FF0FF326946286806F0F5FB05F07E
:10036000F3FD009808F0A4FD02460B4602A81249CE
:1003700002F01AFF0021084605F0EAFD02A805F088
:10038000FFFD009808F094FD02460B4602A80B49B9
:1003900002F00AFF0021012005F0DAFD02A805F0B5
:1003A000EFFD002320681A46194605F0B5FFCBE79C
:1003B0006C29002018240020588F0010688F00102E
:1003C0000024022500B583B003F030F8CDE90054D5
:1003D0000125802223460C490C4806F083FF4FF488
:1003E000807223460A49CDE900540A4806F07AFF94
:1003F0004FF4807223460849CDE90054074806F0BF
:1004000071FF07F04FF8FEE7788F00103D020010F3
:10041000808F001041030010888F0010E50200104B
:1004200010B44FF480740C4B53F8202003EB80037E
:10043000C00082F0400200F1804003F5805C02F0D1
:10044000C00200F5203003F54053CCF80020416095
:100450001C605DF8044B70470480034010B4084CE6
:10046000C90041EA820154F8202004EB8003514086
:1004700003F5805301F00C015DF8044B19607047DF
:100480000480034030B44FF0000343EC440043ECDD
:10049000400005254FF480740B4BC20053F8201028
:1004A00003EB800081F0400102F1804303F520332B
:1004B00001F0C00200F5805100F540500A605D6017
:1004C000046030BC704700BF048003400FB400B527
:1004D00083B0049C074802F0EDFF3CB105A920461B
:1004E000019102F077FE044802F0E4FF012002F0DF
:1004F00089FE00BF908F0010A08F001070B5864657
:10050000EFF3108572B6124CD4E8CF6F0120002EA5
:10051000FAD1C4E8460F002EF6D1BFF35F8F4FF03B
:10052000010CC80801F007030CFA03F31EF800C021
:100530001CEA030608D14CEA030C0EF800C0C4E81C
:100540008F6F85F3108870BD1046FFF7BFFF00BFA7
:10055000FF1F0020F8B5EFF3108772B61C4ED6E8E7
:10056000CF5F0124002DFAD1C6E8454F002DF6D10A
:10057000BFF35F8F9A421BD8012502E001329342FC
:1005800022D3D40810F804E002F0070C05FA0CFCA2
:100590001EEA0C0FF2D14EEA0C0E00F804E01046F1
:1005A0000023C6E88F3F87F31088984207DBF8BD29
:1005B0000023C6E88F3F87F310884FF0FF300029F3
:1005C000F5D00698FFF782FF4FF0FF30E8E700BF55
:1005D000FF1F0020044A1078431CDBB2182B28BFF1
:1005E00010231370704700BFF814002010B5054C9D
:1005F00082B001461F23182200940348FFF7AAFF88
:1006000002B010BDA48F0010102400204FF0E02293
:10061000936843F000539360704700BF0021044B80
:1006200003F12002C3E88F1F01339342FAD17047D0
:10063000F41F00204FF0E0234FF08032C3F8002475
:10064000C3F80424C3F80824C3F80C24C3F8102406
:10065000C3F81424C3F81824C3F81C24C3F82024B6
:10066000C3F82424C3F82824C3F82C24C3F8302466
:10067000704700BF012300F01F029340400941B1C1
:10068000800000F1604000F56140C0F880310360F7
:100690007047024A203042F82030704700E100E005
:1006A0000123064A410952F8212000F01F0003FAF5
:1006B00000F01040003818BF0120704700E100E052
:1006C00001224309034900F01F008240403341F8F2
:1006D0002320704700E100E0054A10309268054B86
:1006E00052F82000C01A2F288CBF0020012070472C
:1006F00000ED00E0FC140020F8B50D46EFF3108784
:1007000072B6124ED6E8CF2F0123002AFAD1C6E8DE
:10071000423F002AF6D1BFF35F8F0D4B00F110046A
:100720009B680C4A53F82430934203D0994201D07D
:1007300000F074FF064B9B6843F82450BFF35F8FB3
:100740000023C6E88F3F87F31088F8BDFD1F002007
:1007500000ED00E01D0100102DE9F04F81468B46B1
:10076000164683B0EFF3108372B6DFF8D0A1009382
:10077000DAE8CF1F01230029FAD1CAE8413F002956
:10078000F6D1BFF35F8F664B93F90040002CC0F2A7
:10079000A080644D04EB440705EB870898F8061029
:1007A00009F110091970604BBF009B6853F82900CC
:1007B0006300411B2F292FD95C49884240F0A48057
:1007C0001C445B4B02372F44043BDB1BC3F34A033F
:1007D0006FEAC3434FF421416FEAD34325F8241055
:1007E00005EB840463804BF60153A380FF2348F09C
:1007F0000100E671C4F808B0A3714B4B9B6843F845
:100800002900BFF35F8F0023CAE88F3F009B83F36B
:10081000108803B0BDE8F08F20F0010E9EF807109D
:10082000B1422ED84FF42143EB53414BB91C29441C
:10083000043B04375B1A2F44AEF10401C91BC1F31A
:100840004A043C49C3F34A030B432143A8F804106C
:100850003949A8F802304AF6AA2073465B1B5B416F
:100860005843000D88F8076088F80600C8F808B0FB
:1008700048F00100CEF80010BFE7D179B1422ED97F
:1008800096469EF906C00CEB4C02BCF1000F05EB3E
:100890008202F2DA4BF601510EF10402A8F10407CC
:1008A000BF1AC7F34A076FEAC7476FEAD7478EF800
:1008B000064003EB0408204C05EB8803AEF80470F7
:1008C00045F82840998083F806C0DE71C3F808B067
:1008D00093E700F0A3FE124B93F9004059E77246EC
:1008E00032F8041F490514D44915023102EB4101C5
:1008F00001916FF00701C91B019F491B3944C1F3E6
:100900004A0141F46041C9E7019300F087FE019B71
:1009100056E701F5FF1101F5FF511F31E4E700BF74
:10092000642A0020FC14002000ED00E01D010010EE
:100930002C15002000E0FFFF01488047FD1F00202C
:10094000F0B5EFF30585EDB2EFF3108C72B62649E2
:10095000D1E8CF2F0123002AFAD1C1E8423F002A73
:10096000F6D1BFF35F8F214E40F0010EB4684AF616
:10097000AA2354F825701E4A0446A41A644163430E
:100980001B0D77455BB21BD092F906409C421CD0F0
:1009900092F912409C4223D092F91E409C4221D0F1
:1009A00092F92A409C4208BF03240FD0114A002428
:1009B000157813708571C1E88F4F8CF31088F0BDE6
:1009C000B2680D4C42F82540F0E7002404EB4404E3
:1009D00002EB8402FF2494714BF601549480E5E706
:1009E0000124F3E70224F1E7FD1F002000ED00E001
:1009F000FC140020642A00201D01001010B5074CD3
:100A000082B001460523002200940548FFF7A2FDAD
:100A10000028A8BFC0F1330002B010BDC08F001085
:100A2000682A0020014B0B4403607047F41F00202C
:100A300070B5104C104DAC420ED2FF26236863B146
:100A4000FFF7C8FD01462046FFF7ECFFA680BFF385
:100A50005F8F0834AC42F1D370BDFFF7BBFD014698
:100A60002046FFF7DFFF2671BFF35F8F0834AC42EB
:100A7000E4D370BD001B0020081B002010B5044605
:100A8000FFF7A8FD01462046FFF7CCFFFF232371A7
:100A9000BFF35F8F10BD00BF10B504460120FFF704
:100AA000A5FD034B03442360BFF35F8F10BD00BF60
:100AB000F41F0020024B0B440360BFF35F8F7047AD
:100AC000F41F00200D4B1A68EFF3108172B6D2E8C4
:100AD000CFCF0120BCF1000FF9D1C2E84C0FBCF11F
:100AE000000FF4D1BFF35F8F00221B68C3E88F2F84
:100AF00081F3108840BF002000217047702900203A
:100B00002DE9F04F2DED028B85B0EFF30583DBB2BD
:100B1000103B9A0818BF01224FF0010103F0030BAC
:100B200018BFAF4DAF4B08BFAF4D0BEB820253F870
:100B3000226001FA0BF205F541539FEDA78B01925C
:100B40005A602FE0B3881C0440F19380B379002BE6
:100B500040F0DD80B6F90820002AC0F21E817369DA
:100B600002EB420203EBC203D3E90247B7F1FF3FB6
:100B700008BFB4F1FF3F0ED005EB8B01AB6A0A69E9
:100B8000D21AE31A934205D301232A6A03FA0BF31C
:100B9000134200D10C61284600F0AAFBA042B941E3
:100BA000C0F2FB80B6F90830019A002B0093EA638B
:100BB000C8DBD6F8148003EB4309284608EBC907C5
:100BC000D7E9024A00F094FBA04271EB0A01B9DBBD
:100BD000BAF1000FC0F2C380D7E90431834A9342CF
:100BE00000F0ED807A88B6F9080092B242EA00403F
:100BF000984702460B4652EA030100F0B080002BF2
:100C000080F2D180B4EB020E6AEB030A38F9393076
:100C1000C7E902EA002B95DB716903EB430201EBA4
:100C2000C202D2E90270BE457AEB000C4FEA4302E1
:100C300088DBB4462CF8083F06E003EB430001EBE9
:100C4000C0005A00D0E90270BE451A447AEB000099
:100C500001EBC20404DB31F93230A446002BECDA9C
:100C600028F83930009BACF80030B3881C043FF5FD
:100C70006DAF3369EFF3108272B6D3E8CF0F012165
:100C80000028FAD1C3E8401F0028F6D1BFF35F8FD8
:100C90004FF6FF74B0880023316900B2B480C1E818
:100CA0008F3F82F310889842FFF650AF0746A9465F
:100CB000746906F1080807EB470E04EBCE03D3E98D
:100CC0000250B6F90830C446002B13DBB246009739
:100CD00004E034F936309446002B09DB03EB43067D
:100CE00004EBC602D2E90271BD4270EB0101F0DAF9
:100CF0005646009FACF8007034F93E7024F83E3040
:100D0000002FD8DAB3794D46002B3FF423AF0023F0
:100D1000B371B6F9083006F10808581C3DD01A46E0
:100D2000776903E08046591C3FF416AF03EB43019B
:100D300007EBC100B0F802C01C461CF4004F9E46F1
:100D400037F93130EED0944280ED028B05D0A8F80F
:100D50000030328927F8312034817246E3E738F8D1
:100D6000393033813369EFF3108272B6D3E8CF0F95
:100D700001210028FAD1C3E8401F0028F6D1BFF3B3
:100D80005F8F7388316928F83930009B73800023A6
:100D9000C1E88F3F82F31088D4E640BF05B0BDECB8
:100DA000028BBDE8F08F2846CDE9022300F0A0FABF
:100DB000029A039B10EB020E43EB010A26E708465A
:100DC0000B69029198470028C9D00299D1E9002304
:100DD00011E700BFAFF30080FFFFFFFFFFFFFFFF42
:100DE00000800B40B428002000000B40010B0010D5
:100DF0002DE9F84F364C25692DB1BDE8F84F0A2191
:100E00003448FFF70FBEDFF8E4800321404600F0CE
:100E10005DFA0326C4F80C80FFF7DCFB4FF0504C62
:100E20002D4B267003442361DCF800300F216370E2
:100E3000636961801D834FF00405A3F878504FF07B
:100E40000505A3F890504FF00605A3F8A8504FF001
:100E500007050E214FF6FF7208274FF00A0EA3F880
:100E6000C0504FF001094FF00C0C4FF0020B4FF047
:100E7000090A0D204FF00B05A3F868111749A2804D
:100E8000A3F808E1A160A3F848B0A3F8F0A0A3F884
:100E90002051A3F838C1A3F85001A3F83090A3F86B
:100EA0006060A3F8D8701A800D4B3046C8F82070E7
:100EB0000C49DC60FFF720FC49463046FFF7DAFBBF
:100EC000094B0A211F640348BDE8F84FFFF7AABD8C
:100ED0004415002070290020F41F0020FFFF10009F
:100EE000B4280020010B001000200B4000000B4034
:100EF0000048704744150020F8B59DF8205004467E
:100F000017461E4635B900F0FBF9874266EB010132
:100F100000295CDB2169EFF3108372B6D1E8CF0FB3
:100F200001220028FAD1C1E8402F0028F6D1BFF3F2
:100F30005F8FB4F90220656902EB4201002A4FEA93
:100F4000C10C206905EBC10139DB35F80CE0A4F8D0
:100F500002E04FF0000EC0E88FEF83F3108848885E
:100F6000069B0130C0F30E00012838BF01200B6141
:100F7000079B48804B61C1E9027640EA0240236941
:100F8000EFF3108172B6D3E8CF7F0126002FFAD19C
:100F9000C3E8476F002FF6D1BFF35F8FA38825F812
:100FA0000C30A2802369C3E88FEF81F310880122FF
:100FB000E368217803F501538A405A60F8BD0022A6
:100FC000C0E88F2F83F310884FF0FF30F8BD28461C
:100FD000F8BD00BF0146F0B50069EFF3108772B6A7
:100FE000D0E8CF5F0124002DFAD1C0E8454F002D95
:100FF000F6D1BFF35F8FB1F902E04C690EEB4E0CF6
:10100000BEF1000F4FEACC05086904EBCC0C3CDBC9
:10101000665B4E800026C0E88F6F87F31088BCF8AF
:101020000200CCE902230130C0F30E00012838BFD2
:101030000120059BACF80200CCF81030069B40EA7A
:101040000E40CCF814300B69EFF3108272B6D3E87F
:10105000CFCF0127BCF1000FF9D1C3E84C7FBCF121
:10106000000FF4D1BFF35F8F8B886353A1F804E0C6
:101070000B69C3E88F6F82F310880122CB6809786F
:1010800003F501538A405A60F0BD0023C0E88F3F4A
:1010900087F310884FF0FF30F0BD00BF0346408952
:1010A000B0EB214F37DD58690A1402EB420210B54C
:1010B00000EBC2001C69EFF3108C72B6D4E8CFEFDE
:1010C0000122BEF1000FF9D1C4E84E2FBEF1000F8E
:1010D000F4D1BFF35F8F428889B292B28A4207D0BF
:1010E00000221B69C3E88F2F8CF31088002010BDED
:1010F00042F4004242800121002218699971C0E83F
:101100008F2F8CF310881C78DA68084602F501539B
:10111000A140596010BD0020704700BF4078704763
:101120002DE9F04182B004460E4600F0E9F84FF098
:10113000FF326FF00043241846EB0106A24273EB26
:1011400006013CBF14461E46A51F46F1FF37AC42C0
:1011500076EB07033CBF00252F4600F0D1F8281A94
:1011600067EB010C01287CF1000C06DA20463146C1
:1011700002B0BDE8F04100F0CDB800F0C1F8854202
:1011800067EB010100290ADB0021174B2A46009377
:1011900016483B460191FFF71DFF0130E6D04FF0A6
:1011A000000C134A1349536A9F4204D8906AA8421C
:1011B000DCD29F42DAD10B68EFF3108072B6D3E82D
:1011C000CF8F5FF0010EB8F1000FF8D1C3E848EF00
:1011D000B8F1000FF3D1BFF35F8F0B68C3E88FCF77
:1011E00080F3108820BFDEE7C50A001044150020F8
:1011F00000000B40702900202DE9F04306460D4603
:1012000083B0EFF30584E4B23CB12D4B5A6AAA4295
:101210001CD2002003B0BDE8F0832A4FD7F80C9011
:1012200097F80080484600F063F808F1040859F880
:1012300028301B1A301A65EB0101984271F1000148
:1012400010DB20BF1E4B5A6AAA42E2D314BF01240E
:1012500000249B6AB34234BF204644F0010003B02F
:10126000BDE8F08300F04CF8864265EB01010029EF
:1012700014DB154B3846CDE9003432462B46FFF7D8
:10128000A9FE011E0ADD0E4B5A6AAA4216D39B6ABA
:10129000B34211D30B48FFF701FFB6E7084B5C6A76
:1012A000AC42B6D3641B18BF01249B6AB34234BF5F
:1012B000204644F00100ADE7AA42EBD120BFE9E7A8
:1012C00000000B4044150020C50A001010B4054B67
:1012D000054C064AA04214BF1846581C5DF8044B42
:1012E000FFF70CB91424002000800B40DC8F0010A5
:1012F0000346416A0A46986A596A8A42FAD1704797
:10130000034B596A0A46986A596A9142FAD1704762
:1013100000000B40074A536A9942FCD8994207D112
:10132000044B02E05A6A914202D19A6A9042F9D87B
:10133000704700BF00000B4000EB400C4FEA8C0CE4
:101340000CF1804C0CF5803CF0B51646DCF804201E
:10135000051FB2F5803F38BF4FF48032EDB238BF81
:10136000CCF80420012D2AD94FF40067254C0CF548
:101370004052176054F82020B2B9DCF80020012D4B
:1013800082EA461202F0E0020CF5805632602AD959
:101390004FF4006144F820304FF480330CF50052D4
:1013A0001160CCF80430F0BD6769B7FBF2FE0EF1B6
:1013B000010E0EEB4E0EBEF1030EFCD2DDE701294D
:1013C000D2D103240CF540521460DCF80820D20777
:1013D000FBD5DCF800200B4C82EA461202F0E0025A
:1013E0000CF5805632600122DCF800504D4005F0CB
:1013F0000305356002FA01F1DCF808200A42FBD04F
:10140000C6E700BF1C240020014B53F820007047A2
:101410001C24002070B4039D04682D0345EA034595
:101420001B4B002CB3FBF1F3B2FBF3F61FDB194AA5
:10143000194B904214BF4FF480424FF40042174CB6
:101440001A6003F580531A60A36832EA0303FBD1E4
:10145000212200F540530433016086601A6002685F
:10146000002AFCDA0822C5601A6070BC7047036865
:1014700003F03F038B42DAD18368C3F30B03B3421B
:10148000D5D1C36803F4EE23AB42D0D1EDE700BF62
:10149000001BB70000800540002002400000024011
:1014A00030B44FF080441C4B1C60E0B11B4CA3F5E2
:1014B0004053DC611A4C40F0010044401C62596208
:1014C00098624FF080454FF0E061134B1548164C81
:1014D0001D60846019604AB930BC4FF00042A3F52A
:1014E00080531A607047114BD861EAE74FF47A7362
:1014F00003FB02F2B2F1807F2ABF6FF07F431346F5
:101500001A464FF080410A4C08482360094B42605C
:1015100030BC1960704700BF00B00D40D3C007B0A9
:101520002D3FF84F00A00140F3FFFF0100800D4068
:101530008C28002000A00D40012300EB400080001B
:1015400000F1804000F5841041600360704700BFE7
:10155000002370B5DB8A04460D46002242E800F203
:10156000520254BF1021042144F25220984786466B
:101570002B462246F446BDE870400A214FF48170A4
:10158000604700BF0023DB8A002242E800F25202DB
:1015900001D4102118470421184700BF08B503469D
:1015A0000846191E02DB1AB140F03000FFF7D0FFE9
:1015B00040F02000FAE700BF034AD2F82838002B99
:1015C000FBD0BFF35F8F704700000E400021044B3B
:1015D000044ABFF35F8F43F8041B9342F9D170476D
:1015E0000C080E402C080E4010B44FF48D704FF4D0
:1015F0002A64064A064B07491460D0601960536894
:10160000002BFCDA5DF8044B704700BF00800440FB
:1016100000A0044000B0FA00704700BF08B50148C0
:10162000FEF754FF0090001038B5054C054DAC4254
:1016300004D254F8043B9847AC42FAD338BD00BFFB
:10164000F88E0010388F001010B40748074C084B74
:10165000084A094904601A608B6832EA0303FBD127
:101660005DF8044B704700BF002002407F3BEFEF66
:1016700000300240F6FFF30300000240044BDB6C35
:10168000B3F5004F03D14FF48022024BDA64704768
:1016900000001150002011504FF0E022044BD2F80E
:1016A000881D0B43C2F8883D10EE3004704700BF20
:1016B000030330006FF06041044B054A19609368E2
:1016C000DB4333F06043FAD1704700BF0030024083
:1016D0000000024010B545F25320FFF753FFBDE86C
:1016E000104003460420184710B545F25320FFF779
:1016F00049FFBDE81040034601201847FEF78EBFA2
:1017000010B5054B054C4FF488721846A16807F0D8
:10171000CFF9A06010BD00BF0000002000ED00E088
:10172000002370B52B4C82B0C4F88430FFF75CFF07
:101730000122294BDA63636C012BFCD10321264A79
:10174000244B11639C6B012CFCD1022605252146FC
:101750000523224A22480096FFF75CFE21462B46CD
:10176000204A21480095FFF755FE0022042031460B
:101770001E4BFFF7E1FD2146284600221C4BFFF7D8
:10178000DBFD0022082011461A4BFFF7D5FD002291
:1017900009201146174BFFF7CFFD00220620114606
:1017A000134BFFF7C9FD0022114B07201146FFF72D
:1017B000C3FD0420FFF728FE00240F4BA3FB0035D8
:1017C000AD0CE0B229460134FFF7B6FE062CF8D185
:1017D00002B070BD0000014000300140002F685988
:1017E00000000540008C864700800540001BB700C4
:1017F00080D1F008006CDC0283DE1B4386B003B4AA
:1018000051FC0804CDE9020151FC0904CDE90401B1
:1018100051EC0A04CDE9060103BCF047BDE80050D5
:101820004EEC00C4BDE800504EEC01C4BDE80050D1
:101830004EEC02C400BD000000B5FFF7DFFF02E080
:1018400010FE30F4F8D441EC100443EC112400EE07
:10185000010410EE010480EE200451EC10047047E6
:1018600000B5FFF7CBFF02E010FE30F4F8D441ECF6
:10187000100443EC112400EE010410EE210480EE6C
:10188000200451EC3004704700B5FFF7B7FF02E0C9
:1018900010FE30F4F8D410B541EC100443EC1124E0
:1018A00051EC040453EC0524A0FB024C5FF0000E45
:1018B000E0FB03CEE1FB02CE4CEC20440024E1FB34
:1018C00003E444EC30E480EE200451EC5004BDE825
:1018D0001040704700B5FFF791FF02E010FE30F4B2
:1018E000F8D441EC100443EC112451EC2104A0FB8A
:1018F00001126FEA820252FB100052FB12F252FBFD
:101900001000A0EBD07C53EC04245CFB13F153ECEF
:101910001524A1FB022001FB030053EC4424A2EB9D
:10192000000050FB1CF24FEA111312EB017043EB65
:10193000E27140EA515020EA915020F0070053EC48
:101940007524A0FB023C53EC752400FB03CC01FB87
:1019500002CC53EC0424ACEB824C40EA5C70A0F166
:10196000010041EC400480EE200451EC700470470B
:1019700000B5FFF743FF02E010FE30F4F8D441EC6D
:10198000100480EE220410EEB204704700B5FFF799
:1019900035FF02E010FE30F4F8D440EC700400EEA5
:1019A000010410EE210480EE200451EC3004704755
:1019B00000B5FFF723FF02E010FE30F4F8D440EC4E
:1019C000600400EE010410EE210480EE200451ECCE
:1019D0003004704700B5FFF711FF02E010FE30F44D
:1019E000F8D441EC800400EE010410EE010480EE16
:1019F000400410EE1304704700B5FFF7FFFE02E04D
:101A000010FE30F4F8D441EC800400EE010410EE36
:101A1000010480EE400410EE3304704700B5FFF778
:101A2000EDFE02E010FE30F4F8D441EC100443EC7B
:101A3000112400EE010410EE3004C0F30070704772
:101A400000B5FFF7DBFE02E010FE30F4F8D443EC03
:101A5000102441EC110400EE010410EE30F48CBFB0
:101A600001200020704700BF00B5FFF7C7FE02E06D
:101A700010FE30F4F8D443EC102441EC110400EED5
:101A8000010410EE30F42CBF01200020704700BF8D
:101A900000B5FFF7B3FE02E010FE30F4F8D441ECDD
:101AA000100443EC112400EE010410EE30F42CBFBE
:101AB00001200020704700BF00B5FFF79FFE02E045
:101AC00010FE30F4F8D441EC100443EC112400EE85
:101AD000010410EE30F48CBF01200020704700BFDD
:101AE00010B5044606F094FC28B10346034A23448B
:101AF000934200D810BD0248FEF7E8FC0000082021
:101B00000C90001006F08CBC9A4238BF8854704785
:101B1000704700BF2DE9F04F83B09946DDE90DAB6A
:101B20000F9B884611469A07074616D1DA453AD2E6
:101B30000C460D46ABEB0A060E4422464B46414688
:101B400020200134B847B442F7D12946BAF1000F3A
:101B500008D1204603B0BDE8F08F0C46BAF1000F63
:101B600010D00E4655460C9B2E449A440191721B90
:101B70004B46013D41461AF8010D3446B847002D49
:101B8000F5D101990F9B9B07E3D5651AAB45E0D9C9
:101B900022464B46414620200135B8475D4504F1B9
:101BA0000104F5D3D5E70C46BAF1000FD9D1D0E73F
:101BB0002DE9F04F0F9FDDF8248017F0020F0A9CEB
:101BC0009DF82CA00E9DDDE90C9644D1F5BBB442E6
:101BD00041D207F0010B04F1FF3C4FF0300EC4443A
:101BE00004E00134A6420CF801EF01D9202CF8D111
:101BF000BBF1000F00F08880A5422CD904F1FF3C16
:101C00004FF0300EC44404E00134AC420CF801EF54
:101C100021D0202CF8D117F0100F0ED017F4806FC0
:101C200054D1A64263D0A54261D0B9F1100F50D073
:101C3000B9F1020F56D0202C29D12024CDE90B5721
:101C4000CDE90984BDE8F04FFFF764BF17F0010B41
:101C500034D1B442BFD317F0100F1ED017F4806FE9
:101C6000E3D1002CDDD1B9F1100F63D0B9F1020F2F
:101C700077D0302488F800400124BAF1000F11D148
:101C80007E0748D52B2608F804600134D6E726469F
:101C900001344FF0300C08F806C0202CCDD0BAF13A
:101CA000000FEDD02D2608F804600134CDE90B5764
:101CB000CDE90984BDE8F04FFFF72CBFBAF1000F62
:101CC00030D0B44205F1FF3585D395E7B9F1100F57
:101CD000B3D1BE063BD5202CAFD0582608F80460FF
:101CE0000134A8E7202CA8D02646013407E0661E60
:101CF000B9D0B9F1100F36D0B9F1020FC9D14FF0F8
:101D0000620C08F806C096E717F0100FC5D017F45C
:101D1000806F86D089E73E0790D5202608F80460BA
:101D200001348BE717F00C0F00D0013DB442FFF4F3
:101D300052AF61E7BC0612D4782488F80040302402
:101D400088F801400224BAF1000F99D0AAE7202CAC
:101D50003FF473AF782608F8046001346BE7582429
:101D6000EBE76224E9E717F0200FA4F1020C04D09E
:101D70004FF0580E08F80CE08BE74FF0780E08F89B
:101D80000CE086E700B9704701F052BB000000008C
:101D90002DE9F04F97B09DED207BDDE9225B0746F2
:101DA000884651EC170B249C99460C920B46024630
:101DB0008DED047B0794FFF735FE002840F0F48199
:101DC000DDE904014FF0FF326FF48013FFF73CFEB2
:101DD000002840F01B81DDE904014FF0FF32AC4BDD
:101DE000FFF76EFE002840F0EE80DDE90401A4A3B9
:101DF000D3E90023FFF764FE002840F0D380DDE93B
:101E00000401A1A3D3E90023FFF71EFE002840F040
:101E1000C980DDE9040100220023FFF715FE002838
:101E200040F0E88023460D9013F4806F08BF06252C
:101E300030212B460EAAA5F1200605E0013BB34256
:101E400002F8011B00F09381092BF7D81E46ED1A0A
:101E5000DDE90401FFF7C2FD8E4B044603EBC60328
:101E600093ED007B8DED087BFFF794FD02460B465A
:101E7000DDE90401FFF7F8FCDDE90823FFF708FDC1
:101E800002460B46CDE90A23FFF7BAFD8246FFF76B
:101E900093FD02460B46DDE90A01FFF7E5FC024629
:101EA0000B46CDE90A2300227B4BFFF709FE0028F1
:101EB00000F0FE800AF1010A5046FFF77DFD024660
:101EC0000B46DDE90801FFF7D3FD10B14FF0000A22
:101ED0000134002E00F0FD80681E0EABDFF8CCC18F
:101EE00018440FE0ACFB0A21C90801EB8102AAEB00
:101EF00042023032BAF1090F00F8012F40F21C8182
:101F00008A461D46202D05F1010306F1FF36E9D171
:101F10002025691E0EAB6148194410E080FB046265
:101F2000C3EBA20303EB8302A4EB420404F13002EF
:101F300001351C4601F8012F002B00F0EB80202D0D
:101F40004FEAE473EAD1079B03F00303012B18D196
:101F5000BBF1000F15D00D9B002B00F00A810BF197
:101F6000FF3BBBF1200F0CD96B1E0EA930220B4496
:101F700005E001355D4503F8012F80F0D180202D6B
:101F8000F7D1079B0EACCDE902B341464B4638462C
:101F90000C9A01950094FFF7BDFD8246504617B09C
:101FA000BDE8F08F079B9DED047BCDE923B341464F
:101FB0004B4638460C9A8DED207B229517B0BDE834
:101FC000F04F00F045B9610723464CBF04230323BB
:101FD0004146219338464B46079A48BF304CCDE9DD
:101FE00022B258BF2F4C0C9A209417B0BDE8F04F86
:101FF000FFF790BDDDE9042300200021FFF734FC4A
:102000000123CDE904010D9323460DE723469C07E8
:1020100040F0AA80BBF1040F40F2A6800C9B1D4645
:102020001C1F04EB0B0A2A464B4641462020013573
:10203000B847AA45F7D155461B4C261F14F8010D89
:102040002A464B464146B847B44205F10105F5D151
:10205000079B0AF1040A9807A0D50C9CAAEB04037D
:102060009B459BD952464B46414620200AF1010A26
:10207000B847AAEB04035B45F4D38FE7AFF30080C6
:102080000000000065CDCD410000000065CDCDC150
:10209000FFFFEF7F889100100000E03F67666666F3
:1020A000609000106890001074900010CDCCCCCCE3
:1020B0000022DDE90A01634BFFF7C6FC00287FF42C
:1020C00008AFBAF1000F6AD10AF1010A002E7FF4BD
:1020D00003AF2046FFF75EFC02460B46DDE9040134
:1020E000FFF7C2FB02460B46CDE904230022554B05
:1020F000FFF7AAFC00287FF40CAFDDE90401002201
:10210000504BFFF7DDFC00287FF403AF013424F0CF
:102110000104FEE6079B03F00303012B00F082801D
:10212000202D3FF42EAF0D9B7BB32D220DEB05032D
:1021300083F83820013524E7202B3FF4E9AE0EAABE
:1021400015441E44302204E0202B05F8012F3FF4F3
:10215000DFAE9E4203F10103F6D12E220DEB060302
:1021600083F83820751CD4E6DDF830A063E720251D
:102170006EE6079B13F00C0F50D00BF1FF3BAB4505
:102180003FF6F2AE202D3FF4FCAE079B5A0701D577
:102190002B22CBE71B077FF5F4AE2022C6E71AF00F
:1021A000010F3FF496AE8FE7A60734D1BBF1030FC2
:1021B00031D90C9B1D46DC1E04EB0B0A2A464B460C
:1021C000414620200135B8475545F7D155461E4CAC
:1021D000E61E14F8010D2A464B464146B847A64272
:1021E00005F10105F5D1079B0AF1030A9D077FF56B
:1021F000D5AE0C9CAAEB04039B457FF6CFAE5246AE
:102200004B46414620200AF1010AB847AAEB0403D5
:102210009B45F4D8C2E6DDF830A0D7E7AB453FF6E2
:10222000A3AEAEE6BBF1000F3FF47AAF0D9B002BDF
:102230009FD00BF1FF3B5D45FFF496AE202D7FF460
:1022400074AF9EE60000E03F6F90001000000000B9
:102250002DE9F04F9FB02A9EDDE9284507469346B9
:102260000891099322462B46204629460E96DDE921
:102270002BA6FFF7D7FB002840F0BE80204629465A
:102280004FF0FF32784BFFF71BFC002840F0B48082
:10229000204629464FF0FF326FF48013FFF7D4FB3E
:1022A000002840F0A9802046294600220023FFF79D
:1022B000CBFB002840F0D581CDE90A45DDE90A23B2
:1022C0009046994606F4006216F480630F921393C9
:1022D00040F0A18058EA090340F0CA80002A40F08B
:1022E000E38106230E9316F00202109240F0D4818F
:1022F0005346042B38BF04230C920422043B129251
:102300000F932046294600220023FFF79DFB00285B
:1023100040F0F3819DED0A7B0F9B5A4603930E9B81
:102320008DED007B029326F4006304933846099BED
:102330000899FFF72DFD024616F0200F099B08991A
:102340000CBF6520452002F10108B8470C9A129B8A
:1023500016AC5D1E82EAE273A3EBE273D10F002696
:1023600022469946DFF804C101E0202E10D0CE4667
:10237000ACFB0930C00800EB8003A9EB430330330A
:10238000BEF1090F814606F1010602F8013BECD8C7
:102390000523002006930A2305950094099D089CB7
:1023A0004246CDE90330CDE901612B46214638464E
:1023B000FFF7FEFB109A8046D2B1A0EB0B06B245A8
:1023C00016D90BEB06022B46214620200136B847D2
:1023D000B245F6D80BF1FF335344CBF10102A3EB26
:1023E00008034244924538BF002308F1010898448D
:1023F00040461FB0BDE8F08F5A463846CDE9284523
:10240000CDE92BA60E9C099B08992A941FB0BDE824
:10241000F04FFFF7BDBC58EA09032BD1002A3FF467
:1024200062AF00230C930E9B0C9A934200F3B98188
:102430004FF000082046294600220023FFF704FB46
:10244000002840F013819DED0A7B26F4006646F4D7
:1024500080668DED287B5A463846CDE92A8A099B4D
:1024600008992C96D2E700BFFFFFEF7FCDCCCCCCF4
:1024700006230E93C9F30A50A0F2FF30FFF78AFA41
:10248000C1A3D3E90023FFF703FAC1A3D3E90023D3
:10249000FFF7D6F9C9F31309CDE90C0149F07F51D3
:1024A00040460022B24B41F44011FFF7DDF9A4A3EE
:1024B000D3E90023FFF7ECF902460B46DDE90C01F6
:1024C000FFF7BEF9FFF78AFA0C90FFF763FA9EA3B5
:1024D000D3E9002380468946FFF7DAF90022A54BAD
:1024E000FFF7AEF9FFF77AFA0346494640461293E2
:1024F00097A3D3E90023FFF7CBF9804612988946CA
:10250000FFF748FA94A3D3E90023FFF7C1F9024685
:102510000B4640464946FFF7A7F902460B46804660
:102520008946FFF7B5F942464B46CDE910014046D2
:102530004946FFF785F90022CDE91401DDE91001D4
:102540008D4BFFF7CBF900228C4BFFF779F9024650
:102550000B46DDE91001FFF7C1F90022884BFFF7B8
:102560006FF902460B46DDE91001FFF7B7F9424665
:102570004B468046894600204FF08041FFF774F9B2
:1025800002460B4640464946FFF75AF902460B46BB
:10259000DDE91401FFF7A2F900227A4BFFF750F9A9
:1025A000129B002203F2FF3C4FEA0C53FFF770F935
:1025B00080468946DDE90A0142464B46FFF744FA68
:1025C00050B10C9B4046013B49460C9300226B4B9B
:1025D000FFF784F9804689460C9A43466332C62A3F
:1025E00006F00202109249460F9A2CD8002A5ED0BB
:1025F000042212920B433FF416AFDDE90A0158A3FF
:10260000D3E90023FFF748FA48B1DDE90A0156A3F0
:10261000D3E90023FFF718FA00287FF404AF0E9BDC
:10262000002B50D0139A002A7DD0013B0E93129BB1
:102630009A4505D9109B002B00F0AE800223109321
:1026400000230F9344E022BBBAF1050F4FD906F0E7
:102650000203002B49D105231293AAF105030F931E
:102660003AE005F100430A940B9327E626F400664E
:1026700046F4806638462C96DDE90A67344607F151
:1026800000455A46CDE92A8ACDE92845099B089993
:10269000BCE605221292ADE700230222CDE90F32FB
:1026A00004220C9312922CE64FF00508C2E6BAF110
:1026B000040F1FD9109B002B78D104231293AAF189
:1026C00004030F9304E0129B9A4531D80E9B0F939D
:1026D0000C9B002B3FF415AEDDE90A0142464B4648
:1026E000FFF7FCF8CDE90A010BE60223109305235E
:1026F0001293F1E704231293EAE7DDE90A45A046C5
:102700000F9B05F1004903930E9B5A46029326F452
:10271000006304933846CDE90089099B0899FFF7C7
:1027200037FB024608E6129B9A4544D80F92CFE742
:10273000109B8BB30E9B0F9302231093C8E700BF2F
:1027400061436F63A787D23F71A379094F930A4012
:102750001655B5BBB16B0240EF39FAFE422EE63F8B
:102760002D431CEBE2361A3F0000000080842E410E
:102770000000F83F0000E03F00002C400000244033
:10278000000018400000F03FFB799F501344D33FF6
:10279000B3C8608B288AC63F129BAAEB03030F9332
:1027A00096E7A3EB020808F1FF3843E604231293EF
:1027B000022310938CE7109B002BEDD002230F9285
:1027C000109385E72DE9F04F9BB0249C954D0A941A
:1027D000954CB1F1000A18BF834625601878934CD8
:1027E000914608BFA3460993002800F093824FF05A
:1027F00000080AE042464B46514608F10108D84716
:10280000099B1878002800F0CE80099B252803F149
:1028100001030993EED11C460023224612F8010B56
:10282000A0F1200110290AD8DFE801F04009093C95
:102830000909090909090938093409093000A0F111
:1028400030010929099440F28A802A2800F0F0809A
:1028500000252E2800F096800026A0F1680112299C
:102860002DD8DFE811F049012C0043012C0038017C
:102870002C002C002C002C002C002C002C002700FD
:102880002C002C002C002C002C002700144643F0B8
:102890000103C2E7144643F00203BEE7144643F0C7
:1028A0000403BAE7144643F01003B6E7144643F0B6
:1028B0000803B2E70999487843F480730132672826
:1028C00009927ED8242840F2C180A0F12502422A34
:1028D00000F2BC80DFE812F05001BA00BA00BA0082
:1028E000BA00BA00BA00BA00BA00BA00BA00BA0018
:1028F000BA00BA00BA00BA00BA00BA00BA00BA0008
:10290000BA00BA00BA00BA00BA00BA00BA00BA00F7
:10291000BA00BA00BA00BA00190137011901BA00A9
:10292000BA00BA00BA00BA00BA00BA00BA00BA00D7
:10293000BA00BA00BA00BA00BA00BA00BA00BC01C4
:10294000BA00BA00BA00BA00BA00BA00BA00BA00B7
:10295000BA00BC015801BC01190137011901002559
:1029600000E0013205EB850500EB45051078303DB0
:10297000A0F130010929F4D92E28099202F10102AF
:102980007FF46AAF099943F4806348781146A0F157
:102990003006092E40F221812A2800F02F81099269
:1029A0000026013259E74446C14501D809F1FF38F4
:1029B0004B46424651460020D84720461BB0BDE852
:1029C000F08FA0F16902D2B20F2A3FD8012149F25B
:1029D00041079140394040F0F3800A2A3DD0072A50
:1029E00034D10A9D55F8042B002A00F0138143F0DE
:1029F000210012AB1F460B9303E0202900F0148145
:102A00001A4602F00F042346092C94BF30333733A3
:102A10000F2A07F8013B01F101014FEA1213ECD82C
:102A200002E100BFC527001084280020111B001000
:102A30000A99099851F8045B4078002DCDE90921E5
:102A4000BCBF43F002036D42013202E742464B46EF
:102A5000514608F10108D847D2E60A99002E51F8EC
:102A6000047B18BF3246387808BF4FF0FF32002889
:102A700000F07B83BC18A4463A4604E012F8014FEC
:102A8000002C00F03F819445F8D16446E41B5A05C0
:102A900040F12281B44228BF344613F0020300F013
:102AA00088820223CDE90A5142461D46464408E089
:102AB0004B465146D84717F8010F08F1010810B1ED
:102AC00042464645F4D12B460B990A9D002B40F017
:102AD00041810A9194E6099948786C287FF4ECAE1C
:102AE0000A46887843F440730332E8E6099943F4D0
:102AF000007348780132E2E609994878682800F0C6
:102B0000038143F080030132D9E6672800F0D980C1
:102B1000472800F0DC80452800F0DB80CDE9035336
:102B20000A9B0296073323F007031C464246F4E84B
:102B300002674B4651465846CDE900670A94FFF7B5
:102B400087FB80465CE6462808BF43F02003CDE9BA
:102B500003530A9B0296073323F007031C464246A1
:102B6000F4E802674B4651465846CDE900670A949F
:102B7000FFF70EF9804643E642464B465146252074
:102B800008F10108D8473BE60A9A990702F10404C4
:102B900008F1010640F1C68010784B464246514686
:102BA000D847012D88BFA84440F2BD8132464B462C
:102BB000514620200136D8474645F7D10A941FE6F2
:102BC0006F2800F0818040F24882782800F09081E0
:102BD0000A2723F01003BC4641E0002606EB8606D8
:102BE00000EB4600A0F1300611F8010FA0F1300211
:102BF000092AF3D90A46099101322EE6DDE90921B5
:102C000051F8046B9078023209920A91013226EA57
:102C1000E67622E623F0100013F4806240F02100F3
:102C20003FF4E7AE12AB0B930B9B06900093082387
:102C30001020059300234246CDE9023001914B4616
:102C4000514658460496FEF7B3FF0A958046D7E5ED
:102C5000582862D0622840F08F800227BC4613F4C7
:102C6000806000F0DD8023F00D0313F4007240F06B
:102C700081810A990F1D13F4807140F037825C0640
:102C80000A9A40F13B811278002A40F04E8123F0ED
:102C90001003002800F04981114612AA0B92CDE9D9
:102CA0000553CDE903C601910B9B424600930023D7
:102CB0005146029358464B46FEF77AFF0A978046E4
:102CC0009EE543F4006329E70827BC46C7E743F4C1
:102CD000006343F0200321E713F0020300F08E812C
:102CE00002230A951E460D4642464B465146D8479A
:102CF00017F8010F08F101080028F5D129463346DD
:102D00000A9DE3E6D41BC2E60A46887843F0C00376
:102D10000332D4E50446804646E6102743F02003FC
:102D2000BC469CE7012D40F2F880464608F1FF378B
:102D30002F4432464B46514620200136D847BE42EA
:102D4000F7D10A9B3246187851464B46D847A844DB
:102D50000A9455E54646A5427FF6BBAEA844A8EBCB
:102D600004080C4632464B46514620200136D847CF
:102D70004645F7D12146ACE613F4806200F0BB80F3
:102D80004FF4806223F0110C1CF400770A9B4AD1A7
:102D90001CF4807003F1040440F034811CF0400FF7
:102DA00040F0A3801CF0800F00F0D381B3F9001035
:102DB00081EAE177A7EBE177BFB2CB0F002900F002
:102DC00056813A4612A90F46DFF8D8E30B910A93D1
:102DD0000C9501E020280FD01546AEFB0213DB084E
:102DE00003EB8301A2EB41013031092D1A4600F1BA
:102DF000010007F8011BEDD80A9B0C9DCDE9055C8D
:102E0000CDE9010304960B9B424600930A235146E9
:102E1000039358464B46FEF7CBFE0A948046EFE4F8
:102E200023F00C0321E7073323F007031946084674
:102E30005B6850F8081BDF0F0A9051EA030062D16B
:102E4000002A40F09F811346114612AACDE90C7565
:102E500000201546CDE90E68DFF848E30B9201E04B
:102E600020282DD05A1842F10002AEFB027828F03B
:102E7000030707EB9807D21B1E469B1A61F1000758
:102E80000C464FF0CC3101FB03F10EFB0711A3FB05
:102E90000E731944052307F00108A8FB03389B189B
:102EA0000A2E03F130034FEA570774F1000405F8C6
:102EB000013B00F1010047EAC1734FEA5101CFD253
:102EC000DDE90C75DDE90E680B9B424600930A2391
:102ED000CDE9055CCDE90107049603934B465146C5
:102EE0005846FEF765FE80468AE419780F4664E787
:102EF0001027BC46B3E623F0100C45E71C064CBF78
:102F000012881268C0E60A46191E01DB13469CE7C8
:102F10005242134661EB410197E713465146187838
:102F200042464B46D847B04648E613F0200F14BF40
:102F30004120612012ACA6460B940A93A0F10A042A
:102F40000C9502E0202912D02A46B2FBFCF50CFBBE
:102F50001520C3B2092803F130008ABF1B19C3B280
:102F6000DBB262450EF8013B01F10101EAD20A9B96
:102F70000C9D94E60A9A073222F00702516852F833
:102F8000084B8E460A9254EA010276D123F01003D0
:102F9000002872D00022114612AA0B92CDE90553E7
:102FA0000B9B424600930023CDE903C60191029397
:102FB00094E7A54298BF01347FF674AD4FF4806367
:102FC000CDE90A7505EB08021F460D46141B424663
:102FD0004B465146202008F10108D847A045F6D1BC
:102FE0003B460A9F294638780B9D6C1C00283FF40D
:102FF00070AD002B3FF475AE002353E5A542DFD83A
:1030000001346EE61968CB0F002900F0A88081EA30
:10301000E172A2EBE17212A90846DFF888E10B9198
:103020000A930C9501E0202F0FD01546AEFB02133A
:10303000DB0803EB8301A2EB41013031092D1A4675
:1030400007F1010700F8011BEDD80A9B0C9DCDE9A3
:10305000055CCDE901730496D5E6692823F0100CD0
:1030600040F08C8013F480623FF48EAE88E6002A34
:103070003FF4A8AE12AA0B92C0E613F0200F14BFC3
:1030800041226122002012A90A3ACDE90E68CDE959
:103090000C35CDF844B006468846754693460B91EC
:1030A000CDF840C003E0202E17D004460D46294637
:1030B0003A460023204605F0FFFED2B2092A02F16B
:1030C000300388BF02EB0B03BC42DBB275F1000595
:1030D00008F8013B06F10106E5D23146DDE90C3581
:1030E000DDE910CBDDF83C800E9E57E70A990968B0
:1030F00051B923F0100338B112A90B91CDE9055352
:10310000CDE903C60192CFE513F0200F14BF412093
:10311000612012ACA6460B940A93A0F10A040C9508
:1031200002E0202A12D02946B1FBFCF50CFB151059
:10313000C3B2092803F130008ABF1B19C3B2DBB246
:1031400061450EF8013B02F10102EAD20A9B0C9D97
:10315000D4E7196881EAE177A7EBE1772DE6002A49
:103160003FF459AF12AA0B9271E713F480640DD0AB
:1031700013F0020412D004464646ECE50A276346E3
:10318000BC466CE512AB00200B939DE613F00203E6
:103190007FF4E0AD002D7FF413AF9AE4002D7FF4AF
:1031A0000DAF96E4CDCCCCCC0EB410B585B007AC49
:1031B00054F8043B01464FF0FF3200940448039456
:1031C000FFF700FB05B0BDE8104003B0704700BF3B
:1031D000091B001010B5094B84B01C684CB10346A4
:1031E00000914FF0FF3203A90548A047012004B029
:1031F00010BD00F05FF9204604B010BD8428002007
:10320000851D001000BEFDE7074A0346106838B16F
:10321000064903448B428CBF4FF0FF301360704768
:10322000034908461160F3E77C24002000000820D1
:103230006C2A002008B5FFF7E5FF00BF38B5064C43
:10324000064DFEF7F1F9AC4204D254F8043B98471E
:10325000AC42FAD338BD00BF388F0010448F001045
:1032600003680846114618472DE9F0411546427D8E
:1032700007468846002A46D0002D1DDD0B780A2B14
:1032800023D0012D4FF0000C18D04646012416F82B
:10329000012F21460A2A04F1010422D0A542F6D1C9
:1032A00065450BDC08EB050313F8013CA3F10D03A6
:1032B000B3FA83F35B093B75BDE8F0813B68A5EB8E
:1032C0000C0108EB0C009847ECE7037D002BD8D1EC
:1032D000036802210F489847012DE3D04FF0010CFD
:1032E000D3E716F8013C0D2BD8D08C4508EB0C0029
:1032F000A1EB0C0101DA3B689847022105483B68C5
:103300009847A446CAE7294640463B68BDE8F041D5
:10331000184700BFD89100102DE9F04782B00D4644
:1033200091461C460646FDF7EBFF4FF0FF3C6FF061
:1033300000472E4A821841F10003944577EB0301C0
:103340003CBF62463B462A4805F0C6FD6B1C8046E2
:1033500040D00CB3274F284B1C68B4B1B9F1000F13
:103360001CD1DFF89C9001E0246974B12368002B24
:10337000FAD0D9F800300BB19C42F5D120462A464C
:103380003146B8472469002CF0D1B8F1000F26D19E
:10339000284602B0BDE8F087184FDCE74FF00A0A74
:1033A000DFF85C9002E02469002CEED02368002B4B
:1033B000F9D0D9F800300BB1A342F4D12A463146F6
:1033C0002046B847012220460DF107018DF807A0DD
:1033D000B847E8E7304605F0E1FB0546B9E70448A1
:1033E00005F06EFD284602B0BDE8F08740420F00B0
:1033F000001B0020693200106C2400206132001094
:1034000078240020084A136823B90AE003F1100267
:103410001B6933B18342F9D129B918691060196168
:10342000704701B1106070476C24002000F06EBA44
:10343000F0B583B006468DF80700FDF761FF4FF049
:10344000FF356FF00044174A821841F1000395429E
:1034500074EB03013CBF23462A46134805F03CFDAC
:10346000124B07461C689CB1114D01E024697CB1E8
:103470002368002BFAD02B680BB19C42F6D1204672
:1034800001220DF10701FFF7EFFE2469002CEFD1B7
:1034900017B9304603B0F0BD034805F011FD3046C2
:1034A00003B0F0BD40420F00001B00206C24002040
:1034B0007824002038B5044605F070FB012305464A
:1034C0001A4620462946FFF727FF084B1C682CB1F7
:1034D00063682BB198472469002CF9D1284638BD80
:1034E0002469002CF4D1284638BD00BF6C2400208C
:1034F000704700BF0022014B1A707047652A0020F8
:103500004B79FF2B0BD1887948B9CB79012B07D1A7
:10351000082A05D9034B8A7809201A7070470020C1
:10352000704700BF652A002001207047012901D0A3
:103530000120704708B5104B91881B78994201D043
:10354000002008BD5378012B08D0022BF8D10021B0
:1035500064220846FDF7A4FF012008BD5188CB0571
:1035600048BF480AC1F3402258BF4FF0FF3001F076
:103570007F01FEF713F800BF652A0020004870475E
:10358000A4920010012907D15378012B02D193880E
:10359000072B03D000207047012070471146A62357
:1035A000014A01F039BA00BFFC9100100346012224
:1035B00001481A70704700BFDC91001008B50B6815
:1035C000B3F5966F00D008BD00224FF0FF301146D2
:1035D000FDF7E4FF024A034B10601960704700BF1B
:1035E000082400200C240020184B70B51A68002A0B
:1035F00028D0EFF3108172B6D2E8CF4F0120002C13
:10360000FAD1C2E8440F002CF6D1BFF35F8F00223D
:103610000F4C186859602270C0E88F2F81F3108812
:10362000002400250B4E3078FDF73AF820B900242D
:1036300000252046294670BD3078FDF741F8204628
:10364000294670BD4FF47A740025EBE7AC280020C2
:10365000672A0020662A0020014B1878FDF730B851
:10366000662A002038B5044600200D4601F004FB10
:10367000A8B3002001F016FB88B3FDF741FE4FF020
:10368000FF3E6FF0004C174A821841F10003964547
:103690007CEB03013CBF72466346134805F01CFCFB
:1036A000E8B1002001F0E8FA58B900214FF0FF30EE
:1036B00000F00AFD6FF002040B4805F001FC204603
:1036C00038BD002001F0EEFA0028EED021462A464F
:1036D000002001F0F1FA04460028EDD1EAE76FF08E
:1036E0000204ECE740420F007429002008B5FDF702
:1036F00007FE4FF0FF3E6FF0004C0F4A821841F179
:10370000000396457CEB03013CBF724663460B48C1
:1037100005F0E2FB70B14FF0FF30002100F0D4FC67
:10372000002001F011FB0028F5D1BDE80840034856
:1037300005F0C6BB08BD00BF40420F007429002041
:103740002DE9F84380460F46FDF7DAFD4FF0FF35CF
:103750006FF00044334A821841F10003954274EB44
:1037600003013CBF2A4623462F4805F0B5FB08B9A4
:10377000BDE8F883002001F07FFA002847D0002F31
:1037800040DD0025DFF8A890284E13E022460020F7
:1037900001F020FB002104464FF0FF3000F094FCC4
:1037A000002001F0D1FAFDF7ABFDC9E90001254485
:1037B000AF4227DD002001F02DFB7C1B8442A8BF17
:1037C000044608EB0501002CE0D121464FF0FF3004
:1037D00000F07AFC204601F0B7FA204601F04CFADE
:1037E00080B1204601F016FB0028E1D1FDF788FDED
:1037F000D9F80030D9F804209B1942F10002834225
:103800008A41D5D20848BDE8F84305F059BB0020ED
:103810000021074BC3E90001BDE8F843024805F069
:103820004FBB00BF40420F007429002020A10700B9
:10383000881C002030B5002185B02E4805F058FBCB
:10384000F0B92D4B1A68CAB1EFF3108172B6D2E805
:10385000CF5F0124002DFAD1C2E8454F002DF6D1EB
:10386000BFF35F8F254C1D6822785960D3B20122C7
:103870002270C5E88F0F81F31088CBB105B030BD41
:1038800000214FF0FF3000F01FFC002001F00AFA89
:103890000446184805F014FB002CEFD0184B1B68A9
:1038A000002BEBD0174A106805B0BDE83040184730
:1038B000FDF71EFB0446FDF723FD4FF0FF3C6FF0C4
:1038C000004510F57A7241F10003944575EB030150
:1038D00038BF2B464FF000014FF0010520460A4C3F
:1038E00038BF6246CDE901150094FDF705FB05B030
:1038F00030BD00BF74290020AC280020672A0020BA
:10390000082400200C240020E93500104FF050431B
:1039100030B585B01C68FDF7EBFAFDF7FFFBA04260
:1039200002D0002005B030BD00212A4B08461B788C
:1039300001F038FD28480368002B47D00120FDF72F
:103940005DF80346254C2649C0B22370FCF7D4FE2F
:1039500020780121FCF78EFE0E20FCF7BDFE40BB57
:10396000204B0125C3E90000FDF7C2FA0446FDF72C
:10397000C7FC4FF0FF3E6FF0004C10F57A7241F13A
:10398000000396457CEB03014FF000012046164CE6
:103990003CBF72466346CDE901150094FDF7ACFAD1
:1039A0000028BEDB01211148FFF72CFD012005B0E6
:1039B00030BD0120FCF71AFE01460A48FDF77AF8EF
:1039C00000220E200A49FCF7C7FEEBE7FDF756F888
:1039D000B4E700BFD093001074290020662A0020AD
:1039E00035380010AC280020E93500105C150020A7
:1039F0005936001000487047409300100048704747
:103A0000EC92001038B5184B04461A780AB344B942
:103A100040F209424FF44173144D6A8013482B80E1
:103A200038BD052C1DD8124B104D53F824102846D4
:103A30000023013903E0132B20F8022F0ED011F8D8
:103A4000012F0133DBB2002AF5D15B0043F4407350
:103A5000E4E71121184600F025F8D8E74FF44A733F
:103A6000DCE7002038BD00BF80290020442400206E
:103A7000D492001000B545F247308BB0FDF782FDBF
:103A800001220346092101A89847DDE903320449D0
:103A900012BA1BBAC1E900230BB05DF804FB00BFEA
:103AA00064290020012901F1FF3300F0B3805D4952
:103AB0000A784FEA121C9F2A8CBF0CF1370C0CF1CC
:103AC000300C012B80F800C000F0A78002F00F023C
:103AD000092A8CBF37323032022B427000F09D80B1
:103AE0004A784FEA121C9F2A8CBF0CF1370C0CF15C
:103AF000300C032B80F802C000F08F8002F00F0220
:103B0000092A8CBF37323032042BC27000F0858016
:103B10008A784FEA121C9F2A8CBF0CF1370C0CF1EB
:103B2000300C052B80F804C077D002F00F02092A70
:103B30008CBF37323032062B42716ED0CA784FEAD2
:103B4000121C9F2A8CBF0CF1370C0CF1300C072B88
:103B500080F806C061D002F00F02092A8CBF37320C
:103B60003032082BC27158D00A794FEA121C9F2AB2
:103B70008CBF0CF1370C0CF1300C092B80F808C00D
:103B80004BD002F00F02092A8CBF373230320A2B99
:103B9000427242D04A794FEA121C9F2A8CBF0CF124
:103BA000370C0CF1300C0B2B80F80AC035D002F02A
:103BB0000F02092A8CBF373230320C2BC2722CD044
:103BC0008A794FEA121C9F2A8CBF0CF1370C0CF13A
:103BD000300C0D2B80F80CC01FD002F00F02092A08
:103BE0008CBF373230320E2B427316D0CA7911098E
:103BF0009F2A8CBF373130310F2B81730DD002F0EB
:103C00000F02092A94BF30323732102BC27318BF0B
:103C1000103002D000230370704718440023037053
:103C2000704700BF6429002070B500F02DF90C2307
:103C30004026194CFF22A3670E201849FCF78CFD83
:103C400032460021164804F0BBFE012500238021E6
:103C50001348144A41844570068306878260436096
:103C6000136042F8043C80F8213080F83B30436216
:103C70000D4B4FF00056C360C362803B836205F07A
:103C800033F94FF480320949094B25642846E6642C
:103C9000C4F89010DA6470BD000011509D0300203C
:103CA00080240020840010500001105010D001002A
:103CB0000020115001210E20FCF7DCBC002202483C
:103CC000114600F001B900BFA0240020044B197078
:103CD00021B14FF40032034BC3F89020704700BF6E
:103CE000612A0020002011500B785B0602D14B782E
:103CF000052B00D070474B88014ADBB21360704738
:103D000000001150CB782DE9F04103F0030EBEF115
:103D1000010FC3F301005BD0002791F802C0344CBF
:103D20000CF07F025600898806EBDC1304EB43138A
:103D30004FEADC15D876C1F30A0185F0010083F85B
:103D400002C019835870DF70D3008DBB294804333B
:103D500004EB821C03EB0008CCF808801F5082B3F0
:103D6000254BD2001344CCF80430244B3F311A6861
:103D700021F03F01BEF1020F08BF49001144196054
:103D80001F4B771904EB47179942FA602BD82E4442
:103D900004EB4613D97E82F0A04282F480125B6865
:103DA00042EA816242F000421A600120BDE8F081DF
:103DB000104804EB821C0344CCF8283040F83270E1
:103DC0004AB900220F4904EB4513D9605A60ECE769
:103DD0000020BDE8F081D20002F1A04202F580127D
:103DE000CCF82420C1E7FDF719FCFA68CFE700BF43
:103DF00080240020800010500400105090280020E3
:103E0000FF0F10500001105005F06EB88C4608B539
:103E1000114607481A460CF07F034FEADC1C0CEBF6
:103E2000430C00EB4C1000F04FF8012008BD00BF20
:103E30008024002011F07F0205D100290CBF022050
:103E40000120064B9866C909054B01EB420003EBC4
:103E500040104FF40062002105F03AB800201150E4
:103E60008024002011F07F0300D170470022054814
:103E70005B0003EBD11300EB43106FF40061C270E1
:103E800005F026B8802400204FF0805209480A49E6
:103E900008B50A4B02600A609968C94311F0805165
:103EA000FAD14FF48052064804F08AFD0922054BEE
:103EB0005A6708BD00200240003002400000024066
:103EC000000010500000115000234FF0010C10B5FD
:103ED00080F81AC08282C3820161044604F0F4FFB4
:103EE00020B14FF40032074BC3F89020204604F075
:103EF000F7FF10B10123237710BD2046BDE8104025
:103F000004F0D2BF002011502DE9F04100241D4ED5
:103F1000054623463278DFF878801B4F0DE03B687A
:103F200013EB441324D0DB682846984732780134D9
:103F3000E4B2511CA142234606DBA242A3EB0203DA
:103F4000EDD808EB4313EEE7542200210F4804F0AC
:103F500037FD4FF0FF330D482022041D4360C4E9B4
:103F60000133E360FF21BDE8F041143004F028BDC7
:103F70004FF0E023D3F8F03DDB0700D500BEBDE8ED
:103F8000F08100BF602A0020501E00202020002069
:103F900054930010704700BF704700BF0020704767
:103FA00000207047704700BF704700BF704700BFD8
:103FB000704700BF024B5878003818BF0120704787
:103FC00020200020024B1878C0F38000704700BF0B
:103FD000202000202DE9F047DFF8E4A09AF8003017
:103FE000FF2B56D10E4600293ED000215422074611
:103FF000294804F0E5FC0022284C294B20461A7081
:10400000FCF73CFD274B28481C60284CFCF744FD7E
:10401000204601F0ABFD264A264B146023B126480A
:10402000FFF7C4FA254B18600024234D23462A7855
:10403000DFF89090DFF884800EE0D8F8003013EBC2
:10404000441311D05B687BB198472A780134E4B2FD
:10405000511CA142234611DBA242EED89B1A09EB68
:1040600043135B68002BEFD14FF0E023D3F8F03D12
:10407000DB0700D500BE0020BDE8F087314638469A
:104080008AF80070FFF7D0FD0028EDD03846FFF722
:1040900011FE0120BDE8F08720200020182000201C
:1040A000622A00207420002088150020741500204A
:1040B00078200020AD350010602A0020501E00201E
:1040C00090150020549300102DE9F04FDFF8C892AE
:1040D0008BB099F80030FF2B00F0F180A84CA94D6F
:1040E000DFF8B0A2DFF8B4B226687369EFF310828C
:1040F00072B6D3E8CF0F01210028FAD1C3E8401FE0
:104100000028F6D1BFF35F8FB261304607A901F0F6
:1041100077FB00237269C2E88F3FB36983F310888D
:10412000002800F0CC809DF81D30013B072B00F2E9
:104130007D83DFE803F0A7B1959D8E350A04089BC7
:10414000002BD1D009989847CEE79DF8201001F0B8
:104150007F0605EB460000EBD11090F8343023F0D9
:10416000010380F8343090F8343023F0040380F8F1
:104170003430002E00F0A680037D9AF80020934290
:1041800080F09380804A126812EB431300F0908015
:104190009E699DF82120099B9DF81C00B047A3E76C
:1041A0009BF80030002B00F083809BF80030013B2F
:1041B000DBB28BF800309BF8003003F0FF00002BDF
:1041C00092D1704F9DF81C803B7843F001033B7007
:1041D00097F8343060F3000387F8343097F83430C0
:1041E00060F3820387F8343097F8353060F30003CA
:1041F00087F8353097F8353060F3820387F835302B
:1042000000F06CFC9DF8203003F06002602A6CD056
:10421000402A7CD003F01F03012B00F0C180022B49
:1042200000F08180002B60D1202A00F0E981002A73
:104230005BD19DF82130092B57D8DFE813F0B0018E
:10424000A2015600C101560095016B0156006001A4
:10425000F4002B78D9077FF547AFFFF7A9FE43E7B6
:10426000EB78DA077FF540AF0898FFF795FE3BE75C
:104270002B78D8077FF538AF2878C0F3C000FFF758
:1042800095FE31E79DF81C00FFF73EFE00F01CFC98
:104290009DF82030AB7027E79DF81C00FFF734FE37
:1042A00000F012FCFFF780FE1EE7501C984211DA66
:1042B0004FF0E023D3F8F03DDC0700D500BE0BB093
:1042C000BDE8F08F099B9DF821209DF81C0000F0AF
:1042D00019FC09E79B1A2D4A02EB431358E7FFF735
:1042E0008DFB0246002840F082814FF0E023D3F896
:1042F000F03DDE0700D500BE9DF81C000021FFF751
:1043000099FD80219DF81C00FFF794FDECE6204804
:1043100000F0E4FB0121404608AAFFF733F900282A
:104320007FF4E2AEE8E79DF8241011F0700FDCD1C5
:1043300001F07F0607EB4600164B00EBD1101B780F
:10434000007D7600019698424FEAD116009659D327
:104350005E1C8642C0F26681C01A0C4B03EB40160D
:10436000002A00F06381706900F0B8FB012140462B
:10437000736908AA984700287FF4B6AEBCE700BF6F
:104380007820002020200020501E00205493001090
:1043900085350010602A002090150020622A002038
:1043A0009DF824300F2BA7D8AE4A3B441B791278D6
:1043B000934232D3511C99429EDBAB4E9B1A06EBC3
:1043C0004316706900F08AFB01214046736908AA10
:1043D000984700287FF488AE9DF8203013F06006DF
:1043E0008AD19DF821300A3B012B85D800F076FB5D
:1043F0009DF821300A2B00F0F281404608A900F018
:10440000F1FA71E6994B1B6803EB4016002A00F0A5
:104410000D81002E3FF470AFA5E7944A166816EBA5
:104420004316CED168E77B789DF822609E4200F06B
:104430004F817B78002B40F0BE817E70002E00F013
:104440004581701EC0B2FFF7D9FA0346002800F07C
:104450005F814278022A40F05B81C17903F109064D
:10446000C1F340121201C1F3801142EA41123146F8
:10447000387820F0300002433A705A88CDF80C802A
:104480009A180192019B8B4240F2A4814A780B2A30
:1044900000F0AF810123042A40F03A810026019AFE
:1044A0000096521A92B202926E4A049312781DE05C
:1044B0006E4B1B6813EB461800F02A81029AD8F85D
:1044C000103003980591984708280246059906F18F
:1044D000010303D90298904280F0FF80DEB2614B65
:1044E00000961A78531C9E4200F31281009BB24240
:1044F000A3EB0202DCD85C4B03EB4218DEE77B78CF
:1045000040468DF81A300DF11A02012308A900F077
:1045100083FAE9E5BDF82200030A013B020AC0B2B2
:104520000E2B3FF6E9AE01A151F823F041470010F0
:10453000DD4500107D470010F9420010F9420010DF
:104540005F470010DD450010F9420010F9420010ED
:10455000F9420010F9420010F9420010F94200102F
:10456000F94200103347001008A800F0BDFA404699
:104570009DF82210FFF7A2FB3B7843F002033B704B
:10458000B2E5BDF82230012B7FF4B6AE3B78404651
:1045900023F0080308A93B7000F024FAA4E5404684
:1045A0003B789A0802F00202C3F340131343ADF8BC
:1045B0001A300DF11A02022308A900F02DFA93E532
:1045C000BDF82230012B7FF497AE3B78404643F094
:1045D000080308A93B7000F005FA85E5022A3FF4BC
:1045E0007EAEFFF7DDFC024600283FF485AE404674
:1045F000538808A900F010FA00287FF475AD7BE617
:104600009DF824300F2B3FF677AE164A3B441B79BA
:10461000127893421DD2154A166816EB43167FF4A2
:10462000A2AE69E6002A7FF467AE00269DF821203D
:1046300002F0FD03012B1BD0002A7FF456AE019B34
:10464000009A3B44134493F834304046C3F340038C
:10465000ADE7511C9942FFF64FAE034E9B1A06EB95
:10466000431680E6602A002054930010501E00205C
:10467000BDF82230B3B9012A99F8000000F0868015
:10468000FFF7D8FB019B009A3B44134493F8342076
:1046900042F0020283F8342093F8342042F0010201
:1046A00083F83420002E3FF41FAD706900F016FA35
:1046B0007369012108AA40469847002000F00EFACD
:1046C00097F83530DF073FF50FAD96E6FFF76CFC46
:1046D000404608A900F086F906E5049B012B00F08E
:1046E0009E80002B00F08A80002091F8028005E077
:1046F0008CF804605FFA80FC63457FD908EB000CFE
:1047000057FA8CFC9CF804E00130BEF1FF0FEFD0AB
:104710004FF0E023D3F8F03DDA0700D500BE4FF0AC
:10472000E023D3F8F03DDB0700D500BE00237B700B
:10473000E2E5FEF723FF024600287FF458AFDBE5F1
:10474000FFF758F9024600283FF4CFAD4046122348
:1047500008A900F061F900287FF4C6ACCCE5FFF7AA
:104760001DFC024600283FF4C7AD4046137808A957
:1047700000F052F900287FF4B7ACBDE5BDF8241075
:10478000FFF740F902460028EFD1B5E50293FFF7A5
:1047900069FB019A009B3A441A4492F83410029B38
:1047A00063F3410182F8341092F8341063F300018E
:1047B00082F8341076E700214046FFF787FA40463A
:1047C000FFF722FBBB7840460093FFF79DFB009B61
:1047D000BB7032E6DDF80C80FFF7E4FB78E740467B
:1047E000012308A90DF11A028DF81A6000F014F9DE
:1047F0007AE40A78CB7811444A784CE6334610487C
:104800000492029100F076FE0E4B049A02991B78F6
:104810001144009A01339342BFF634AE78E7D8F8DA
:1048200010C00948844508BF02235DE74FF0E0232C
:10483000D3F8F03DDB077FF557AC00BE54E400BF72
:1048400034200020602A0020154F00102DE9F84F79
:104850000A9F002A40D00C461E4615464FF0000A1B
:10486000DFF87C90DFF87C8018E0204698F8021092
:1048700099F800B000F00EFEE0B121465846FFF76F
:1048800041FAF0B1A2780AF1010AD10916BF0B9BD7
:104890003A701A702278AA4514441DD06278052A0D
:1048A0000FD1E17801F00301B1420AD1A27812F0F0
:1048B000700FDAD04FF0E023D3F8F03DDA0700D5DF
:1048C00000BE4FF0E023D3F8F03DDB0702D4002018
:1048D000BDE8F88F00BEFAE70120BDE8F88F00BF01
:1048E000901500202020002038B58B7813F0700F31
:1048F00008D04FF0E023D3F8F03DDB0700D500BE31
:10490000002038BD074A084B0C46084691781D78B0
:1049100000F0C0FD0028ECD021462846BDE8384014
:10492000FFF7F0B920200020901500200B46064A22
:1049300006481168DA09343203F07F0302EB4303BF
:10494000184400F061BD00BF74200020202000202A
:104950000B46064A06481168DA09343203F07F0331
:1049600002EB4303184400F079BD00BF742000201F
:104970002020002010B5194801F07F0C00EB4C00FE
:1049800000EBD11090F834C01CF0010F08D04FF0AC
:10499000E023D3F8F03DDA0700D500BE002010BDBB
:1049A00000F1300494F804C00D484CF0010C00787C
:1049B00084F804C0FFF72AFA0028F0D14FF0E02174
:1049C000227960F300022271227960F3820222715F
:1049D000D1F8F03DDB07E1D500BEDFE72020002065
:1049E0009015002030B50B4C8C46A646054608684D
:1049F00049680023AEE803009CF800102846C9432C
:104A0000C4E90233BDE830401A4601F08001FFF7E7
:104A1000B1BF00BFE01F00202DE9F041284F4FF04B
:104A20000008BE468C46064608684968BA60AEE88B
:104A30000300A7F80E801546BCF80620934228BF55
:104A40001346BB819AB11C4633B3DDB197F90030F0
:104A5000402C28BF4024002B29DB4146234630460A
:104A6000184AFFF787FF68B10120BDE8F0819CF884
:104A700000101346C943304601F08001FFF77AFF6A
:104A80000028F1D14FF0E023D3F8F03DDB0700D54B
:104A900000BE0020BDE8F0811A46397801F080019F
:104AA00023463046FFF766FF0028DDD1EAE72246BD
:104AB0002946044803F0FCFF8021024AF0E700BFCA
:104AC000E01F0020A01F00200022034BC3E90022AA
:104AD000C3E902221A617047E01F0020014B1861F0
:104AE000704700BFE01F002030B40246044C002590
:104AF000234600685168C4E9025530BC03C37047BF
:104B0000E01F002070B53D4CC90922780646B1EB84
:104B1000D21F1D4682B017D053B14FF0E023D3F817
:104B2000F03DDB0702D4002002B070BD00BEFAE702
:104B30002146FFF7D9F823691BB1224603213046ED
:104B40009847012002B070BD94F90030002B06DBBD
:104B5000A0680028E7D02A46294903F0A9FFE08988
:104B6000A168E388284480B229448342E081A1609F
:104B700016D03F2D14D9A28994F90040131A9BB284
:104B8000402B28BF4023002C27DB90424FF0000130
:104B900031D01B4A3046FFF7EDFE0028D1D1BCE7EB
:104BA000236923B102213046144A984760B1217825
:104BB0000023C94330461A4601F08001FFF7DAFEB0
:104BC0000028AAD00120BDE701463046FFF732F9A0
:104BD00080213046FFF72EF9B3E7904208D01A46FD
:104BE0000748019303F064FF8021054A019BD1E748
:104BF00080210022CEE70A46CCE700BFE01F00205C
:104C0000A01F00202DE9F0410446FFF7D3F908B9B1
:104C1000BDE8F081FFF7D6F905460028F8D1C82392
:104C200004FB03F3124EF718F9780029F0D0103383
:104C30001E44304600F0D2FD3F28E9D92846F978D5
:104C4000FFF774FE0028E3D0304600F0C7FD3F2890
:104C5000F97808D9074A284602EBC4124023BDE878
:104C6000F041FFF787BE2846BDE8F041FFF770BE70
:104C7000D81E0020541E002010B50446FFF79AF9F4
:104C800008B9002010BDFFF79DF90028F9D1C8220E
:104C9000034B02FB0433187900F0010010BD00BF84
:104CA000D81E0020C82208B5024B02FB003000F0DD
:104CB0007BFD08BDE81E00202DE9F8434FF6FF7389
:104CC000C8249A4228BF1A4600FB04F4DFF8748017
:104CD00004F110054544064692B2284600F0DAFD7C
:104CE0000746FFF767F910B93846BDE8F883FFF7C4
:104CF00069F981460028F7D1A04498F80330002BC9
:104D0000F2D0284600F06AFD3F28EDD9484698F8D1
:104D10000310FFF70BFE0028E6D0284600F05EFDEA
:104D20003F2898F8031007D9054A4846402302EB6C
:104D3000C612FFF71FFED7E74846FFF709FED3E785
:104D4000541E0020D81E00202DE9F0410446FFF734
:104D500031F910B90020BDE8F081FFF733F90546BD
:104D60000028F7D1C82604FB06F6DFF8648006F1B8
:104D700024074744384600F017FD0028EAD0B04425
:104D8000284698F80210FFF7D1FD0028E2D00F4E18
:104D9000384606EBC4163146402200F07BFD98F8F9
:104DA0000210044668B1034632462846FFF7E2FD8A
:104DB00050B94FF0E023D3F8F03DDB07CAD500BE71
:104DC000C8E7FFF7C5FDC5E72046C4E7941E0020ED
:104DD000D81E002038B54FF6FF75C823AA4228BF59
:104DE0002A460B4C92B203FB00440546204600F0D5
:104DF0000FFE034620461C4600F0D6FC3F2801D893
:104E0000204638BD2846FFF79FFF204638BD00BF2B
:104E1000FC1E0020C82208B5024B02FB003000F047
:104E2000DDFC08BDFC1E0020F0B5002483B0C822C4
:104E30000021174803F0C4FDFF234FF4E13108229D
:104E400014480470124800940746437181608273CD
:104E500000F1380101234022103000F075FC0123DD
:104E6000402207F17801009307F1B80607F124000A
:104E700000F06AFC07F1C0053046FBF7FFFD28464D
:104E8000FBF7FCFDC7E90746C7E90C5403B0F0BDCA
:104E9000D81E0020D41E00200A4A116B136A61B18B
:104EA0003BB10023C2E90C33D3610023136201201C
:104EB00070470120C2E90C337047002BF7D0D16155
:104EC000F3E700BFD81E0020002210B50E4C0F489B
:104ED000237802600271DA0707D59B070BD5BDE87E
:104EE000104001210A4800F05DBE103000F03EFE87
:104EF00023789B07F3D4064800F038FEBDE8104045
:104F00000121034800F04EBED41E0020D81E002010
:104F1000FC1E0020F0B54B7983B0022B02D18B79B7
:104F2000022B03D00025284603B0F0BD274FBB78E5
:104F30003BB14FF0E023D3F8F03DDB07F2D500BEE4
:104F4000F0E78B7806463B700B78CC186178242903
:104F500008BF092507D036E023781C4461782B442C
:104F600024299DB207D1AA42F6D20020FFF74AFEBB
:104F7000284603B0F0BD0B46052916D0042BF4D10A
:104F800063790A2BF1D1124B2778019301330093F7
:104F9000022330461A46E119FFF758FC0028C8D012
:104FA0000E3517FA85F5ADB2DFE721463046FFF73B
:104FB0009BFC0028BDD0A3787B7023785A191C4431
:104FC000637895B2DAE70B460925D5E7D81E0020AD
:104FD000DA1E0020137803F06003202B08D170B58F
:104FE000264C938894F800C09C4503D0002070BDE7
:104FF000002070475378203B032BF7D8DFE803F0FD
:1050000027230D0201292ED003291ED11C4BE3B109
:1050100000205188AFF3008017E0012923D0032935
:1050200013D15588174805F0010686F00101257156
:1050300000F0B8FD144B43B131460020C5F34002E7
:10504000AFF3008001E0012911D0012070BD0129DA
:105050000DD00329F9D10D4B002BF6D000200C49BF
:10506000FEF7ACFAF1E71146FFF7BCFCEDE711469D
:105070000723074AFFF7D0FCE7E700BFD81E002050
:1050800000000000FC1E002000000000BD350010E4
:10509000E01E00202DE9F843354E0C46F278074615
:1050A0008A421D463DD0B3788B4212D04FF0E023A8
:1050B000D3F8F03DDB0732D40020BDE8F8832D4B58
:1050C00023B12D4800F080FB00284DD00020FFF7D1
:1050D00099FDB378A34201D00120EEE7274B13B12D
:1050E0000020AFF300800020FFF72EFE0028F3D150
:1050F000234800F059FB0028EED1002DECD015F02C
:105100003F05E9D13846B178FFF710FC0028E3D01D
:105110002B462A463846B178FFF72CFCDCE700BE68
:10512000CAE79AB2174906F1100000F071FC164B5D
:10513000002BC4D07379FF2BC1D0002DBFD0DFF876
:10514000448008EB050902E0C845B8D0737918F827
:10515000012B9A42F8D1084800F036FB0028F3D121
:105160007179AFF30080EFE7AFF30080AEE700BFE7
:10517000D81E002000000000E81E002000000000F3
:10518000FC1E0020541E002000000000F0B54FF46B
:10519000137285B00021124803F012FC4026002350
:1051A0004FF480750E4F0F4C07F5A6721946CDE9E6
:1051B0000246009201951A4607F5947000F0C6F970
:1051C0000023384607F12801344400910122194692
:1051D000CDE902460195043000F0B8F905B0F0BD04
:1051E000BC2100203C21002008B5054800F0DAF978
:1051F000034BA3F5927000F0D5F9012008BD00BF64
:10520000E422002038B50025064C04F5987025707E
:1052100000F0ACFC04F10C0000F0A8FC84F829516B
:10522000657138BDBC2100202DE9F8434B79FF2B77
:1052300051D1354E96F82931002B4CD196F8058086
:10524000B8F1000F47D18B780C7833700B790F468B
:105250000C44ABB38146A51803E0A54230D92378AE
:105260001C446378052BF8D1AC4229D2214648462C
:10527000FFF73AFB40B3A378DB092FD1234800F0B6
:1052800075FCA37896F8282186F82931A38848462A
:10529000C3F30A03A3F50073B3FA83F35B0963F363
:1052A00041021B4986F8282100F0EAF960B1237811
:1052B0003A7908F101081C445FFA88F39A42D0D881
:1052C000E11B88B2BDE8F8834FF0E023D3F8F03D4E
:1052D000DB0700D500BE0020BDE8F8830D4800F0D4
:1052E00045FCA37832797371A3880B49C3F30A0391
:1052F000A3F50073B3FA83F35B0963F34102002063
:10530000327100F085F9D2E7BC210020EC220020A8
:10531000E4220020C8210020C021002070B51B4CD1
:10532000064694F829C11D468C4511D063798B42FD
:1053300001D0002070BD164B1BB10020A9B2AFF305
:1053400000803046134900F063F9C8B1012070BDF8
:10535000B4F8343163B9104B23B100200F49AAB21D
:10536000AFF3008030460E4900F08AF90120EEE7E5
:10537000D4F82C11AAB204F5987000F049FBEAE7C2
:105380002A463046034900F00FF9DFE7BC21002030
:1053900000000000C0210020000000003C2100208F
:1053A000E422002010B582B0C9B101280CD80B78D6
:1053B00053B1144C012B235402D0012002B010BD74
:1053C000FEF708FE0028F8D14FF0E023D3F8F03DB7
:1053D000DB0702D4002002B010BD00BEFAE70124B2
:1053E000084601A9ADF80440FEF7F4FD38B94FF0C6
:1053F000E023D3F8F03DDA07EDD500BEEBE7014B33
:105400001C70E8E714200020F8B5037813F00104BD
:105410001AD1037805465A07C3F3800701D5204601
:10542000F8BD0E464FF0FF31304603F039FD2B78C2
:1054300013F001040BD12B785B0709D42B780124DE
:1054400043F004032B7003E000242046F8BD3C46E3
:10545000304603F035FD2046F8BD00BF70B50C4660
:1054600005464FF0FF31204603F01AFD2B78C3F3B9
:1054700080065B0708D52B7813F0010311BF0026C7
:105480002A7863F382022A70204603F019FD304621
:1054900070BD00BFC378828803F003000228C2F306
:1054A0000A0215D003280AD001281CD1022940F293
:1054B000FF3308BF4FF4806393420DD37047022936
:1054C00014BF40234FF48063934205D301207047FB
:1054D00002290AD0402AF9D94FF0E023D3F8F03D51
:1054E000DB0700D500BE00207047B2F5007FEDD08D
:1054F000F2E700BF0A44914226D291F801C0BCF104
:10550000050F05D091F800C061448A42F5D8704774
:1055100000B591F802C00CF07F0E00EB4E0E4FEA82
:10552000DC1C0EF80C3091F800C061448A4209D9A5
:1055300091F801C0BCF1050FEBD091F800C06144B7
:105540008A42F5D85DF804FB704700BF2DE9F041B1
:105550008E4682B0009390F800C0089EBDF824707B
:105560006EF3000C04461546012331463A4600F816
:1055700008CBBDF82C8000F0E7F806B13FB9012058
:105580000A9BA4F80280636002B0BDE8F08104F1D8
:105590001C063046FBF772FA0DB135460026C4E909
:1055A0000556ECE701207047F8B50746084640F27B
:1055B000FF13154610F8082B0C4612F0020F0CBF13
:1055C0003F261E4600F0F0F828B925B12E4202D140
:1055D0002378DA0701D50020F8BD38466178FFF757
:1055E000A5F90028F7D0237813F0010307D04FF076
:1055F000E023D3F8F03DDB07EDD500BEEBE71A461C
:1056000038466178FFF7B6F90028F0D0F8BD00BF42
:1056100070B501F10805064628460C4600F0C4F8AE
:1056200010B12378DA0701D5002070BD30466178CB
:10563000FFF77CF90028F7D028466288616800F0FF
:1056400029F92378054603F0010340B173B14FF007
:10565000E023D3F8F03DDB07E6D500BEE4E7002BFE
:10566000E2D130466178FFF773F9DDE703466268FF
:1056700030466178FFF77EF90028E8D0284670BDF3
:105680008A892DE9F0410B780C46064622B9DD07E0
:1056900034D50020BDE8F08104F1080799073846A9
:1056A00047BF4FF47E484FF400754FF6C078402551
:1056B00000F094F88542ECD82378DA07E9D4304634
:1056C0006178FFF733F90028E3D0384600F086F818
:1056D0002378854203F001032DD8BBB9658808EA19
:1056E0000008454528BF454661785DB362682B4692
:1056F0003046FFF73FF948B12846CBE74978FFF736
:1057000015F90028C5D02378D80707D54FF0E02336
:10571000D3F8F03DDB07BCD500BEBAE763886178FB
:105720003BB162683046FFF725F90028EED060886B
:10573000B0E71A46F6E7002BABD130466178FFF7A9
:1057400007F9A6E72A46D2E72DE9F041B2F5004F66
:105750009DF8188024D80446C06817460E461D469A
:1057600018B14FF0FF3103F09BFB206918B14FF0E7
:10577000FF3103F095FB0022C5F30E03E06843EA16
:10578000C83362812660A780E380228108B103F0DC
:1057900097FB206908B103F093FB0120BDE8F0817D
:1057A0000020BDE8F08100BF038942899BB292B21C
:1057B0008088934236BFC2EB40029B1A9B189BB273
:1057C000984228BF184670470289438990B29BB21D
:1057D000C01AB0FA80F04009704700BF03894289BF
:1057E0009BB2808892B2934236BFC2EB40029B1AB2
:1057F0009B189BB2984286BFC01A80B200207047A7
:1058000038B5044600690D4618B14FF0FF3103F07A
:1058100047FB2189638989B29BB2A288994236BF2E
:10582000C3EB4200C81A401880B250B3824209D27A
:1058300091422CBF891A89188BB29A42638103D88E
:105840009B1A9BB29A42FBD9E2882168C2F30E02EE
:1058500002FB0311284603F02BF96189012589B267
:105860004B1C9BB29942A2880ED9002302FA05F183
:105870005B1A9BB22069638108B103F021FB2846C3
:1058800038BD054663899BB2B3EB420F4FEA420134
:10589000F0DBEDE72DE9F0470646006988469146C2
:1058A00018B14FF0FF3103F0FBFA338974899BB2D2
:1058B000A4B2B588A34236BFC4EB45071F1BFF182F
:1058C000BFB2002F4AD0BD4240D3B94528BFB94628
:1058D000A5421FFA89F703D8641BA4B2A542FBD9DD
:1058E000B6F806A02B1B31689BB2CAF30E029F428A
:1058F000924602FB041123D913FB02F31FFA83F92A
:105900004A4640467D1B03F0D3F8621912FB0AF2A7
:10591000316808EB090092B203F0CAF87289B588C1
:1059200092B2D3199BB29A421AD96A009B1A9BB2BF
:105930003069738108B103F0C3FA3846BDE8F087D7
:10594000404607FB02F203F0B3F8E7E7AB422CBF97
:105950005B1B5B199CB22F467481B6E773899BB2BF
:10596000B3EB450F4FEA4502E2DBDFE7F8B504464B
:10597000C0680E4618B14FF0FF3103F091FA258947
:10598000238961899BB289B2A2888B4236BFC1EB61
:1059900042015B1A5B189BB29A42ADB208D8E77914
:1059A000FF0905D1E06808B103F08AFA3846F8BD6E
:1059B000954228BF2B4618D39B1A9BB29342FBD229
:1059C000E2882068C2F30E0202FB0300314603F0B6
:1059D0006FF86B1C9BB29D42A28812D90023510024
:1059E0005B1A9BB201272381DCE7E2882068C2F3BF
:1059F0000E0205FB0200314603F05AF80135A28879
:105A0000ABB2B3EB420F4FEA4201EBDBE8E700BF7A
:105A10002DE9F04F174683B0002A75D00646C068BE
:105A2000894618B14FF0FF3103F03AFAF379B6F82E
:105A300008807289DB09B5881FFA88F892B23CD1D8
:105A4000904536BFC2EB4502A8EB0202424492B237
:105A5000AA425ED2AA1A92B2BA4228BF3A46B6F811
:105A600006B097B27B1B08EB070ACBF30E0B9BB279
:105A70001FFA8AFAA845444603D3641BA4B2AC4279
:105A8000FBD22D1B3068ADB2BD420BFB040057D3D7
:105A900049460BFB07F203F00BF8B288D0454FEAFA
:105AA000420302D8BAEB420F03DBAAEB03031FFA4F
:105AB00083FA3D46A6F808A02CE0B6F806B0AF423F
:105AC000CBF30E0B2FD2904536BFC2EB4501A8EBAE
:105AD0000201414489B2680039447B1B81429BB278
:105AE0000DDB02EB050A1FFA8AFAAAEB07081FFA78
:105AF00088F8424537D9A8EB00001FFA80F807EB79
:105B0000080A1FFA8AFAB5E71546284603B0BDE829
:105B1000F08F0025F0680028F7D003F0D1F928466F
:105B200003B0BDE8F08F002DF4D07F1B02EB050A17
:105B30000BFB079990462F4600231FFA8AFA99E734
:105B400015FB0BF5ADB22A464946019302F0B0FFB2
:105B5000019B3068E21812FB0BF209EB050192B2CF
:105B600002F0A6FF99E7404584DCC4E710B504467F
:105B7000C06818B14FF0FF3103F092F9206918B1F5
:105B80004FF0FF3103F08CF90023E068638123813B
:105B900008B103F095F9206908B103F091F90120EB
:105BA00010BD00BF38B50446C0680D4618B14FF0AF
:105BB000FF3103F075F9206918B14FF0FF3103F0A0
:105BC0006FF9E379E06865F3C713E37108B103F097
:105BD00077F9206908B103F073F9012038BD00BFDF
:105BE00070B5002501260468002BE56684466160D7
:105BF00028469DF810E0E66616DD5D1E616F1029EF
:105C0000FCD000B30021A84204BF8EF0010641EA97
:105C1000462141F480712161D4F88010616B4906FE
:105C200005D54FF0FF30636D8CF804E070BDA16FB7
:105C30000029F1D021690130834202F8011BF3D021
:105C4000DCF80040DAE79CF804108902DBE700BFCB
:105C50002DE9F04100270124944602680546D766E5
:105C60005160D4661C1E38469DF818601EDD2979E7
:105C700086F0010789027F0204F1FF3E70450CBFE8
:105C8000B8464FF000081CF8013B0B4343EA0803F9
:105C90001361536BD906FCD5D2F8801049B9704511
:105CA0001CD0013084424FF00001E7D12E71BDE8D5
:105CB000F0814FF00108536D536B9B05FCD5136EBB
:105CC000B8F1000FEDD069B1CB070BD411F0080F7C
:105CD00008BF4FF0FF302E71BDE8F081002EE0D1FB
:105CE000B046E9E74FF0FF30E0E700BFF8B5044603
:105CF00005200F46FBF788FB00EB570CBCFBF7FCBD
:105D0000204D0CEB4C02A5FB02651F49AE088F42EB
:105D100000EB4003ACEB95052ED801F1D64101F51F
:105D2000A10101F62C01A1FB03139B0D01330021FE
:105D30004F2A98BF01222468B0FBFCF0E16621687D
:105D400004F5805781F0040101F00601396088BF35
:105D50000C49E56184BFA1FB021292092662C4F8D6
:105D6000A0202246012152F87C5F6B409BB202F5D5
:105D700080521360E166F8BD0449A1FB0313DB0DFB
:105D80000133D4E7CDCCCCCC3F420F00893BE65564
:105D90000E4A30B4904214BF202210220C4D0D4BFD
:105DA0000D4C2A601A60A36832EA0303FBD140F26B
:105DB0006515032402680371D3661560D36393638A
:105DC000C2F8884030BCFFF791BF00BF9415002097
:105DD00000200240003002400000024010B49DF854
:105DE000044001945DF8044BFFF732BF10B49DF8F6
:105DF000044001945DF8044BFFF7F2BEF8B5044689
:105E00000D46EFF3108772B60C4B9B6853F8206079
:105E1000B14204D00A4B9E420BD2FBF7FFFB074B6B
:105E20009B6843F82450BFF35F8F87F31088304698
:105E3000F8BD044B9E42F2D3EFE700BF00ED00E057
:105E4000100100101C0100102DE9F04784460C469B
:105E500000252CF00F0864B244EA0808384F394E88
:105E60004FFA88F884B048F0080A39780DF10F022B
:105E7000012330685FFA8AFA009544EA0C148DF821
:105E80000FA0FFF7ABFF4FF416700021FBF748F9A6
:105E900000950DF10F0201233978306848F00C08A5
:105EA0008DF80F80FFF79AFF4FF416700021FBF773
:105EB00037F900950DF10F0201233978306864B28B
:105EC0008DF80FA0FFF78AFF4FF416700021FBF743
:105ED00027F944F0080900950DF10F0201233978E4
:105EE0005FFA89F930688DF80F90FFF777FF4FF46C
:105EF00016700021FBF714F900950DF10F02012334
:105F00003978306844F00C048DF80F40FFF766FFD5
:105F10004FF416700021FBF703F93978306801233C
:105F20000DF10F0200958DF80F90FFF757FF4FF41A
:105F30001670002104B0BDE8F047FBF7F1B800BFD0
:105F4000632A00208828002000210120FFF77CBF61
:105F500010B5844684B08E46084B04AC0FCB04E9E0
:105F60000F00002104EB8C0C5CF8100C80307044A6
:105F7000C0B204B0BDE81040FFF766BF94930010B4
:105F800010B50446007830B10121FFF75DFF14F829
:105F9000010F0028F8D110BD38B50A460546134B4D
:105FA000134C002103201A702560FFF74DFF0021DC
:105FB0000320FFF749FF00210320FFF745FF0021E1
:105FC0000220FFF741FF00210620FFF73DFF0021DF
:105FD0002820FFF739FF00210C20FFF735FFBDE82F
:105FE000384000210120FFF72FBF00BF632A0020A7
:105FF0008828002030B5002449F2F54C0B4D85B0BF
:1060000003AA0094022376212860ADF80CC0FFF7A4
:10601000E5FE42F6F47C28680223762103AA009468
:10602000ADF80CC0FFF7DAFE05B030BD80280020C7
:106030000123882270B500258AB0164E00930446CD
:106040008DF80F2076210DF10F023068CDE904554F
:10605000CDE90655CDE90855FFF7C0FE306804AA22
:10606000182376210095FFF7C1FE0799BDF810208F
:10607000DDF81230BDF81600E16006992280C4F800
:106080000230E080DDE90823A160226163610AB08B
:1060900070BD00BF8028002001234FF0F70C70B5C1
:1060A000174E86B004460D4630680DF10F0200937E
:1060B00076218DF80FC0FFF791FE0022306806238D
:1060C0000092762104AAFFF791FE9DF811209DF819
:1060D0001010120142EA01329DF812109DF814309E
:1060E00042EA11129DF813101B0143EA01339DF897
:1060F00015102A6043EA1113236006B070BD00BF7B
:10610000802800200A8808B5C2EB201303FB03F3A4
:10611000B1F904C05200B1F90210C2EBE002181349
:106120000CFB00F001FB02F2801300EBE22000EB1D
:10613000800080300012FBF72DFC0022024BFBF7A1
:10614000CDFBFBF719FC08BD0000594084461088C0
:1061500010B5C0EB211303FB03F34000C0EBE100DB
:10616000B2F902101B1301FB00F0B2F90410B2F9EE
:106170000AE001FB03F39B1303EBE0235B10A3F5A1
:106180007A418B1003FB03F4B2F90830601301FB72
:1061900003F300FB0EF05B1003EBE0039B14D088CD
:1061A00003F5004300FB03F3D8133AD0B2F90E30E5
:1061B0004FEAE42E01FB03F3B2F910105B0001FB80
:1061C0000E33B2F90C10090401EBA30315490CEBD3
:1061D000233C01FB0CFC0CF1434C0CF5A00CBCF176
:1061E000000FB3BFBCFBF0FC4FEA4C0CBCFBF0FC57
:1061F0004FEA4C0C4FEADC0303FB03F3B2F9160041
:10620000B2F914105B0B00FB03F34FEA9C0001FB97
:1062100000F0B2F91220401300EB233010440CEBD5
:10622000201010BDCBF3FFFF70B51646026C04467C
:10623000856B2AB9066801354EB31046A56370BD5B
:106240008EB9406802F034FC6368216CA2680B448C
:106250009342636028BF236805F1010528BF63608E
:106260000020A56370BDC06802F022FC226CE368C8
:1062700051429B1A2268E360934202D2A3680B4406
:10628000E360022E08D001350020A56370BD806850
:1062900001F03CFCA660D1E7012D38BF0125DFE706
:1062A00070B5A0B3A1FB002305460E467BBB01FBE6
:1062B00000F010F1490F2AD8483001F08DFE044655
:1062C00028B33EB300F148032360C4E90F5601F040
:1062D000DDFE0023FF20A363216CE36B226801FB3A
:1062E00003F3591A626013440A44C4E9023284F881
:1062F000440084F8450004F1100002F03FF804F176
:10630000240002F03BF801F0CFFE204670BD0024CF
:10631000204670BD0346D7E72DE9F043044685B01B
:106320001F460192884601F0B1FEA26BE36B9A42D0
:1063300079D3022F77D0002204F12406019B002B91
:1063400000F0D480002A00F0CD8001F0ADFE01F015
:1063500009F901F09BFE94F84430FF2B04BF0023A1
:1063600084F8443094F84530FF2B04BF002384F8B0
:10637000453001F099FE02A801A901F049FB00286F
:1063800040F0BA8001F082FEA26BE36B9A425CD0CF
:1063900001F08AFE01F07AFE94F8452055B2002DF6
:1063A00004DC11E06A1ED3B255B26BB1636A5BB113
:1063B000304601F0B9FA0028F4D001F059FB6A1E0A
:1063C000D3B255B2002BF1D1FF2384F8453001F050
:1063D0006BFE01F05BFE94F8442055B2002D14DDF5
:1063E00004F1100903E06A1ED3B255B26BB1236900
:1063F0005BB1484601F098FA0028F4D001F038FB70
:106400006A1ED3B255B2002BF1D1FF2384F8443079
:1064100001F04AFE01F0AEF801F038FEA16BE36B2B
:10642000012299428AD23A4641462046FFF7FCFEB5
:10643000636A002B40F0A880002840F0A28001F0A1
:1064400033FE012005B0BDE8F08304F1100901F02E
:106450002BFE4846019901F0B5F901F017FE94F8BA
:1064600045305DB2002D04DC11E06B1EDAB25DB286
:106470006AB1636A5BB1304601F056FA0028F4D085
:1064800001F0F6FA6B1EDAB25DB2002AF1D1FF23F9
:1064900084F8453001F008FE01F0F8FD94F844302E
:1064A0005DB2002D04DC11E06B1EDAB25DB26AB1A0
:1064B00023695BB1484601F037FA0028F4D001F0B7
:1064C000D7FA6B1EDAB25DB2002AF1D1FF2384F84D
:1064D000443001F0E9FD01F04DF800289CD101F0B5
:1064E000C9FD99E702A801F087FA2EE701F0DCFD6B
:1064F000002005B0BDE8F08301F0C8FD94F84530F8
:106500005DB2002D14DD04F1240603E06B1EDAB247
:106510005DB26AB1636A5BB1304601F005FA0028EA
:10652000F4D001F0A5FA6B1EDAB25DB2002AF1D107
:10653000FF2384F8453001F0B7FD01F0A7FD94F882
:1065400044305DB2002D14DD04F1100603E06B1E33
:10655000DAB25DB26AB123695BB1304601F0E4F9A9
:106560000028F4D001F084FA6B1EDAB25DB2002A82
:10657000F1D1FF2384F8443001F096FD00F0FAFFDA
:10658000B6E701F077FD5AE704F1240001F0CCF9F9
:1065900000283FF454AFF4E738B5482001F01CFD63
:1065A000044650B3002501232060C0E90F3501F0F7
:1065B0006DFDD4E90F31FF2001FB03F32268591A66
:1065C000626013440A44C4E90232A56384F84400BB
:1065D00084F8450004F1100001F0D0FE04F124001D
:1065E00001F0CCFE01F060FD2B462A4629462046EC
:1065F000A5602560E560FFF78FFE204638BD00BF2F
:106600002DE9F043044685B08846019201F03EFD35
:10661000A56B002D40F01781019B002B00F0C68078
:1066200002A801F0E9F92F4604F1240601F03CFD2F
:1066300000F098FF01F02AFD94F84430FF2B08BFCA
:1066400084F8447094F84530FF2B08BF84F84570F7
:1066500001F02AFD01A902A801F0DAF9002854D1BD
:1066600001F014FDA36B002B40F0A68004F1240977
:1066700001F01AFD4846019901F0A4F801F006FD69
:1066800094F845305DB2002D04DC11E06B1EDAB2E7
:106690005DB26AB1636A5BB1484601F045F9002812
:1066A000F4D001F0E5F96B1EDAB25DB2002AF1D147
:1066B000FF2384F8453001F0F7FC01F0E7FC94F883
:1066C00044305DB2002D14DD04F1100903E06B1EAF
:1066D000DAB25DB26AB123695BB1484601F024F9D0
:1066E0000028F4D001F0C4F96B1EDAB25DB2002AC2
:1066F000F1D1FF2384F8443001F0D6FC00F03AFFDA
:1067000000284AD101F0B6FC47E001F0BFFC94F844
:1067100045305DB2002D04DC11E06B1EDAB25DB2D3
:106720006AB1636A5BB1304601F0FEF80028F4D02C
:1067300001F09EF96B1EDAB25DB2002AF1D1FF239F
:1067400084F8453001F0B0FC01F0A0FC94F844302E
:106750005DB2002D14DD04F1100903E06B1EDAB206
:106760005DB26AB123695BB1484601F0DDF80028EB
:10677000F4D001F07DF96B1EDAB25DB2002AF1D1DE
:10678000FF2384F8443001F08FFC00F0F3FE01F0A9
:106790007DFCA36B53B101F087FC01F077FCA56B86
:1067A000002D50D1019B002B7FF440AF01F07CFC09
:1067B000002005B0BDE8F08301F076FC01F066FC36
:1067C00094F845305DB2002D14DD04F1240903E096
:1067D0006B1EDAB25DB26AB1636A5BB1484601F022
:1067E000A3F80028F4D001F043F96B1EDAB25DB2D1
:1067F000002AF1D1FF2384F8453001F055FC01F067
:1068000045FC94F844305DB2002D14DD04F110090C
:1068100003E06B1EDAB25DB26AB123695BB1484630
:1068200001F082F80028F4D001F022F96B1EDAB2F0
:106830005DB2002AF1D1FF2384F8443001F034FC2A
:1068400000F098FEA9E7226C5AB1E168A3681144F0
:106850009942E16028BF2168404628BFE16002F00C
:1068600027F92369013DA5632BB901F01DFC012027
:1068700005B0BDE8F08304F1100001F055F80028E0
:10688000F3D001F0F7FBF0E72DE9F043044685B0C3
:10689000019101F0FBFBA56B002D40F03B81019BBA
:1068A000002B00F0818002A801F0A6F82F46A84630
:1068B00004F1240601F0F8FB00F054FE01F0E6FBC1
:1068C00094F84430FF2B08BF84F8448094F8453096
:1068D000FF2B08BF84F8458001F0E6FB01A902A860
:1068E00001F096F8002862D101F0D0FBA36B002BD9
:1068F00040F0AC8001F0D8FB2368002B00F0018150
:1069000004F124094846019900F05CFF01F0BEFB48
:1069100094F845305DB2002D04DC11E06B1EDAB254
:106920005DB26AB1636A5BB1484600F0FDFF0028C2
:10693000F4D001F09DF86B1EDAB25DB2002AF1D1FD
:10694000FF2384F8453001F0AFFB01F09FFB94F882
:1069500044305DB2002D14DD04F1100903E06B1E1C
:10696000DAB25DB26AB123695BB1484600F0DCFF80
:106970000028F4D001F07CF86B1EDAB25DB2002A78
:10698000F1D1FF2384F8443001F08EFB00F0F2FDDA
:10699000002800F0A58001F079FBA56B002D40F0E8
:1069A000B980019B002B85D101F07EFB4AE001F00C
:1069B0006DFB94F845305DB2002D04DC11E06B1ED8
:1069C000DAB25DB26AB1636A5BB1304600F0ACFF27
:1069D0000028F4D001F04CF86B1EDAB25DB2002A48
:1069E000F1D1FF2384F8453001F05EFB01F04EFB4E
:1069F00094F844305DB2002D14DD04F1100903E079
:106A00006B1EDAB25DB26AB123695BB1484600F031
:106A10008BFF0028F4D001F02BF86B1EDAB25DB2C8
:106A2000002AF1D1FF2384F8443001F03DFB00F04F
:106A3000A1FD01F02BFBA36B002B4ED101F034FB29
:106A4000002F50D1002005B0BDE8F08301F02CFBF1
:106A500001F01CFB94F845305DB2002D14DD04F10B
:106A6000240903E06B1EDAB25DB26AB1636A5BB1FE
:106A7000484600F059FF0028F4D000F0F9FF6B1EE3
:106A8000DAB25DB2002AF1D1FF2384F8453001F07B
:106A90000BFB01F0FBFA94F844305DB2002D14DDDD
:106AA00004F1100903E06B1EDAB25DB26AB123692A
:106AB0005BB1484600F038FF0028F4D000F0D8FF62
:106AC0006B1EDAB25DB2002AF1D1FF2384F84430A4
:106AD00001F0EAFA00F04EFD5DE701F0E5FA5AE751
:106AE00001F0C8FA57E701F0D1FA616A19B1236BD6
:106AF0001968C1F10601A06801F03EF801F0D4FA6E
:106B0000A0E701F0C3FAA06800F0B8FF074601F063
:106B1000CBFAF5E62368013DA56383B123692BB960
:106B200001F0C2FA012005B0BDE8F08304F11000C5
:106B300000F0FAFE0028F3D001F09CFAF0E701F033
:106B400057F8A060EAE700BF2DE9F043044685B09E
:106B50008846019201F09AFAA76B002F40F0168147
:106B6000019B002B00F0C58002A800F045FF04F156
:106B7000240601F099FA00F0F5FC01F087FA94F888
:106B80004430FF2B08BF84F8447094F84530FF2B45
:106B900008BF84F8457001F087FA01A902A800F047
:106BA00037FF002854D101F071FAA36B002B40F09D
:106BB000A68004F1240901F077FA4846019900F013
:106BC00001FE01F063FA94F845305DB2002D04DC5B
:106BD00011E06B1EDAB25DB26AB1636A5BB148461E
:106BE00000F0A2FE0028F4D000F042FF6B1EDAB2E3
:106BF0005DB2002AF1D1FF2384F8453001F054FA48
:106C000001F044FA94F844305DB2002D14DD04F133
:106C1000100903E06B1EDAB25DB26AB123695BB1A1
:106C2000484600F081FE0028F4D000F021FF6B1EE2
:106C3000DAB25DB2002AF1D1FF2384F8443001F0CA
:106C400033FA00F097FC00284AD101F013FA47E02C
:106C500001F01CFA94F845305DB2002D04DC11E01F
:106C60006B1EDAB25DB26AB1636A5BB1304600F0A6
:106C70005BFE0028F4D000F0FBFE6B1EDAB25DB2C2
:106C8000002AF1D1FF2384F8453001F00DFA01F01C
:106C9000FDF994F844305DB2002D14DD04F11009C3
:106CA00003E06B1EDAB25DB26AB123695BB148469C
:106CB00000F03AFE0028F4D000F0DAFE6B1EDAB2E3
:106CC0005DB2002AF1D1FF2384F8443001F0ECF9E1
:106CD00000F050FC01F0DAF9A36B53B101F0E4F9D4
:106CE00001F0D4F9A36B002B50D1019B002B7FF452
:106CF00040AF01F0D9F9002005B0BDE8F08301F004
:106D0000D3F901F0C3F994F845305DB2002D14DDDC
:106D100004F1240903E06B1EDAB25DB26AB1636A62
:106D20005BB1484600F000FE0028F4D000F0A0FE61
:106D30006B1EDAB25DB2002AF1D1FF2384F8453030
:106D400001F0B2F901F0A2F994F844305DB2002DDF
:106D500014DD04F1100903E06B1EDAB25DB26AB112
:106D600023695BB1484600F0DFFD0028F4D000F055
:106D70007FFE6B1EDAB25DB2002AF1D1FF2384F8E8
:106D8000443001F091F900F0F5FBA9E7226CE568C9
:106D900052B1A368A9189942E16028BF2168404612
:106DA00028BFE16001F084FE636AE5602BB901F061
:106DB0007BF9012005B0BDE8F08304F1240000F068
:106DC000B3FD0028F3D001F055F9F0E700296BD0AE
:106DD000564B5A68904200F08B801A6810B4002A13
:106DE0003BD0DA68904200F09E809A68002A55D025
:106DF0005A69904200F095801A69002A55D0DA69E4
:106E0000904200F082809A69002A54D05A6A9042D7
:106E100056D01A6A002A57D0DA6A904277D09A6A16
:106E2000002A56D05A6B904273D01A6B002A55D064
:106E3000DA6B90426FD09A6B002A54D05A6C904211
:106E40006BD01A6C002A59D0DA6C904267D09B6CD8
:106E5000002B58D05DF8044B7047DA68904262D03E
:106E60005A6990425DD01A46DC69A0424DD05C6AF6
:106E7000A04225D0DC6AA04249D05C6BA04248D039
:106E8000DC6BA04247D05C6CA04246D0DC6CA042D8
:106E900045D0C2E900105DF8044B70475A69904232
:106EA0003FD003F10802DFE77047DA6990422CD047
:106EB00003F11002DBE75A6A904201D01C4AD9E77D
:106EC000042203EBC202E4E7DA6A90421FD0194AB7
:106ED000D3E75A6B90421CD0174AD1E7DA6B904245
:106EE00019D0164ACFE75A6C904216D0144ACDE713
:106EF000002203EBC202C2E900107047DA6C904234
:106F00000DD0104AC5E7104AC3E70322D9E705228E
:106F1000D7E70622D5E70722D3E70822D1E70922DF
:106F2000CFE70222CDE70122CBE700BF901C002073
:106F3000A81C0020B01C0020B81C0020C01C002091
:106F4000C81C0020D01C0020D81C002070B50546AD
:106F50000E46144601F09AF895F84430FF2B04BF12
:106F6000002385F8443095F84530FF2B04BF0023FB
:106F700085F8453001F098F8AB6B002B43D001F059
:106F800085F895F845305CB2002C14DD05F1240637
:106F900003E0631EDAB25CB26AB16B6A5BB1304681
:106FA00000F0C2FC0028F4D000F062FD631EDAB2EB
:106FB0005CB2002AF1D1FF2385F8453001F074F866
:106FC00001F064F895F844305CB2002C14DD05F152
:106FD000100603E0631EDAB25CB26AB12B695BB1E2
:106FE000304600F0A1FC0028F4D000F041FD631E03
:106FF000DAB25CB2002AF1D1FF2385F84430BDE853
:10700000704001F051B82246314605F1240000F0ED
:1070100025FCB4E72DE9F041044601F037F8364A83
:10702000364E1368013313603368002B34D0344F6D
:10703000E36A3A684AB3334D334934480A6804F185
:10704000040C01320A6002689A4238BF036003EB05
:10705000830305EB830041689B00EA58D1F808E000
:10706000A160C4F80CE00132CEF804C0C1F808C039
:107070006061EA5001F018F83B6823B13268E36AB6
:10708000D26A9A4210D3BDE8F08132681D4DD26AAF
:107090009A4298BF3460CFE734601368012B07D061
:1070A000E36A184D164FC7E7BDE8F04100F0E2BFB4
:1070B000144D2F4605F178083846143701F05EF973
:1070C0004745F9D1DFF86080114F404601F056F98D
:1070D000384601F053F90F4801F050F90E4801F01D
:1070E0004DF90E4801F04AF90D4BC3F800800D4BE5
:1070F0001F60E36A024F9FE794290020D8280020F0
:10710000242A0020EC280020A0290020A429002007
:10711000E4290020102A00203C2A0020282A0020F0
:10712000E0280020E4280020D029002080B5124D5E
:10713000124F134EDFF84C8014E000F0A7FFFB68FD
:10714000DC68201D01F050F93368013B33602B6887
:10715000013B2B6000F0A8FF206B00F049FF2046A8
:1071600000F046FF2B68002BE7D1D8F80030012B48
:10717000F8D900F07FFFF5E7982900203C2A00208D
:1071800094290020EC2800202DE9F04F4C4B83B0CF
:107190001D6801351D60002D67D04A490B689D426E
:1071A00077D3494E33681868002800F084800020A7
:1071B000AA4607468146DFF828E1444C019147E0A2
:1071C0005869D3E9022CC2F808C0CCF80420426800
:1071D0008A42026808BFC0F804C0013A5F610260D9
:1071E000986A70B1D3E9072CC2F808C0CCF8042023
:1071F0004268AA42026808BFC0F804C0013A9F6210
:107200000260DA6ADEF8000002EB820C04EB8C0804
:107210008242D8F8040054F82C50D0F808B0986096
:10722000C3F80CB0CBF804108160C3F81480284B6D
:1072300088BFCEF8002019680135336844F82C5017
:10724000C96A1B688A4288BF49F00109002B30D007
:107250003368DB68DB685A68191D924503F118052D
:10726000AED2019948460A6014E0174B194A1868D3
:1072700011681960184910600A6801320A601A68BA
:10728000126882B94FF0FF330E490B600B689D42C4
:1072900087D20020114B1B68002B18BF40F0010063
:1072A00003B0BDE8F08F1B680649DB681B680B6004
:1072B00074E7484601994FF0FF330B60EAE700BFDF
:1072C000502A0020042A0020E0280020EC2800207A
:1072D000D8280020E4280020082A00205C2A00206A
:1072E000A42900202DE9F8439500804628460F4642
:1072F000994600F071FE002872D00646702000F01A
:107300006BFE0446002868D0043D702200213544FD
:1073100001F056FB25F007052663002F3BD03B7894
:1073200084F83430002B36D07B7884F8353093B332
:10733000BB7884F8363073B3FB7884F8373053B3B6
:107340003B7984F8383033B37B7984F8393013B320
:10735000BB7984F83A30F3B1FB7984F83B30D3B190
:107360003B7A84F83C30B3B17B7A84F83D3093B1FA
:10737000BB7A84F83E3073B1FB7A84F83F3053B166
:107380003B7B84F8403033B17B7B84F8413013B1D0
:10739000BB7B84F84230089F201D052F28BF05279E
:1073A000E762676400F0F6FFC7F1060704F1180012
:1073B00000F0F0FF4B4642462846216BA76124614E
:1073C000646200F093FE099B206003B11C602046BC
:1073D000FFF720FE0120BDE8F883304600F008FEEC
:1073E0004FF0FF30BDE8F883F8B50446254E00F0B5
:1073F0004DFE002C3FD0271D384600F0F5FFA36A54
:107400001BB104F1180000F0EFFF1F4A1F4D136875
:10741000013313603368A3422B681FD01C4A1368E2
:10742000013B13601B4B1A68126892B11A681A4B21
:10743000D26812681A6000F037FE206B00F0D8FDA9
:10744000204600F0D5FD2B6813B13368A34214D059
:10745000F8BD4FF0FF32104B1A60ECE7002BDDD087
:1074600039460E4800F09AFF0D4A13680133136045
:1074700000F01AFEE7E73468BDE7BDE8F84000F029
:10748000F9BD00BFD8280020A0290020242A002010
:1074900094290020E0280020042A00203C2A002013
:1074A000982900202DE9F8434FF4007000F094FD76
:1074B00088B30646702000F08FFD044678B300279D
:1074C000DFF898903946702201F07AFA06F5FE75D9
:1074D000C4E90C690626201D00F05CFF25F00705B5
:1074E00004F1180000F056FF3B46174A216B28466E
:1074F0002461A661646200F0F9FD0346DFF8608054
:10750000236020460127C8F80040FFF783FD00F004
:1075100021FDB8420AD00D4B1B68BDE8F883304608
:1075200000F066FD094B1B68BDE8F88300F0B8FE6B
:107530004FF0FF3400220649064B074804600F60F5
:107540001A6000F00FFEE6E72D710010A493001002
:10755000242A0020502A0020042A002049444C45B7
:10756000FC290020024A136801331360704700BFF2
:107570009C2900202DE9F04FDFF86C8183B000F0EA
:1075800085FDD8F80030013BC8F80030D8F800E09D
:10759000BEF1000F40F081804C4B1B68002B7CD06B
:1075A000DFF848C1DCF80030002B00F08B80484B3E
:1075B000DFF83C91474E0193DCF80C30DB689A6AA7
:1075C000D3E9070154688160486003F118008442E0
:1075D00008BF51601168C3F828E0013911605A6989
:1075E000D3E90241A1604C6054681D1DAC4208BF44
:1075F00051601168D9F8000001391160DA6A8242DD
:10760000354802EB820188BFC9F80020006806EB0C
:1076100081077C68D0F82CA056F82100D4F808B077
:10762000013052459C60C3F80CB0CBF80450A56003
:107630005F6146F8210037D90122019B1A60DCF80E
:107640000030002BB8D1254B1A681268002A34D0BC
:107650001A68234BD26812681A60224D2C689CB1BC
:107660000126019F05E0FFF78FFD00B13E60013C60
:1076700009D0D8F80030002BF5D02B68013C03F17D
:1076800001032B60F5D12C60019B1B682BB1124BC1
:1076900001241B6800F0EEFC00E0002400F004FD73
:1076A000204603B0BDE8F08FDCF80030002B83D11A
:1076B0000A4B1A681268002ACAD14FF0FF32084BF1
:1076C0001A60CAE7024B0193C7E700BF9429002064
:1076D0005C2A0020EC280020D8280020E028002088
:1076E000042A00200C2A00209C290020102A0020B7
:1076F000A4290020014B1868704700BF502A0020C1
:10770000054B1B680BB9FFF73FBD044A0020136807
:1077100001331360704700BF9C2900200C2A002011
:10772000234B1B681BB10122224B1A607047214A70
:1077300030B4214C13602068204A00EB800352F8DB
:10774000233081008BBB431E03EB830552F8255089
:107750009900B5B9831E03EB830552F825509900B3
:107760007DB9C31E03EB830552F82550990045B936
:10777000031F03EB830552F8255099000DB9431FF1
:107780009900194402EB81000246416808324968B9
:107790009142416008BFC168094A08BF4160C96899
:1077A00011602360136830BC70470346E9E700BFEF
:1077B0009C2900205C2A0020A4290020EC2800201D
:1077C000D82800202DE9F0410C461E4D29681831BB
:1077D00000F0F2FD1C4B1D491D4A0E681768D3F8D6
:1077E00000802868043000F0FFFD631C15D02B6872
:1077F000A41929685C600AD23846043100F0DCFD27
:10780000144B1A68944238BF1C60BDE8F0814046B2
:10781000BDE8F041043100F0CFBD0F4B29685A6834
:107820001C688A602E680134286829681C602D68ED
:10783000946804300431F460606091606B61BDE86D
:10784000F08100BFD8280020E4280020502A002022
:10785000E0280020042A0020282A002094462DE950
:10786000F0412B4C0D4623684168D4F80080D96163
:107870002768036826688A68D4F800E0013318375F
:107880001836C8F8202057608E60224ACEF82800AB
:1078900021490360214BBCF1000F1AD0096812681E
:1078A0001B682068043000F09FFD1D4B19685A6862
:1078B00001311960216890688A602168C860216878
:1078C0000431416021682068043191604361BDE862
:1078D000F0810E681768D3F800802068043000F04B
:1078E00083FD2368AD1921685D6005D34046BDE87E
:1078F000F041043100F060BD3846043100F05CFD19
:10790000084B1A68954238BF1D60BDE8F08100BF82
:10791000D8280020E0280020502A0020E428002059
:10792000282A0020042A0020F0B40026C368DB685F
:107930009A6AD3E9070181604860506803F118042E
:10794000A042274808BF5160116805680139D86A0C
:107950009E621160002D2FD1D3E902415A69A160C6
:107960004C6054681E1DB44208BF51601168013953
:1079700011601C4A116881421B4938BF106000EB3E
:10798000800201EB82077D689200D5F808C08C5810
:107990009D60C3F80CC0CCF80460AE605F61134B0F
:1079A00001341B688C50DB6A834215D2F0BC012382
:1079B0000F4A1846136070470E4A15685168013522
:1079C00015608D68D9611D626C608C609A62074B8E
:1079D0001B68DB6A8342E9D3F0BC0020704700BF1C
:1079E0009C290020A4290020EC280020D828002071
:1079F0005C2A0020102A0020034A044B12681B68EE
:107A0000C0E90023704700BF082A0020502A002048
:107A1000F8B50D46044600F039FB2B68124A581C95
:107A200011681BD0D4E90060DFF840C0DCF80070BA
:107A3000BE4208D0884206D8002301242B6000F003
:107A400033FB2046F8BD0F1ABB42F5D95B1ADCF8B0
:107A50000010126803442B60C4E90012002400F0F7
:107A600023FB2046F8BD00BF502A0020082A002032
:107A70000122014B1A6070475C2A0020F8B50446C9
:107A8000C8B11F4DC36A2A68D26A934214D2826970
:107A9000002A04DB2A68D26AC2F106028261194E0A
:107AA000626903EB830306EB83039A420CD02B68D5
:107AB000DB6AE3620120F8BD2B68406CDB6A984208
:107AC0002CBF00200120F8BD271D384600F08CFC9B
:107AD0002B680D4ADB6A1168E3628B4288BF136032
:107AE00003EB8303980006EB8303596832588D68D3
:107AF0000132A160E5606F608F6063613250D9E749
:107B0000D8280020EC280020A429002058B1F8B57E
:107B1000C16A836C426C013B91420446836400D08D
:107B20001BB10020F8BD00207047061D304600F054
:107B30005BFC636C0E4AC3F10600A0610120116872
:107B4000E3628B4288BF13600A4A03EB83034FEA68
:107B5000830C02EB83035D6852F80C10AF6801449C
:107B6000A560E7607E60AE60636142F80C10F8BD0E
:107B7000A4290020EC28002060B1426CF8B59142A5
:107B800038BF1146C36A04468B4202D0826C012A78
:107B900001D0F8BD70478269134D002A03EB8303BF
:107BA0004269C16205EB8303A4BFC1F10601816193
:107BB0009A42EED1061D304600F016FC0B4AE36AED
:107BC00011688B4288BF136003EB8303980005EBB9
:107BD000830359682A588F680132A160E7607E608C
:107BE0008E6063612A50F8BDEC280020A429002093
:107BF000034B186810B1836C01338364704700BF76
:107C0000D82800202DE9F04FB74FDFF8E4B2DFF8B5
:107C1000E482B64D87B03B681C68002C40F01D81A3
:107C2000FFF7A0FCFFF766FDDBF8003081468342DA
:107C300048D8D8F80030CBF800001A68B2FA82F2BF
:107C400052092868A4EB0901FFF780F9FFF792FCBD
:107C5000002800F024810023CDE90233CDE904336C
:107C60000022286802A9FEF7CBFC0028D3D0029B93
:107C70000498002BC0F2E980DDF810A0DAF8143087
:107C80001BB10AF1040000F0AFFBFFF733FDDBF896
:107C900000300190984243D3DDE90123013BCBF84A
:107CA0000020082BDCD8DFE803F06161C0A5C761C4
:107CB00061C0A50022F001028AF824205046DAF8BB
:107CC000203098473B681A68002A00F0D880DA68AC
:107CD000D2F80CA014680AF10406304600F084FBC8
:107CE0009AF824205107E5D503E05046DAF8202021
:107CF0009047DAF81820CAF810A01119A418CAF889
:107D00000410F2D33146D8F8000000F055FBD5E757
:107D100021F0010189F824104846D9F8203098470D
:107D20003B681968002900F0B480D968D1F80C903C
:107D30000C6809F10406304600F056FB99F824104F
:107D40004807E5D503E04846D9F820108847D9F818
:107D50001810C9F8109008196418C9F80400F2D373
:107D60003146D8F8000000F027FBD5E79AF8240048
:107D70000399DAF81840019A0B1940F001068AF8C5
:107D800024602CBF012600269342CAF80430CAF8AA
:107D900010A000F28780511A8C423FD8410712D4BC
:107DA00020F001008AF824005046DAF82030984785
:107DB00056E78C4200F2C680DAF8203050469847E9
:107DC0003346DAF81840019AE6182CBF012000204B
:107DD000B242A2EB0301CAF80460CAF810A0E8D2CC
:107DE0009A4201D20028E7D038680AF1040100F075
:107DF000E3FAD9E70399019A9AF82430881843F0F6
:107E0000010390428AF82430CAF81810CAF8040016
:107E1000CAF810A04BD800293FF422AFD8F80000D0
:107E20000AF1040100F0C8FA1AE79AF8243023F0A6
:107E300001038AF8243013E79AF824309A0777D59B
:107E400023F001038AF824300AE7039B0599984739
:107E5000029B002BFFF604AF0EE7DB681C68FFF700
:107E600081FBFFF747FCDBF80030814683423FF699
:107E700029AF8442CBF800001FD90022E1E6D8F8F0
:107E80000020CBF800903A60C8F80030FFF772FB92
:107E9000E1E6D8F80010C8F800303960FCE600F0E0
:107EA000E9F8D8E6914202D9002E3FF477AF38685E
:107EB0000AF1040100F080FAD2E6FFF75BFB3B68B1
:107EC000DB68DE68331D1846019300F08DFA96F8E2
:107ED0002420530716D422F0010286F824203046CD
:107EE000336A9847B7E600BFDC280020542A0020F8
:107EF000002A0020E828002081421DD83046316A3F
:107F000088475446B169A9EB040014EB010A2CBF61
:107F100001230023CA45C6F804A03661ECD94C45BC
:107F200001D9002BEAD00199386800F045FAD6E76C
:107F3000504600F05DF893E60199D8F8000000F093
:107F40003BFACCE7D8F800000AF1040100F034FA5B
:107F50002AE700BFF0B5174C83B000F097F825680A
:107F60007DB100F0A1F8206848B103241248002335
:107F700001908022114912480094FFF7B3F903B031
:107F8000F0BD104E104F304600F0F8F9384600F0C2
:107F9000F5F90E4A0E4B176010212A460A201E6082
:107FA000FEF77EF920600028DBD00A49FEF70EFFBD
:107FB000D7E700BF542A0020582A00201C91001047
:107FC000057C0010A8290020BC290020E8280020FA
:107FD000DC2800201491001010B50446FFF7C2FA07
:107FE0002046F9F77DFD0446FFF7C4FA204610BD90
:107FF00050B110B50446FFF7B5FA2046F9F782FDF7
:10800000BDE81040FFF7B6BA704700BF002300B5C7
:1080100083B0019300F044F9019B002BFCD003B026
:108020005DF804FB10B500F03BF90446FFF768FB70
:1080300028B14FF0E0234FF08052C3F8042D2046C2
:10804000BDE8104000F038B910B504224FF0E0242C
:10805000002322610520A361F9F7D6F90721044B1B
:10806000A3FB00239B09013B6361216110BD00BF9D
:10807000D34D62104FF0E0234FF08052C3F8042D2F
:10808000BFF34F8FBFF36F8F704700BF08B500F08D
:1080900007F9044A136801331360BFF34F8FBFF32E
:1080A0006F8F08BDA0150020044B1A68013A1A60B2
:1080B000186800B1704700F0FFB800BFA01500209D
:1080C000836913F8023C662B00D070474FF0E02321
:1080D000D3F8882D42F47002C3F8882DD3F8342FDA
:1080E00042F04042C3F8342F00F0BCB82DE9F04F05
:1080F0004FF0113E4FF0807440E909E34FF0073331
:1081000040F8044C164C40F8343C40E903424FF030
:1081100005334FF006324FF0123B40E90F324FF07B
:10812000033A4FF002394FF001384FF010374FF05B
:1081300009364FF008354FF004346FF0020340E980
:1081400005AB40E9078940E90B6740F8305C40F82F
:10815000404C40F8443C40F8481DBDE8F08F00BF5B
:108160000D8000104FF0E0234FF07F42002110B54A
:1081700084B00291C3F81C2DD3F81C3D1B0E8DF862
:1081800007309DF807309DF807301A060CD5029B82
:10819000013302939DF807305B00DBB28DF80730A6
:1081A0009DF807301B06F2D4029B082B3AD0029AA6
:1081B000C2F10702120202F4E0624FF0E023002451
:1081C00019490E200A60D3F8202D184942F47F0285
:1081D000C3F8202DD3F8202D42F07F42C3F8202D84
:1081E000C3F81C4DFDF70AFE11490F20FDF706FEEE
:1081F00010490B20FDF702FEFFF726FF4FF050421B
:108200000D490E4B0C6012681A7000F041F8FFF730
:1082100087FA039400F044F8039B002BFCD0002065
:1082200004B010BD0022C8E77C290020C9820010DC
:108230002580001049830010A01500209C15002007
:1082400008B5F8F7C7F9044B044A0344136000F07B
:1082500087F8034B186008BDF41F0020D4280020C5
:10826000F8290020094A1168086806C881F30B88BC
:10827000022181F31488203080F30988BFF36F8FC7
:108280004FF0000080F3118810470000D82800202C
:1082900062B661B6BFF34F8FBFF36F8F66DF00BF6B
:1082A000EFF311804FF0100181F31188BFF34F8F6E
:1082B000BFF36F8F704700BF80F31188BFF34F8FFC
:1082C000BFF36F8F704700BFEFF309811EF0100FEF
:1082D00008BF21ED108AEFF30B82734621E9FC0FF2
:1082E00055FC084457FC096459FC0A8401E9F00371
:1082F000144A136819604FF0100181F31188BFF31D
:108300004F8FBFF36F8FFFF70BFA4FF0000080F332
:1083100011880C4A116808681838B0E8F00345EC79
:10832000004447EC016449EC0284B0E8FC0F13F010
:10833000100F08BFB0EC108A82F30B8880F3098815
:1083400018470000D82800201EF0040F0CBFEFF3E0
:108350000880EFF30980014908470000C180001040
:1083600010B51820FFF738FE044620B1002340F86E
:10837000043B00F003F8204610BD00BF4FF0FF3172
:10838000002200F10803C0E90131C0E903330260B3
:10839000704700BF00230361704700BF10B4D0E9ED
:1083A000003294680133C1E90124616091605DF895
:1083B000044B08610360704730B40D686B1C10D02B
:1083C00000F108031C465B681A68AA42FAD90268E1
:1083D0004B60013299608C606160086130BC026062
:1083E000704704696368F2E70346026910B4546891
:1083F000406899689C428160486008BF51600021D4
:1084000010685DF8044B013819611060704700BFB7
:10841000024B0146186800F00BB800BFB8190020E5
:10842000024B0146186800F043BC00BFB819002099
:1084300001F10B03162B2DE9F04F074683B023D82B
:10844000102900F2AF8000F0AFFA102518230220A7
:10845000BA4E33445C68A3F10802944200F056819E
:108460006368384623F00303D4E902122344CA6048
:1084700091605A68083442F001025A6000F09AFA9A
:10848000204603B0BDE8F08F002B23F00705C0F2B3
:108490008980A94200F2868000F086FAB5F5FC7F5B
:1084A000C0F07B826B0A00F08480042B00F26281B2
:1084B000AB0903F1390003F1380EC3009F4E33447A
:1084C000A3F1080C5C68A44507D10DE0002AE1681F
:1084D00080F216818C450C4606D0636823F00303B6
:1084E0005A1B0F2AF2DD7046DFF868823469444572
:1084F00000F0F280636823F0030CACEB05030F2B54
:1085000000F37481002BC6E9048880F26381BCF516
:10851000007FD6F804E080F0FF804FEADC03012200
:108520004FEA5C1C013302FA0CF256F833104EEAA3
:10853000020E06EBC302083AC6F804E0C4E90212D0
:1085400046F83340CC6083104FF0010C0CFA03FC6A
:10855000F44534D81CEA0E0F07D120F003004FEA8F
:108560004C0C04301CEA0E0FF9D006EBC00A814611
:10857000D646DEF80C300BE05A681C46DB6822F069
:108580000302511B0F2900F30181002980F215819C
:108590009E45F1D109F101090EF1080E19F0030F02
:1085A000E7D158E10C233B600024204603B0BDE82E
:1085B000F08F4FF4007340204FF03F0E7EE7B46819
:1085C000636823F00309A945A9EB050302D30F2B28
:1085D00000F385805A4B08201B6803F1100804EB58
:1085E0000903009300F056FA564AA84483461368DC
:1085F000013305D008F1FF384342804403EA0808FC
:108600004146384600F02AFAB0F1FF3F82464D4A13
:1086100000F0078104EB0903834200F200814A4B1A
:108620000BF1FF3C18684044186000F06481116849
:10863000013100F06C8104EB0902AAEB0202024452
:108640001A601AF00702CDE9002300F02781C2F179
:108650000802384692445A44D04408EA0C01521A9F
:1086600002EA0C0B594600F0F9F9421C019B00F09C
:108670006A81A0EB0A0000EB0B08186848F00102C1
:10868000B442C6F808A05844CAF80420186017D0AD
:10869000B9F10F0F40F23E816168A9F10C024FF071
:1086A000050C22F0070201F0010111430F2A61605D
:1086B00004EB0201C1E901CC00F24D81DAF804209B
:1086C000224B54461968814238BF1860204B196804
:1086D000814238BF1860A6E0D6F804E033E762199B
:1086E00045F0010543F00103083444F8045C3846C2
:1086F000B260536000F05EF9204603B0BDE8F08F31
:10870000A26823443846D1608A60B2E6DC68A3429E
:108710007FF4A6AE0230E7E6BCF5206F4FEA5C229C
:1087200076D3142A00F2CD8002F15C035B32DB00C9
:10873000F118F3580839994211D1A5E0B01500207D
:10874000141D0020A4150020E41C00200C1D002096
:10875000101D0020B81500209B68994204D05A686B
:1087600022F003026245F7D8D968C4E902318C606F
:10877000DC60E8E6142B63D9542B00F2AB802B0BA2
:1087800003F16F0003F16E0EC30097E6D4F808C042
:108790003846671945F001056560CCF80C30C3F820
:1087A00008C041F00103C6E90477C7E902887B608D
:1087B000A150083400F0FEF8F7E62244384651682C
:1087C00041F00101516054F8082FD3609A6000F025
:1087D000F1F8EAE6A44438460834DCF8043043F003
:1087E0000103CCF8043000F0E5F8DEE6621943F04E
:1087F000010145F0010538466560C6E90422C2E979
:108800000288516044F80C30083400F0D3F8CCE60C
:108810004FEA9C1202F139033832DB0088E7B44298
:1088200062D0B468626822F00308A845A8EB05038B
:1088300002D30F2B3FF753AF384600F0BBF8B3E637
:1088400003F15C0003F15B0EC30037E65AF8083908
:10885000534540F0A08010F0030F00F1FF30F5D138
:10886000736823EA0C0373604FEA4C0C0CF1FF327F
:108870009A4204D3A3E64FEA4C0C09F104091CEA1E
:10888000030FF8D0484670E692104FF0010C0CFA36
:1088900002F24EEA020EC6F804E066E70AEB0802AE
:1088A000384602EA0C02ABEB020B0BEA0C0B594602
:1088B00000F0D4F8431C019B7FF4DBAEDDF800B080
:1088C000DBE6542A2AD84FEA1C3202F16F036E32DB
:1088D000DB002DE7B3F5AA7F2AD8EB0B03F1780074
:1088E00003F1770EC300E9E52E4B0BF1FF3C18684E
:1088F000404418609BE61AEA0C0F7FF498AEC84417
:10890000D6F808A048F00102CAF80420D8E6C2F858
:1089100000A096E60123CAF804308DE7B2F5AA7FDD
:1089200024D84FEADC3202F178037732DB00FFE62D
:1089300040F25452934224D8AB0C03F17D0003F172
:108940007C0EC300BAE5009A4FF0000B083A904441
:10895000A8EB0A0891E6384604F10801009300F0FC
:10896000A7F9009BD6F808A01868A7E640F2545370
:108970009A420CD84FEA9C4202F17D037C32DB0024
:10898000D6E64FF47E737F204FF07E0E96E54FF4CF
:108990007E737E22CCE6736866E7E80805F108037B
:1089A00056E500BFE41C0020014800F06FB800BF8E
:1089B000E01C0020014800F06BB800BFE01C002064
:1089C000830730B546D08418844604E003F8011BC1
:1089D0009D0704D09C46A4456346F7D130BD013ABB
:1089E0000244A2EB0C02032A29D9CCB20F2A04EBD1
:1089F000042404EB04442FD9A2F1100C03F1100558
:108A00002CF00F0CAC44C3E90044C3E9024410331A
:108A10006345F8D112F00C0F02F00F0E18D02EF0B3
:108A2000030CAEF104051A469C4442F8044B62451F
:108A3000FBD125F0030404330EF003022344002A83
:108A4000CCD0C9B21A4403F8011B9342FBD130BD0C
:108A50007246F4E70346C6E79646E0E738B50022DB
:108A6000064D044608462A60FAF7CEFB431C00D0A8
:108A700038BD2B68002BFBD0236038BD7424002048
:108A8000014B1868704700BFB8190020704700BF3D
:108A9000704700BF082802D14FF48050704708B5D6
:108AA000FFF7EEFF162203464FF0FF301A6008BDB5
:108AB000844641EA000313F0030349D1403A23D32B
:108AC0000B6803604B6843608B688360CB68C3604E
:108AD0000B6903614B6943618B698361CB69C36136
:108AE0000B6A03624B6A43628B6A8362CB6AC3621E
:108AF0000B6B03634B6B43638B6B8363CB6BC36306
:108B000040304031403ADBD230320BD30B68036047
:108B10004B6843608B688360CB68C3601030103152
:108B2000103AF3D20C3205D351F8043B40F8043B21
:108B3000043AF9D2043208D0D2071CBF11F8013B25
:108B400000F8013B01D30B8803806046704700BFEB
:108B5000082A13D38B07B1D010F00303AED0C3F1B2
:108B60000403D21ADB071CBF11F8013B00F8013BDC
:108B7000A4D331F8023B20F8023B9FE7043AD9D353
:108B8000013A11F8013B00F8013BF9D20B78037070
:108B90004B7843708B7883706046704720F00301F8
:108BA00010F00300C0F1000051F8043B00F1040C88
:108BB0004FEACC0C6FF000021CBF22FA0CF21343F8
:108BC0004FF0010C4CEA0C2C4CEA0C4CA3EB0C02C1
:108BD00022EA030212EACC1204BF51F8043B04302B
:108BE000F4D0C2F1000102EA0102B2FA82F2C2F14B
:108BF0001F0200EBD20070472DE9F8430646DFF86C
:108C0000AC8008208946FFF745FF05463046FFF750
:108C1000CBFED8F808305F6827F00307A7F11104EE
:108C2000A4EB09042C44B4FBF5F4013C05FB04F46B
:108C3000A54208DC00213046FFF710FFD8F80830C5
:108C40003B44984205D03046FFF7B4FE0020BDE813
:108C5000F88361423046FFF701FF01300FD03F1B20
:108C6000104AD8F80830304647F001075F601368B3
:108C70001B1B1360FFF79EFE0120BDE8F883002157
:108C80003046FFF7EBFED8F80820831A0F2BDADD09
:108C900043F0010303495360034B1B68C01A08608B
:108CA000D1E700BFE41C0020A4150020B01500206F
:108CB00000295AD0F8B50C460746FFF775FE734DEC
:108CC00054F804CCA4F10802A8682CF001030CF0BD
:108CD000010ED1184E68884226F003067CD0881910
:108CE0004E60406800F00100BEF1000F2ED154F834
:108CF000084C05F1080C121B23449468644560D0AD
:108D0000D2F80CE0C4F80CE0CEF8084000287DD082
:108D100043F0010050600B60B3F5007F2ED258097C
:108D2000D9080123834068680131034355F83100B5
:108D30006B6005EBC103083BC2E9020345F8312033
:108D4000C2603846BDE8F840FFF734BE70B933441E
:108D500005F1080C886843F0010460456ED0C968CD
:108D6000C16088605460D350D6E770474CF0010171
:108D7000B3F5007F44F8041CD350D0D3B3F5206F73
:108D80004FEA532144D2990901F1390001F1380425
:108D9000C100681869580838884203D155E08968CD
:108DA000884204D04C6824F003049C42F7D8C86879
:108DB000C2E9021082603846CA60BDE8F840FFF799
:108DC000F9BD80BB1E44D1E90213CB60996046F027
:108DD000010353609651B4E71E44BEF1000F07D162
:108DE00054F8083CD21A1E44D2E90213CB609960B1
:108DF00046F001035360264BAA601B68B342A0D81B
:108E0000244B38461968FFF7F7FE9AE73344A1E789
:108E100014290DD954291FD8190B01F16F0001F144
:108E20006E04C100B5E743F0010050600B6088E7B5
:108E300001F15C0001F15B04C100AAE7C5E904226D
:108E4000C2E902CC5460D3507BE7A4100123A340B5
:108E50006C6823436B60ABE7B1F5AA7F06D8D90BEA
:108E600001F1780001F17704C10092E740F254501B
:108E7000814206D8990C01F17D0001F17C04C1000A
:108E800087E74FF47E717E2483E700BFB015002092
:108E9000A8150020141D0020F8B500BF0000000038
:108EA0005FF800F0350200205FF800F00D0B0020A5
:108EB0005FF800F0991000205FF800F049110020E1
:108EC0005FF800F06D0200205FF800F06D0A0020EE
:108ED0005FF800F0C90A00205FF800F0CD01002023
:108EE0005FF800F0950A00205FF800F0A90200206A
:108EF0005FF800F011010020D5160010491600108F
:108F00007D16001021170010B5160010CD150010A9
:108F1000FD160010B9150010310A001001170010DD
:108F2000F10D001019160010E91600109916001026
:108F30000D0600103506001019020010753A0010D9
:048F4000418200105A
:108F480054656D7020792070726573696F6E0000CA
:108F580054656D703A20252E3266204300000000CB
:108F680050726573696F6E3A202564206B506100FA
:108F7800496E6974000000005072696E7400000048
:108F880053656E736F7200000A2A2A2A2050414ED8
:108F98004943202A2A2A0A000A0000004E6F20733B
:108FA80070696E6C6F636B732061726520617661A6
:108FB800696C61626C6500004E6F20757365722084
:108FC800495251732061726520617661696C6162F2
:108FD8006C650000486172647761726520616C613C
:108FE800726D20256420616C726561647920636C00
:108FF80061696D6564000000486172642061737383
:10900800657274004F7574206F66206D656D6F72A0
:109018007900000052656C6561736500626F6F745A
:10902800325F77323571303830000000302E310031
:10903800322E312E310000007069636F320000005B
:109048006669726D77617265000000004A756E206E
:109058003136203230323500666E692B0000000050
:10906800666E69006E616E00666E692D0000000014
:1090780055534220737464696E202F207374646F93
:10908800757400005261737062657272792050695C
:10909800000000005069636F00000000426F6172B9
:1090A8006420434443000000526573657400000067
:1090B800556E68616E646C65642049525120307841
:1090C80025780A0065702025303258207761732092
:1090D800616C726561647920617661696C61626C4A
:1090E8006500000043616E277420636F6E74696EBB
:1090F80075652078666572206F6E20696E6163748D
:10910800697665206570202530325800546D72519B
:1091180000000000546D7220537663000600525020
:10912800D3F075421C90001006005250E182887FEF
:1091380024900010060052503ABCA9113490001037
:1091480006005250ABB360533890001006005250DE
:10915800BBFF3CB64090001006005250861C03022C
:1091680048900010060052505422A29D54900010BE
:1091780005005250DE65F468E0AD00100000000004
:10918800000000000000F03F000000000000244044
:1091980000000000000059400000000000408F401F
:1091A800000000000088C34000000000006AF8408A
:1091B8000000000080842E4100000000D0126341AE
:1091C8000000000084D797410000000065CDCD4124
:1091D8000D0A000000000000F1340010000000003B
:1091E800F5340010013500102D3500102935001018
:1091F800000000000A00000000000306A6000800A6
:10920800020002009C001400030057494E555342C7
:1092180000000000000000000000800004000100C1
:109228002800440065007600690063006500490075
:109238006E007400650072006600610063006500DE
:10924800470055004900440000004E007B006200C2
:1092580063003700330039003800630031002D0007
:1092680037003300630064002D003400630062009F
:1092780037002D0039003800620038002D00390011
:109288003100330061003800660063006100370078
:109298006200660036007D0000000000050F210016
:1092A800011C100500DF60DDD88945C74C9CD265DC
:1092B8009D9E648A9F00000306A60001000000002E
:1092C8000600525053B4F4A178900010000000003A
:1092D8008C9000109C90001080290020A490001011
:1092E800B090001009025400030100807D080B00B3
:1092F8000202020000090400000102020004052421
:1093080000200105240100010424020605240600AA
:10931800010705810308001009040100020A000082
:10932800000705020240000007058202400000090C
:1093380004020000FF00010512011002EF020140C3
:109348008A2E09000001010203010000000000004C
:10935800294E0010994E0010C94E0010154F0010EC
:10936800D54F0010955000100000000000000000CC
:109378008D510010E95100100552001029520010BB
:10938800853500101D53001000000000000000008B
:109398004000000014000000540000000500000018
:0893A80008F7FF7F010000003F
:1093B00024910010309100103C9100104891001051
:1093C00054910010609100106C9100107891001081
:0493D000C89200102F
:1093D400034600B50268EFF3108C72B6D2E8CFEF03
:1093E4000120BEF1000FF9D1C2E84E0FBEF1000F0B
:1093F400F4D1BFF35F8F93F90420002A0ADB01B193
:109404000A60002000221B68C3E88F2F8CF31088A9
:109414005DF804FB4FF05042126801201A71F1E725
:109424004FF050412DE9F0410027044616461D46F1
:10943400D1F8008008E0C1E88F7F8CF310883046B3
:10944400294601F0B1F9E8B92168EFF3108C72B63E
:10945400D1E8CF2F0123002AFAD1C1E8423F002AE4
:10946400F6D1BFF35F8F94F904302168002BE2DA60
:10947400002384F80480C1E88F3F8CF31088012016
:10948400BDE8F0810020BDE8F08100BF30B504687C
:10949400EFF3108C72B6D4E8CFEF0125BEF1000FC4
:1094A400F9D1C4E84E5FBEF1000FF4D1BFF35F8F72
:1094B40090F904400568002C10DB0021C5E88F1FDB
:1094C4008CF310884FF0504595F90050A54201D116
:1094D400084630BDBDE83040FFF7A2BF4FF0504210
:1094E400126800230271C5E88F3F8CF310880120B5
:1094F40030BD00BF70B505460C4601F04DF902467B
:109504000B464FF47A704FF0FF3E6FF0004CE4FBD3
:10951400002396457CEB030138BF72462846BDE81C
:10952400704038BF6346FFF77BBF00BF0368EFF3AB
:10953400108272B6D3E8CFCF0121BCF1000FF9D16C
:10954400C3E84C1FBCF1000FF4D1BFF35F8F4FF0A1
:10955400FF0C0023016880F804C0C1E88F3F82F348
:10956400108840BF704700BF002108B5134B4FF46B
:10957400707299601248D960196159619961D96111
:10958400196259629962D962196359639963D963FB
:10959400196459649964D964196559659965D965DB
:1095A400196659669966D966196759679967D967BB
:1095B40001F0FEF8034B044A1A6008BD0000105085
:1095C400C024002090280020800110502DE9F04F85
:1095D4001F4B85B0D3F858A0BAF1000F22D0002455
:1095E40001254FF4E069DFF870801A4F01E0202C68
:1095F40018D00AEA0502611C2346AB46CCB26D00C2
:10960400002AF4D004F0010203F0FE06164407EB2E
:1096140046163046C8F858B000F00AFC28B93AEAB1
:109624000B0AE4D105B0BDE8F08F00238DF80930B2
:10963400B37801A88DF80830F38A0121ADF80490BD
:10964400039300F013FC304600F098FBE7E700BFFB
:10965400000011508024002000301150F0B5BB4BA5
:1096640085B0D3F8985015F4003674D0B84BB94C83
:10967400996A94F83B30B84A022B116000F0D48008
:10968400002694F87B30022B00F03B8194F8BB3029
:10969400022B00F07D8194F8FB30022B00F06C81EA
:1096A40094F83B31022B00F0448194F87B31022B77
:1096B40000F0338194F8BB31022B00F0B68194F8AA
:1096C400FB31022B00F0A68194F83B32022B00F010
:1096D400968194F87B32022B00F0868194F8BB3299
:1096E400022B00F0768194F8FB32022B00F06681A5
:1096F40094F83B33022B00F0568194F87B33022B11
:1097040000F0A48094F8BB33022B00F0998194F804
:10971400FB33022B00F0B4803EB9904B1B7823B985
:109724004FF400328E4BC3F890204FF44072874BB5
:1097340001219B6C01A8C3F30A03ADF80420029332
:1097440000F094FBEA064FF40036864C07D5FFF789
:109754003DFF264603E0EA064FF01004F7D4EB037E
:1097640022D57C4C46F48036A37E002B40F09980B1
:10977400012394F83A20E370002A40F0AD800123DD
:109784004FF4C061784A84F82330ADF8041092E8AD
:10979400030004AA02E90300194601A800F066FBCD
:1097A4004FF400326E4B1A65E90408D46A041DD4E0
:1097B4002B042AD4AE4240F0C58105B0F0BD00248C
:1097C400624B46F480561C60FFF7CEFE4FF4807364
:1097D400012101A8ADF804308DF8084000F046FBE3
:1097E4004FF400225E4B1A656A04E1D54FF480639E
:1097F400012101A8ADF8043000F038FB1022584BC9
:1098040046F480461A652B04D4D54FF4A063012195
:1098140001A8ADF8043000F029FB4FF40062504B6E
:1098240046F400461A65C5E794F83A60002E3FF402
:1098340028AF94F83C30002B3FF423AF002304F10D
:10984400200084F83C3000F0C1FA1AE794F87A73E7
:10985400002F3FF457AF94F87C33002B40F0648121
:1098640094F8BB33022B40F0F48094F8BA33002B05
:1098740040F0EB8094F8FB33022B7FF456AF3E4666
:1098840094F8FA33002B3FF447AF94F8FC33002BE1
:109894003FF44BAF0023354884F8FC3300F096FACC
:1098A40043E70221324B294A1966536E9F07FCD5C0
:1098B4004FF440520021274800F066FA254800F092
:1098C4005DFA0222264B5A661A66012394F83A205E
:1098D400E370002A3FF453AF254A1366A2F5005201
:1098E400536ED807FCD54FF440520021214800F0B4
:1098F4004BFA204800F042FA0122194B5A661A66C4
:109904003DE794F87A70002F3FF4C0AE94F87C30B1
:10991400002B40F001813E46B8E694F87A71002F9E
:109924003FF4C8AE94F87C31002B40F0ED803E4605
:10993400C0E694F83A71002F3FF4B7AE94F83C3186
:10994400002B40F0D9803E46AFE600BF0000115026
:1099540000000B408024002070240020612A002095
:109964000030115010000200000010506028002048
:1099740000201150A024002094F8FA70002F3FF426
:109984008FAE94F8FC30002B40F08E803E4687E684
:1099940094F8BA70002F3FF47EAE94F8BC30002BDC
:1099A4007AD13E4677E694F83A73002F3FF4A5AE99
:1099B40094F83C33002B57D13E469EE694F8FA7255
:1099C400002F3FF495AE94F8FC32002B5CD13E4658
:1099D4008EE694F8BA72002F3FF485AE94F8BC3248
:1099E400002B49D13E467EE694F87A72002F3FF46C
:1099F40075AE94F87C32002B76D13E466EE694F830
:109A04003A72002F3FF465AE94F83C32002B63D1D8
:109A14003E465EE694F8FA71002F3FF455AE94F892
:109A2400FC31002B50D13E464EE694F8BA71002F1B
:109A34003FF445AE94F8BC31002B3DD13E463EE6A2
:109A440094F8BA33002B3FF462AE94F8BC33002B85
:109A540071D194F8FB33022B7FF467AE94F8FA3398
:109A6400002B3FF462AE10E70023394884F83C33FE
:109A74003E4600F0ABF940E60023364884F8BC3299
:109A84003E4600F0A3F92EE60023334884F8FC3266
:109A94003E4600F09BF92BE60023304884F8BC30A6
:109AA4003E4600F093F9F6E500232D4884F8FC3097
:109AB4003E4600F08BF9F3E500232A4884F8BC31D4
:109AC4003E4600F083F9FAE50023274884F8FC3188
:109AD4003E4600F07BF9F7E50023244884F83C3245
:109AE4003E4600F073F9F4E50023214884F87C3203
:109AF4003E4600F06BF9F1E500231E4884F83C3142
:109B04003E4600F063F9D0E500231B4884F87C311D
:109B14003E4600F05BF9CDE50023184884F87C301C
:109B24003E4600F053F9B1E50023154884F87C3330
:109B340000F04CF994E60023124884F8BC3300F09A
:109B440045F986E7104886EA050100F029FE00BFC2
:109B5400A0270020202700206027002020250020A7
:109B6400602500202026002060260020A02600205A
:109B7400E0260020A0250020E0250020E02400208D
:109B8400E027002020280020B89000102DE9F0479D
:109B9400848A058BC278A54228BF2546171E18BFA4
:109BA4000127641B467882F00102A4B20346C27006
:109BB400848245F4806040EA4730A6BBD3E903269B
:109BC4006F1E02EB811E55B3052F98BF721C31D94D
:109BD40002EB811C721CACEB0204022C2AD9324623
:109BE4004FEA95094FEA890A06EB890852F8044BB3
:109BF40042454CF8044BF9D15545A7EB0A070EEB47
:109C04000A040AD016F829600EF829602FB1567894
:109C1400012F667001D09278A2701E699C8A2E442E
:109C24001E6140F400400CB940F4804001B10004CE
:109C3400BDE8F0870EF1FF3E2E4400E0013212F839
:109C4400014CB2420EF8014FF8D1E6E783680246B0
:109C5400186801B1000C5378C0F30900002B3CD004
:109C64002DE9F041D2E90334461E03EB811E40B3D3
:109C7400052E3BD989014D1C1D44651B022D35D988
:109C84007346214600F47F774FEA9008FD1853F895
:109C940004CBAB4241F804CBF9D1B842A6EB07069A
:109CA40004EB07030EEB07010AD01EF8285004F852
:109CB40028502EB14C78012E5C7001D089789970AF
:109CC4001469D38A04440344D382138B14618342FA
:109CD40084BF00239382BDE8F081D38A0344D382F6
:109CE400138B834284BF002393827047013C0EEBA5
:109CF40000011EF8013B714504F8013FF9D1DFE78B
:109D040010B50446836800211B68FFF79FFF636852
:109D14001B685B0002D5238B834200D010BD204614
:109D2400BDE810400121FFF791BF00BF084B1B6C39
:109D340013F0020302D18278D20901D100207047C6
:109D4400C07EA0F10200B0FA80F04009704700BF65
:109D54000000115008B5FFF7E9FF50B1054A064B62
:109D6400906A1B68A0F54870C01AC6288CBF0020F2
:109D7400012008BD00000B40702400200023C0E92E
:109D840004338376704700BF10B5836809B11C683B
:109D9400214082B1114352050DD51A6854050CD4E3
:109DA400084A21F480641C60126C920703D40C23CB
:109DB400033BFDD28368196010BD8178024800F02E
:109DC400EFFC00BF00001150CC90001030B5436888
:109DD400002183B004461D68FFF7D8FE134B40F4FE
:109DE4008052196CA37889070ED55B060ED025F036
:109DF400A04545F000550021204663681D6003B06E
:109E0400BDE83040FFF7C0BFDB09F0D0A38A002BC8
:109E1400EDD0012120460192FFF7B8FE019A25F00A
:109E24000055024345F0A045E5E700BF000011508E
:109E340038B5857E044695B1FFF762FFA38A0BB956
:109E4400284638BD2046FFF785FF20B1012323773C
:109E54000025284638BD2046FFF7B8FFF8E781788B
:109E6400014800F09DFC00BFEC9000102DE9F04388
:109E740043788146023B0D4685B0042B13D8DFE8B6
:109E840003F0034A6A73440000217B4B1A7822F0E2
:109E940001021A701A7822F002021A7059701A78A4
:109EA40061F382021A70754B1C686369EFF31082C8
:109EB40072B6D3E8CF0F01210028FAD1C3E8401FBE
:109EC4000028F6D1BFF35F8FA2614946204600F017
:109ED4005BFC00236269C2E88F3FA36983F31088A7
:109EE40048B94FF0E023D3F8F03DDB070AD500BEB4
:109EF40005B0BDE8F0832A4699F8011099F80000EE
:109F040000F046FC05B0BDE8F0835D4A13780133E8
:109F1400DBB21370C7E700245A4E23463178DFF8CA
:109F24006C81594F11E03B6813EB441307D0DB6994
:109F34002BB1D9F8041099F800009847317801340E
:109F4400E4B24A1CA242234617DBA142EBD85B1AB7
:109F540008EB4313EBE7484B1A78D607D2D51A78A7
:109F640042F004021A709EE7434B1A78D407C9D50D
:109F74001A7822F004021A7095E73F4C23785807A8
:109F84003AD4E378DA07BDD5032300263B4A99F88F
:109F940000101468D9F804208DF804108DF80530E9
:109FA4006369CDF80660CDF80A60ADF80E600292E0
:109FB400EFF3108272B6D3E8CF0F01210028FAD153
:109FC400C3E8401F0028F6D1BFF35F8F2046A2618B
:109FD40001A900F0D9FB6369C3E88F6FA36983F318
:109FE400108800283FF47DAF2A469DF805109DF89F
:109FF400040000F0CDFB85E72378002723F0040359
:10A00400237005231D4A8DF80530166899F8002041
:10A01400ADF80E708DF804207369CDF80670CDF894
:10A024000A70EFF3108272B6D3E8CF0F0121002833
:10A03400FAD1C3E8401F0028F6D1BFF35F8F304642
:10A04400B26101A900F0A0FB7369C3E88F7FB36913
:10A0540083F3108838B94FF0E023D3F8F03DD907E3
:10A064008FD500BE8DE72A469DF805109DF80400A3
:10A0740000F08EFB85E700BF202000207820002020
:10A08400622A0020602A0020501E002054930010F1
:10A0940081F0004102E000BF83F0004330B54FEA95
:10A0A40041044FEA430594EA050F08BF90EA020F02
:10A0B4001FBF54EA000C55EA020C7FEA645C7FEA95
:10A0C400655C00F0E2804FEA5454D4EB5555B8BFB8
:10A0D4006D420CDD2C4480EA020281EA030382EA29
:10A0E400000083EA010180EA020281EA0303362DBB
:10A0F40088BF30BD11F0004F4FEA01314FF4801C8E
:10A104004CEA113102D0404261EB410113F0004F9F
:10A114004FEA03334CEA133302D0524263EB430356
:10A1240094EA050F00F0A780A4F10104D5F1200EF4
:10A134000DDB02FA0EFC22FA05F2801841F100014F
:10A1440003FA0EF2801843FA05F359410EE0A5F123
:10A1540020050EF1200E012A03FA0EFC28BF4CF054
:10A16400020C43FA05F3C01851EBE37101F000450A
:10A1740007D54FF0000EDCF1000C7EEB00006EEB17
:10A184000101B1F5801F1BD3B1F5001F0CD34908A1
:10A194005FEA30004FEA3C0C04F101044FEA4452F8
:10A1A40012F5800F80F09A80BCF1004F08BF5FEA7F
:10A1B400500C50F1000041EB045141EA050130BD5F
:10A1C4005FEA4C0C404141EB0101013C28BFB1F571
:10A1D400801FE9D291F0000F04BF01460020B1FABC
:10A1E40081F308BF2033A3F10B03B3F120020CDA8F
:10A1F4000C3208DD02F1140CC2F10C0201FA0CF06D
:10A2040021FA02F10CE002F11402D8BFC2F1200CD1
:10A2140001FA02F120FA0CFCDCBF41EA0C01904087
:10A22400E41AA2BF01EB0451294330BD6FEA0404D0
:10A234001F3C1CDA0C340EDC04F11404C4F12002BB
:10A2440020FA04F001FA02F340EA030021FA04F3CD
:10A2540045EA030130BDC4F10C04C4F1200220FA24
:10A2640002F001FA04F340EA0300294630BD21FA62
:10A2740004F0294630BD94F0000F83F4801306BF28
:10A2840081F480110134013D4EE77FEA645C18BF1C
:10A294007FEA655C29D094EA050F08BF90EA020FB3
:10A2A40005D054EA000C04BF1946104630BD91EAAB
:10A2B400030F1EBF0021002030BD5FEA545C05D1AE
:10A2C4004000494128BF41F0004130BD14F58004ED
:10A2D4003CBF01F5801130BD01F0004545F0FE4161
:10A2E40041F470014FF0000030BD7FEA645C1ABF96
:10A2F400194610467FEA655C1CBF0B46024650EACD
:10A30400013406BF52EA033591EA030F41F40021F8
:10A3140030BD00BF90F0000F04BF0021704730B57E
:10A324004FF4806404F132044FF000054FF0000153
:10A3340050E700BF90F0000F04BF0021704730B514
:10A344004FF4806404F1320410F0004548BF4042E9
:10A354004FF000013EE700BF42004FEAE2014FEA3E
:10A3640031014FEA02701FBF12F07F4393F07F4F19
:10A3740081F06051704732F07F4208BF704793F01C
:10A384007F4F04BF41F40021704730B54FF460742F
:10A3940001F0004521F000411CE700BF50EA010232
:10A3A40008BF704730B54FF000050AE050EA0102DB
:10A3B40008BF704730B511F0004502D5404261EB4B
:10A3C40041014FF4806404F132045FEA915C3FF48C
:10A3D400D8AE4FF003025FEADC0C18BF03325FEA29
:10A3E400DC0C18BF033202EBDC02C2F1200300FADA
:10A3F40003FC20FA02F001FA03FE40EA0E0021FAFF
:10A4040002F11444BDE600BF53B94AB9002908BF9C
:10A4140000281CBF4FF0FF314FF0FF3000F0B2B9FD
:10A42400ADF1080C6DE904CE00F006F8DDF804E0A7
:10A43400DDE9022304B070472DE9F04F8C46099EF4
:10A4440004460F46002B48D18A4215465ED9B2FA1B
:10A4540082F33BB1C3F120029F409D409C4020FA0F
:10A4640002F217434FEA154E1FFA85FC220CB7FB84
:10A47400FEF10EFB117701FB0CF042EA0742904219
:10A4840007D9AA1801F1FF3702D2904200F258818D
:10A494003946121AA4B2B2FBFEF00EFB102200FBE6
:10A4A4000CFC44EA0244A4450BD92C1900F1FF32F8
:10A4B4002CBF01270027A44502D9002F00F04381B7
:10A4C400104640EA0140A4EB0C0400211EB1DC401C
:10A4D4000023C6E90043BDE8F08F8B4206D90EB1D4
:10A4E400C6E9000100210846BDE8F08FB3FA83F104
:10A4F400002951D16345C0F01681824240F2138194
:10A504000846002EE7D0C6E90047E4E7002A00F039
:10A51400AF80B2FA82F3002B40F0C2808A1A4FEA6D
:10A52400154EAFB20121200CB2FBFEFC0EFB1C2227
:10A5340040EA024207FB0CF090420ED9AA180CF133
:10A54400FF382CBF4FF001094FF00009904203D9A6
:10A55400B9F1000F00F0F080C446121AA4B2B2FBA5
:10A56400FEF00EFB102200FB07F744EA0244A74268
:10A574000ED92C1900F1FF322CBF4FF0010E4FF011
:10A58400000EA74203D9BEF1000F00F0D28010469E
:10A59400E41B40EA0C4099E7C1F120058B400CFA1A
:10A5A40001F400FA01F922FA05F72CFA05FC8A40B5
:10A5B4001F4320FA05F3380C23431FFA87FE1C0CB3
:10A5C400BCFBF0F800FB18CC44EA0C4408FB0EFC7E
:10A5D400A4450ED93C1908F1FF3A2CBF4FF0010BEA
:10A5E4004FF0000BA44503D9BBF1000F00F0B88075
:10A5F400D046A4EB0C041FFA83FCB4FBF0F300FB7D
:10A60400134403FB0EFE4CEA0444A6450ED93C1940
:10A6140003F1FF302CBF4FF0010C4FF0000CA645A6
:10A6240003D9BCF1000F00F09F80034643EA0840C1
:10A63400A4EB0E04A0FB02EC64457346E04602D38F
:10A6440007D1F14505D2BEEB02036CEB070C0138D0
:10A65400E0465EB1B9EB030264EB080404FA05F5C5
:10A6640022FA01F3CC401D43C6E90054002132E72D
:10A6740042082F464B08AC4642EAC172AE46C407B4
:10A68400110C92B241EA034142EA0142B1FBF5F1F5
:10A69400B3FBF5F01F23A2EB0C0241EA004142E7B1
:10A6A4009D40C3F1200299409C402CFA02FC4FEAE1
:10A6B400154E20FA02F2AFB2BCFBFEF80A430EFBC1
:10A6C40018CC110C41EA0C4108FB07FC8C4550D90D
:10A6D400691808F1FF302CBF4FF001094FF0000951
:10A6E4008C4502D9B9F1000F30D0A1EB0C01B1FBBC
:10A6F400FEF808FB07FC0EFB181192B242EA014275
:10A70400624534D2AA1808F1FF312CBF4FF0010979
:10A714004FF000096245BED2B9F1000FBBD1A8F1D8
:10A7240002012A44B7E7841A6CEB0302012017469E
:10A73400E7E62C4402382BE7ACF1020C2A440CE780
:10A7440002392A44A5E62C440238BAE6A5EB0C0CDF
:10A75400A8F102006144B1FBFEF808FB07FCCAE75C
:10A76400A8F102083C4444E7023B3C445EE741460E
:10A7740091E7A1EB0C014046B1FBFEF808FB07FC96
:10A78400B9E700BF704700BF5FF800F06D590010D3
:10A794005FF800F0953F00105FF800F0011300101F
:10A7A4005FF800F0CD0400105FF800F0F91100101C
:10A7B4005FF800F0C18900101000000000000000E4
:10A7C4000000010000000000000000000000020082
:10A7D4000000000000000000000003000000000072
:10A7E400000000000000FF000000000001B5486800
:10A7F40001318E460047704609380149884701BD3A
:10A8040041090010000000000000000000000000EA
:10A814000000000000000000081B00204137001069
:10A82400ED36001065360010D5350010000000002C
:10A83400000100007C20002010000C00000000003B
:10A844000000000000000000000000000000000004
:10A85400FF0000000000094000000000FF000000AD
:10A86400AAAAAAAAFFFFFFFF00000200000000003E
:10A874000000000000000000B0150020B01500200A
:10A88400B8150020B8150020C0150020C015002000
:10A89400C8150020C8150020D0150020D0150020B0
:10A8A400D8150020D8150020E0150020E015002060
:10A8B400E8150020E8150020F0150020F015002010
:10A8C400F8150020F81500200016002000160020BE
:10A8D400081600200816002010160020101600206C
:10A8E400181600201816002020160020201600201C
:10A8F40028160020281600203016002030160020CC
:10A90400381600203816002040160020401600207B
:10A91400481600204816002050160020501600202B
:10A9240058160020581600206016002060160020DB
:10A93400681600206816002070160020701600208B
:10A94400781600207816002080160020801600203B
:10A9540088160020881600209016002090160020EB
:10A964009816002098160020A0160020A01600209B
:10A97400A8160020A8160020B0160020B01600204B
:10A98400B8160020B8160020C0160020C0160020FB
:10A99400C8160020C8160020D0160020D0160020AB
:10A9A400D8160020D8160020E0160020E01600205B
:10A9B400E8160020E8160020F0160020F01600200B
:10A9C400F8160020F81600200017002000170020B9
:10A9D4000817002008170020101700201017002067
:10A9E4001817002018170020201700202017002017
:10A9F40028170020281700203017002030170020C7
:10AA04003817002038170020401700204017002076
:10AA14004817002048170020501700205017002026
:10AA240058170020581700206017002060170020D6
:10AA34006817002068170020701700207017002086
:10AA44007817002078170020801700208017002036
:10AA540088170020881700209017002090170020E6
:10AA64009817002098170020A0170020A017002096
:10AA7400A8170020A8170020B0170020B017002046
:10AA8400B8170020B8170020C0170020C0170020F6
:10AA9400C8170020C8170020D0170020D0170020A6
:10AAA400D8170020D8170020E0170020E017002056
:10AAB400E8170020E8170020F0170020F017002006
:10AAC400F8170020F81700200018002000180020B4
:10AAD4000818002008180020101800201018002062
:10AAE4001818002018180020201800202018002012
:10AAF40028180020281800203018002030180020C2
:10AB04003818002038180020401800204018002071
:10AB14004818002048180020501800205018002021
:10AB240058180020581800206018002060180020D1
:10AB34006818002068180020701800207018002081
:10AB44007818002078180020801800208018002031
:10AB540088180020881800209018002090180020E1
:10AB64009818002098180020A0180020A018002091
:10AB7400A8180020A8180020B0180020B018002041
:10AB8400B8180020B8180020C0180020C0180020F1
:10AB9400C8180020C8180020D0180020D0180020A1
:10ABA400D8180020D8180020E0180020E018002051
:10ABB400E8180020E8180020F0180020F018002001
:10ABC400F8180020F81800200019002000190020AF
:10ABD400081900200819002010190020101900205D
:10ABE400181900201819002020190020201900200D
:10ABF40028190020281900203019002030190020BD
:10AC0400381900203819002040190020401900206C
:10AC1400481900204819002050190020501900201C
:10AC240058190020581900206019002060190020CC
:10AC3400681900206819002070190020701900207C
:10AC4400781900207819002080190020801900202C
:10AC540088190020881900209019002090190020DC
:10AC64009819002098190020A0190020A01900208C
:10AC7400A8190020A8190020C01900200000000015
:10AC840000000000181D0020801D0020E81D002089
:10AC940000000000000000000000000000000000B0
:10ACA40000000000000000000000000000000000A0
:10ACB4000000000000000000000000000000000090
:10ACC4000000000000000000000000000000000080
:10ACD4000000000000000000000000000000000070
:10ACE4000000000000000000000000000000000060
:10ACF4000000000000000000000000000000000050
:10AD0400000000000000000000000000000000003F
:10AD1400000000000000000001000000000000002E
:10AD24000E33CDAB34126DE6ECDE05000B000000F3
:10AD3400000000000000000000000000000000000F
:10AD440000000000000000000000000000000000FF
:10AD540000000000000000000000000000000000EF
:10AD640000000000000000000000000000000000DF
:10AD740000000000000000000000000000000000CF
:10AD840000000000000000000000000000000000BF
:10AD940000000000000000000000000000000000AF
:10ADA400000000000000000000000000000000009F
:10ADB400000000000000000000000000000000008F
:08ADC400000000000000000087
:10ADCC00D3DEFFFFFE010000FF0100006C53FFFF0C
:04ADDC00793512AB08
:040000051000014D99
:00000001FF
