
C:/Users/aleja/Desktop/Alee/Github/2025_td3_511_Gallo_Alejandro/3_trabajos_practicos/tp4/firmware/build/firmware.elf:     file format elf32-littlearm

Sections:
Idx Name          Size      VMA       LMA       File off  Algn
  0 .text         00008f44  10000000  10000000  00001000  2**3
                  CONTENTS, ALLOC, LOAD, READONLY, CODE
  1 .rodata       00000460  10008f48  10008f48  00009f48  2**3
                  CONTENTS, ALLOC, LOAD, READONLY, DATA
  2 .ARM.exidx    00000008  100093a8  100093a8  0000a3a8  2**2
                  CONTENTS, ALLOC, LOAD, READONLY, DATA
  3 .binary_info  00000024  100093b0  100093b0  0000a3b0  2**2
                  CONTENTS, ALLOC, LOAD, READONLY, DATA
  4 .ram_vector_table 00000110  20000000  20000000  0000d000  2**2
                  ALLOC
  5 .uninitialized_data 00000000  20000110  20000110  0000cde0  2**0
                  CONTENTS
  6 .data         000019f8  20000110  100093d4  0000b110  2**3
                  CONTENTS, ALLOC, LOAD, READONLY, CODE
  7 .tdata        00000000  20001b08  20001b08  0000cde0  2**0
                  CONTENTS, ALLOC, LOAD, DATA, THREAD_LOCAL
  8 .tbss         00000000  20001b08  20001b08  00000000  2**0
                  ALLOC, THREAD_LOCAL
  9 .bss          00000f64  20001b08  1000adcc  0000db08  2**3
                  ALLOC
 10 .heap         00000800  20002a6c  20002a6c  0000cde0  2**2
                  CONTENTS, READONLY
 11 .scratch_x    00000000  20080000  20080000  0000d5e0  2**0
                  CONTENTS
 12 .scratch_y    00000000  20081000  20081000  0000d5e0  2**0
                  CONTENTS
 13 .stack_dummy  00000800  20081000  20081000  0000d5e0  2**5
                  CONTENTS, READONLY
 14 .flash_end    00000014  1000adcc  1000adcc  0000cdcc  2**2
                  CONTENTS, ALLOC, LOAD, READONLY, DATA
 15 .ARM.attributes 00000034  00000000  00000000  0000dde0  2**0
                  CONTENTS, READONLY
 16 .comment      00000045  00000000  00000000  0000de14  2**0
                  CONTENTS, READONLY
 17 .debug_info   00041e28  00000000  00000000  0000de59  2**0
                  CONTENTS, READONLY, DEBUGGING, OCTETS
 18 .debug_abbrev 0000b2f4  00000000  00000000  0004fc81  2**0
                  CONTENTS, READONLY, DEBUGGING, OCTETS
 19 .debug_loclists 0002021e  00000000  00000000  0005af75  2**0
                  CONTENTS, READONLY, DEBUGGING, OCTETS
 20 .debug_aranges 00001950  00000000  00000000  0007b198  2**3
                  CONTENTS, READONLY, DEBUGGING, OCTETS
 21 .debug_rnglists 000055d3  00000000  00000000  0007cae8  2**0
                  CONTENTS, READONLY, DEBUGGING, OCTETS
 22 .debug_line   0002bff5  00000000  00000000  000820bb  2**0
                  CONTENTS, READONLY, DEBUGGING, OCTETS
 23 .debug_str    0000bf17  00000000  00000000  000ae0b0  2**0
                  CONTENTS, READONLY, DEBUGGING, OCTETS
 24 .debug_frame  00004ac0  00000000  00000000  000b9fc8  2**2
                  CONTENTS, READONLY, DEBUGGING, OCTETS
 25 .debug_line_str 000002cd  00000000  00000000  000bea88  2**0
                  CONTENTS, READONLY, DEBUGGING, OCTETS

C:/Users/aleja/Desktop/Alee/Github/2025_td3_511_Gallo_Alejandro/3_trabajos_practicos/tp4/firmware/build/firmware.elf:     file format elf32-littlearm


Disassembly of section .text:

10000000 <__VECTOR_TABLE>:
10000000:	20082000 	.word	0x20082000
10000004:	1000015d 	.word	0x1000015d
10000008:	10000113 	.word	0x10000113
1000000c:	10000115 	.word	0x10000115
10000010:	10000111 	.word	0x10000111
10000014:	10000111 	.word	0x10000111
10000018:	10000111 	.word	0x10000111
1000001c:	10000111 	.word	0x10000111
10000020:	10000111 	.word	0x10000111
10000024:	10000111 	.word	0x10000111
10000028:	10000111 	.word	0x10000111
1000002c:	10008349 	.word	0x10008349
10000030:	10000111 	.word	0x10000111
10000034:	10000111 	.word	0x10000111
10000038:	100082c9 	.word	0x100082c9
1000003c:	10008025 	.word	0x10008025
10000040:	1000011d 	.word	0x1000011d
10000044:	1000011d 	.word	0x1000011d
10000048:	1000011d 	.word	0x1000011d
1000004c:	1000011d 	.word	0x1000011d
10000050:	1000011d 	.word	0x1000011d
10000054:	1000011d 	.word	0x1000011d
10000058:	1000011d 	.word	0x1000011d
1000005c:	1000011d 	.word	0x1000011d
10000060:	1000011d 	.word	0x1000011d
10000064:	1000011d 	.word	0x1000011d
10000068:	1000011d 	.word	0x1000011d
1000006c:	1000011d 	.word	0x1000011d
10000070:	1000011d 	.word	0x1000011d
10000074:	1000011d 	.word	0x1000011d
10000078:	1000011d 	.word	0x1000011d
1000007c:	1000011d 	.word	0x1000011d
10000080:	1000011d 	.word	0x1000011d
10000084:	1000011d 	.word	0x1000011d
10000088:	1000011d 	.word	0x1000011d
1000008c:	1000011d 	.word	0x1000011d
10000090:	1000011d 	.word	0x1000011d
10000094:	1000011d 	.word	0x1000011d
10000098:	1000011d 	.word	0x1000011d
1000009c:	1000011d 	.word	0x1000011d
100000a0:	1000011d 	.word	0x1000011d
100000a4:	1000011d 	.word	0x1000011d
100000a8:	1000011d 	.word	0x1000011d
100000ac:	1000011d 	.word	0x1000011d
100000b0:	1000011d 	.word	0x1000011d
100000b4:	1000011d 	.word	0x1000011d
100000b8:	1000011d 	.word	0x1000011d
100000bc:	1000011d 	.word	0x1000011d
100000c0:	1000011d 	.word	0x1000011d
100000c4:	1000011d 	.word	0x1000011d
100000c8:	1000011d 	.word	0x1000011d
100000cc:	1000011d 	.word	0x1000011d
100000d0:	1000011d 	.word	0x1000011d
100000d4:	1000011d 	.word	0x1000011d
100000d8:	1000011d 	.word	0x1000011d
100000dc:	1000011d 	.word	0x1000011d
100000e0:	1000011d 	.word	0x1000011d
100000e4:	1000011d 	.word	0x1000011d
100000e8:	1000011d 	.word	0x1000011d
100000ec:	1000011d 	.word	0x1000011d
100000f0:	1000011d 	.word	0x1000011d
100000f4:	1000011d 	.word	0x1000011d
100000f8:	1000011d 	.word	0x1000011d
100000fc:	1000011d 	.word	0x1000011d
10000100:	1000011d 	.word	0x1000011d
10000104:	1000011d 	.word	0x1000011d
10000108:	1000011d 	.word	0x1000011d
1000010c:	1000011d 	.word	0x1000011d

10000110 <isr_invalid>:
10000110:	be00      	bkpt	0x0000

10000112 <isr_nmi>:
10000112:	be00      	bkpt	0x0000

10000114 <isr_hardfault>:
10000114:	be00      	bkpt	0x0000
10000116:	be00      	bkpt	0x0000
10000118:	be00      	bkpt	0x0000
1000011a:	be00      	bkpt	0x0000

1000011c <__unhandled_user_irq>:
1000011c:	f3ef 8005 	mrs	r0, IPSR
10000120:	3810      	subs	r0, #16

10000122 <unhandled_user_irq_num_in_r0>:
10000122:	be00      	bkpt	0x0000

10000124 <binary_info_header>:
10000124:	7188ebf2 	.word	0x7188ebf2
10000128:	100093b0 	.word	0x100093b0
1000012c:	100093d4 	.word	0x100093d4
10000130:	100001a8 	.word	0x100001a8
10000134:	e71aa390 	.word	0xe71aa390

10000138 <__binary_info_header_end>:
10000138:	ffffded3 	.word	0xffffded3
1000013c:	10210142 	.word	0x10210142
10000140:	000001ff 	.word	0x000001ff
10000144:	0000ac94 	.word	0x0000ac94
10000148:	ab123579 	.word	0xab123579

1000014c <_entry_point>:
1000014c:	f04f 0000 	mov.w	r0, #0

10000150 <_enter_vtable_in_r0>:
10000150:	4920      	ldr	r1, [pc, #128]	@ (100001d4 <data_cpy_table+0x2c>)
10000152:	6008      	str	r0, [r1, #0]
10000154:	c806      	ldmia	r0!, {r1, r2}
10000156:	f381 8808 	msr	MSP, r1
1000015a:	4710      	bx	r2

1000015c <_reset_handler>:
1000015c:	f04f 4050 	mov.w	r0, #3489660928	@ 0xd0000000
10000160:	6800      	ldr	r0, [r0, #0]
10000162:	b110      	cbz	r0, 1000016a <hold_non_core0_in_bootrom+0x6>

10000164 <hold_non_core0_in_bootrom>:
10000164:	f04f 0000 	mov.w	r0, #0
10000168:	e7f2      	b.n	10000150 <_enter_vtable_in_r0>
1000016a:	a40f      	add	r4, pc, #60	@ (adr r4, 100001a8 <data_cpy_table>)
1000016c:	cc0e      	ldmia	r4!, {r1, r2, r3}
1000016e:	2900      	cmp	r1, #0
10000170:	d002      	beq.n	10000178 <hold_non_core0_in_bootrom+0x14>
10000172:	f000 f815 	bl	100001a0 <data_cpy>
10000176:	e7f9      	b.n	1000016c <hold_non_core0_in_bootrom+0x8>
10000178:	4917      	ldr	r1, [pc, #92]	@ (100001d8 <data_cpy_table+0x30>)
1000017a:	4a18      	ldr	r2, [pc, #96]	@ (100001dc <data_cpy_table+0x34>)
1000017c:	2000      	movs	r0, #0
1000017e:	e000      	b.n	10000182 <bss_fill_test>

10000180 <bss_fill_loop>:
10000180:	c101      	stmia	r1!, {r0}

10000182 <bss_fill_test>:
10000182:	4291      	cmp	r1, r2
10000184:	d1fc      	bne.n	10000180 <bss_fill_loop>

10000186 <platform_entry>:
10000186:	2000      	movs	r0, #0
10000188:	f380 880a 	msr	MSPLIM, r0
1000018c:	4914      	ldr	r1, [pc, #80]	@ (100001e0 <data_cpy_table+0x38>)
1000018e:	4788      	blx	r1
10000190:	4914      	ldr	r1, [pc, #80]	@ (100001e4 <data_cpy_table+0x3c>)
10000192:	4788      	blx	r1
10000194:	4914      	ldr	r1, [pc, #80]	@ (100001e8 <data_cpy_table+0x40>)
10000196:	4788      	blx	r1
10000198:	be00      	bkpt	0x0000
1000019a:	e7fd      	b.n	10000198 <platform_entry+0x12>

1000019c <data_cpy_loop>:
1000019c:	c901      	ldmia	r1!, {r0}
1000019e:	c201      	stmia	r2!, {r0}

100001a0 <data_cpy>:
100001a0:	429a      	cmp	r2, r3
100001a2:	d3fb      	bcc.n	1000019c <data_cpy_loop>
100001a4:	4770      	bx	lr
100001a6:	bf00      	nop

100001a8 <data_cpy_table>:
100001a8:	100093d4 	.word	0x100093d4
100001ac:	20000110 	.word	0x20000110
100001b0:	20001b08 	.word	0x20001b08
100001b4:	1000adcc 	.word	0x1000adcc
100001b8:	20080000 	.word	0x20080000
100001bc:	20080000 	.word	0x20080000
100001c0:	1000adcc 	.word	0x1000adcc
100001c4:	20081000 	.word	0x20081000
100001c8:	20081000 	.word	0x20081000
100001cc:	00000000 	.word	0x00000000
100001d0:	4770      	bx	lr
100001d2:	0000      	.short	0x0000
100001d4:	e000ed08 	.word	0xe000ed08
100001d8:	20001b08 	.word	0x20001b08
100001dc:	20002a6c 	.word	0x20002a6c
100001e0:	1000323d 	.word	0x1000323d
100001e4:	100003c1 	.word	0x100003c1
100001e8:	10003235 	.word	0x10003235

100001ec <_init>:
100001ec:	b5f8      	push	{r3, r4, r5, r6, r7, lr}
100001ee:	bf00      	nop

100001f0 <register_tm_clones>:
100001f0:	4b06      	ldr	r3, [pc, #24]	@ (1000020c <register_tm_clones+0x1c>)
100001f2:	4907      	ldr	r1, [pc, #28]	@ (10000210 <register_tm_clones+0x20>)
100001f4:	1ac9      	subs	r1, r1, r3
100001f6:	1089      	asrs	r1, r1, #2
100001f8:	bf48      	it	mi
100001fa:	3101      	addmi	r1, #1
100001fc:	1049      	asrs	r1, r1, #1
100001fe:	d003      	beq.n	10000208 <register_tm_clones+0x18>
10000200:	4b04      	ldr	r3, [pc, #16]	@ (10000214 <register_tm_clones+0x24>)
10000202:	b10b      	cbz	r3, 10000208 <register_tm_clones+0x18>
10000204:	4801      	ldr	r0, [pc, #4]	@ (1000020c <register_tm_clones+0x1c>)
10000206:	4718      	bx	r3
10000208:	4770      	bx	lr
1000020a:	bf00      	nop
1000020c:	20001b08 	.word	0x20001b08
10000210:	20001b08 	.word	0x20001b08
10000214:	00000000 	.word	0x00000000

10000218 <frame_dummy>:
10000218:	b508      	push	{r3, lr}
1000021a:	4b05      	ldr	r3, [pc, #20]	@ (10000230 <frame_dummy+0x18>)
1000021c:	b11b      	cbz	r3, 10000226 <frame_dummy+0xe>
1000021e:	4905      	ldr	r1, [pc, #20]	@ (10000234 <frame_dummy+0x1c>)
10000220:	4805      	ldr	r0, [pc, #20]	@ (10000238 <frame_dummy+0x20>)
10000222:	f3af 8000 	nop.w
10000226:	e8bd 4008 	ldmia.w	sp!, {r3, lr}
1000022a:	f7ff bfe1 	b.w	100001f0 <register_tm_clones>
1000022e:	bf00      	nop
10000230:	00000000 	.word	0x00000000
10000234:	20002894 	.word	0x20002894
10000238:	10008f44 	.word	0x10008f44

1000023c <task_init>:
1000023c:	b508      	push	{r3, lr}
1000023e:	200e      	movs	r0, #14
10000240:	f000 f920 	bl	10000484 <gpio_init>
10000244:	200f      	movs	r0, #15
10000246:	f000 f91d 	bl	10000484 <gpio_init>
1000024a:	230e      	movs	r3, #14
1000024c:	f04f 0200 	mov.w	r2, #0
10000250:	ec42 3044 	gpioc_bit_oe_put r3, r2
10000254:	230f      	movs	r3, #15
10000256:	2201      	movs	r2, #1
10000258:	ec42 3044 	gpioc_bit_oe_put r3, r2
1000025c:	491c      	ldr	r1, [pc, #112]	@ (100002d0 <task_init+0x94>)
1000025e:	481d      	ldr	r0, [pc, #116]	@ (100002d4 <task_init+0x98>)
10000260:	f005 fd96 	bl	10005d90 <i2c_init>
10000264:	2103      	movs	r1, #3
10000266:	2000      	movs	r0, #0
10000268:	f000 f8da 	bl	10000420 <gpio_set_function>
1000026c:	2103      	movs	r1, #3
1000026e:	2001      	movs	r0, #1
10000270:	f000 f8d6 	bl	10000420 <gpio_set_function>
10000274:	2200      	movs	r2, #0
10000276:	2101      	movs	r1, #1
10000278:	4610      	mov	r0, r2
1000027a:	f000 f8ef 	bl	1000045c <gpio_set_pulls>
1000027e:	2101      	movs	r1, #1
10000280:	2200      	movs	r2, #0
10000282:	4608      	mov	r0, r1
10000284:	f000 f8ea 	bl	1000045c <gpio_set_pulls>
10000288:	2127      	movs	r1, #39	@ 0x27
1000028a:	4812      	ldr	r0, [pc, #72]	@ (100002d4 <task_init+0x98>)
1000028c:	f005 fe84 	bl	10005f98 <lcd_init>
10000290:	f005 fe5a 	bl	10005f48 <lcd_clear>
10000294:	4810      	ldr	r0, [pc, #64]	@ (100002d8 <task_init+0x9c>)
10000296:	f005 fe73 	bl	10005f80 <lcd_string>
1000029a:	480e      	ldr	r0, [pc, #56]	@ (100002d4 <task_init+0x98>)
1000029c:	f005 feaa 	bl	10005ff4 <bmp280_init>
100002a0:	2108      	movs	r1, #8
100002a2:	2200      	movs	r2, #0
100002a4:	2001      	movs	r0, #1
100002a6:	f005 fffb 	bl	100062a0 <xQueueGenericCreate>
100002aa:	4602      	mov	r2, r0
100002ac:	4b0b      	ldr	r3, [pc, #44]	@ (100002dc <task_init+0xa0>)
100002ae:	2001      	movs	r0, #1
100002b0:	601a      	str	r2, [r3, #0]
100002b2:	f006 f971 	bl	10006598 <xQueueCreateMutex>
100002b6:	2300      	movs	r3, #0
100002b8:	4a09      	ldr	r2, [pc, #36]	@ (100002e0 <task_init+0xa4>)
100002ba:	4619      	mov	r1, r3
100002bc:	6010      	str	r0, [r2, #0]
100002be:	461a      	mov	r2, r3
100002c0:	f006 f82a 	bl	10006318 <xQueueGenericSend>
100002c4:	e8bd 4008 	ldmia.w	sp!, {r3, lr}
100002c8:	2000      	movs	r0, #0
100002ca:	f007 b88d 	b.w	100073e8 <vTaskDelete>
100002ce:	bf00      	nop
100002d0:	000186a0 	.word	0x000186a0
100002d4:	20001594 	.word	0x20001594
100002d8:	10008f48 	.word	0x10008f48
100002dc:	20002418 	.word	0x20002418
100002e0:	2000296c 	.word	0x2000296c

100002e4 <task_sensor>:
100002e4:	b500      	push	{lr}
100002e6:	b08b      	sub	sp, #44	@ 0x2c
100002e8:	a804      	add	r0, sp, #16
100002ea:	f005 fea1 	bl	10006030 <bmp280_get_calib_params>
100002ee:	4c12      	ldr	r4, [pc, #72]	@ (10000338 <task_sensor+0x54>)
100002f0:	4e12      	ldr	r6, [pc, #72]	@ (1000033c <task_sensor+0x58>)
100002f2:	f04f 31ff 	mov.w	r1, #4294967295
100002f6:	6820      	ldr	r0, [r4, #0]
100002f8:	f006 fac6 	bl	10006888 <xQueueSemaphoreTake>
100002fc:	4668      	mov	r0, sp
100002fe:	a901      	add	r1, sp, #4
10000300:	f005 feca 	bl	10006098 <bmp280_read_raw>
10000304:	a904      	add	r1, sp, #16
10000306:	9800      	ldr	r0, [sp, #0]
10000308:	f005 fefc 	bl	10006104 <bmp280_convert_temp>
1000030c:	4603      	mov	r3, r0
1000030e:	e9dd 1000 	ldrd	r1, r0, [sp]
10000312:	aa04      	add	r2, sp, #16
10000314:	9302      	str	r3, [sp, #8]
10000316:	f005 ff19 	bl	1000614c <bmp280_convert_pressure>
1000031a:	4605      	mov	r5, r0
1000031c:	a902      	add	r1, sp, #8
1000031e:	2302      	movs	r3, #2
10000320:	2200      	movs	r2, #0
10000322:	6830      	ldr	r0, [r6, #0]
10000324:	9503      	str	r5, [sp, #12]
10000326:	f005 fff7 	bl	10006318 <xQueueGenericSend>
1000032a:	2300      	movs	r3, #0
1000032c:	6820      	ldr	r0, [r4, #0]
1000032e:	461a      	mov	r2, r3
10000330:	4619      	mov	r1, r3
10000332:	f005 fff1 	bl	10006318 <xQueueGenericSend>
10000336:	e7dc      	b.n	100002f2 <task_sensor+0xe>
10000338:	2000296c 	.word	0x2000296c
1000033c:	20002418 	.word	0x20002418

10000340 <task_print>:
10000340:	b500      	push	{lr}
10000342:	4c1b      	ldr	r4, [pc, #108]	@ (100003b0 <task_print+0x70>)
10000344:	4d1b      	ldr	r5, [pc, #108]	@ (100003b4 <task_print+0x74>)
10000346:	b085      	sub	sp, #20
10000348:	f04f 31ff 	mov.w	r1, #4294967295
1000034c:	6820      	ldr	r0, [r4, #0]
1000034e:	f006 fa9b 	bl	10006888 <xQueueSemaphoreTake>
10000352:	f04f 32ff 	mov.w	r2, #4294967295
10000356:	4669      	mov	r1, sp
10000358:	6828      	ldr	r0, [r5, #0]
1000035a:	f006 fbf5 	bl	10006b48 <xQueuePeek>
1000035e:	f005 fdf3 	bl	10005f48 <lcd_clear>
10000362:	9800      	ldr	r0, [sp, #0]
10000364:	f008 fda4 	bl	10008eb0 <____aeabi_f2d_veneer>
10000368:	4602      	mov	r2, r0
1000036a:	460b      	mov	r3, r1
1000036c:	a802      	add	r0, sp, #8
1000036e:	4912      	ldr	r1, [pc, #72]	@ (100003b8 <task_print+0x78>)
10000370:	f002 ff1a 	bl	100031a8 <__wrap_sprintf>
10000374:	2100      	movs	r1, #0
10000376:	4608      	mov	r0, r1
10000378:	f005 fdea 	bl	10005f50 <lcd_set_cursor>
1000037c:	a802      	add	r0, sp, #8
1000037e:	f005 fdff 	bl	10005f80 <lcd_string>
10000382:	9800      	ldr	r0, [sp, #0]
10000384:	f008 fd94 	bl	10008eb0 <____aeabi_f2d_veneer>
10000388:	4602      	mov	r2, r0
1000038a:	460b      	mov	r3, r1
1000038c:	a802      	add	r0, sp, #8
1000038e:	490b      	ldr	r1, [pc, #44]	@ (100003bc <task_print+0x7c>)
10000390:	f002 ff0a 	bl	100031a8 <__wrap_sprintf>
10000394:	2100      	movs	r1, #0
10000396:	2001      	movs	r0, #1
10000398:	f005 fdda 	bl	10005f50 <lcd_set_cursor>
1000039c:	a802      	add	r0, sp, #8
1000039e:	f005 fdef 	bl	10005f80 <lcd_string>
100003a2:	2300      	movs	r3, #0
100003a4:	6820      	ldr	r0, [r4, #0]
100003a6:	461a      	mov	r2, r3
100003a8:	4619      	mov	r1, r3
100003aa:	f005 ffb5 	bl	10006318 <xQueueGenericSend>
100003ae:	e7cb      	b.n	10000348 <task_print+0x8>
100003b0:	2000296c 	.word	0x2000296c
100003b4:	20002418 	.word	0x20002418
100003b8:	10008f58 	.word	0x10008f58
100003bc:	10008f68 	.word	0x10008f68

100003c0 <main>:
100003c0:	2400      	movs	r4, #0
100003c2:	2502      	movs	r5, #2
100003c4:	b500      	push	{lr}
100003c6:	b083      	sub	sp, #12
100003c8:	f003 f830 	bl	1000342c <stdio_init_all>
100003cc:	e9cd 5400 	strd	r5, r4, [sp]
100003d0:	2501      	movs	r5, #1
100003d2:	2280      	movs	r2, #128	@ 0x80
100003d4:	4623      	mov	r3, r4
100003d6:	490c      	ldr	r1, [pc, #48]	@ (10000408 <main+0x48>)
100003d8:	480c      	ldr	r0, [pc, #48]	@ (1000040c <main+0x4c>)
100003da:	f006 ff83 	bl	100072e4 <xTaskCreate>
100003de:	f44f 7280 	mov.w	r2, #256	@ 0x100
100003e2:	4623      	mov	r3, r4
100003e4:	490a      	ldr	r1, [pc, #40]	@ (10000410 <main+0x50>)
100003e6:	e9cd 5400 	strd	r5, r4, [sp]
100003ea:	480a      	ldr	r0, [pc, #40]	@ (10000414 <main+0x54>)
100003ec:	f006 ff7a 	bl	100072e4 <xTaskCreate>
100003f0:	f44f 7280 	mov.w	r2, #256	@ 0x100
100003f4:	4623      	mov	r3, r4
100003f6:	4908      	ldr	r1, [pc, #32]	@ (10000418 <main+0x58>)
100003f8:	e9cd 5400 	strd	r5, r4, [sp]
100003fc:	4807      	ldr	r0, [pc, #28]	@ (1000041c <main+0x5c>)
100003fe:	f006 ff71 	bl	100072e4 <xTaskCreate>
10000402:	f007 f84f 	bl	100074a4 <vTaskStartScheduler>
10000406:	e7fe      	b.n	10000406 <main+0x46>
10000408:	10008f78 	.word	0x10008f78
1000040c:	1000023d 	.word	0x1000023d
10000410:	10008f80 	.word	0x10008f80
10000414:	10000341 	.word	0x10000341
10000418:	10008f88 	.word	0x10008f88
1000041c:	100002e5 	.word	0x100002e5

10000420 <gpio_set_function>:
10000420:	b410      	push	{r4}
10000422:	f44f 7480 	mov.w	r4, #256	@ 0x100
10000426:	4b0c      	ldr	r3, [pc, #48]	@ (10000458 <gpio_set_function+0x38>)
10000428:	f853 2020 	ldr.w	r2, [r3, r0, lsl #2]
1000042c:	eb03 0380 	add.w	r3, r3, r0, lsl #2
10000430:	00c0      	lsls	r0, r0, #3
10000432:	f082 0240 	eor.w	r2, r2, #64	@ 0x40
10000436:	f100 4080 	add.w	r0, r0, #1073741824	@ 0x40000000
1000043a:	f503 5c80 	add.w	ip, r3, #4096	@ 0x1000
1000043e:	f002 02c0 	and.w	r2, r2, #192	@ 0xc0
10000442:	f500 3020 	add.w	r0, r0, #163840	@ 0x28000
10000446:	f503 5340 	add.w	r3, r3, #12288	@ 0x3000
1000044a:	f8cc 2000 	str.w	r2, [ip]
1000044e:	6041      	str	r1, [r0, #4]
10000450:	601c      	str	r4, [r3, #0]
10000452:	f85d 4b04 	ldr.w	r4, [sp], #4
10000456:	4770      	bx	lr
10000458:	40038004 	.word	0x40038004

1000045c <gpio_set_pulls>:
1000045c:	b410      	push	{r4}
1000045e:	4c08      	ldr	r4, [pc, #32]	@ (10000480 <gpio_set_pulls+0x24>)
10000460:	00c9      	lsls	r1, r1, #3
10000462:	ea41 0182 	orr.w	r1, r1, r2, lsl #2
10000466:	f854 2020 	ldr.w	r2, [r4, r0, lsl #2]
1000046a:	eb04 0380 	add.w	r3, r4, r0, lsl #2
1000046e:	4051      	eors	r1, r2
10000470:	f503 5380 	add.w	r3, r3, #4096	@ 0x1000
10000474:	f001 010c 	and.w	r1, r1, #12
10000478:	f85d 4b04 	ldr.w	r4, [sp], #4
1000047c:	6019      	str	r1, [r3, #0]
1000047e:	4770      	bx	lr
10000480:	40038004 	.word	0x40038004

10000484 <gpio_init>:
10000484:	b430      	push	{r4, r5}
10000486:	f04f 0300 	mov.w	r3, #0
1000048a:	ec43 0044 	gpioc_bit_oe_put r0, r3
1000048e:	ec43 0040 	gpioc_bit_out_put r0, r3
10000492:	2505      	movs	r5, #5
10000494:	f44f 7480 	mov.w	r4, #256	@ 0x100
10000498:	4b0b      	ldr	r3, [pc, #44]	@ (100004c8 <gpio_init+0x44>)
1000049a:	00c2      	lsls	r2, r0, #3
1000049c:	f853 1020 	ldr.w	r1, [r3, r0, lsl #2]
100004a0:	eb03 0080 	add.w	r0, r3, r0, lsl #2
100004a4:	f081 0140 	eor.w	r1, r1, #64	@ 0x40
100004a8:	f102 4380 	add.w	r3, r2, #1073741824	@ 0x40000000
100004ac:	f503 3320 	add.w	r3, r3, #163840	@ 0x28000
100004b0:	f001 02c0 	and.w	r2, r1, #192	@ 0xc0
100004b4:	f500 5180 	add.w	r1, r0, #4096	@ 0x1000
100004b8:	f500 5040 	add.w	r0, r0, #12288	@ 0x3000
100004bc:	600a      	str	r2, [r1, #0]
100004be:	605d      	str	r5, [r3, #4]
100004c0:	6004      	str	r4, [r0, #0]
100004c2:	bc30      	pop	{r4, r5}
100004c4:	4770      	bx	lr
100004c6:	bf00      	nop
100004c8:	40038004 	.word	0x40038004

100004cc <panic>:
100004cc:	b40f      	push	{r0, r1, r2, r3}
100004ce:	b500      	push	{lr}
100004d0:	b083      	sub	sp, #12
100004d2:	9c04      	ldr	r4, [sp, #16]
100004d4:	4807      	ldr	r0, [pc, #28]	@ (100004f4 <panic+0x28>)
100004d6:	f002 ffed 	bl	100034b4 <__wrap_puts>
100004da:	b13c      	cbz	r4, 100004ec <panic+0x20>
100004dc:	a905      	add	r1, sp, #20
100004de:	4620      	mov	r0, r4
100004e0:	9101      	str	r1, [sp, #4]
100004e2:	f002 fe77 	bl	100031d4 <weak_raw_vprintf>
100004e6:	4804      	ldr	r0, [pc, #16]	@ (100004f8 <panic+0x2c>)
100004e8:	f002 ffe4 	bl	100034b4 <__wrap_puts>
100004ec:	2001      	movs	r0, #1
100004ee:	f002 fe89 	bl	10003204 <_exit>
100004f2:	bf00      	nop
100004f4:	10008f90 	.word	0x10008f90
100004f8:	10008fa0 	.word	0x10008fa0

100004fc <hw_claim_or_assert>:
100004fc:	b570      	push	{r4, r5, r6, lr}
100004fe:	4686      	mov	lr, r0
10000500:	f3ef 8510 	mrs	r5, PRIMASK
10000504:	b672      	cpsid	i
10000506:	4c12      	ldr	r4, [pc, #72]	@ (10000550 <hw_claim_or_assert+0x54>)
10000508:	e8d4 6fcf 	ldaexb	r6, [r4]
1000050c:	2001      	movs	r0, #1
1000050e:	2e00      	cmp	r6, #0
10000510:	d1fa      	bne.n	10000508 <hw_claim_or_assert+0xc>
10000512:	e8c4 0f46 	strexb	r6, r0, [r4]
10000516:	2e00      	cmp	r6, #0
10000518:	d1f6      	bne.n	10000508 <hw_claim_or_assert+0xc>
1000051a:	f3bf 8f5f 	dmb	sy
1000051e:	f04f 0c01 	mov.w	ip, #1
10000522:	08c8      	lsrs	r0, r1, #3
10000524:	f001 0307 	and.w	r3, r1, #7
10000528:	fa0c f303 	lsl.w	r3, ip, r3
1000052c:	f81e c000 	ldrb.w	ip, [lr, r0]
10000530:	ea1c 0603 	ands.w	r6, ip, r3
10000534:	d108      	bne.n	10000548 <hw_claim_or_assert+0x4c>
10000536:	ea4c 0c03 	orr.w	ip, ip, r3
1000053a:	f80e c000 	strb.w	ip, [lr, r0]
1000053e:	e8c4 6f8f 	stlb	r6, [r4]
10000542:	f385 8810 	msr	PRIMASK, r5
10000546:	bd70      	pop	{r4, r5, r6, pc}
10000548:	4610      	mov	r0, r2
1000054a:	f7ff ffbf 	bl	100004cc <panic>
1000054e:	bf00      	nop
10000550:	20001fff 	.word	0x20001fff

10000554 <hw_claim_unused_from_range>:
10000554:	b5f8      	push	{r3, r4, r5, r6, r7, lr}
10000556:	f3ef 8710 	mrs	r7, PRIMASK
1000055a:	b672      	cpsid	i
1000055c:	4e1c      	ldr	r6, [pc, #112]	@ (100005d0 <hw_claim_unused_from_range+0x7c>)
1000055e:	e8d6 5fcf 	ldaexb	r5, [r6]
10000562:	2401      	movs	r4, #1
10000564:	2d00      	cmp	r5, #0
10000566:	d1fa      	bne.n	1000055e <hw_claim_unused_from_range+0xa>
10000568:	e8c6 4f45 	strexb	r5, r4, [r6]
1000056c:	2d00      	cmp	r5, #0
1000056e:	d1f6      	bne.n	1000055e <hw_claim_unused_from_range+0xa>
10000570:	f3bf 8f5f 	dmb	sy
10000574:	429a      	cmp	r2, r3
10000576:	d81b      	bhi.n	100005b0 <hw_claim_unused_from_range+0x5c>
10000578:	2501      	movs	r5, #1
1000057a:	e002      	b.n	10000582 <hw_claim_unused_from_range+0x2e>
1000057c:	3201      	adds	r2, #1
1000057e:	4293      	cmp	r3, r2
10000580:	d322      	bcc.n	100005c8 <hw_claim_unused_from_range+0x74>
10000582:	08d4      	lsrs	r4, r2, #3
10000584:	f810 e004 	ldrb.w	lr, [r0, r4]
10000588:	f002 0c07 	and.w	ip, r2, #7
1000058c:	fa05 fc0c 	lsl.w	ip, r5, ip
10000590:	ea1e 0f0c 	tst.w	lr, ip
10000594:	d1f2      	bne.n	1000057c <hw_claim_unused_from_range+0x28>
10000596:	ea4e 0e0c 	orr.w	lr, lr, ip
1000059a:	f800 e004 	strb.w	lr, [r0, r4]
1000059e:	4610      	mov	r0, r2
100005a0:	2300      	movs	r3, #0
100005a2:	e8c6 3f8f 	stlb	r3, [r6]
100005a6:	f387 8810 	msr	PRIMASK, r7
100005aa:	4298      	cmp	r0, r3
100005ac:	db07      	blt.n	100005be <hw_claim_unused_from_range+0x6a>
100005ae:	bdf8      	pop	{r3, r4, r5, r6, r7, pc}
100005b0:	2300      	movs	r3, #0
100005b2:	e8c6 3f8f 	stlb	r3, [r6]
100005b6:	f387 8810 	msr	PRIMASK, r7
100005ba:	f04f 30ff 	mov.w	r0, #4294967295
100005be:	2900      	cmp	r1, #0
100005c0:	d0f5      	beq.n	100005ae <hw_claim_unused_from_range+0x5a>
100005c2:	9806      	ldr	r0, [sp, #24]
100005c4:	f7ff ff82 	bl	100004cc <panic>
100005c8:	f04f 30ff 	mov.w	r0, #4294967295
100005cc:	e7e8      	b.n	100005a0 <hw_claim_unused_from_range+0x4c>
100005ce:	bf00      	nop
100005d0:	20001fff 	.word	0x20001fff

100005d4 <next_striped_spin_lock_num>:
100005d4:	4a04      	ldr	r2, [pc, #16]	@ (100005e8 <next_striped_spin_lock_num+0x14>)
100005d6:	7810      	ldrb	r0, [r2, #0]
100005d8:	1c43      	adds	r3, r0, #1
100005da:	b2db      	uxtb	r3, r3
100005dc:	2b18      	cmp	r3, #24
100005de:	bf28      	it	cs
100005e0:	2310      	movcs	r3, #16
100005e2:	7013      	strb	r3, [r2, #0]
100005e4:	4770      	bx	lr
100005e6:	bf00      	nop
100005e8:	200014f8 	.word	0x200014f8

100005ec <spin_lock_claim_unused>:
100005ec:	b510      	push	{r4, lr}
100005ee:	4c05      	ldr	r4, [pc, #20]	@ (10000604 <spin_lock_claim_unused+0x18>)
100005f0:	b082      	sub	sp, #8
100005f2:	4601      	mov	r1, r0
100005f4:	231f      	movs	r3, #31
100005f6:	2218      	movs	r2, #24
100005f8:	9400      	str	r4, [sp, #0]
100005fa:	4803      	ldr	r0, [pc, #12]	@ (10000608 <spin_lock_claim_unused+0x1c>)
100005fc:	f7ff ffaa 	bl	10000554 <hw_claim_unused_from_range>
10000600:	b002      	add	sp, #8
10000602:	bd10      	pop	{r4, pc}
10000604:	10008fa4 	.word	0x10008fa4
10000608:	20002410 	.word	0x20002410

1000060c <spinlock_set_extexclall>:
1000060c:	f04f 22e0 	mov.w	r2, #3758153728	@ 0xe000e000
10000610:	6893      	ldr	r3, [r2, #8]
10000612:	f043 5300 	orr.w	r3, r3, #536870912	@ 0x20000000
10000616:	6093      	str	r3, [r2, #8]
10000618:	4770      	bx	lr
1000061a:	bf00      	nop

1000061c <spin_locks_reset>:
1000061c:	2100      	movs	r1, #0
1000061e:	4b04      	ldr	r3, [pc, #16]	@ (10000630 <spin_locks_reset+0x14>)
10000620:	f103 0220 	add.w	r2, r3, #32
10000624:	e8c3 1f8f 	stlb	r1, [r3]
10000628:	3301      	adds	r3, #1
1000062a:	4293      	cmp	r3, r2
1000062c:	d1fa      	bne.n	10000624 <spin_locks_reset+0x8>
1000062e:	4770      	bx	lr
10000630:	20001ff4 	.word	0x20001ff4

10000634 <runtime_init_per_core_irq_priorities>:
10000634:	f04f 23e0 	mov.w	r3, #3758153728	@ 0xe000e000
10000638:	f04f 3280 	mov.w	r2, #2155905152	@ 0x80808080
1000063c:	f8c3 2400 	str.w	r2, [r3, #1024]	@ 0x400
10000640:	f8c3 2404 	str.w	r2, [r3, #1028]	@ 0x404
10000644:	f8c3 2408 	str.w	r2, [r3, #1032]	@ 0x408
10000648:	f8c3 240c 	str.w	r2, [r3, #1036]	@ 0x40c
1000064c:	f8c3 2410 	str.w	r2, [r3, #1040]	@ 0x410
10000650:	f8c3 2414 	str.w	r2, [r3, #1044]	@ 0x414
10000654:	f8c3 2418 	str.w	r2, [r3, #1048]	@ 0x418
10000658:	f8c3 241c 	str.w	r2, [r3, #1052]	@ 0x41c
1000065c:	f8c3 2420 	str.w	r2, [r3, #1056]	@ 0x420
10000660:	f8c3 2424 	str.w	r2, [r3, #1060]	@ 0x424
10000664:	f8c3 2428 	str.w	r2, [r3, #1064]	@ 0x428
10000668:	f8c3 242c 	str.w	r2, [r3, #1068]	@ 0x42c
1000066c:	f8c3 2430 	str.w	r2, [r3, #1072]	@ 0x430
10000670:	4770      	bx	lr
10000672:	bf00      	nop

10000674 <irq_set_enabled>:
10000674:	2301      	movs	r3, #1
10000676:	f000 021f 	and.w	r2, r0, #31
1000067a:	4093      	lsls	r3, r2
1000067c:	0940      	lsrs	r0, r0, #5
1000067e:	b141      	cbz	r1, 10000692 <irq_set_enabled+0x1e>
10000680:	0080      	lsls	r0, r0, #2
10000682:	f100 4060 	add.w	r0, r0, #3758096384	@ 0xe0000000
10000686:	f500 4061 	add.w	r0, r0, #57600	@ 0xe100
1000068a:	f8c0 3180 	str.w	r3, [r0, #384]	@ 0x180
1000068e:	6003      	str	r3, [r0, #0]
10000690:	4770      	bx	lr
10000692:	4a02      	ldr	r2, [pc, #8]	@ (1000069c <irq_set_enabled+0x28>)
10000694:	3020      	adds	r0, #32
10000696:	f842 3020 	str.w	r3, [r2, r0, lsl #2]
1000069a:	4770      	bx	lr
1000069c:	e000e100 	.word	0xe000e100

100006a0 <irq_is_enabled>:
100006a0:	2301      	movs	r3, #1
100006a2:	4a06      	ldr	r2, [pc, #24]	@ (100006bc <irq_is_enabled+0x1c>)
100006a4:	0941      	lsrs	r1, r0, #5
100006a6:	f852 2021 	ldr.w	r2, [r2, r1, lsl #2]
100006aa:	f000 001f 	and.w	r0, r0, #31
100006ae:	fa03 f000 	lsl.w	r0, r3, r0
100006b2:	4010      	ands	r0, r2
100006b4:	3800      	subs	r0, #0
100006b6:	bf18      	it	ne
100006b8:	2001      	movne	r0, #1
100006ba:	4770      	bx	lr
100006bc:	e000e100 	.word	0xe000e100

100006c0 <irq_set_pending>:
100006c0:	2201      	movs	r2, #1
100006c2:	0943      	lsrs	r3, r0, #5
100006c4:	4903      	ldr	r1, [pc, #12]	@ (100006d4 <irq_set_pending+0x14>)
100006c6:	f000 001f 	and.w	r0, r0, #31
100006ca:	4082      	lsls	r2, r0
100006cc:	3340      	adds	r3, #64	@ 0x40
100006ce:	f841 2023 	str.w	r2, [r1, r3, lsl #2]
100006d2:	4770      	bx	lr
100006d4:	e000e100 	.word	0xe000e100

100006d8 <irq_has_shared_handler>:
100006d8:	4a05      	ldr	r2, [pc, #20]	@ (100006f0 <irq_has_shared_handler+0x18>)
100006da:	3010      	adds	r0, #16
100006dc:	6892      	ldr	r2, [r2, #8]
100006de:	4b05      	ldr	r3, [pc, #20]	@ (100006f4 <irq_has_shared_handler+0x1c>)
100006e0:	f852 0020 	ldr.w	r0, [r2, r0, lsl #2]
100006e4:	1ac0      	subs	r0, r0, r3
100006e6:	282f      	cmp	r0, #47	@ 0x2f
100006e8:	bf8c      	ite	hi
100006ea:	2000      	movhi	r0, #0
100006ec:	2001      	movls	r0, #1
100006ee:	4770      	bx	lr
100006f0:	e000ed00 	.word	0xe000ed00
100006f4:	200014fc 	.word	0x200014fc

100006f8 <irq_set_exclusive_handler>:
100006f8:	b5f8      	push	{r3, r4, r5, r6, r7, lr}
100006fa:	460d      	mov	r5, r1
100006fc:	f3ef 8710 	mrs	r7, PRIMASK
10000700:	b672      	cpsid	i
10000702:	4e12      	ldr	r6, [pc, #72]	@ (1000074c <irq_set_exclusive_handler+0x54>)
10000704:	e8d6 2fcf 	ldaexb	r2, [r6]
10000708:	2301      	movs	r3, #1
1000070a:	2a00      	cmp	r2, #0
1000070c:	d1fa      	bne.n	10000704 <irq_set_exclusive_handler+0xc>
1000070e:	e8c6 3f42 	strexb	r2, r3, [r6]
10000712:	2a00      	cmp	r2, #0
10000714:	d1f6      	bne.n	10000704 <irq_set_exclusive_handler+0xc>
10000716:	f3bf 8f5f 	dmb	sy
1000071a:	4b0d      	ldr	r3, [pc, #52]	@ (10000750 <irq_set_exclusive_handler+0x58>)
1000071c:	f100 0410 	add.w	r4, r0, #16
10000720:	689b      	ldr	r3, [r3, #8]
10000722:	4a0c      	ldr	r2, [pc, #48]	@ (10000754 <irq_set_exclusive_handler+0x5c>)
10000724:	f853 3024 	ldr.w	r3, [r3, r4, lsl #2]
10000728:	4293      	cmp	r3, r2
1000072a:	d003      	beq.n	10000734 <irq_set_exclusive_handler+0x3c>
1000072c:	4299      	cmp	r1, r3
1000072e:	d001      	beq.n	10000734 <irq_set_exclusive_handler+0x3c>
10000730:	f000 ff74 	bl	1000161c <hard_assertion_failure>
10000734:	4b06      	ldr	r3, [pc, #24]	@ (10000750 <irq_set_exclusive_handler+0x58>)
10000736:	689b      	ldr	r3, [r3, #8]
10000738:	f843 5024 	str.w	r5, [r3, r4, lsl #2]
1000073c:	f3bf 8f5f 	dmb	sy
10000740:	2300      	movs	r3, #0
10000742:	e8c6 3f8f 	stlb	r3, [r6]
10000746:	f387 8810 	msr	PRIMASK, r7
1000074a:	bdf8      	pop	{r3, r4, r5, r6, r7, pc}
1000074c:	20001ffd 	.word	0x20001ffd
10000750:	e000ed00 	.word	0xe000ed00
10000754:	1000011d 	.word	0x1000011d

10000758 <irq_add_shared_handler>:
10000758:	e92d 4ff0 	stmdb	sp!, {r4, r5, r6, r7, r8, r9, sl, fp, lr}
1000075c:	4681      	mov	r9, r0
1000075e:	468b      	mov	fp, r1
10000760:	4616      	mov	r6, r2
10000762:	b083      	sub	sp, #12
10000764:	f3ef 8310 	mrs	r3, PRIMASK
10000768:	b672      	cpsid	i
1000076a:	f8df a1d0 	ldr.w	sl, [pc, #464]	@ 1000093c <irq_add_shared_handler+0x1e4>
1000076e:	9300      	str	r3, [sp, #0]
10000770:	e8da 1fcf 	ldaexb	r1, [sl]
10000774:	2301      	movs	r3, #1
10000776:	2900      	cmp	r1, #0
10000778:	d1fa      	bne.n	10000770 <irq_add_shared_handler+0x18>
1000077a:	e8ca 3f41 	strexb	r1, r3, [sl]
1000077e:	2900      	cmp	r1, #0
10000780:	d1f6      	bne.n	10000770 <irq_add_shared_handler+0x18>
10000782:	f3bf 8f5f 	dmb	sy
10000786:	4b66      	ldr	r3, [pc, #408]	@ (10000920 <irq_add_shared_handler+0x1c8>)
10000788:	f993 4000 	ldrsb.w	r4, [r3]
1000078c:	2c00      	cmp	r4, #0
1000078e:	f2c0 80a0 	blt.w	100008d2 <irq_add_shared_handler+0x17a>
10000792:	4d64      	ldr	r5, [pc, #400]	@ (10000924 <irq_add_shared_handler+0x1cc>)
10000794:	eb04 0744 	add.w	r7, r4, r4, lsl #1
10000798:	eb05 0887 	add.w	r8, r5, r7, lsl #2
1000079c:	f898 1006 	ldrb.w	r1, [r8, #6]
100007a0:	f109 0910 	add.w	r9, r9, #16
100007a4:	7019      	strb	r1, [r3, #0]
100007a6:	4b60      	ldr	r3, [pc, #384]	@ (10000928 <irq_add_shared_handler+0x1d0>)
100007a8:	00bf      	lsls	r7, r7, #2
100007aa:	689b      	ldr	r3, [r3, #8]
100007ac:	f853 0029 	ldr.w	r0, [r3, r9, lsl #2]
100007b0:	0063      	lsls	r3, r4, #1
100007b2:	1b41      	subs	r1, r0, r5
100007b4:	292f      	cmp	r1, #47	@ 0x2f
100007b6:	d92f      	bls.n	10000818 <irq_add_shared_handler+0xc0>
100007b8:	495c      	ldr	r1, [pc, #368]	@ (1000092c <irq_add_shared_handler+0x1d4>)
100007ba:	4288      	cmp	r0, r1
100007bc:	f040 80a4 	bne.w	10000908 <irq_add_shared_handler+0x1b0>
100007c0:	441c      	add	r4, r3
100007c2:	4b5b      	ldr	r3, [pc, #364]	@ (10000930 <irq_add_shared_handler+0x1d8>)
100007c4:	3702      	adds	r7, #2
100007c6:	442f      	add	r7, r5
100007c8:	3b04      	subs	r3, #4
100007ca:	1bdb      	subs	r3, r3, r7
100007cc:	f3c3 034a 	ubfx	r3, r3, #1, #11
100007d0:	ea6f 43c3 	mvn.w	r3, r3, lsl #19
100007d4:	f44f 4121 	mov.w	r1, #41216	@ 0xa100
100007d8:	ea6f 43d3 	mvn.w	r3, r3, lsr #19
100007dc:	f825 1024 	strh.w	r1, [r5, r4, lsl #2]
100007e0:	eb05 0484 	add.w	r4, r5, r4, lsl #2
100007e4:	8063      	strh	r3, [r4, #2]
100007e6:	f64b 5301 	movw	r3, #48385	@ 0xbd01
100007ea:	80a3      	strh	r3, [r4, #4]
100007ec:	23ff      	movs	r3, #255	@ 0xff
100007ee:	f048 0001 	orr.w	r0, r8, #1
100007f2:	71e6      	strb	r6, [r4, #7]
100007f4:	f8c4 b008 	str.w	fp, [r4, #8]
100007f8:	71a3      	strb	r3, [r4, #6]
100007fa:	4b4b      	ldr	r3, [pc, #300]	@ (10000928 <irq_add_shared_handler+0x1d0>)
100007fc:	689b      	ldr	r3, [r3, #8]
100007fe:	f843 0029 	str.w	r0, [r3, r9, lsl #2]
10000802:	f3bf 8f5f 	dmb	sy
10000806:	2300      	movs	r3, #0
10000808:	e8ca 3f8f 	stlb	r3, [sl]
1000080c:	9b00      	ldr	r3, [sp, #0]
1000080e:	f383 8810 	msr	PRIMASK, r3
10000812:	b003      	add	sp, #12
10000814:	e8bd 8ff0 	ldmia.w	sp!, {r4, r5, r6, r7, r8, r9, sl, fp, pc}
10000818:	f020 0e01 	bic.w	lr, r0, #1
1000081c:	f89e 1007 	ldrb.w	r1, [lr, #7]
10000820:	42b1      	cmp	r1, r6
10000822:	d82e      	bhi.n	10000882 <irq_add_shared_handler+0x12a>
10000824:	f44f 4321 	mov.w	r3, #41216	@ 0xa100
10000828:	53eb      	strh	r3, [r5, r7]
1000082a:	4b41      	ldr	r3, [pc, #260]	@ (10000930 <irq_add_shared_handler+0x1d8>)
1000082c:	1cb9      	adds	r1, r7, #2
1000082e:	4429      	add	r1, r5
10000830:	3b04      	subs	r3, #4
10000832:	3704      	adds	r7, #4
10000834:	1a5b      	subs	r3, r3, r1
10000836:	442f      	add	r7, r5
10000838:	f1ae 0104 	sub.w	r1, lr, #4
1000083c:	1bc9      	subs	r1, r1, r7
1000083e:	f3c1 044a 	ubfx	r4, r1, #1, #11
10000842:	493c      	ldr	r1, [pc, #240]	@ (10000934 <irq_add_shared_handler+0x1dc>)
10000844:	f3c3 034a 	ubfx	r3, r3, #1, #11
10000848:	430b      	orrs	r3, r1
1000084a:	4321      	orrs	r1, r4
1000084c:	f8a8 1004 	strh.w	r1, [r8, #4]
10000850:	4939      	ldr	r1, [pc, #228]	@ (10000938 <irq_add_shared_handler+0x1e0>)
10000852:	f8a8 3002 	strh.w	r3, [r8, #2]
10000856:	f64a 20aa 	movw	r0, #43690	@ 0xaaaa
1000085a:	4673      	mov	r3, lr
1000085c:	1b5b      	subs	r3, r3, r5
1000085e:	415b      	adcs	r3, r3
10000860:	4358      	muls	r0, r3
10000862:	0d00      	lsrs	r0, r0, #20
10000864:	f888 6007 	strb.w	r6, [r8, #7]
10000868:	f888 0006 	strb.w	r0, [r8, #6]
1000086c:	f8c8 b008 	str.w	fp, [r8, #8]
10000870:	f048 0001 	orr.w	r0, r8, #1
10000874:	f8ce 1000 	str.w	r1, [lr]
10000878:	e7bf      	b.n	100007fa <irq_add_shared_handler+0xa2>
1000087a:	79d1      	ldrb	r1, [r2, #7]
1000087c:	42b1      	cmp	r1, r6
1000087e:	d92e      	bls.n	100008de <irq_add_shared_handler+0x186>
10000880:	4696      	mov	lr, r2
10000882:	f99e c006 	ldrsb.w	ip, [lr, #6]
10000886:	eb0c 024c 	add.w	r2, ip, ip, lsl #1
1000088a:	f1bc 0f00 	cmp.w	ip, #0
1000088e:	eb05 0282 	add.w	r2, r5, r2, lsl #2
10000892:	daf2      	bge.n	1000087a <irq_add_shared_handler+0x122>
10000894:	f64b 5101 	movw	r1, #48385	@ 0xbd01
10000898:	f10e 0204 	add.w	r2, lr, #4
1000089c:	f1a8 0704 	sub.w	r7, r8, #4
100008a0:	1abf      	subs	r7, r7, r2
100008a2:	f3c7 074a 	ubfx	r7, r7, #1, #11
100008a6:	ea6f 47c7 	mvn.w	r7, r7, lsl #19
100008aa:	ea6f 47d7 	mvn.w	r7, r7, lsr #19
100008ae:	f88e 4006 	strb.w	r4, [lr, #6]
100008b2:	eb03 0804 	add.w	r8, r3, r4
100008b6:	4c20      	ldr	r4, [pc, #128]	@ (10000938 <irq_add_shared_handler+0x1e0>)
100008b8:	eb05 0388 	add.w	r3, r5, r8, lsl #2
100008bc:	f8ae 7004 	strh.w	r7, [lr, #4]
100008c0:	f845 4028 	str.w	r4, [r5, r8, lsl #2]
100008c4:	8099      	strh	r1, [r3, #4]
100008c6:	f883 c006 	strb.w	ip, [r3, #6]
100008ca:	71de      	strb	r6, [r3, #7]
100008cc:	f8c3 b008 	str.w	fp, [r3, #8]
100008d0:	e793      	b.n	100007fa <irq_add_shared_handler+0xa2>
100008d2:	f000 fea3 	bl	1000161c <hard_assertion_failure>
100008d6:	4b12      	ldr	r3, [pc, #72]	@ (10000920 <irq_add_shared_handler+0x1c8>)
100008d8:	f993 4000 	ldrsb.w	r4, [r3]
100008dc:	e759      	b.n	10000792 <irq_add_shared_handler+0x3a>
100008de:	4672      	mov	r2, lr
100008e0:	f832 1f04 	ldrh.w	r1, [r2, #4]!
100008e4:	0549      	lsls	r1, r1, #21
100008e6:	d414      	bmi.n	10000912 <irq_add_shared_handler+0x1ba>
100008e8:	1549      	asrs	r1, r1, #21
100008ea:	3102      	adds	r1, #2
100008ec:	eb02 0141 	add.w	r1, r2, r1, lsl #1
100008f0:	9101      	str	r1, [sp, #4]
100008f2:	f06f 0107 	mvn.w	r1, #7
100008f6:	1bc9      	subs	r1, r1, r7
100008f8:	9f01      	ldr	r7, [sp, #4]
100008fa:	1b49      	subs	r1, r1, r5
100008fc:	4439      	add	r1, r7
100008fe:	f3c1 014a 	ubfx	r1, r1, #1, #11
10000902:	f441 4160 	orr.w	r1, r1, #57344	@ 0xe000
10000906:	e7c9      	b.n	1000089c <irq_add_shared_handler+0x144>
10000908:	9301      	str	r3, [sp, #4]
1000090a:	f000 fe87 	bl	1000161c <hard_assertion_failure>
1000090e:	9b01      	ldr	r3, [sp, #4]
10000910:	e756      	b.n	100007c0 <irq_add_shared_handler+0x68>
10000912:	f501 11ff 	add.w	r1, r1, #2088960	@ 0x1fe000
10000916:	f501 51ff 	add.w	r1, r1, #8160	@ 0x1fe0
1000091a:	311f      	adds	r1, #31
1000091c:	e7e4      	b.n	100008e8 <irq_add_shared_handler+0x190>
1000091e:	bf00      	nop
10000920:	20002a64 	.word	0x20002a64
10000924:	200014fc 	.word	0x200014fc
10000928:	e000ed00 	.word	0xe000ed00
1000092c:	1000011d 	.word	0x1000011d
10000930:	2000152c 	.word	0x2000152c
10000934:	ffffe000 	.word	0xffffe000
10000938:	47804801 	.word	0x47804801
1000093c:	20001ffd 	.word	0x20001ffd

10000940 <irq_add_tail_to_free_list>:
10000940:	b5f0      	push	{r4, r5, r6, r7, lr}
10000942:	f3ef 8505 	mrs	r5, IPSR
10000946:	b2ed      	uxtb	r5, r5
10000948:	f3ef 8c10 	mrs	ip, PRIMASK
1000094c:	b672      	cpsid	i
1000094e:	4926      	ldr	r1, [pc, #152]	@ (100009e8 <irq_add_tail_to_free_list+0xa8>)
10000950:	e8d1 2fcf 	ldaexb	r2, [r1]
10000954:	2301      	movs	r3, #1
10000956:	2a00      	cmp	r2, #0
10000958:	d1fa      	bne.n	10000950 <irq_add_tail_to_free_list+0x10>
1000095a:	e8c1 3f42 	strexb	r2, r3, [r1]
1000095e:	2a00      	cmp	r2, #0
10000960:	d1f6      	bne.n	10000950 <irq_add_tail_to_free_list+0x10>
10000962:	f3bf 8f5f 	dmb	sy
10000966:	4e21      	ldr	r6, [pc, #132]	@ (100009ec <irq_add_tail_to_free_list+0xac>)
10000968:	f040 0e01 	orr.w	lr, r0, #1
1000096c:	68b4      	ldr	r4, [r6, #8]
1000096e:	f64a 23aa 	movw	r3, #43690	@ 0xaaaa
10000972:	f854 7025 	ldr.w	r7, [r4, r5, lsl #2]
10000976:	4a1e      	ldr	r2, [pc, #120]	@ (100009f0 <irq_add_tail_to_free_list+0xb0>)
10000978:	4604      	mov	r4, r0
1000097a:	1aa4      	subs	r4, r4, r2
1000097c:	4164      	adcs	r4, r4
1000097e:	4363      	muls	r3, r4
10000980:	0d1b      	lsrs	r3, r3, #20
10000982:	4577      	cmp	r7, lr
10000984:	b25b      	sxtb	r3, r3
10000986:	d01b      	beq.n	100009c0 <irq_add_tail_to_free_list+0x80>
10000988:	f992 4006 	ldrsb.w	r4, [r2, #6]
1000098c:	429c      	cmp	r4, r3
1000098e:	d01c      	beq.n	100009ca <irq_add_tail_to_free_list+0x8a>
10000990:	f992 4012 	ldrsb.w	r4, [r2, #18]
10000994:	429c      	cmp	r4, r3
10000996:	d023      	beq.n	100009e0 <irq_add_tail_to_free_list+0xa0>
10000998:	f992 401e 	ldrsb.w	r4, [r2, #30]
1000099c:	429c      	cmp	r4, r3
1000099e:	d021      	beq.n	100009e4 <irq_add_tail_to_free_list+0xa4>
100009a0:	f992 402a 	ldrsb.w	r4, [r2, #42]	@ 0x2a
100009a4:	429c      	cmp	r4, r3
100009a6:	bf08      	it	eq
100009a8:	2403      	moveq	r4, #3
100009aa:	d00f      	beq.n	100009cc <irq_add_tail_to_free_list+0x8c>
100009ac:	4a11      	ldr	r2, [pc, #68]	@ (100009f4 <irq_add_tail_to_free_list+0xb4>)
100009ae:	2400      	movs	r4, #0
100009b0:	7815      	ldrb	r5, [r2, #0]
100009b2:	7013      	strb	r3, [r2, #0]
100009b4:	7185      	strb	r5, [r0, #6]
100009b6:	e8c1 4f8f 	stlb	r4, [r1]
100009ba:	f38c 8810 	msr	PRIMASK, ip
100009be:	bdf0      	pop	{r4, r5, r6, r7, pc}
100009c0:	68b2      	ldr	r2, [r6, #8]
100009c2:	4c0d      	ldr	r4, [pc, #52]	@ (100009f8 <irq_add_tail_to_free_list+0xb8>)
100009c4:	f842 4025 	str.w	r4, [r2, r5, lsl #2]
100009c8:	e7f0      	b.n	100009ac <irq_add_tail_to_free_list+0x6c>
100009ca:	2400      	movs	r4, #0
100009cc:	eb04 0444 	add.w	r4, r4, r4, lsl #1
100009d0:	eb02 0284 	add.w	r2, r2, r4, lsl #2
100009d4:	24ff      	movs	r4, #255	@ 0xff
100009d6:	7194      	strb	r4, [r2, #6]
100009d8:	f64b 5401 	movw	r4, #48385	@ 0xbd01
100009dc:	8094      	strh	r4, [r2, #4]
100009de:	e7e5      	b.n	100009ac <irq_add_tail_to_free_list+0x6c>
100009e0:	2401      	movs	r4, #1
100009e2:	e7f3      	b.n	100009cc <irq_add_tail_to_free_list+0x8c>
100009e4:	2402      	movs	r4, #2
100009e6:	e7f1      	b.n	100009cc <irq_add_tail_to_free_list+0x8c>
100009e8:	20001ffd 	.word	0x20001ffd
100009ec:	e000ed00 	.word	0xe000ed00
100009f0:	200014fc 	.word	0x200014fc
100009f4:	20002a64 	.word	0x20002a64
100009f8:	1000011d 	.word	0x1000011d

100009fc <user_irq_claim_unused>:
100009fc:	b510      	push	{r4, lr}
100009fe:	4c07      	ldr	r4, [pc, #28]	@ (10000a1c <user_irq_claim_unused+0x20>)
10000a00:	b082      	sub	sp, #8
10000a02:	4601      	mov	r1, r0
10000a04:	2305      	movs	r3, #5
10000a06:	2200      	movs	r2, #0
10000a08:	9400      	str	r4, [sp, #0]
10000a0a:	4805      	ldr	r0, [pc, #20]	@ (10000a20 <user_irq_claim_unused+0x24>)
10000a0c:	f7ff fda2 	bl	10000554 <hw_claim_unused_from_range>
10000a10:	2800      	cmp	r0, #0
10000a12:	bfa8      	it	ge
10000a14:	f1c0 0033 	rsbge	r0, r0, #51	@ 0x33
10000a18:	b002      	add	sp, #8
10000a1a:	bd10      	pop	{r4, pc}
10000a1c:	10008fc0 	.word	0x10008fc0
10000a20:	20002a68 	.word	0x20002a68

10000a24 <lock_init>:
10000a24:	4b01      	ldr	r3, [pc, #4]	@ (10000a2c <lock_init+0x8>)
10000a26:	440b      	add	r3, r1
10000a28:	6003      	str	r3, [r0, #0]
10000a2a:	4770      	bx	lr
10000a2c:	20001ff4 	.word	0x20001ff4

10000a30 <runtime_init_mutex>:
10000a30:	b570      	push	{r4, r5, r6, lr}
10000a32:	4c10      	ldr	r4, [pc, #64]	@ (10000a74 <runtime_init_mutex+0x44>)
10000a34:	4d10      	ldr	r5, [pc, #64]	@ (10000a78 <runtime_init_mutex+0x48>)
10000a36:	42ac      	cmp	r4, r5
10000a38:	d20e      	bcs.n	10000a58 <runtime_init_mutex+0x28>
10000a3a:	26ff      	movs	r6, #255	@ 0xff
10000a3c:	6823      	ldr	r3, [r4, #0]
10000a3e:	b163      	cbz	r3, 10000a5a <runtime_init_mutex+0x2a>
10000a40:	f7ff fdc8 	bl	100005d4 <next_striped_spin_lock_num>
10000a44:	4601      	mov	r1, r0
10000a46:	4620      	mov	r0, r4
10000a48:	f7ff ffec 	bl	10000a24 <lock_init>
10000a4c:	80a6      	strh	r6, [r4, #4]
10000a4e:	f3bf 8f5f 	dmb	sy
10000a52:	3408      	adds	r4, #8
10000a54:	42ac      	cmp	r4, r5
10000a56:	d3f1      	bcc.n	10000a3c <runtime_init_mutex+0xc>
10000a58:	bd70      	pop	{r4, r5, r6, pc}
10000a5a:	f7ff fdbb 	bl	100005d4 <next_striped_spin_lock_num>
10000a5e:	4601      	mov	r1, r0
10000a60:	4620      	mov	r0, r4
10000a62:	f7ff ffdf 	bl	10000a24 <lock_init>
10000a66:	7126      	strb	r6, [r4, #4]
10000a68:	f3bf 8f5f 	dmb	sy
10000a6c:	3408      	adds	r4, #8
10000a6e:	42ac      	cmp	r4, r5
10000a70:	d3e4      	bcc.n	10000a3c <runtime_init_mutex+0xc>
10000a72:	bd70      	pop	{r4, r5, r6, pc}
10000a74:	20001b00 	.word	0x20001b00
10000a78:	20001b08 	.word	0x20001b08

10000a7c <mutex_init>:
10000a7c:	b510      	push	{r4, lr}
10000a7e:	4604      	mov	r4, r0
10000a80:	f7ff fda8 	bl	100005d4 <next_striped_spin_lock_num>
10000a84:	4601      	mov	r1, r0
10000a86:	4620      	mov	r0, r4
10000a88:	f7ff ffcc 	bl	10000a24 <lock_init>
10000a8c:	23ff      	movs	r3, #255	@ 0xff
10000a8e:	7123      	strb	r3, [r4, #4]
10000a90:	f3bf 8f5f 	dmb	sy
10000a94:	bd10      	pop	{r4, pc}
10000a96:	bf00      	nop

10000a98 <critical_section_init>:
10000a98:	b510      	push	{r4, lr}
10000a9a:	4604      	mov	r4, r0
10000a9c:	2001      	movs	r0, #1
10000a9e:	f7ff fda5 	bl	100005ec <spin_lock_claim_unused>
10000aa2:	4b03      	ldr	r3, [pc, #12]	@ (10000ab0 <critical_section_init+0x18>)
10000aa4:	4403      	add	r3, r0
10000aa6:	6023      	str	r3, [r4, #0]
10000aa8:	f3bf 8f5f 	dmb	sy
10000aac:	bd10      	pop	{r4, pc}
10000aae:	bf00      	nop
10000ab0:	20001ff4 	.word	0x20001ff4

10000ab4 <critical_section_init_with_lock_num>:
10000ab4:	4b02      	ldr	r3, [pc, #8]	@ (10000ac0 <critical_section_init_with_lock_num+0xc>)
10000ab6:	440b      	add	r3, r1
10000ab8:	6003      	str	r3, [r0, #0]
10000aba:	f3bf 8f5f 	dmb	sy
10000abe:	4770      	bx	lr
10000ac0:	20001ff4 	.word	0x20001ff4

10000ac4 <sleep_until_callback>:
10000ac4:	4b0d      	ldr	r3, [pc, #52]	@ (10000afc <sleep_until_callback+0x38>)
10000ac6:	681a      	ldr	r2, [r3, #0]
10000ac8:	f3ef 8110 	mrs	r1, PRIMASK
10000acc:	b672      	cpsid	i
10000ace:	e8d2 cfcf 	ldaexb	ip, [r2]
10000ad2:	2001      	movs	r0, #1
10000ad4:	f1bc 0f00 	cmp.w	ip, #0
10000ad8:	d1f9      	bne.n	10000ace <sleep_until_callback+0xa>
10000ada:	e8c2 0f4c 	strexb	ip, r0, [r2]
10000ade:	f1bc 0f00 	cmp.w	ip, #0
10000ae2:	d1f4      	bne.n	10000ace <sleep_until_callback+0xa>
10000ae4:	f3bf 8f5f 	dmb	sy
10000ae8:	2200      	movs	r2, #0
10000aea:	681b      	ldr	r3, [r3, #0]
10000aec:	e8c3 2f8f 	stlb	r2, [r3]
10000af0:	f381 8810 	msr	PRIMASK, r1
10000af4:	bf40      	sev
10000af6:	2000      	movs	r0, #0
10000af8:	2100      	movs	r1, #0
10000afa:	4770      	bx	lr
10000afc:	20002970 	.word	0x20002970

10000b00 <alarm_pool_irq_handler>:
10000b00:	e92d 4ff0 	stmdb	sp!, {r4, r5, r6, r7, r8, r9, sl, fp, lr}
10000b04:	ed2d 8b02 	vpush	{d8}
10000b08:	b085      	sub	sp, #20
10000b0a:	f3ef 8305 	mrs	r3, IPSR
10000b0e:	b2db      	uxtb	r3, r3
10000b10:	3b10      	subs	r3, #16
10000b12:	089a      	lsrs	r2, r3, #2
10000b14:	bf18      	it	ne
10000b16:	2201      	movne	r2, #1
10000b18:	f04f 0101 	mov.w	r1, #1
10000b1c:	f003 0b03 	and.w	fp, r3, #3
10000b20:	bf18      	it	ne
10000b22:	4daf      	ldrne	r5, [pc, #700]	@ (10000de0 <alarm_pool_irq_handler+0x2e0>)
10000b24:	4baf      	ldr	r3, [pc, #700]	@ (10000de4 <alarm_pool_irq_handler+0x2e4>)
10000b26:	bf08      	it	eq
10000b28:	4daf      	ldreq	r5, [pc, #700]	@ (10000de8 <alarm_pool_irq_handler+0x2e8>)
10000b2a:	eb0b 0282 	add.w	r2, fp, r2, lsl #2
10000b2e:	f853 6022 	ldr.w	r6, [r3, r2, lsl #2]
10000b32:	fa01 f20b 	lsl.w	r2, r1, fp
10000b36:	f505 5341 	add.w	r3, r5, #12352	@ 0x3040
10000b3a:	ed9f 8ba7 	vldr	d8, [pc, #668]	@ 10000dd8 <alarm_pool_irq_handler+0x2d8>
10000b3e:	9201      	str	r2, [sp, #4]
10000b40:	605a      	str	r2, [r3, #4]
10000b42:	e02f      	b.n	10000ba4 <alarm_pool_irq_handler+0xa4>
10000b44:	88b3      	ldrh	r3, [r6, #4]
10000b46:	041c      	lsls	r4, r3, #16
10000b48:	f140 8093 	bpl.w	10000c72 <alarm_pool_irq_handler+0x172>
10000b4c:	79b3      	ldrb	r3, [r6, #6]
10000b4e:	2b00      	cmp	r3, #0
10000b50:	f040 80dd 	bne.w	10000d0e <alarm_pool_irq_handler+0x20e>
10000b54:	f9b6 2008 	ldrsh.w	r2, [r6, #8]
10000b58:	2a00      	cmp	r2, #0
10000b5a:	f2c0 811e 	blt.w	10000d9a <alarm_pool_irq_handler+0x29a>
10000b5e:	6973      	ldr	r3, [r6, #20]
10000b60:	eb02 0242 	add.w	r2, r2, r2, lsl #1
10000b64:	eb03 03c2 	add.w	r3, r3, r2, lsl #3
10000b68:	e9d3 4702 	ldrd	r4, r7, [r3, #8]
10000b6c:	f1b7 3fff 	cmp.w	r7, #4294967295
10000b70:	bf08      	it	eq
10000b72:	f1b4 3fff 	cmpeq.w	r4, #4294967295
10000b76:	d00e      	beq.n	10000b96 <alarm_pool_irq_handler+0x96>
10000b78:	eb05 018b 	add.w	r1, r5, fp, lsl #2
10000b7c:	6aab      	ldr	r3, [r5, #40]	@ 0x28
10000b7e:	690a      	ldr	r2, [r1, #16]
10000b80:	1ad2      	subs	r2, r2, r3
10000b82:	1ae3      	subs	r3, r4, r3
10000b84:	4293      	cmp	r3, r2
10000b86:	d305      	bcc.n	10000b94 <alarm_pool_irq_handler+0x94>
10000b88:	2301      	movs	r3, #1
10000b8a:	6a2a      	ldr	r2, [r5, #32]
10000b8c:	fa03 f30b 	lsl.w	r3, r3, fp
10000b90:	4213      	tst	r3, r2
10000b92:	d100      	bne.n	10000b96 <alarm_pool_irq_handler+0x96>
10000b94:	610c      	str	r4, [r1, #16]
10000b96:	4628      	mov	r0, r5
10000b98:	f000 fbaa 	bl	100012f0 <timer_time_us_64>
10000b9c:	42a0      	cmp	r0, r4
10000b9e:	41b9      	sbcs	r1, r7
10000ba0:	f2c0 80fb 	blt.w	10000d9a <alarm_pool_irq_handler+0x29a>
10000ba4:	f9b6 3008 	ldrsh.w	r3, [r6, #8]
10000ba8:	9a01      	ldr	r2, [sp, #4]
10000baa:	2b00      	cmp	r3, #0
10000bac:	9300      	str	r3, [sp, #0]
10000bae:	63ea      	str	r2, [r5, #60]	@ 0x3c
10000bb0:	dbc8      	blt.n	10000b44 <alarm_pool_irq_handler+0x44>
10000bb2:	f8d6 8014 	ldr.w	r8, [r6, #20]
10000bb6:	eb03 0943 	add.w	r9, r3, r3, lsl #1
10000bba:	4628      	mov	r0, r5
10000bbc:	eb08 07c9 	add.w	r7, r8, r9, lsl #3
10000bc0:	e9d7 4a02 	ldrd	r4, sl, [r7, #8]
10000bc4:	f000 fb94 	bl	100012f0 <timer_time_us_64>
10000bc8:	42a0      	cmp	r0, r4
10000bca:	eb71 010a 	sbcs.w	r1, r1, sl
10000bce:	dbb9      	blt.n	10000b44 <alarm_pool_irq_handler+0x44>
10000bd0:	f1ba 0f00 	cmp.w	sl, #0
10000bd4:	f2c0 80c3 	blt.w	10000d5e <alarm_pool_irq_handler+0x25e>
10000bd8:	e9d7 3104 	ldrd	r3, r1, [r7, #16]
10000bdc:	4a83      	ldr	r2, [pc, #524]	@ (10000dec <alarm_pool_irq_handler+0x2ec>)
10000bde:	4293      	cmp	r3, r2
10000be0:	f000 80ed 	beq.w	10000dbe <alarm_pool_irq_handler+0x2be>
10000be4:	887a      	ldrh	r2, [r7, #2]
10000be6:	f9b6 0008 	ldrsh.w	r0, [r6, #8]
10000bea:	b292      	uxth	r2, r2
10000bec:	ea42 4000 	orr.w	r0, r2, r0, lsl #16
10000bf0:	4798      	blx	r3
10000bf2:	4602      	mov	r2, r0
10000bf4:	460b      	mov	r3, r1
10000bf6:	ea52 0103 	orrs.w	r1, r2, r3
10000bfa:	f000 80b0 	beq.w	10000d5e <alarm_pool_irq_handler+0x25e>
10000bfe:	2b00      	cmp	r3, #0
10000c00:	f280 80d1 	bge.w	10000da6 <alarm_pool_irq_handler+0x2a6>
10000c04:	ebb4 0e02 	subs.w	lr, r4, r2
10000c08:	eb6a 0a03 	sbc.w	sl, sl, r3
10000c0c:	f938 3039 	ldrsh.w	r3, [r8, r9, lsl #3]
10000c10:	e9c7 ea02 	strd	lr, sl, [r7, #8]
10000c14:	2b00      	cmp	r3, #0
10000c16:	db95      	blt.n	10000b44 <alarm_pool_irq_handler+0x44>
10000c18:	6971      	ldr	r1, [r6, #20]
10000c1a:	eb03 0243 	add.w	r2, r3, r3, lsl #1
10000c1e:	eb01 02c2 	add.w	r2, r1, r2, lsl #3
10000c22:	e9d2 7002 	ldrd	r7, r0, [r2, #8]
10000c26:	45be      	cmp	lr, r7
10000c28:	eb7a 0c00 	sbcs.w	ip, sl, r0
10000c2c:	ea4f 0243 	mov.w	r2, r3, lsl #1
10000c30:	db88      	blt.n	10000b44 <alarm_pool_irq_handler+0x44>
10000c32:	46b4      	mov	ip, r6
10000c34:	f82c 3f08 	strh.w	r3, [ip, #8]!
10000c38:	e006      	b.n	10000c48 <alarm_pool_irq_handler+0x148>
10000c3a:	eb03 0043 	add.w	r0, r3, r3, lsl #1
10000c3e:	eb01 00c0 	add.w	r0, r1, r0, lsl #3
10000c42:	005a      	lsls	r2, r3, #1
10000c44:	e9d0 7002 	ldrd	r7, r0, [r0, #8]
10000c48:	45be      	cmp	lr, r7
10000c4a:	441a      	add	r2, r3
10000c4c:	eb7a 0000 	sbcs.w	r0, sl, r0
10000c50:	eb01 04c2 	add.w	r4, r1, r2, lsl #3
10000c54:	db04      	blt.n	10000c60 <alarm_pool_irq_handler+0x160>
10000c56:	f931 3032 	ldrsh.w	r3, [r1, r2, lsl #3]
10000c5a:	46a4      	mov	ip, r4
10000c5c:	2b00      	cmp	r3, #0
10000c5e:	daec      	bge.n	10000c3a <alarm_pool_irq_handler+0x13a>
10000c60:	f828 3039 	strh.w	r3, [r8, r9, lsl #3]
10000c64:	9b00      	ldr	r3, [sp, #0]
10000c66:	f8ac 3000 	strh.w	r3, [ip]
10000c6a:	88b3      	ldrh	r3, [r6, #4]
10000c6c:	041c      	lsls	r4, r3, #16
10000c6e:	f53f af6d 	bmi.w	10000b4c <alarm_pool_irq_handler+0x4c>
10000c72:	6933      	ldr	r3, [r6, #16]
10000c74:	f3ef 8210 	mrs	r2, PRIMASK
10000c78:	b672      	cpsid	i
10000c7a:	e8d3 0fcf 	ldaexb	r0, [r3]
10000c7e:	2101      	movs	r1, #1
10000c80:	2800      	cmp	r0, #0
10000c82:	d1fa      	bne.n	10000c7a <alarm_pool_irq_handler+0x17a>
10000c84:	e8c3 1f40 	strexb	r0, r1, [r3]
10000c88:	2800      	cmp	r0, #0
10000c8a:	d1f6      	bne.n	10000c7a <alarm_pool_irq_handler+0x17a>
10000c8c:	f3bf 8f5f 	dmb	sy
10000c90:	f64f 74ff 	movw	r4, #65535	@ 0xffff
10000c94:	88b0      	ldrh	r0, [r6, #4]
10000c96:	2300      	movs	r3, #0
10000c98:	6931      	ldr	r1, [r6, #16]
10000c9a:	b200      	sxth	r0, r0
10000c9c:	80b4      	strh	r4, [r6, #4]
10000c9e:	e8c1 3f8f 	stlb	r3, [r1]
10000ca2:	f382 8810 	msr	PRIMASK, r2
10000ca6:	4298      	cmp	r0, r3
10000ca8:	f6ff af50 	blt.w	10000b4c <alarm_pool_irq_handler+0x4c>
10000cac:	4607      	mov	r7, r0
10000cae:	46a9      	mov	r9, r5
10000cb0:	6974      	ldr	r4, [r6, #20]
10000cb2:	f106 0808 	add.w	r8, r6, #8
10000cb6:	eb07 0e47 	add.w	lr, r7, r7, lsl #1
10000cba:	eb04 03ce 	add.w	r3, r4, lr, lsl #3
10000cbe:	e9d3 5002 	ldrd	r5, r0, [r3, #8]
10000cc2:	f9b6 3008 	ldrsh.w	r3, [r6, #8]
10000cc6:	46c4      	mov	ip, r8
10000cc8:	2b00      	cmp	r3, #0
10000cca:	db13      	blt.n	10000cf4 <alarm_pool_irq_handler+0x1f4>
10000ccc:	46b2      	mov	sl, r6
10000cce:	9700      	str	r7, [sp, #0]
10000cd0:	e004      	b.n	10000cdc <alarm_pool_irq_handler+0x1dc>
10000cd2:	f934 3036 	ldrsh.w	r3, [r4, r6, lsl #3]
10000cd6:	4694      	mov	ip, r2
10000cd8:	2b00      	cmp	r3, #0
10000cda:	db09      	blt.n	10000cf0 <alarm_pool_irq_handler+0x1f0>
10000cdc:	eb03 0643 	add.w	r6, r3, r3, lsl #1
10000ce0:	eb04 02c6 	add.w	r2, r4, r6, lsl #3
10000ce4:	e9d2 7102 	ldrd	r7, r1, [r2, #8]
10000ce8:	42bd      	cmp	r5, r7
10000cea:	eb70 0101 	sbcs.w	r1, r0, r1
10000cee:	daf0      	bge.n	10000cd2 <alarm_pool_irq_handler+0x1d2>
10000cf0:	4656      	mov	r6, sl
10000cf2:	9f00      	ldr	r7, [sp, #0]
10000cf4:	f8ac 7000 	strh.w	r7, [ip]
10000cf8:	f934 703e 	ldrsh.w	r7, [r4, lr, lsl #3]
10000cfc:	f824 303e 	strh.w	r3, [r4, lr, lsl #3]
10000d00:	2f00      	cmp	r7, #0
10000d02:	dad8      	bge.n	10000cb6 <alarm_pool_irq_handler+0x1b6>
10000d04:	79b3      	ldrb	r3, [r6, #6]
10000d06:	464d      	mov	r5, r9
10000d08:	2b00      	cmp	r3, #0
10000d0a:	f43f af23 	beq.w	10000b54 <alarm_pool_irq_handler+0x54>
10000d0e:	2300      	movs	r3, #0
10000d10:	71b3      	strb	r3, [r6, #6]
10000d12:	f9b6 3008 	ldrsh.w	r3, [r6, #8]
10000d16:	f106 0808 	add.w	r8, r6, #8
10000d1a:	1c58      	adds	r0, r3, #1
10000d1c:	d03d      	beq.n	10000d9a <alarm_pool_irq_handler+0x29a>
10000d1e:	461a      	mov	r2, r3
10000d20:	6977      	ldr	r7, [r6, #20]
10000d22:	e003      	b.n	10000d2c <alarm_pool_irq_handler+0x22c>
10000d24:	4680      	mov	r8, r0
10000d26:	1c59      	adds	r1, r3, #1
10000d28:	f43f af16 	beq.w	10000b58 <alarm_pool_irq_handler+0x58>
10000d2c:	eb03 0143 	add.w	r1, r3, r3, lsl #1
10000d30:	eb07 00c1 	add.w	r0, r7, r1, lsl #3
10000d34:	f8b0 c002 	ldrh.w	ip, [r0, #2]
10000d38:	461c      	mov	r4, r3
10000d3a:	f41c 4f00 	tst.w	ip, #32768	@ 0x8000
10000d3e:	469e      	mov	lr, r3
10000d40:	f937 3031 	ldrsh.w	r3, [r7, r1, lsl #3]
10000d44:	d0ee      	beq.n	10000d24 <alarm_pool_irq_handler+0x224>
10000d46:	4294      	cmp	r4, r2
10000d48:	ed80 8b02 	vstr	d8, [r0, #8]
10000d4c:	d005      	beq.n	10000d5a <alarm_pool_irq_handler+0x25a>
10000d4e:	f8a8 3000 	strh.w	r3, [r8]
10000d52:	8932      	ldrh	r2, [r6, #8]
10000d54:	f827 2031 	strh.w	r2, [r7, r1, lsl #3]
10000d58:	8134      	strh	r4, [r6, #8]
10000d5a:	4672      	mov	r2, lr
10000d5c:	e7e3      	b.n	10000d26 <alarm_pool_irq_handler+0x226>
10000d5e:	f838 3039 	ldrh.w	r3, [r8, r9, lsl #3]
10000d62:	8133      	strh	r3, [r6, #8]
10000d64:	6933      	ldr	r3, [r6, #16]
10000d66:	f3ef 8210 	mrs	r2, PRIMASK
10000d6a:	b672      	cpsid	i
10000d6c:	e8d3 0fcf 	ldaexb	r0, [r3]
10000d70:	2101      	movs	r1, #1
10000d72:	2800      	cmp	r0, #0
10000d74:	d1fa      	bne.n	10000d6c <alarm_pool_irq_handler+0x26c>
10000d76:	e8c3 1f40 	strexb	r0, r1, [r3]
10000d7a:	2800      	cmp	r0, #0
10000d7c:	d1f6      	bne.n	10000d6c <alarm_pool_irq_handler+0x26c>
10000d7e:	f3bf 8f5f 	dmb	sy
10000d82:	8873      	ldrh	r3, [r6, #2]
10000d84:	6931      	ldr	r1, [r6, #16]
10000d86:	f828 3039 	strh.w	r3, [r8, r9, lsl #3]
10000d8a:	9b00      	ldr	r3, [sp, #0]
10000d8c:	8073      	strh	r3, [r6, #2]
10000d8e:	2300      	movs	r3, #0
10000d90:	e8c1 3f8f 	stlb	r3, [r1]
10000d94:	f382 8810 	msr	PRIMASK, r2
10000d98:	e6d4      	b.n	10000b44 <alarm_pool_irq_handler+0x44>
10000d9a:	bf40      	sev
10000d9c:	b005      	add	sp, #20
10000d9e:	ecbd 8b02 	vpop	{d8}
10000da2:	e8bd 8ff0 	ldmia.w	sp!, {r4, r5, r6, r7, r8, r9, sl, fp, pc}
10000da6:	4628      	mov	r0, r5
10000da8:	e9cd 2302 	strd	r2, r3, [sp, #8]
10000dac:	f000 faa0 	bl	100012f0 <timer_time_us_64>
10000db0:	9a02      	ldr	r2, [sp, #8]
10000db2:	9b03      	ldr	r3, [sp, #12]
10000db4:	eb10 0e02 	adds.w	lr, r0, r2
10000db8:	eb43 0a01 	adc.w	sl, r3, r1
10000dbc:	e726      	b.n	10000c0c <alarm_pool_irq_handler+0x10c>
10000dbe:	4608      	mov	r0, r1
10000dc0:	690b      	ldr	r3, [r1, #16]
10000dc2:	9102      	str	r1, [sp, #8]
10000dc4:	4798      	blx	r3
10000dc6:	2800      	cmp	r0, #0
10000dc8:	d0c9      	beq.n	10000d5e <alarm_pool_irq_handler+0x25e>
10000dca:	9902      	ldr	r1, [sp, #8]
10000dcc:	e9d1 2300 	ldrd	r2, r3, [r1]
10000dd0:	e711      	b.n	10000bf6 <alarm_pool_irq_handler+0xf6>
10000dd2:	bf00      	nop
10000dd4:	f3af 8000 	nop.w
10000dd8:	ffffffff 	.word	0xffffffff
10000ddc:	ffffffff 	.word	0xffffffff
10000de0:	400b8000 	.word	0x400b8000
10000de4:	200028b4 	.word	0x200028b4
10000de8:	400b0000 	.word	0x400b0000
10000dec:	10000b01 	.word	0x10000b01

10000df0 <runtime_init_default_alarm_pool>:
10000df0:	e92d 4ff8 	stmdb	sp!, {r3, r4, r5, r6, r7, r8, r9, sl, fp, lr}
10000df4:	4c36      	ldr	r4, [pc, #216]	@ (10000ed0 <runtime_init_default_alarm_pool+0xe0>)
10000df6:	6925      	ldr	r5, [r4, #16]
10000df8:	b12d      	cbz	r5, 10000e06 <runtime_init_default_alarm_pool+0x16>
10000dfa:	e8bd 4ff8 	ldmia.w	sp!, {r3, r4, r5, r6, r7, r8, r9, sl, fp, lr}
10000dfe:	210a      	movs	r1, #10
10000e00:	4834      	ldr	r0, [pc, #208]	@ (10000ed4 <runtime_init_default_alarm_pool+0xe4>)
10000e02:	f7ff be0f 	b.w	10000a24 <lock_init>
10000e06:	f8df 80e4 	ldr.w	r8, [pc, #228]	@ 10000eec <runtime_init_default_alarm_pool+0xfc>
10000e0a:	2103      	movs	r1, #3
10000e0c:	4640      	mov	r0, r8
10000e0e:	f000 fa5d 	bl	100012cc <timer_hardware_alarm_claim>
10000e12:	2603      	movs	r6, #3
10000e14:	f8c4 800c 	str.w	r8, [r4, #12]
10000e18:	f7ff fbdc 	bl	100005d4 <next_striped_spin_lock_num>
10000e1c:	f04f 4c50 	mov.w	ip, #3489660928	@ 0xd0000000
10000e20:	4b2d      	ldr	r3, [pc, #180]	@ (10000ed8 <runtime_init_default_alarm_pool+0xe8>)
10000e22:	7026      	strb	r6, [r4, #0]
10000e24:	4403      	add	r3, r0
10000e26:	6123      	str	r3, [r4, #16]
10000e28:	f8dc 3000 	ldr.w	r3, [ip]
10000e2c:	210f      	movs	r1, #15
10000e2e:	7063      	strb	r3, [r4, #1]
10000e30:	6963      	ldr	r3, [r4, #20]
10000e32:	8061      	strh	r1, [r4, #2]
10000e34:	831d      	strh	r5, [r3, #24]
10000e36:	f04f 0504 	mov.w	r5, #4
10000e3a:	f8a3 5078 	strh.w	r5, [r3, #120]	@ 0x78
10000e3e:	f04f 0505 	mov.w	r5, #5
10000e42:	f8a3 5090 	strh.w	r5, [r3, #144]	@ 0x90
10000e46:	f04f 0506 	mov.w	r5, #6
10000e4a:	f8a3 50a8 	strh.w	r5, [r3, #168]	@ 0xa8
10000e4e:	f04f 0507 	mov.w	r5, #7
10000e52:	210e      	movs	r1, #14
10000e54:	f64f 72ff 	movw	r2, #65535	@ 0xffff
10000e58:	2708      	movs	r7, #8
10000e5a:	f04f 0e0a 	mov.w	lr, #10
10000e5e:	f8a3 50c0 	strh.w	r5, [r3, #192]	@ 0xc0
10000e62:	f04f 0901 	mov.w	r9, #1
10000e66:	f04f 0c0c 	mov.w	ip, #12
10000e6a:	f04f 0b02 	mov.w	fp, #2
10000e6e:	f04f 0a09 	mov.w	sl, #9
10000e72:	200d      	movs	r0, #13
10000e74:	f04f 050b 	mov.w	r5, #11
10000e78:	f8a3 1168 	strh.w	r1, [r3, #360]	@ 0x168
10000e7c:	4917      	ldr	r1, [pc, #92]	@ (10000edc <runtime_init_default_alarm_pool+0xec>)
10000e7e:	80a2      	strh	r2, [r4, #4]
10000e80:	f8a3 e108 	strh.w	lr, [r3, #264]	@ 0x108
10000e84:	60a1      	str	r1, [r4, #8]
10000e86:	f8a3 b048 	strh.w	fp, [r3, #72]	@ 0x48
10000e8a:	f8a3 a0f0 	strh.w	sl, [r3, #240]	@ 0xf0
10000e8e:	f8a3 5120 	strh.w	r5, [r3, #288]	@ 0x120
10000e92:	f8a3 c138 	strh.w	ip, [r3, #312]	@ 0x138
10000e96:	f8a3 0150 	strh.w	r0, [r3, #336]	@ 0x150
10000e9a:	f8a3 9030 	strh.w	r9, [r3, #48]	@ 0x30
10000e9e:	f8a3 6060 	strh.w	r6, [r3, #96]	@ 0x60
10000ea2:	f8a3 70d8 	strh.w	r7, [r3, #216]	@ 0xd8
10000ea6:	801a      	strh	r2, [r3, #0]
10000ea8:	4b0d      	ldr	r3, [pc, #52]	@ (10000ee0 <runtime_init_default_alarm_pool+0xf0>)
10000eaa:	4630      	mov	r0, r6
10000eac:	f8c8 7020 	str.w	r7, [r8, #32]
10000eb0:	490c      	ldr	r1, [pc, #48]	@ (10000ee4 <runtime_init_default_alarm_pool+0xf4>)
10000eb2:	60dc      	str	r4, [r3, #12]
10000eb4:	f7ff fc20 	bl	100006f8 <irq_set_exclusive_handler>
10000eb8:	4649      	mov	r1, r9
10000eba:	4630      	mov	r0, r6
10000ebc:	f7ff fbda 	bl	10000674 <irq_set_enabled>
10000ec0:	4b09      	ldr	r3, [pc, #36]	@ (10000ee8 <runtime_init_default_alarm_pool+0xf8>)
10000ec2:	210a      	movs	r1, #10
10000ec4:	641f      	str	r7, [r3, #64]	@ 0x40
10000ec6:	4803      	ldr	r0, [pc, #12]	@ (10000ed4 <runtime_init_default_alarm_pool+0xe4>)
10000ec8:	e8bd 4ff8 	ldmia.w	sp!, {r3, r4, r5, r6, r7, r8, r9, sl, fp, lr}
10000ecc:	f7ff bdaa 	b.w	10000a24 <lock_init>
10000ed0:	20001544 	.word	0x20001544
10000ed4:	20002970 	.word	0x20002970
10000ed8:	20001ff4 	.word	0x20001ff4
10000edc:	0010ffff 	.word	0x0010ffff
10000ee0:	200028b4 	.word	0x200028b4
10000ee4:	10000b01 	.word	0x10000b01
10000ee8:	400b2000 	.word	0x400b2000
10000eec:	400b0000 	.word	0x400b0000

10000ef0 <alarm_pool_get_default>:
10000ef0:	4800      	ldr	r0, [pc, #0]	@ (10000ef4 <alarm_pool_get_default+0x4>)
10000ef2:	4770      	bx	lr
10000ef4:	20001544 	.word	0x20001544

10000ef8 <alarm_pool_add_alarm_at>:
10000ef8:	b5f8      	push	{r3, r4, r5, r6, r7, lr}
10000efa:	f89d 5020 	ldrb.w	r5, [sp, #32]
10000efe:	4604      	mov	r4, r0
10000f00:	4617      	mov	r7, r2
10000f02:	461e      	mov	r6, r3
10000f04:	b935      	cbnz	r5, 10000f14 <alarm_pool_add_alarm_at+0x1c>
10000f06:	f000 f9fb 	bl	10001300 <time_us_64>
10000f0a:	4287      	cmp	r7, r0
10000f0c:	eb66 0101 	sbc.w	r1, r6, r1
10000f10:	2900      	cmp	r1, #0
10000f12:	db5c      	blt.n	10000fce <alarm_pool_add_alarm_at+0xd6>
10000f14:	6921      	ldr	r1, [r4, #16]
10000f16:	f3ef 8310 	mrs	r3, PRIMASK
10000f1a:	b672      	cpsid	i
10000f1c:	e8d1 0fcf 	ldaexb	r0, [r1]
10000f20:	2201      	movs	r2, #1
10000f22:	2800      	cmp	r0, #0
10000f24:	d1fa      	bne.n	10000f1c <alarm_pool_add_alarm_at+0x24>
10000f26:	e8c1 2f40 	strexb	r0, r2, [r1]
10000f2a:	2800      	cmp	r0, #0
10000f2c:	d1f6      	bne.n	10000f1c <alarm_pool_add_alarm_at+0x24>
10000f2e:	f3bf 8f5f 	dmb	sy
10000f32:	f9b4 2002 	ldrsh.w	r2, [r4, #2]
10000f36:	6965      	ldr	r5, [r4, #20]
10000f38:	eb02 0142 	add.w	r1, r2, r2, lsl #1
10000f3c:	2a00      	cmp	r2, #0
10000f3e:	ea4f 0cc1 	mov.w	ip, r1, lsl #3
10000f42:	6920      	ldr	r0, [r4, #16]
10000f44:	eb05 01c1 	add.w	r1, r5, r1, lsl #3
10000f48:	db39      	blt.n	10000fbe <alarm_pool_add_alarm_at+0xc6>
10000f4a:	f835 e00c 	ldrh.w	lr, [r5, ip]
10000f4e:	f8a4 e002 	strh.w	lr, [r4, #2]
10000f52:	f04f 0e00 	mov.w	lr, #0
10000f56:	e8c0 ef8f 	stlb	lr, [r0]
10000f5a:	f383 8810 	msr	PRIMASK, r3
10000f5e:	8848      	ldrh	r0, [r1, #2]
10000f60:	9b06      	ldr	r3, [sp, #24]
10000f62:	3001      	adds	r0, #1
10000f64:	f3c0 000e 	ubfx	r0, r0, #0, #15
10000f68:	2801      	cmp	r0, #1
10000f6a:	bf38      	it	cc
10000f6c:	2001      	movcc	r0, #1
10000f6e:	610b      	str	r3, [r1, #16]
10000f70:	9b07      	ldr	r3, [sp, #28]
10000f72:	8048      	strh	r0, [r1, #2]
10000f74:	614b      	str	r3, [r1, #20]
10000f76:	e9c1 7602 	strd	r7, r6, [r1, #8]
10000f7a:	ea40 4002 	orr.w	r0, r0, r2, lsl #16
10000f7e:	6923      	ldr	r3, [r4, #16]
10000f80:	f3ef 8110 	mrs	r1, PRIMASK
10000f84:	b672      	cpsid	i
10000f86:	e8d3 7fcf 	ldaexb	r7, [r3]
10000f8a:	2601      	movs	r6, #1
10000f8c:	2f00      	cmp	r7, #0
10000f8e:	d1fa      	bne.n	10000f86 <alarm_pool_add_alarm_at+0x8e>
10000f90:	e8c3 6f47 	strexb	r7, r6, [r3]
10000f94:	2f00      	cmp	r7, #0
10000f96:	d1f6      	bne.n	10000f86 <alarm_pool_add_alarm_at+0x8e>
10000f98:	f3bf 8f5f 	dmb	sy
10000f9c:	88a3      	ldrh	r3, [r4, #4]
10000f9e:	f825 300c 	strh.w	r3, [r5, ip]
10000fa2:	80a2      	strh	r2, [r4, #4]
10000fa4:	6923      	ldr	r3, [r4, #16]
10000fa6:	e8c3 ef8f 	stlb	lr, [r3]
10000faa:	f381 8810 	msr	PRIMASK, r1
10000fae:	2201      	movs	r2, #1
10000fb0:	68e3      	ldr	r3, [r4, #12]
10000fb2:	7821      	ldrb	r1, [r4, #0]
10000fb4:	f503 5301 	add.w	r3, r3, #8256	@ 0x2040
10000fb8:	408a      	lsls	r2, r1
10000fba:	605a      	str	r2, [r3, #4]
10000fbc:	bdf8      	pop	{r3, r4, r5, r6, r7, pc}
10000fbe:	2200      	movs	r2, #0
10000fc0:	e8c0 2f8f 	stlb	r2, [r0]
10000fc4:	f383 8810 	msr	PRIMASK, r3
10000fc8:	f04f 30ff 	mov.w	r0, #4294967295
10000fcc:	bdf8      	pop	{r3, r4, r5, r6, r7, pc}
10000fce:	4628      	mov	r0, r5
10000fd0:	bdf8      	pop	{r3, r4, r5, r6, r7, pc}
10000fd2:	bf00      	nop

10000fd4 <alarm_pool_add_alarm_at_force_in_context>:
10000fd4:	4601      	mov	r1, r0
10000fd6:	b5f0      	push	{r4, r5, r6, r7, lr}
10000fd8:	6900      	ldr	r0, [r0, #16]
10000fda:	f3ef 8710 	mrs	r7, PRIMASK
10000fde:	b672      	cpsid	i
10000fe0:	e8d0 5fcf 	ldaexb	r5, [r0]
10000fe4:	2401      	movs	r4, #1
10000fe6:	2d00      	cmp	r5, #0
10000fe8:	d1fa      	bne.n	10000fe0 <alarm_pool_add_alarm_at_force_in_context+0xc>
10000fea:	e8c0 4f45 	strexb	r5, r4, [r0]
10000fee:	2d00      	cmp	r5, #0
10000ff0:	d1f6      	bne.n	10000fe0 <alarm_pool_add_alarm_at_force_in_context+0xc>
10000ff2:	f3bf 8f5f 	dmb	sy
10000ff6:	f9b1 e002 	ldrsh.w	lr, [r1, #2]
10000ffa:	694c      	ldr	r4, [r1, #20]
10000ffc:	eb0e 0c4e 	add.w	ip, lr, lr, lsl #1
10001000:	f1be 0f00 	cmp.w	lr, #0
10001004:	ea4f 05cc 	mov.w	r5, ip, lsl #3
10001008:	6908      	ldr	r0, [r1, #16]
1000100a:	eb04 0ccc 	add.w	ip, r4, ip, lsl #3
1000100e:	db3c      	blt.n	1000108a <alarm_pool_add_alarm_at_force_in_context+0xb6>
10001010:	5b66      	ldrh	r6, [r4, r5]
10001012:	804e      	strh	r6, [r1, #2]
10001014:	2600      	movs	r6, #0
10001016:	e8c0 6f8f 	stlb	r6, [r0]
1000101a:	f387 8810 	msr	PRIMASK, r7
1000101e:	f8bc 0002 	ldrh.w	r0, [ip, #2]
10001022:	e9cc 2302 	strd	r2, r3, [ip, #8]
10001026:	3001      	adds	r0, #1
10001028:	f3c0 000e 	ubfx	r0, r0, #0, #15
1000102c:	2801      	cmp	r0, #1
1000102e:	bf38      	it	cc
10001030:	2001      	movcc	r0, #1
10001032:	9b05      	ldr	r3, [sp, #20]
10001034:	f8ac 0002 	strh.w	r0, [ip, #2]
10001038:	f8cc 3010 	str.w	r3, [ip, #16]
1000103c:	9b06      	ldr	r3, [sp, #24]
1000103e:	ea40 400e 	orr.w	r0, r0, lr, lsl #16
10001042:	f8cc 3014 	str.w	r3, [ip, #20]
10001046:	690b      	ldr	r3, [r1, #16]
10001048:	f3ef 8210 	mrs	r2, PRIMASK
1000104c:	b672      	cpsid	i
1000104e:	e8d3 cfcf 	ldaexb	ip, [r3]
10001052:	2701      	movs	r7, #1
10001054:	f1bc 0f00 	cmp.w	ip, #0
10001058:	d1f9      	bne.n	1000104e <alarm_pool_add_alarm_at_force_in_context+0x7a>
1000105a:	e8c3 7f4c 	strexb	ip, r7, [r3]
1000105e:	f1bc 0f00 	cmp.w	ip, #0
10001062:	d1f4      	bne.n	1000104e <alarm_pool_add_alarm_at_force_in_context+0x7a>
10001064:	f3bf 8f5f 	dmb	sy
10001068:	888b      	ldrh	r3, [r1, #4]
1000106a:	5363      	strh	r3, [r4, r5]
1000106c:	f8a1 e004 	strh.w	lr, [r1, #4]
10001070:	690b      	ldr	r3, [r1, #16]
10001072:	e8c3 6f8f 	stlb	r6, [r3]
10001076:	f382 8810 	msr	PRIMASK, r2
1000107a:	2201      	movs	r2, #1
1000107c:	68cb      	ldr	r3, [r1, #12]
1000107e:	7809      	ldrb	r1, [r1, #0]
10001080:	f503 5301 	add.w	r3, r3, #8256	@ 0x2040
10001084:	408a      	lsls	r2, r1
10001086:	605a      	str	r2, [r3, #4]
10001088:	bdf0      	pop	{r4, r5, r6, r7, pc}
1000108a:	2300      	movs	r3, #0
1000108c:	e8c0 3f8f 	stlb	r3, [r0]
10001090:	f387 8810 	msr	PRIMASK, r7
10001094:	f04f 30ff 	mov.w	r0, #4294967295
10001098:	bdf0      	pop	{r4, r5, r6, r7, pc}
1000109a:	bf00      	nop

1000109c <alarm_pool_cancel_alarm>:
1000109c:	4603      	mov	r3, r0
1000109e:	8940      	ldrh	r0, [r0, #10]
100010a0:	ebb0 4f21 	cmp.w	r0, r1, asr #16
100010a4:	dd37      	ble.n	10001116 <alarm_pool_cancel_alarm+0x7a>
100010a6:	6958      	ldr	r0, [r3, #20]
100010a8:	140a      	asrs	r2, r1, #16
100010aa:	eb02 0242 	add.w	r2, r2, r2, lsl #1
100010ae:	b510      	push	{r4, lr}
100010b0:	eb00 00c2 	add.w	r0, r0, r2, lsl #3
100010b4:	691c      	ldr	r4, [r3, #16]
100010b6:	f3ef 8c10 	mrs	ip, PRIMASK
100010ba:	b672      	cpsid	i
100010bc:	e8d4 efcf 	ldaexb	lr, [r4]
100010c0:	2201      	movs	r2, #1
100010c2:	f1be 0f00 	cmp.w	lr, #0
100010c6:	d1f9      	bne.n	100010bc <alarm_pool_cancel_alarm+0x20>
100010c8:	e8c4 2f4e 	strexb	lr, r2, [r4]
100010cc:	f1be 0f00 	cmp.w	lr, #0
100010d0:	d1f4      	bne.n	100010bc <alarm_pool_cancel_alarm+0x20>
100010d2:	f3bf 8f5f 	dmb	sy
100010d6:	8842      	ldrh	r2, [r0, #2]
100010d8:	b289      	uxth	r1, r1
100010da:	b292      	uxth	r2, r2
100010dc:	428a      	cmp	r2, r1
100010de:	d007      	beq.n	100010f0 <alarm_pool_cancel_alarm+0x54>
100010e0:	2200      	movs	r2, #0
100010e2:	691b      	ldr	r3, [r3, #16]
100010e4:	e8c3 2f8f 	stlb	r2, [r3]
100010e8:	f38c 8810 	msr	PRIMASK, ip
100010ec:	2000      	movs	r0, #0
100010ee:	bd10      	pop	{r4, pc}
100010f0:	f442 4200 	orr.w	r2, r2, #32768	@ 0x8000
100010f4:	8042      	strh	r2, [r0, #2]
100010f6:	2101      	movs	r1, #1
100010f8:	2200      	movs	r2, #0
100010fa:	6918      	ldr	r0, [r3, #16]
100010fc:	7199      	strb	r1, [r3, #6]
100010fe:	e8c0 2f8f 	stlb	r2, [r0]
10001102:	f38c 8810 	msr	PRIMASK, ip
10001106:	781c      	ldrb	r4, [r3, #0]
10001108:	68da      	ldr	r2, [r3, #12]
1000110a:	4608      	mov	r0, r1
1000110c:	f502 5301 	add.w	r3, r2, #8256	@ 0x2040
10001110:	40a1      	lsls	r1, r4
10001112:	6059      	str	r1, [r3, #4]
10001114:	bd10      	pop	{r4, pc}
10001116:	2000      	movs	r0, #0
10001118:	4770      	bx	lr
1000111a:	bf00      	nop

1000111c <alarm_pool_core_num>:
1000111c:	7840      	ldrb	r0, [r0, #1]
1000111e:	4770      	bx	lr

10001120 <sleep_us>:
10001120:	e92d 41f0 	stmdb	sp!, {r4, r5, r6, r7, r8, lr}
10001124:	b082      	sub	sp, #8
10001126:	4604      	mov	r4, r0
10001128:	460e      	mov	r6, r1
1000112a:	f000 f8e9 	bl	10001300 <time_us_64>
1000112e:	f04f 32ff 	mov.w	r2, #4294967295
10001132:	f06f 4300 	mvn.w	r3, #2147483648	@ 0x80000000
10001136:	1824      	adds	r4, r4, r0
10001138:	eb46 0601 	adc.w	r6, r6, r1
1000113c:	42a2      	cmp	r2, r4
1000113e:	eb73 0106 	sbcs.w	r1, r3, r6
10001142:	bf3c      	itt	cc
10001144:	4614      	movcc	r4, r2
10001146:	461e      	movcc	r6, r3
10001148:	1fa5      	subs	r5, r4, #6
1000114a:	f146 37ff 	adc.w	r7, r6, #4294967295
1000114e:	42ac      	cmp	r4, r5
10001150:	eb76 0307 	sbcs.w	r3, r6, r7
10001154:	bf3c      	itt	cc
10001156:	2500      	movcc	r5, #0
10001158:	462f      	movcc	r7, r5
1000115a:	f000 f8d1 	bl	10001300 <time_us_64>
1000115e:	1a28      	subs	r0, r5, r0
10001160:	eb67 0c01 	sbc.w	ip, r7, r1
10001164:	2801      	cmp	r0, #1
10001166:	f17c 0c00 	sbcs.w	ip, ip, #0
1000116a:	da06      	bge.n	1000117a <sleep_us+0x5a>
1000116c:	4620      	mov	r0, r4
1000116e:	4631      	mov	r1, r6
10001170:	b002      	add	sp, #8
10001172:	e8bd 41f0 	ldmia.w	sp!, {r4, r5, r6, r7, r8, lr}
10001176:	f000 b8cd 	b.w	10001314 <busy_wait_until>
1000117a:	f000 f8c1 	bl	10001300 <time_us_64>
1000117e:	4285      	cmp	r5, r0
10001180:	eb67 0101 	sbc.w	r1, r7, r1
10001184:	2900      	cmp	r1, #0
10001186:	db0a      	blt.n	1000119e <sleep_us+0x7e>
10001188:	2100      	movs	r1, #0
1000118a:	4b17      	ldr	r3, [pc, #92]	@ (100011e8 <sleep_us+0xc8>)
1000118c:	462a      	mov	r2, r5
1000118e:	9300      	str	r3, [sp, #0]
10001190:	4816      	ldr	r0, [pc, #88]	@ (100011ec <sleep_us+0xcc>)
10001192:	463b      	mov	r3, r7
10001194:	9101      	str	r1, [sp, #4]
10001196:	f7ff ff1d 	bl	10000fd4 <alarm_pool_add_alarm_at_force_in_context>
1000119a:	3001      	adds	r0, #1
1000119c:	d0e6      	beq.n	1000116c <sleep_us+0x4c>
1000119e:	f04f 0c00 	mov.w	ip, #0
100011a2:	4a13      	ldr	r2, [pc, #76]	@ (100011f0 <sleep_us+0xd0>)
100011a4:	4913      	ldr	r1, [pc, #76]	@ (100011f4 <sleep_us+0xd4>)
100011a6:	6a53      	ldr	r3, [r2, #36]	@ 0x24
100011a8:	429f      	cmp	r7, r3
100011aa:	d804      	bhi.n	100011b6 <sleep_us+0x96>
100011ac:	6a90      	ldr	r0, [r2, #40]	@ 0x28
100011ae:	42a8      	cmp	r0, r5
100011b0:	d2dc      	bcs.n	1000116c <sleep_us+0x4c>
100011b2:	429f      	cmp	r7, r3
100011b4:	d1da      	bne.n	1000116c <sleep_us+0x4c>
100011b6:	680b      	ldr	r3, [r1, #0]
100011b8:	f3ef 8010 	mrs	r0, PRIMASK
100011bc:	b672      	cpsid	i
100011be:	e8d3 8fcf 	ldaexb	r8, [r3]
100011c2:	f05f 0e01 	movs.w	lr, #1
100011c6:	f1b8 0f00 	cmp.w	r8, #0
100011ca:	d1f8      	bne.n	100011be <sleep_us+0x9e>
100011cc:	e8c3 ef48 	strexb	r8, lr, [r3]
100011d0:	f1b8 0f00 	cmp.w	r8, #0
100011d4:	d1f3      	bne.n	100011be <sleep_us+0x9e>
100011d6:	f3bf 8f5f 	dmb	sy
100011da:	680b      	ldr	r3, [r1, #0]
100011dc:	e8c3 cf8f 	stlb	ip, [r3]
100011e0:	f380 8810 	msr	PRIMASK, r0
100011e4:	bf20      	wfe
100011e6:	e7de      	b.n	100011a6 <sleep_us+0x86>
100011e8:	10000ac5 	.word	0x10000ac5
100011ec:	20001544 	.word	0x20001544
100011f0:	400b0000 	.word	0x400b0000
100011f4:	20002970 	.word	0x20002970

100011f8 <best_effort_wfe_or_timeout>:
100011f8:	e92d 43f0 	stmdb	sp!, {r4, r5, r6, r7, r8, r9, lr}
100011fc:	4606      	mov	r6, r0
100011fe:	460d      	mov	r5, r1
10001200:	b083      	sub	sp, #12
10001202:	f3ef 8405 	mrs	r4, IPSR
10001206:	b2e4      	uxtb	r4, r4
10001208:	b13c      	cbz	r4, 1000121a <best_effort_wfe_or_timeout+0x22>
1000120a:	4b2d      	ldr	r3, [pc, #180]	@ (100012c0 <best_effort_wfe_or_timeout+0xc8>)
1000120c:	6a5a      	ldr	r2, [r3, #36]	@ 0x24
1000120e:	42aa      	cmp	r2, r5
10001210:	d21c      	bcs.n	1000124c <best_effort_wfe_or_timeout+0x54>
10001212:	2000      	movs	r0, #0
10001214:	b003      	add	sp, #12
10001216:	e8bd 83f0 	ldmia.w	sp!, {r4, r5, r6, r7, r8, r9, pc}
1000121a:	4f2a      	ldr	r7, [pc, #168]	@ (100012c4 <best_effort_wfe_or_timeout+0xcc>)
1000121c:	f8d7 900c 	ldr.w	r9, [r7, #12]
10001220:	f897 8000 	ldrb.w	r8, [r7]
10001224:	4648      	mov	r0, r9
10001226:	f000 f863 	bl	100012f0 <timer_time_us_64>
1000122a:	f108 0804 	add.w	r8, r8, #4
1000122e:	f859 3028 	ldr.w	r3, [r9, r8, lsl #2]
10001232:	1a1b      	subs	r3, r3, r0
10001234:	1a30      	subs	r0, r6, r0
10001236:	eb65 0101 	sbc.w	r1, r5, r1
1000123a:	4298      	cmp	r0, r3
1000123c:	f171 0100 	sbcs.w	r1, r1, #0
10001240:	db10      	blt.n	10001264 <best_effort_wfe_or_timeout+0x6c>
10001242:	bf20      	wfe
10001244:	4b1e      	ldr	r3, [pc, #120]	@ (100012c0 <best_effort_wfe_or_timeout+0xc8>)
10001246:	6a5a      	ldr	r2, [r3, #36]	@ 0x24
10001248:	42aa      	cmp	r2, r5
1000124a:	d3e2      	bcc.n	10001212 <best_effort_wfe_or_timeout+0x1a>
1000124c:	bf14      	ite	ne
1000124e:	2401      	movne	r4, #1
10001250:	2400      	moveq	r4, #0
10001252:	6a9b      	ldr	r3, [r3, #40]	@ 0x28
10001254:	42b3      	cmp	r3, r6
10001256:	bf34      	ite	cc
10001258:	4620      	movcc	r0, r4
1000125a:	f044 0001 	orrcs.w	r0, r4, #1
1000125e:	b003      	add	sp, #12
10001260:	e8bd 83f0 	ldmia.w	sp!, {r4, r5, r6, r7, r8, r9, pc}
10001264:	f000 f84c 	bl	10001300 <time_us_64>
10001268:	4286      	cmp	r6, r0
1000126a:	eb65 0101 	sbc.w	r1, r5, r1
1000126e:	2900      	cmp	r1, #0
10001270:	db14      	blt.n	1000129c <best_effort_wfe_or_timeout+0xa4>
10001272:	4b15      	ldr	r3, [pc, #84]	@ (100012c8 <best_effort_wfe_or_timeout+0xd0>)
10001274:	4638      	mov	r0, r7
10001276:	e9cd 3400 	strd	r3, r4, [sp]
1000127a:	4632      	mov	r2, r6
1000127c:	462b      	mov	r3, r5
1000127e:	f7ff fea9 	bl	10000fd4 <alarm_pool_add_alarm_at_force_in_context>
10001282:	1e01      	subs	r1, r0, #0
10001284:	dd0a      	ble.n	1000129c <best_effort_wfe_or_timeout+0xa4>
10001286:	4b0e      	ldr	r3, [pc, #56]	@ (100012c0 <best_effort_wfe_or_timeout+0xc8>)
10001288:	6a5a      	ldr	r2, [r3, #36]	@ 0x24
1000128a:	42aa      	cmp	r2, r5
1000128c:	d316      	bcc.n	100012bc <best_effort_wfe_or_timeout+0xc4>
1000128e:	6a9b      	ldr	r3, [r3, #40]	@ 0x28
10001290:	42b3      	cmp	r3, r6
10001292:	d311      	bcc.n	100012b8 <best_effort_wfe_or_timeout+0xc0>
10001294:	480b      	ldr	r0, [pc, #44]	@ (100012c4 <best_effort_wfe_or_timeout+0xcc>)
10001296:	f7ff ff01 	bl	1000109c <alarm_pool_cancel_alarm>
1000129a:	e7b6      	b.n	1000120a <best_effort_wfe_or_timeout+0x12>
1000129c:	4b08      	ldr	r3, [pc, #32]	@ (100012c0 <best_effort_wfe_or_timeout+0xc8>)
1000129e:	6a5c      	ldr	r4, [r3, #36]	@ 0x24
100012a0:	42ac      	cmp	r4, r5
100012a2:	d3b6      	bcc.n	10001212 <best_effort_wfe_or_timeout+0x1a>
100012a4:	1b64      	subs	r4, r4, r5
100012a6:	bf18      	it	ne
100012a8:	2401      	movne	r4, #1
100012aa:	6a9b      	ldr	r3, [r3, #40]	@ 0x28
100012ac:	42b3      	cmp	r3, r6
100012ae:	bf34      	ite	cc
100012b0:	4620      	movcc	r0, r4
100012b2:	f044 0001 	orrcs.w	r0, r4, #1
100012b6:	e7ad      	b.n	10001214 <best_effort_wfe_or_timeout+0x1c>
100012b8:	42aa      	cmp	r2, r5
100012ba:	d1eb      	bne.n	10001294 <best_effort_wfe_or_timeout+0x9c>
100012bc:	bf20      	wfe
100012be:	e7e9      	b.n	10001294 <best_effort_wfe_or_timeout+0x9c>
100012c0:	400b0000 	.word	0x400b0000
100012c4:	20001544 	.word	0x20001544
100012c8:	10000ac5 	.word	0x10000ac5

100012cc <timer_hardware_alarm_claim>:
100012cc:	b410      	push	{r4}
100012ce:	4b05      	ldr	r3, [pc, #20]	@ (100012e4 <timer_hardware_alarm_claim+0x18>)
100012d0:	4c05      	ldr	r4, [pc, #20]	@ (100012e8 <timer_hardware_alarm_claim+0x1c>)
100012d2:	4a06      	ldr	r2, [pc, #24]	@ (100012ec <timer_hardware_alarm_claim+0x20>)
100012d4:	42a0      	cmp	r0, r4
100012d6:	bf14      	ite	ne
100012d8:	4618      	movne	r0, r3
100012da:	1c58      	addeq	r0, r3, #1
100012dc:	f85d 4b04 	ldr.w	r4, [sp], #4
100012e0:	f7ff b90c 	b.w	100004fc <hw_claim_or_assert>
100012e4:	20002414 	.word	0x20002414
100012e8:	400b8000 	.word	0x400b8000
100012ec:	10008fdc 	.word	0x10008fdc

100012f0 <timer_time_us_64>:
100012f0:	4603      	mov	r3, r0
100012f2:	6a41      	ldr	r1, [r0, #36]	@ 0x24
100012f4:	460a      	mov	r2, r1
100012f6:	6a98      	ldr	r0, [r3, #40]	@ 0x28
100012f8:	6a59      	ldr	r1, [r3, #36]	@ 0x24
100012fa:	428a      	cmp	r2, r1
100012fc:	d1fa      	bne.n	100012f4 <timer_time_us_64+0x4>
100012fe:	4770      	bx	lr

10001300 <time_us_64>:
10001300:	4b03      	ldr	r3, [pc, #12]	@ (10001310 <time_us_64+0x10>)
10001302:	6a59      	ldr	r1, [r3, #36]	@ 0x24
10001304:	460a      	mov	r2, r1
10001306:	6a98      	ldr	r0, [r3, #40]	@ 0x28
10001308:	6a59      	ldr	r1, [r3, #36]	@ 0x24
1000130a:	4291      	cmp	r1, r2
1000130c:	d1fa      	bne.n	10001304 <time_us_64+0x4>
1000130e:	4770      	bx	lr
10001310:	400b0000 	.word	0x400b0000

10001314 <busy_wait_until>:
10001314:	4a07      	ldr	r2, [pc, #28]	@ (10001334 <busy_wait_until+0x20>)
10001316:	6a53      	ldr	r3, [r2, #36]	@ 0x24
10001318:	4299      	cmp	r1, r3
1000131a:	d8fc      	bhi.n	10001316 <busy_wait_until+0x2>
1000131c:	4299      	cmp	r1, r3
1000131e:	d107      	bne.n	10001330 <busy_wait_until+0x1c>
10001320:	4b04      	ldr	r3, [pc, #16]	@ (10001334 <busy_wait_until+0x20>)
10001322:	e002      	b.n	1000132a <busy_wait_until+0x16>
10001324:	6a5a      	ldr	r2, [r3, #36]	@ 0x24
10001326:	4291      	cmp	r1, r2
10001328:	d102      	bne.n	10001330 <busy_wait_until+0x1c>
1000132a:	6a9a      	ldr	r2, [r3, #40]	@ 0x28
1000132c:	4290      	cmp	r0, r2
1000132e:	d8f9      	bhi.n	10001324 <busy_wait_until+0x10>
10001330:	4770      	bx	lr
10001332:	bf00      	nop
10001334:	400b0000 	.word	0x400b0000

10001338 <clock_configure_undivided>:
10001338:	eb00 0c40 	add.w	ip, r0, r0, lsl #1
1000133c:	ea4f 0c8c 	mov.w	ip, ip, lsl #2
10001340:	f10c 4c80 	add.w	ip, ip, #1073741824	@ 0x40000000
10001344:	f50c 3c80 	add.w	ip, ip, #65536	@ 0x10000
10001348:	b5f0      	push	{r4, r5, r6, r7, lr}
1000134a:	4616      	mov	r6, r2
1000134c:	f8dc 2004 	ldr.w	r2, [ip, #4]
10001350:	1f05      	subs	r5, r0, #4
10001352:	f5b2 3f80 	cmp.w	r2, #65536	@ 0x10000
10001356:	bf38      	it	cc
10001358:	f44f 3280 	movcc.w	r2, #65536	@ 0x10000
1000135c:	b2ed      	uxtb	r5, r5
1000135e:	bf38      	it	cc
10001360:	f8cc 2004 	strcc.w	r2, [ip, #4]
10001364:	2d01      	cmp	r5, #1
10001366:	d92a      	bls.n	100013be <clock_configure_undivided+0x86>
10001368:	f44f 6700 	mov.w	r7, #2048	@ 0x800
1000136c:	4c25      	ldr	r4, [pc, #148]	@ (10001404 <clock_configure_undivided+0xcc>)
1000136e:	f50c 5240 	add.w	r2, ip, #12288	@ 0x3000
10001372:	6017      	str	r7, [r2, #0]
10001374:	f854 2020 	ldr.w	r2, [r4, r0, lsl #2]
10001378:	b9b2      	cbnz	r2, 100013a8 <clock_configure_undivided+0x70>
1000137a:	f8dc 2000 	ldr.w	r2, [ip]
1000137e:	2d01      	cmp	r5, #1
10001380:	ea82 1246 	eor.w	r2, r2, r6, lsl #5
10001384:	f002 02e0 	and.w	r2, r2, #224	@ 0xe0
10001388:	f50c 5680 	add.w	r6, ip, #4096	@ 0x1000
1000138c:	6032      	str	r2, [r6, #0]
1000138e:	d92a      	bls.n	100013e6 <clock_configure_undivided+0xae>
10001390:	f44f 6100 	mov.w	r1, #2048	@ 0x800
10001394:	f844 3020 	str.w	r3, [r4, r0, lsl #2]
10001398:	f44f 3380 	mov.w	r3, #65536	@ 0x10000
1000139c:	f50c 5200 	add.w	r2, ip, #8192	@ 0x2000
100013a0:	6011      	str	r1, [r2, #0]
100013a2:	f8cc 3004 	str.w	r3, [ip, #4]
100013a6:	bdf0      	pop	{r4, r5, r6, r7, pc}
100013a8:	6967      	ldr	r7, [r4, #20]
100013aa:	fbb7 fef2 	udiv	lr, r7, r2
100013ae:	f10e 0e01 	add.w	lr, lr, #1
100013b2:	eb0e 0e4e 	add.w	lr, lr, lr, lsl #1
100013b6:	f1be 0e03 	subs.w	lr, lr, #3
100013ba:	d2fc      	bcs.n	100013b6 <clock_configure_undivided+0x7e>
100013bc:	e7dd      	b.n	1000137a <clock_configure_undivided+0x42>
100013be:	2901      	cmp	r1, #1
100013c0:	d1d2      	bne.n	10001368 <clock_configure_undivided+0x30>
100013c2:	2403      	movs	r4, #3
100013c4:	f50c 5240 	add.w	r2, ip, #12288	@ 0x3000
100013c8:	6014      	str	r4, [r2, #0]
100013ca:	f8dc 2008 	ldr.w	r2, [ip, #8]
100013ce:	07d2      	lsls	r2, r2, #31
100013d0:	d5fb      	bpl.n	100013ca <clock_configure_undivided+0x92>
100013d2:	f8dc 2000 	ldr.w	r2, [ip]
100013d6:	4c0b      	ldr	r4, [pc, #44]	@ (10001404 <clock_configure_undivided+0xcc>)
100013d8:	ea82 1246 	eor.w	r2, r2, r6, lsl #5
100013dc:	f002 02e0 	and.w	r2, r2, #224	@ 0xe0
100013e0:	f50c 5680 	add.w	r6, ip, #4096	@ 0x1000
100013e4:	6032      	str	r2, [r6, #0]
100013e6:	2201      	movs	r2, #1
100013e8:	f8dc 5000 	ldr.w	r5, [ip]
100013ec:	404d      	eors	r5, r1
100013ee:	f005 0503 	and.w	r5, r5, #3
100013f2:	6035      	str	r5, [r6, #0]
100013f4:	fa02 f101 	lsl.w	r1, r2, r1
100013f8:	f8dc 2008 	ldr.w	r2, [ip, #8]
100013fc:	420a      	tst	r2, r1
100013fe:	d0fb      	beq.n	100013f8 <clock_configure_undivided+0xc0>
10001400:	e7c6      	b.n	10001390 <clock_configure_undivided+0x58>
10001402:	bf00      	nop
10001404:	2000241c 	.word	0x2000241c

10001408 <clock_get_hz>:
10001408:	4b01      	ldr	r3, [pc, #4]	@ (10001410 <clock_get_hz+0x8>)
1000140a:	f853 0020 	ldr.w	r0, [r3, r0, lsl #2]
1000140e:	4770      	bx	lr
10001410:	2000241c 	.word	0x2000241c

10001414 <pll_init>:
10001414:	b470      	push	{r4, r5, r6}
10001416:	9d03      	ldr	r5, [sp, #12]
10001418:	6804      	ldr	r4, [r0, #0]
1000141a:	032d      	lsls	r5, r5, #12
1000141c:	ea45 4503 	orr.w	r5, r5, r3, lsl #16
10001420:	4b1b      	ldr	r3, [pc, #108]	@ (10001490 <pll_init+0x7c>)
10001422:	2c00      	cmp	r4, #0
10001424:	fbb3 f3f1 	udiv	r3, r3, r1
10001428:	fbb2 f6f3 	udiv	r6, r2, r3
1000142c:	db1f      	blt.n	1000146e <pll_init+0x5a>
1000142e:	4a19      	ldr	r2, [pc, #100]	@ (10001494 <pll_init+0x80>)
10001430:	4b19      	ldr	r3, [pc, #100]	@ (10001498 <pll_init+0x84>)
10001432:	4290      	cmp	r0, r2
10001434:	bf14      	ite	ne
10001436:	f44f 4280 	movne.w	r2, #16384	@ 0x4000
1000143a:	f44f 4200 	moveq.w	r2, #32768	@ 0x8000
1000143e:	4c17      	ldr	r4, [pc, #92]	@ (1000149c <pll_init+0x88>)
10001440:	601a      	str	r2, [r3, #0]
10001442:	f503 5380 	add.w	r3, r3, #4096	@ 0x1000
10001446:	601a      	str	r2, [r3, #0]
10001448:	68a3      	ldr	r3, [r4, #8]
1000144a:	ea32 0303 	bics.w	r3, r2, r3
1000144e:	d1fb      	bne.n	10001448 <pll_init+0x34>
10001450:	2221      	movs	r2, #33	@ 0x21
10001452:	f500 5340 	add.w	r3, r0, #12288	@ 0x3000
10001456:	3304      	adds	r3, #4
10001458:	6001      	str	r1, [r0, #0]
1000145a:	6086      	str	r6, [r0, #8]
1000145c:	601a      	str	r2, [r3, #0]
1000145e:	6802      	ldr	r2, [r0, #0]
10001460:	2a00      	cmp	r2, #0
10001462:	dafc      	bge.n	1000145e <pll_init+0x4a>
10001464:	2208      	movs	r2, #8
10001466:	60c5      	str	r5, [r0, #12]
10001468:	601a      	str	r2, [r3, #0]
1000146a:	bc70      	pop	{r4, r5, r6}
1000146c:	4770      	bx	lr
1000146e:	6803      	ldr	r3, [r0, #0]
10001470:	f003 033f 	and.w	r3, r3, #63	@ 0x3f
10001474:	428b      	cmp	r3, r1
10001476:	d1da      	bne.n	1000142e <pll_init+0x1a>
10001478:	6883      	ldr	r3, [r0, #8]
1000147a:	f3c3 030b 	ubfx	r3, r3, #0, #12
1000147e:	42b3      	cmp	r3, r6
10001480:	d1d5      	bne.n	1000142e <pll_init+0x1a>
10001482:	68c3      	ldr	r3, [r0, #12]
10001484:	f403 23ee 	and.w	r3, r3, #487424	@ 0x77000
10001488:	42ab      	cmp	r3, r5
1000148a:	d1d0      	bne.n	1000142e <pll_init+0x1a>
1000148c:	e7ed      	b.n	1000146a <pll_init+0x56>
1000148e:	bf00      	nop
10001490:	00b71b00 	.word	0x00b71b00
10001494:	40058000 	.word	0x40058000
10001498:	40022000 	.word	0x40022000
1000149c:	40020000 	.word	0x40020000

100014a0 <watchdog_reboot>:
100014a0:	b430      	push	{r4, r5}
100014a2:	f04f 4480 	mov.w	r4, #1073741824	@ 0x40000000
100014a6:	4b1c      	ldr	r3, [pc, #112]	@ (10001518 <watchdog_reboot+0x78>)
100014a8:	601c      	str	r4, [r3, #0]
100014aa:	b1e0      	cbz	r0, 100014e6 <watchdog_reboot+0x46>
100014ac:	4c1b      	ldr	r4, [pc, #108]	@ (1000151c <watchdog_reboot+0x7c>)
100014ae:	f5a3 5340 	sub.w	r3, r3, #12288	@ 0x3000
100014b2:	61dc      	str	r4, [r3, #28]
100014b4:	4c1a      	ldr	r4, [pc, #104]	@ (10001520 <watchdog_reboot+0x80>)
100014b6:	f040 0001 	orr.w	r0, r0, #1
100014ba:	4044      	eors	r4, r0
100014bc:	621c      	str	r4, [r3, #32]
100014be:	6259      	str	r1, [r3, #36]	@ 0x24
100014c0:	6298      	str	r0, [r3, #40]	@ 0x28
100014c2:	f04f 4580 	mov.w	r5, #1073741824	@ 0x40000000
100014c6:	f04f 61e0 	mov.w	r1, #117440512	@ 0x7000000
100014ca:	4b13      	ldr	r3, [pc, #76]	@ (10001518 <watchdog_reboot+0x78>)
100014cc:	4815      	ldr	r0, [pc, #84]	@ (10001524 <watchdog_reboot+0x84>)
100014ce:	4c16      	ldr	r4, [pc, #88]	@ (10001528 <watchdog_reboot+0x88>)
100014d0:	601d      	str	r5, [r3, #0]
100014d2:	6084      	str	r4, [r0, #8]
100014d4:	6019      	str	r1, [r3, #0]
100014d6:	b94a      	cbnz	r2, 100014ec <watchdog_reboot+0x4c>
100014d8:	bc30      	pop	{r4, r5}
100014da:	f04f 4200 	mov.w	r2, #2147483648	@ 0x80000000
100014de:	f5a3 5380 	sub.w	r3, r3, #4096	@ 0x1000
100014e2:	601a      	str	r2, [r3, #0]
100014e4:	4770      	bx	lr
100014e6:	4b11      	ldr	r3, [pc, #68]	@ (1000152c <watchdog_reboot+0x8c>)
100014e8:	61d8      	str	r0, [r3, #28]
100014ea:	e7ea      	b.n	100014c2 <watchdog_reboot+0x22>
100014ec:	f44f 737a 	mov.w	r3, #1000	@ 0x3e8
100014f0:	fb03 f202 	mul.w	r2, r3, r2
100014f4:	f1b2 7f80 	cmp.w	r2, #16777216	@ 0x1000000
100014f8:	bf2a      	itet	cs
100014fa:	f06f 437f 	mvncs.w	r3, #4278190080	@ 0xff000000
100014fe:	4613      	movcc	r3, r2
10001500:	461a      	movcs	r2, r3
10001502:	f04f 4180 	mov.w	r1, #1073741824	@ 0x40000000
10001506:	4c0a      	ldr	r4, [pc, #40]	@ (10001530 <watchdog_reboot+0x90>)
10001508:	4808      	ldr	r0, [pc, #32]	@ (1000152c <watchdog_reboot+0x8c>)
1000150a:	6023      	str	r3, [r4, #0]
1000150c:	4b09      	ldr	r3, [pc, #36]	@ (10001534 <watchdog_reboot+0x94>)
1000150e:	6042      	str	r2, [r0, #4]
10001510:	bc30      	pop	{r4, r5}
10001512:	6019      	str	r1, [r3, #0]
10001514:	4770      	bx	lr
10001516:	bf00      	nop
10001518:	400db000 	.word	0x400db000
1000151c:	b007c0d3 	.word	0xb007c0d3
10001520:	4ff83f2d 	.word	0x4ff83f2d
10001524:	4001a000 	.word	0x4001a000
10001528:	01fffff3 	.word	0x01fffff3
1000152c:	400d8000 	.word	0x400d8000
10001530:	2000288c 	.word	0x2000288c
10001534:	400da000 	.word	0x400da000

10001538 <tick_start>:
10001538:	2301      	movs	r3, #1
1000153a:	eb00 0040 	add.w	r0, r0, r0, lsl #1
1000153e:	0080      	lsls	r0, r0, #2
10001540:	f100 4080 	add.w	r0, r0, #1073741824	@ 0x40000000
10001544:	f500 1084 	add.w	r0, r0, #1081344	@ 0x108000
10001548:	6041      	str	r1, [r0, #4]
1000154a:	6003      	str	r3, [r0, #0]
1000154c:	4770      	bx	lr
1000154e:	bf00      	nop

10001550 <rom_reboot.constprop.0.isra.0>:
10001550:	2300      	movs	r3, #0
10001552:	b570      	push	{r4, r5, r6, lr}
10001554:	8adb      	ldrh	r3, [r3, #22]
10001556:	4604      	mov	r4, r0
10001558:	460d      	mov	r5, r1
1000155a:	2200      	movs	r2, #0
1000155c:	e842 f200 	tt	r2, r2
10001560:	0252      	lsls	r2, r2, #9
10001562:	bf54      	ite	pl
10001564:	2110      	movpl	r1, #16
10001566:	2104      	movmi	r1, #4
10001568:	f244 2052 	movw	r0, #16978	@ 0x4252
1000156c:	4798      	blx	r3
1000156e:	4686      	mov	lr, r0
10001570:	462b      	mov	r3, r5
10001572:	4622      	mov	r2, r4
10001574:	46f4      	mov	ip, lr
10001576:	e8bd 4070 	ldmia.w	sp!, {r4, r5, r6, lr}
1000157a:	210a      	movs	r1, #10
1000157c:	f44f 7081 	mov.w	r0, #258	@ 0x102
10001580:	4760      	bx	ip
10001582:	bf00      	nop

10001584 <rom_func_lookup>:
10001584:	2300      	movs	r3, #0
10001586:	8adb      	ldrh	r3, [r3, #22]
10001588:	2200      	movs	r2, #0
1000158a:	e842 f200 	tt	r2, r2
1000158e:	0252      	lsls	r2, r2, #9
10001590:	d401      	bmi.n	10001596 <rom_func_lookup+0x12>
10001592:	2110      	movs	r1, #16
10001594:	4718      	bx	r3
10001596:	2104      	movs	r1, #4
10001598:	4718      	bx	r3
1000159a:	bf00      	nop

1000159c <rom_reset_usb_boot_extra>:
1000159c:	b508      	push	{r3, lr}
1000159e:	4603      	mov	r3, r0
100015a0:	4608      	mov	r0, r1
100015a2:	1e19      	subs	r1, r3, #0
100015a4:	db02      	blt.n	100015ac <rom_reset_usb_boot_extra+0x10>
100015a6:	b11a      	cbz	r2, 100015b0 <rom_reset_usb_boot_extra+0x14>
100015a8:	f040 0030 	orr.w	r0, r0, #48	@ 0x30
100015ac:	f7ff ffd0 	bl	10001550 <rom_reboot.constprop.0.isra.0>
100015b0:	f040 0020 	orr.w	r0, r0, #32
100015b4:	e7fa      	b.n	100015ac <rom_reset_usb_boot_extra+0x10>
100015b6:	bf00      	nop

100015b8 <runtime_init_bootrom_locking_enable>:
100015b8:	4a03      	ldr	r2, [pc, #12]	@ (100015c8 <runtime_init_bootrom_locking_enable+0x10>)
100015ba:	f8d2 3828 	ldr.w	r3, [r2, #2088]	@ 0x828
100015be:	2b00      	cmp	r3, #0
100015c0:	d0fb      	beq.n	100015ba <runtime_init_bootrom_locking_enable+0x2>
100015c2:	f3bf 8f5f 	dmb	sy
100015c6:	4770      	bx	lr
100015c8:	400e0000 	.word	0x400e0000

100015cc <runtime_init_boot_locks_reset>:
100015cc:	2100      	movs	r1, #0
100015ce:	4b04      	ldr	r3, [pc, #16]	@ (100015e0 <runtime_init_boot_locks_reset+0x14>)
100015d0:	4a04      	ldr	r2, [pc, #16]	@ (100015e4 <runtime_init_boot_locks_reset+0x18>)
100015d2:	f3bf 8f5f 	dmb	sy
100015d6:	f843 1b04 	str.w	r1, [r3], #4
100015da:	4293      	cmp	r3, r2
100015dc:	d1f9      	bne.n	100015d2 <runtime_init_boot_locks_reset+0x6>
100015de:	4770      	bx	lr
100015e0:	400e080c 	.word	0x400e080c
100015e4:	400e082c 	.word	0x400e082c

100015e8 <xosc_init>:
100015e8:	b410      	push	{r4}
100015ea:	f44f 708d 	mov.w	r0, #282	@ 0x11a
100015ee:	f44f 642a 	mov.w	r4, #2720	@ 0xaa0
100015f2:	4a06      	ldr	r2, [pc, #24]	@ (1000160c <xosc_init+0x24>)
100015f4:	4b06      	ldr	r3, [pc, #24]	@ (10001610 <xosc_init+0x28>)
100015f6:	4907      	ldr	r1, [pc, #28]	@ (10001614 <xosc_init+0x2c>)
100015f8:	6014      	str	r4, [r2, #0]
100015fa:	60d0      	str	r0, [r2, #12]
100015fc:	6019      	str	r1, [r3, #0]
100015fe:	6853      	ldr	r3, [r2, #4]
10001600:	2b00      	cmp	r3, #0
10001602:	dafc      	bge.n	100015fe <xosc_init+0x16>
10001604:	f85d 4b04 	ldr.w	r4, [sp], #4
10001608:	4770      	bx	lr
1000160a:	bf00      	nop
1000160c:	40048000 	.word	0x40048000
10001610:	4004a000 	.word	0x4004a000
10001614:	00fab000 	.word	0x00fab000

10001618 <first_per_core_initializer>:
10001618:	4770      	bx	lr
1000161a:	bf00      	nop

1000161c <hard_assertion_failure>:
1000161c:	b508      	push	{r3, lr}
1000161e:	4801      	ldr	r0, [pc, #4]	@ (10001624 <hard_assertion_failure+0x8>)
10001620:	f7fe ff54 	bl	100004cc <panic>
10001624:	10009000 	.word	0x10009000

10001628 <runtime_run_initializers>:
10001628:	b538      	push	{r3, r4, r5, lr}
1000162a:	4c05      	ldr	r4, [pc, #20]	@ (10001640 <runtime_run_initializers+0x18>)
1000162c:	4d05      	ldr	r5, [pc, #20]	@ (10001644 <runtime_run_initializers+0x1c>)
1000162e:	42ac      	cmp	r4, r5
10001630:	d204      	bcs.n	1000163c <runtime_run_initializers+0x14>
10001632:	f854 3b04 	ldr.w	r3, [r4], #4
10001636:	4798      	blx	r3
10001638:	42ac      	cmp	r4, r5
1000163a:	d3fa      	bcc.n	10001632 <runtime_run_initializers+0xa>
1000163c:	bd38      	pop	{r3, r4, r5, pc}
1000163e:	bf00      	nop
10001640:	10008ef8 	.word	0x10008ef8
10001644:	10008f38 	.word	0x10008f38

10001648 <runtime_init_early_resets>:
10001648:	b410      	push	{r4}
1000164a:	4807      	ldr	r0, [pc, #28]	@ (10001668 <runtime_init_early_resets+0x20>)
1000164c:	4c07      	ldr	r4, [pc, #28]	@ (1000166c <runtime_init_early_resets+0x24>)
1000164e:	4b08      	ldr	r3, [pc, #32]	@ (10001670 <runtime_init_early_resets+0x28>)
10001650:	4a08      	ldr	r2, [pc, #32]	@ (10001674 <runtime_init_early_resets+0x2c>)
10001652:	4909      	ldr	r1, [pc, #36]	@ (10001678 <runtime_init_early_resets+0x30>)
10001654:	6004      	str	r4, [r0, #0]
10001656:	601a      	str	r2, [r3, #0]
10001658:	688b      	ldr	r3, [r1, #8]
1000165a:	ea32 0303 	bics.w	r3, r2, r3
1000165e:	d1fb      	bne.n	10001658 <runtime_init_early_resets+0x10>
10001660:	f85d 4b04 	ldr.w	r4, [sp], #4
10001664:	4770      	bx	lr
10001666:	bf00      	nop
10001668:	40022000 	.word	0x40022000
1000166c:	efef3b7f 	.word	0xefef3b7f
10001670:	40023000 	.word	0x40023000
10001674:	03f3fff6 	.word	0x03f3fff6
10001678:	40020000 	.word	0x40020000

1000167c <runtime_init_usb_power_down>:
1000167c:	4b04      	ldr	r3, [pc, #16]	@ (10001690 <runtime_init_usb_power_down+0x14>)
1000167e:	6cdb      	ldr	r3, [r3, #76]	@ 0x4c
10001680:	f5b3 4f00 	cmp.w	r3, #32768	@ 0x8000
10001684:	d103      	bne.n	1000168e <runtime_init_usb_power_down+0x12>
10001686:	f44f 2280 	mov.w	r2, #262144	@ 0x40000
1000168a:	4b02      	ldr	r3, [pc, #8]	@ (10001694 <runtime_init_usb_power_down+0x18>)
1000168c:	64da      	str	r2, [r3, #76]	@ 0x4c
1000168e:	4770      	bx	lr
10001690:	50110000 	.word	0x50110000
10001694:	50112000 	.word	0x50112000

10001698 <runtime_init_per_core_enable_coprocessors>:
10001698:	f04f 22e0 	mov.w	r2, #3758153728	@ 0xe000e000
1000169c:	4b04      	ldr	r3, [pc, #16]	@ (100016b0 <runtime_init_per_core_enable_coprocessors+0x18>)
1000169e:	f8d2 1d88 	ldr.w	r1, [r2, #3464]	@ 0xd88
100016a2:	430b      	orrs	r3, r1
100016a4:	f8c2 3d88 	str.w	r3, [r2, #3464]	@ 0xd88
100016a8:	ee10 0430 			dcp_rcmp r0
100016ac:	4770      	bx	lr
100016ae:	bf00      	nop
100016b0:	00300303 	.word	0x00300303

100016b4 <runtime_init_post_clock_resets>:
100016b4:	f06f 4160 	mvn.w	r1, #3758096384	@ 0xe0000000
100016b8:	4b04      	ldr	r3, [pc, #16]	@ (100016cc <runtime_init_post_clock_resets+0x18>)
100016ba:	4a05      	ldr	r2, [pc, #20]	@ (100016d0 <runtime_init_post_clock_resets+0x1c>)
100016bc:	6019      	str	r1, [r3, #0]
100016be:	6893      	ldr	r3, [r2, #8]
100016c0:	43db      	mvns	r3, r3
100016c2:	f033 4360 	bics.w	r3, r3, #3758096384	@ 0xe0000000
100016c6:	d1fa      	bne.n	100016be <runtime_init_post_clock_resets+0xa>
100016c8:	4770      	bx	lr
100016ca:	bf00      	nop
100016cc:	40023000 	.word	0x40023000
100016d0:	40020000 	.word	0x40020000

100016d4 <runtime_init_bootrom_reset>:
100016d4:	b510      	push	{r4, lr}
100016d6:	f245 2053 	movw	r0, #21075	@ 0x5253
100016da:	f7ff ff53 	bl	10001584 <rom_func_lookup>
100016de:	e8bd 4010 	ldmia.w	sp!, {r4, lr}
100016e2:	4603      	mov	r3, r0
100016e4:	2004      	movs	r0, #4
100016e6:	4718      	bx	r3

100016e8 <runtime_init_per_core_bootrom_reset>:
100016e8:	b510      	push	{r4, lr}
100016ea:	f245 2053 	movw	r0, #21075	@ 0x5253
100016ee:	f7ff ff49 	bl	10001584 <rom_func_lookup>
100016f2:	e8bd 4010 	ldmia.w	sp!, {r4, lr}
100016f6:	4603      	mov	r3, r0
100016f8:	2001      	movs	r0, #1
100016fa:	4718      	bx	r3

100016fc <runtime_init_spin_locks_reset>:
100016fc:	f7fe bf8e 	b.w	1000061c <spin_locks_reset>

10001700 <runtime_init_install_ram_vector_table>:
10001700:	b510      	push	{r4, lr}
10001702:	4b05      	ldr	r3, [pc, #20]	@ (10001718 <runtime_init_install_ram_vector_table+0x18>)
10001704:	4c05      	ldr	r4, [pc, #20]	@ (1000171c <runtime_init_install_ram_vector_table+0x1c>)
10001706:	f44f 7288 	mov.w	r2, #272	@ 0x110
1000170a:	4618      	mov	r0, r3
1000170c:	68a1      	ldr	r1, [r4, #8]
1000170e:	f007 f9cf 	bl	10008ab0 <memcpy>
10001712:	60a0      	str	r0, [r4, #8]
10001714:	bd10      	pop	{r4, pc}
10001716:	bf00      	nop
10001718:	20000000 	.word	0x20000000
1000171c:	e000ed00 	.word	0xe000ed00

10001720 <runtime_init_clocks>:
10001720:	2300      	movs	r3, #0
10001722:	b570      	push	{r4, r5, r6, lr}
10001724:	4c2b      	ldr	r4, [pc, #172]	@ (100017d4 <runtime_init_clocks+0xb4>)
10001726:	b082      	sub	sp, #8
10001728:	f8c4 3084 	str.w	r3, [r4, #132]	@ 0x84
1000172c:	f7ff ff5c 	bl	100015e8 <xosc_init>
10001730:	2201      	movs	r2, #1
10001732:	4b29      	ldr	r3, [pc, #164]	@ (100017d8 <runtime_init_clocks+0xb8>)
10001734:	63da      	str	r2, [r3, #60]	@ 0x3c
10001736:	6c63      	ldr	r3, [r4, #68]	@ 0x44
10001738:	2b01      	cmp	r3, #1
1000173a:	d1fc      	bne.n	10001736 <runtime_init_clocks+0x16>
1000173c:	2103      	movs	r1, #3
1000173e:	4a26      	ldr	r2, [pc, #152]	@ (100017d8 <runtime_init_clocks+0xb8>)
10001740:	4b24      	ldr	r3, [pc, #144]	@ (100017d4 <runtime_init_clocks+0xb4>)
10001742:	6311      	str	r1, [r2, #48]	@ 0x30
10001744:	6b9c      	ldr	r4, [r3, #56]	@ 0x38
10001746:	2c01      	cmp	r4, #1
10001748:	d1fc      	bne.n	10001744 <runtime_init_clocks+0x24>
1000174a:	2602      	movs	r6, #2
1000174c:	2505      	movs	r5, #5
1000174e:	4621      	mov	r1, r4
10001750:	2305      	movs	r3, #5
10001752:	4a22      	ldr	r2, [pc, #136]	@ (100017dc <runtime_init_clocks+0xbc>)
10001754:	4822      	ldr	r0, [pc, #136]	@ (100017e0 <runtime_init_clocks+0xc0>)
10001756:	9600      	str	r6, [sp, #0]
10001758:	f7ff fe5c 	bl	10001414 <pll_init>
1000175c:	4621      	mov	r1, r4
1000175e:	462b      	mov	r3, r5
10001760:	4a20      	ldr	r2, [pc, #128]	@ (100017e4 <runtime_init_clocks+0xc4>)
10001762:	4821      	ldr	r0, [pc, #132]	@ (100017e8 <runtime_init_clocks+0xc8>)
10001764:	9500      	str	r5, [sp, #0]
10001766:	f7ff fe55 	bl	10001414 <pll_init>
1000176a:	2200      	movs	r2, #0
1000176c:	2004      	movs	r0, #4
1000176e:	4631      	mov	r1, r6
10001770:	4b1e      	ldr	r3, [pc, #120]	@ (100017ec <runtime_init_clocks+0xcc>)
10001772:	f7ff fde1 	bl	10001338 <clock_configure_undivided>
10001776:	4621      	mov	r1, r4
10001778:	4628      	mov	r0, r5
1000177a:	2200      	movs	r2, #0
1000177c:	4b1c      	ldr	r3, [pc, #112]	@ (100017f0 <runtime_init_clocks+0xd0>)
1000177e:	f7ff fddb 	bl	10001338 <clock_configure_undivided>
10001782:	2200      	movs	r2, #0
10001784:	2008      	movs	r0, #8
10001786:	4611      	mov	r1, r2
10001788:	4b1a      	ldr	r3, [pc, #104]	@ (100017f4 <runtime_init_clocks+0xd4>)
1000178a:	f7ff fdd5 	bl	10001338 <clock_configure_undivided>
1000178e:	2200      	movs	r2, #0
10001790:	2009      	movs	r0, #9
10001792:	4611      	mov	r1, r2
10001794:	4b17      	ldr	r3, [pc, #92]	@ (100017f4 <runtime_init_clocks+0xd4>)
10001796:	f7ff fdcf 	bl	10001338 <clock_configure_undivided>
1000179a:	2200      	movs	r2, #0
1000179c:	2006      	movs	r0, #6
1000179e:	4611      	mov	r1, r2
100017a0:	4b13      	ldr	r3, [pc, #76]	@ (100017f0 <runtime_init_clocks+0xd0>)
100017a2:	f7ff fdc9 	bl	10001338 <clock_configure_undivided>
100017a6:	2200      	movs	r2, #0
100017a8:	4b11      	ldr	r3, [pc, #68]	@ (100017f0 <runtime_init_clocks+0xd0>)
100017aa:	2007      	movs	r0, #7
100017ac:	4611      	mov	r1, r2
100017ae:	f7ff fdc3 	bl	10001338 <clock_configure_undivided>
100017b2:	2004      	movs	r0, #4
100017b4:	f7ff fe28 	bl	10001408 <clock_get_hz>
100017b8:	2400      	movs	r4, #0
100017ba:	4b0f      	ldr	r3, [pc, #60]	@ (100017f8 <runtime_init_clocks+0xd8>)
100017bc:	fba3 3500 	umull	r3, r5, r3, r0
100017c0:	0cad      	lsrs	r5, r5, #18
100017c2:	b2e0      	uxtb	r0, r4
100017c4:	4629      	mov	r1, r5
100017c6:	3401      	adds	r4, #1
100017c8:	f7ff feb6 	bl	10001538 <tick_start>
100017cc:	2c06      	cmp	r4, #6
100017ce:	d1f8      	bne.n	100017c2 <runtime_init_clocks+0xa2>
100017d0:	b002      	add	sp, #8
100017d2:	bd70      	pop	{r4, r5, r6, pc}
100017d4:	40010000 	.word	0x40010000
100017d8:	40013000 	.word	0x40013000
100017dc:	59682f00 	.word	0x59682f00
100017e0:	40050000 	.word	0x40050000
100017e4:	47868c00 	.word	0x47868c00
100017e8:	40058000 	.word	0x40058000
100017ec:	00b71b00 	.word	0x00b71b00
100017f0:	08f0d180 	.word	0x08f0d180
100017f4:	02dc6c00 	.word	0x02dc6c00
100017f8:	431bde83 	.word	0x431bde83

100017fc <generic_save_state>:
100017fc:	b086      	sub	sp, #24
100017fe:	b403      	push	{r0, r1}
10001800:	fc51 0408 	dcp_pxmd r0, r1
10001804:	e9cd 0102 	strd	r0, r1, [sp, #8]
10001808:	fc51 0409 	dcp_pymd r0, r1
1000180c:	e9cd 0104 	strd	r0, r1, [sp, #16]
10001810:	ec51 040a 	dcp_refd r0, r1
10001814:	e9cd 0106 	strd	r0, r1, [sp, #24]
10001818:	bc03      	pop	{r0, r1}
1000181a:	47f0      	blx	lr

1000181c <generic_restore_state>:
1000181c:	e8bd 5000 	ldmia.w	sp!, {ip, lr}
10001820:	ec4e c400 	dcp_wxmd ip, lr
10001824:	e8bd 5000 	ldmia.w	sp!, {ip, lr}
10001828:	ec4e c401 	dcp_wymd ip, lr
1000182c:	e8bd 5000 	ldmia.w	sp!, {ip, lr}
10001830:	ec4e c402 	dcp_wefd ip, lr
10001834:	bd00      	pop	{pc}
10001836:	0000      	movs	r0, r0
10001838:	b500      	push	{lr}
1000183a:	f7ff ffdf 	bl	100017fc <generic_save_state>
1000183e:	e002      	b.n	10001846 <__wrap___aeabi_dadd+0x6>

10001840 <__wrap___aeabi_dadd>:
10001840:	fe10 f430 	dcp_pcmp APSR_nzcv
10001844:	d4f8      	bmi.n	10001838 <generic_restore_state+0x1c>
10001846:	ec41 0410 	dcp_wxup r0, r1
1000184a:	ec43 2411 	dcp_wyup r2, r3
1000184e:	ee00 0401 			dcp_add0
10001852:	ee10 0401 			dcp_add1
10001856:	ee80 0420 			dcp_nrdd
1000185a:	ec51 0410 	dcp_rdda r0, r1
1000185e:	4770      	bx	lr
10001860:	b500      	push	{lr}
10001862:	f7ff ffcb 	bl	100017fc <generic_save_state>
10001866:	e002      	b.n	1000186e <__wrap___aeabi_dsub+0x6>

10001868 <__wrap___aeabi_dsub>:
10001868:	fe10 f430 	dcp_pcmp APSR_nzcv
1000186c:	d4f8      	bmi.n	10001860 <__wrap___aeabi_dadd+0x20>
1000186e:	ec41 0410 	dcp_wxup r0, r1
10001872:	ec43 2411 	dcp_wyup r2, r3
10001876:	ee00 0401 			dcp_add0
1000187a:	ee10 0421 			dcp_sub1
1000187e:	ee80 0420 			dcp_nrdd
10001882:	ec51 0430 	dcp_rdds r0, r1
10001886:	4770      	bx	lr
10001888:	b500      	push	{lr}
1000188a:	f7ff ffb7 	bl	100017fc <generic_save_state>
1000188e:	e002      	b.n	10001896 <__wrap___aeabi_dmul+0x6>

10001890 <__wrap___aeabi_dmul>:
10001890:	fe10 f430 	dcp_pcmp APSR_nzcv
10001894:	d4f8      	bmi.n	10001888 <__wrap___aeabi_dsub+0x20>
10001896:	b510      	push	{r4, lr}
10001898:	ec41 0410 	dcp_wxup r0, r1
1000189c:	ec43 2411 	dcp_wyup r2, r3
100018a0:	ec51 0404 	dcp_rxms r0, r1, #0x0
100018a4:	ec53 2405 	dcp_ryms r2, r3, #0x0
100018a8:	fba0 4c02 	umull	r4, ip, r0, r2
100018ac:	f05f 0e00 	movs.w	lr, #0
100018b0:	fbe0 ce03 	umlal	ip, lr, r0, r3
100018b4:	fbe1 ce02 	umlal	ip, lr, r1, r2
100018b8:	ec4c 4420 	dcp_wxms r4, ip
100018bc:	2400      	movs	r4, #0
100018be:	fbe1 e403 	umlal	lr, r4, r1, r3
100018c2:	ec44 e430 	dcp_wxmo lr, r4
100018c6:	ee80 0420 			dcp_nrdd
100018ca:	ec51 0450 	dcp_rddm r0, r1
100018ce:	e8bd 4010 	ldmia.w	sp!, {r4, lr}
100018d2:	4770      	bx	lr
100018d4:	b500      	push	{lr}
100018d6:	f7ff ff91 	bl	100017fc <generic_save_state>
100018da:	e002      	b.n	100018e2 <__wrap___aeabi_ddiv+0x6>

100018dc <__wrap___aeabi_ddiv>:
100018dc:	fe10 f430 	dcp_pcmp APSR_nzcv
100018e0:	d4f8      	bmi.n	100018d4 <__wrap___aeabi_dmul+0x44>
100018e2:	ec41 0410 	dcp_wxup r0, r1
100018e6:	ec43 2411 	dcp_wyup r2, r3
100018ea:	ec51 0421 	dcp_rymr r0, r1
100018ee:	fba0 1201 	umull	r1, r2, r0, r1
100018f2:	ea6f 0282 	mvn.w	r2, r2, lsl #2
100018f6:	fb52 0010 	smmlar	r0, r2, r0, r0
100018fa:	fb52 f212 	smmulr	r2, r2, r2
100018fe:	fb52 0010 	smmlar	r0, r2, r0, r0
10001902:	eba0 7cd0 	sub.w	ip, r0, r0, lsr #31
10001906:	ec53 2404 	dcp_rxms r2, r3, #0x0
1000190a:	fb5c f113 	smmulr	r1, ip, r3
1000190e:	ec53 2415 	dcp_ryms r2, r3, #0x1
10001912:	fba1 2002 	umull	r2, r0, r1, r2
10001916:	fb01 0003 	mla	r0, r1, r3, r0
1000191a:	ec53 2444 	dcp_rxms r2, r3, #0x4
1000191e:	eba2 0000 	sub.w	r0, r2, r0
10001922:	fb50 f21c 	smmulr	r2, r0, ip
10001926:	ea4f 1311 	mov.w	r3, r1, lsr #4
1000192a:	eb12 7001 	adds.w	r0, r2, r1, lsl #28
1000192e:	eb43 71e2 	adc.w	r1, r3, r2, asr #31
10001932:	ea40 5051 	orr.w	r0, r0, r1, lsr #21
10001936:	ea20 5091 	bic.w	r0, r0, r1, lsr #22
1000193a:	f020 0007 	bic.w	r0, r0, #7
1000193e:	ec53 2475 	dcp_ryms r2, r3, #0x7
10001942:	fba0 3c02 	umull	r3, ip, r0, r2
10001946:	ec53 2475 	dcp_ryms r2, r3, #0x7
1000194a:	fb00 cc03 	mla	ip, r0, r3, ip
1000194e:	fb01 cc02 	mla	ip, r1, r2, ip
10001952:	ec53 2404 	dcp_rxms r2, r3, #0x0
10001956:	ebac 4c82 	sub.w	ip, ip, r2, lsl #18
1000195a:	ea40 705c 	orr.w	r0, r0, ip, lsr #29
1000195e:	f1a0 0001 	sub.w	r0, r0, #1
10001962:	ec41 0440 	dcp_wxdd r0, r1
10001966:	ee80 0420 			dcp_nrdd
1000196a:	ec51 0470 	dcp_rddd r0, r1
1000196e:	4770      	bx	lr
10001970:	b500      	push	{lr}
10001972:	f7ff ff43 	bl	100017fc <generic_save_state>
10001976:	e002      	b.n	1000197e <__wrap___aeabi_d2f+0x6>

10001978 <__wrap___aeabi_d2f>:
10001978:	fe10 f430 	dcp_pcmp APSR_nzcv
1000197c:	d4f8      	bmi.n	10001970 <__wrap___aeabi_ddiv+0x94>
1000197e:	ec41 0410 	dcp_wxup r0, r1
10001982:	ee80 0422 			dcp_nrdf
10001986:	ee10 04b2 			dcp_rdfg r0
1000198a:	4770      	bx	lr
1000198c:	b500      	push	{lr}
1000198e:	f7ff ff35 	bl	100017fc <generic_save_state>
10001992:	e002      	b.n	1000199a <__wrap___aeabi_i2d+0x6>

10001994 <__wrap___aeabi_i2d>:
10001994:	fe10 f430 	dcp_pcmp APSR_nzcv
10001998:	d4f8      	bmi.n	1000198c <__wrap___aeabi_d2f+0x14>
1000199a:	ec40 0470 	dcp_wxic r0, r0
1000199e:	ee00 0401 			dcp_add0
100019a2:	ee10 0421 			dcp_sub1
100019a6:	ee80 0420 			dcp_nrdd
100019aa:	ec51 0430 	dcp_rdds r0, r1
100019ae:	4770      	bx	lr
100019b0:	b500      	push	{lr}
100019b2:	f7ff ff23 	bl	100017fc <generic_save_state>
100019b6:	e002      	b.n	100019be <__wrap___aeabi_ui2d+0x6>

100019b8 <__wrap___aeabi_ui2d>:
100019b8:	fe10 f430 	dcp_pcmp APSR_nzcv
100019bc:	d4f8      	bmi.n	100019b0 <__wrap___aeabi_i2d+0x1c>
100019be:	ec40 0460 	dcp_wxuc r0, r0
100019c2:	ee00 0401 			dcp_add0
100019c6:	ee10 0421 			dcp_sub1
100019ca:	ee80 0420 			dcp_nrdd
100019ce:	ec51 0430 	dcp_rdds r0, r1
100019d2:	4770      	bx	lr
100019d4:	b500      	push	{lr}
100019d6:	f7ff ff11 	bl	100017fc <generic_save_state>
100019da:	e002      	b.n	100019e2 <double2int_z_entry>

100019dc <__wrap___aeabi_d2iz>:
100019dc:	fe10 f430 	dcp_pcmp APSR_nzcv
100019e0:	d4f8      	bmi.n	100019d4 <__wrap___aeabi_ui2d+0x1c>

100019e2 <double2int_z_entry>:
100019e2:	ec41 0480 	dcp_wxdc r0, r1
100019e6:	ee00 0401 			dcp_add0
100019ea:	ee10 0401 			dcp_add1
100019ee:	ee80 0440 			dcp_ntdc
100019f2:	ee10 0413 			dcp_rdic r0
100019f6:	4770      	bx	lr
100019f8:	b500      	push	{lr}
100019fa:	f7ff feff 	bl	100017fc <generic_save_state>
100019fe:	e002      	b.n	10001a06 <double2uint_z_entry>

10001a00 <__wrap___aeabi_d2uiz>:
10001a00:	fe10 f430 	dcp_pcmp APSR_nzcv
10001a04:	d4f8      	bmi.n	100019f8 <double2int_z_entry+0x16>

10001a06 <double2uint_z_entry>:
10001a06:	ec41 0480 	dcp_wxdc r0, r1
10001a0a:	ee00 0401 			dcp_add0
10001a0e:	ee10 0401 			dcp_add1
10001a12:	ee80 0440 			dcp_ntdc
10001a16:	ee10 0433 			dcp_rduc r0
10001a1a:	4770      	bx	lr
10001a1c:	b500      	push	{lr}
10001a1e:	f7ff feed 	bl	100017fc <generic_save_state>
10001a22:	e002      	b.n	10001a2a <__wrap___aeabi_dcmpun+0x6>

10001a24 <__wrap___aeabi_dcmpun>:
10001a24:	fe10 f430 	dcp_pcmp APSR_nzcv
10001a28:	d4f8      	bmi.n	10001a1c <double2uint_z_entry+0x16>
10001a2a:	ec41 0410 	dcp_wxup r0, r1
10001a2e:	ec43 2411 	dcp_wyup r2, r3
10001a32:	ee00 0401 			dcp_add0
10001a36:	ee10 0430 			dcp_rcmp r0
10001a3a:	f3c0 7000 	ubfx	r0, r0, #28, #1
10001a3e:	4770      	bx	lr
10001a40:	b500      	push	{lr}
10001a42:	f7ff fedb 	bl	100017fc <generic_save_state>
10001a46:	e002      	b.n	10001a4e <__wrap___aeabi_dcmplt+0x6>

10001a48 <__wrap___aeabi_dcmplt>:
10001a48:	fe10 f430 	dcp_pcmp APSR_nzcv
10001a4c:	d4f8      	bmi.n	10001a40 <__wrap___aeabi_dcmpun+0x1c>
10001a4e:	ec43 2410 	dcp_wxup r2, r3
10001a52:	ec41 0411 	dcp_wyup r0, r1
10001a56:	ee00 0401 			dcp_add0
10001a5a:	ee10 f430 			dcp_rcmp APSR_nzcv
10001a5e:	bf8c      	ite	hi
10001a60:	2001      	movhi	r0, #1
10001a62:	2000      	movls	r0, #0
10001a64:	4770      	bx	lr
10001a66:	bf00      	nop
10001a68:	b500      	push	{lr}
10001a6a:	f7ff fec7 	bl	100017fc <generic_save_state>
10001a6e:	e002      	b.n	10001a76 <__wrap___aeabi_dcmple+0x6>

10001a70 <__wrap___aeabi_dcmple>:
10001a70:	fe10 f430 	dcp_pcmp APSR_nzcv
10001a74:	d4f8      	bmi.n	10001a68 <__wrap___aeabi_dcmplt+0x20>
10001a76:	ec43 2410 	dcp_wxup r2, r3
10001a7a:	ec41 0411 	dcp_wyup r0, r1
10001a7e:	ee00 0401 			dcp_add0
10001a82:	ee10 f430 			dcp_rcmp APSR_nzcv
10001a86:	bf2c      	ite	cs
10001a88:	2001      	movcs	r0, #1
10001a8a:	2000      	movcc	r0, #0
10001a8c:	4770      	bx	lr
10001a8e:	bf00      	nop
10001a90:	b500      	push	{lr}
10001a92:	f7ff feb3 	bl	100017fc <generic_save_state>
10001a96:	e002      	b.n	10001a9e <__wrap___aeabi_dcmpge+0x6>

10001a98 <__wrap___aeabi_dcmpge>:
10001a98:	fe10 f430 	dcp_pcmp APSR_nzcv
10001a9c:	d4f8      	bmi.n	10001a90 <__wrap___aeabi_dcmple+0x20>
10001a9e:	ec41 0410 	dcp_wxup r0, r1
10001aa2:	ec43 2411 	dcp_wyup r2, r3
10001aa6:	ee00 0401 			dcp_add0
10001aaa:	ee10 f430 			dcp_rcmp APSR_nzcv
10001aae:	bf2c      	ite	cs
10001ab0:	2001      	movcs	r0, #1
10001ab2:	2000      	movcc	r0, #0
10001ab4:	4770      	bx	lr
10001ab6:	bf00      	nop
10001ab8:	b500      	push	{lr}
10001aba:	f7ff fe9f 	bl	100017fc <generic_save_state>
10001abe:	e002      	b.n	10001ac6 <__wrap___aeabi_dcmpgt+0x6>

10001ac0 <__wrap___aeabi_dcmpgt>:
10001ac0:	fe10 f430 	dcp_pcmp APSR_nzcv
10001ac4:	d4f8      	bmi.n	10001ab8 <__wrap___aeabi_dcmpge+0x20>
10001ac6:	ec41 0410 	dcp_wxup r0, r1
10001aca:	ec43 2411 	dcp_wyup r2, r3
10001ace:	ee00 0401 			dcp_add0
10001ad2:	ee10 f430 			dcp_rcmp APSR_nzcv
10001ad6:	bf8c      	ite	hi
10001ad8:	2001      	movhi	r0, #1
10001ada:	2000      	movls	r0, #0
10001adc:	4770      	bx	lr
10001ade:	bf00      	nop

10001ae0 <__wrap_malloc>:
10001ae0:	b510      	push	{r4, lr}
10001ae2:	4604      	mov	r4, r0
10001ae4:	f006 fc94 	bl	10008410 <malloc>
10001ae8:	b128      	cbz	r0, 10001af6 <__wrap_malloc+0x16>
10001aea:	4603      	mov	r3, r0
10001aec:	4a03      	ldr	r2, [pc, #12]	@ (10001afc <__wrap_malloc+0x1c>)
10001aee:	4423      	add	r3, r4
10001af0:	4293      	cmp	r3, r2
10001af2:	d800      	bhi.n	10001af6 <__wrap_malloc+0x16>
10001af4:	bd10      	pop	{r4, pc}
10001af6:	4802      	ldr	r0, [pc, #8]	@ (10001b00 <__wrap_malloc+0x20>)
10001af8:	f7fe fce8 	bl	100004cc <panic>
10001afc:	20080000 	.word	0x20080000
10001b00:	1000900c 	.word	0x1000900c

10001b04 <__wrap_free>:
10001b04:	f006 bc8c 	b.w	10008420 <free>

10001b08 <_out_buffer>:
10001b08:	429a      	cmp	r2, r3
10001b0a:	bf38      	it	cc
10001b0c:	5488      	strbcc	r0, [r1, r2]
10001b0e:	4770      	bx	lr

10001b10 <_out_null>:
10001b10:	4770      	bx	lr
10001b12:	bf00      	nop

10001b14 <_out_rev>:
10001b14:	e92d 4ff0 	stmdb	sp!, {r4, r5, r6, r7, r8, r9, sl, fp, lr}
10001b18:	b083      	sub	sp, #12
10001b1a:	4699      	mov	r9, r3
10001b1c:	e9dd ab0d 	ldrd	sl, fp, [sp, #52]	@ 0x34
10001b20:	9b0f      	ldr	r3, [sp, #60]	@ 0x3c
10001b22:	4688      	mov	r8, r1
10001b24:	4611      	mov	r1, r2
10001b26:	079a      	lsls	r2, r3, #30
10001b28:	4607      	mov	r7, r0
10001b2a:	d116      	bne.n	10001b5a <_out_rev+0x46>
10001b2c:	45da      	cmp	sl, fp
10001b2e:	d23a      	bcs.n	10001ba6 <_out_rev+0x92>
10001b30:	460c      	mov	r4, r1
10001b32:	460d      	mov	r5, r1
10001b34:	ebab 060a 	sub.w	r6, fp, sl
10001b38:	440e      	add	r6, r1
10001b3a:	4622      	mov	r2, r4
10001b3c:	464b      	mov	r3, r9
10001b3e:	4641      	mov	r1, r8
10001b40:	2020      	movs	r0, #32
10001b42:	3401      	adds	r4, #1
10001b44:	47b8      	blx	r7
10001b46:	42b4      	cmp	r4, r6
10001b48:	d1f7      	bne.n	10001b3a <_out_rev+0x26>
10001b4a:	4629      	mov	r1, r5
10001b4c:	f1ba 0f00 	cmp.w	sl, #0
10001b50:	d108      	bne.n	10001b64 <_out_rev+0x50>
10001b52:	4620      	mov	r0, r4
10001b54:	b003      	add	sp, #12
10001b56:	e8bd 8ff0 	ldmia.w	sp!, {r4, r5, r6, r7, r8, r9, sl, fp, pc}
10001b5a:	460c      	mov	r4, r1
10001b5c:	f1ba 0f00 	cmp.w	sl, #0
10001b60:	d010      	beq.n	10001b84 <_out_rev+0x70>
10001b62:	460e      	mov	r6, r1
10001b64:	4655      	mov	r5, sl
10001b66:	9b0c      	ldr	r3, [sp, #48]	@ 0x30
10001b68:	442e      	add	r6, r5
10001b6a:	449a      	add	sl, r3
10001b6c:	9101      	str	r1, [sp, #4]
10001b6e:	1b72      	subs	r2, r6, r5
10001b70:	464b      	mov	r3, r9
10001b72:	3d01      	subs	r5, #1
10001b74:	4641      	mov	r1, r8
10001b76:	f81a 0d01 	ldrb.w	r0, [sl, #-1]!
10001b7a:	4634      	mov	r4, r6
10001b7c:	47b8      	blx	r7
10001b7e:	2d00      	cmp	r5, #0
10001b80:	d1f5      	bne.n	10001b6e <_out_rev+0x5a>
10001b82:	9901      	ldr	r1, [sp, #4]
10001b84:	9b0f      	ldr	r3, [sp, #60]	@ 0x3c
10001b86:	079b      	lsls	r3, r3, #30
10001b88:	d5e3      	bpl.n	10001b52 <_out_rev+0x3e>
10001b8a:	1a65      	subs	r5, r4, r1
10001b8c:	45ab      	cmp	fp, r5
10001b8e:	d9e0      	bls.n	10001b52 <_out_rev+0x3e>
10001b90:	4622      	mov	r2, r4
10001b92:	464b      	mov	r3, r9
10001b94:	4641      	mov	r1, r8
10001b96:	2020      	movs	r0, #32
10001b98:	3501      	adds	r5, #1
10001b9a:	47b8      	blx	r7
10001b9c:	455d      	cmp	r5, fp
10001b9e:	f104 0401 	add.w	r4, r4, #1
10001ba2:	d3f5      	bcc.n	10001b90 <_out_rev+0x7c>
10001ba4:	e7d5      	b.n	10001b52 <_out_rev+0x3e>
10001ba6:	460c      	mov	r4, r1
10001ba8:	f1ba 0f00 	cmp.w	sl, #0
10001bac:	d1d9      	bne.n	10001b62 <_out_rev+0x4e>
10001bae:	e7d0      	b.n	10001b52 <_out_rev+0x3e>

10001bb0 <_ntoa_format>:
10001bb0:	e92d 4ff0 	stmdb	sp!, {r4, r5, r6, r7, r8, r9, sl, fp, lr}
10001bb4:	9f0f      	ldr	r7, [sp, #60]	@ 0x3c
10001bb6:	f8dd 8024 	ldr.w	r8, [sp, #36]	@ 0x24
10001bba:	f017 0f02 	tst.w	r7, #2
10001bbe:	9c0a      	ldr	r4, [sp, #40]	@ 0x28
10001bc0:	f89d a02c 	ldrb.w	sl, [sp, #44]	@ 0x2c
10001bc4:	9d0e      	ldr	r5, [sp, #56]	@ 0x38
10001bc6:	e9dd 960c 	ldrd	r9, r6, [sp, #48]	@ 0x30
10001bca:	d144      	bne.n	10001c56 <_ntoa_format+0xa6>
10001bcc:	bbf5      	cbnz	r5, 10001c4c <_ntoa_format+0x9c>
10001bce:	42b4      	cmp	r4, r6
10001bd0:	d241      	bcs.n	10001c56 <_ntoa_format+0xa6>
10001bd2:	f007 0b01 	and.w	fp, r7, #1
10001bd6:	f104 3cff 	add.w	ip, r4, #4294967295
10001bda:	f04f 0e30 	mov.w	lr, #48	@ 0x30
10001bde:	44c4      	add	ip, r8
10001be0:	e004      	b.n	10001bec <_ntoa_format+0x3c>
10001be2:	3401      	adds	r4, #1
10001be4:	42a6      	cmp	r6, r4
10001be6:	f80c ef01 	strb.w	lr, [ip, #1]!
10001bea:	d901      	bls.n	10001bf0 <_ntoa_format+0x40>
10001bec:	2c20      	cmp	r4, #32
10001bee:	d1f8      	bne.n	10001be2 <_ntoa_format+0x32>
10001bf0:	f1bb 0f00 	cmp.w	fp, #0
10001bf4:	f000 8088 	beq.w	10001d08 <_ntoa_format+0x158>
10001bf8:	42a5      	cmp	r5, r4
10001bfa:	d92c      	bls.n	10001c56 <_ntoa_format+0xa6>
10001bfc:	f104 3cff 	add.w	ip, r4, #4294967295
10001c00:	f04f 0e30 	mov.w	lr, #48	@ 0x30
10001c04:	44c4      	add	ip, r8
10001c06:	e004      	b.n	10001c12 <_ntoa_format+0x62>
10001c08:	3401      	adds	r4, #1
10001c0a:	42ac      	cmp	r4, r5
10001c0c:	f80c ef01 	strb.w	lr, [ip, #1]!
10001c10:	d021      	beq.n	10001c56 <_ntoa_format+0xa6>
10001c12:	2c20      	cmp	r4, #32
10001c14:	d1f8      	bne.n	10001c08 <_ntoa_format+0x58>
10001c16:	f017 0f10 	tst.w	r7, #16
10001c1a:	d00e      	beq.n	10001c3a <_ntoa_format+0x8a>
10001c1c:	f417 6f80 	tst.w	r7, #1024	@ 0x400
10001c20:	d154      	bne.n	10001ccc <_ntoa_format+0x11c>
10001c22:	42a6      	cmp	r6, r4
10001c24:	d063      	beq.n	10001cee <_ntoa_format+0x13e>
10001c26:	42a5      	cmp	r5, r4
10001c28:	d061      	beq.n	10001cee <_ntoa_format+0x13e>
10001c2a:	f1b9 0f10 	cmp.w	r9, #16
10001c2e:	d050      	beq.n	10001cd2 <_ntoa_format+0x122>
10001c30:	f1b9 0f02 	cmp.w	r9, #2
10001c34:	d056      	beq.n	10001ce4 <_ntoa_format+0x134>
10001c36:	2c20      	cmp	r4, #32
10001c38:	d129      	bne.n	10001c8e <_ntoa_format+0xde>
10001c3a:	2420      	movs	r4, #32
10001c3c:	e9cd 570b 	strd	r5, r7, [sp, #44]	@ 0x2c
10001c40:	e9cd 8409 	strd	r8, r4, [sp, #36]	@ 0x24
10001c44:	e8bd 4ff0 	ldmia.w	sp!, {r4, r5, r6, r7, r8, r9, sl, fp, lr}
10001c48:	f7ff bf64 	b.w	10001b14 <_out_rev>
10001c4c:	f017 0b01 	ands.w	fp, r7, #1
10001c50:	d134      	bne.n	10001cbc <_ntoa_format+0x10c>
10001c52:	42b4      	cmp	r4, r6
10001c54:	d3bf      	bcc.n	10001bd6 <_ntoa_format+0x26>
10001c56:	f017 0f10 	tst.w	r7, #16
10001c5a:	d01e      	beq.n	10001c9a <_ntoa_format+0xea>
10001c5c:	f417 6f80 	tst.w	r7, #1024	@ 0x400
10001c60:	d1e3      	bne.n	10001c2a <_ntoa_format+0x7a>
10001c62:	2c00      	cmp	r4, #0
10001c64:	d1dd      	bne.n	10001c22 <_ntoa_format+0x72>
10001c66:	f1b9 0f10 	cmp.w	r9, #16
10001c6a:	d063      	beq.n	10001d34 <_ntoa_format+0x184>
10001c6c:	f1b9 0f02 	cmp.w	r9, #2
10001c70:	d077      	beq.n	10001d62 <_ntoa_format+0x1b2>
10001c72:	2430      	movs	r4, #48	@ 0x30
10001c74:	f888 4000 	strb.w	r4, [r8]
10001c78:	2401      	movs	r4, #1
10001c7a:	f1ba 0f00 	cmp.w	sl, #0
10001c7e:	d111      	bne.n	10001ca4 <_ntoa_format+0xf4>
10001c80:	077e      	lsls	r6, r7, #29
10001c82:	d548      	bpl.n	10001d16 <_ntoa_format+0x166>
10001c84:	262b      	movs	r6, #43	@ 0x2b
10001c86:	f808 6004 	strb.w	r6, [r8, r4]
10001c8a:	3401      	adds	r4, #1
10001c8c:	e7d6      	b.n	10001c3c <_ntoa_format+0x8c>
10001c8e:	4626      	mov	r6, r4
10001c90:	3401      	adds	r4, #1
10001c92:	f04f 0c30 	mov.w	ip, #48	@ 0x30
10001c96:	f808 c006 	strb.w	ip, [r8, r6]
10001c9a:	2c20      	cmp	r4, #32
10001c9c:	d0cd      	beq.n	10001c3a <_ntoa_format+0x8a>
10001c9e:	f1ba 0f00 	cmp.w	sl, #0
10001ca2:	d0ed      	beq.n	10001c80 <_ntoa_format+0xd0>
10001ca4:	262d      	movs	r6, #45	@ 0x2d
10001ca6:	f808 6004 	strb.w	r6, [r8, r4]
10001caa:	3401      	adds	r4, #1
10001cac:	e9cd 570b 	strd	r5, r7, [sp, #44]	@ 0x2c
10001cb0:	e9cd 8409 	strd	r8, r4, [sp, #36]	@ 0x24
10001cb4:	e8bd 4ff0 	ldmia.w	sp!, {r4, r5, r6, r7, r8, r9, sl, fp, lr}
10001cb8:	f7ff bf2c 	b.w	10001b14 <_out_rev>
10001cbc:	f1ba 0f00 	cmp.w	sl, #0
10001cc0:	d030      	beq.n	10001d24 <_ntoa_format+0x174>
10001cc2:	42b4      	cmp	r4, r6
10001cc4:	f105 35ff 	add.w	r5, r5, #4294967295
10001cc8:	d385      	bcc.n	10001bd6 <_ntoa_format+0x26>
10001cca:	e795      	b.n	10001bf8 <_ntoa_format+0x48>
10001ccc:	f1b9 0f10 	cmp.w	r9, #16
10001cd0:	d1b3      	bne.n	10001c3a <_ntoa_format+0x8a>
10001cd2:	06be      	lsls	r6, r7, #26
10001cd4:	d53b      	bpl.n	10001d4e <_ntoa_format+0x19e>
10001cd6:	2c20      	cmp	r4, #32
10001cd8:	d0af      	beq.n	10001c3a <_ntoa_format+0x8a>
10001cda:	2658      	movs	r6, #88	@ 0x58
10001cdc:	f808 6004 	strb.w	r6, [r8, r4]
10001ce0:	3401      	adds	r4, #1
10001ce2:	e7a8      	b.n	10001c36 <_ntoa_format+0x86>
10001ce4:	2c20      	cmp	r4, #32
10001ce6:	d0a8      	beq.n	10001c3a <_ntoa_format+0x8a>
10001ce8:	4626      	mov	r6, r4
10001cea:	3401      	adds	r4, #1
10001cec:	e007      	b.n	10001cfe <_ntoa_format+0x14e>
10001cee:	1e66      	subs	r6, r4, #1
10001cf0:	d0b9      	beq.n	10001c66 <_ntoa_format+0xb6>
10001cf2:	f1b9 0f10 	cmp.w	r9, #16
10001cf6:	d036      	beq.n	10001d66 <_ntoa_format+0x1b6>
10001cf8:	f1b9 0f02 	cmp.w	r9, #2
10001cfc:	d1c9      	bne.n	10001c92 <_ntoa_format+0xe2>
10001cfe:	f04f 0c62 	mov.w	ip, #98	@ 0x62
10001d02:	f808 c006 	strb.w	ip, [r8, r6]
10001d06:	e796      	b.n	10001c36 <_ntoa_format+0x86>
10001d08:	f017 0f10 	tst.w	r7, #16
10001d0c:	d0c5      	beq.n	10001c9a <_ntoa_format+0xea>
10001d0e:	f417 6f80 	tst.w	r7, #1024	@ 0x400
10001d12:	d086      	beq.n	10001c22 <_ntoa_format+0x72>
10001d14:	e789      	b.n	10001c2a <_ntoa_format+0x7a>
10001d16:	073e      	lsls	r6, r7, #28
10001d18:	d590      	bpl.n	10001c3c <_ntoa_format+0x8c>
10001d1a:	2620      	movs	r6, #32
10001d1c:	f808 6004 	strb.w	r6, [r8, r4]
10001d20:	3401      	adds	r4, #1
10001d22:	e78b      	b.n	10001c3c <_ntoa_format+0x8c>
10001d24:	f017 0f0c 	tst.w	r7, #12
10001d28:	d000      	beq.n	10001d2c <_ntoa_format+0x17c>
10001d2a:	3d01      	subs	r5, #1
10001d2c:	42b4      	cmp	r4, r6
10001d2e:	f4ff af52 	bcc.w	10001bd6 <_ntoa_format+0x26>
10001d32:	e761      	b.n	10001bf8 <_ntoa_format+0x48>
10001d34:	06bc      	lsls	r4, r7, #26
10001d36:	d412      	bmi.n	10001d5e <_ntoa_format+0x1ae>
10001d38:	2478      	movs	r4, #120	@ 0x78
10001d3a:	f888 4000 	strb.w	r4, [r8]
10001d3e:	2430      	movs	r4, #48	@ 0x30
10001d40:	f888 4001 	strb.w	r4, [r8, #1]
10001d44:	2402      	movs	r4, #2
10001d46:	f1ba 0f00 	cmp.w	sl, #0
10001d4a:	d099      	beq.n	10001c80 <_ntoa_format+0xd0>
10001d4c:	e7aa      	b.n	10001ca4 <_ntoa_format+0xf4>
10001d4e:	2c20      	cmp	r4, #32
10001d50:	f43f af73 	beq.w	10001c3a <_ntoa_format+0x8a>
10001d54:	2678      	movs	r6, #120	@ 0x78
10001d56:	f808 6004 	strb.w	r6, [r8, r4]
10001d5a:	3401      	adds	r4, #1
10001d5c:	e76b      	b.n	10001c36 <_ntoa_format+0x86>
10001d5e:	2458      	movs	r4, #88	@ 0x58
10001d60:	e7eb      	b.n	10001d3a <_ntoa_format+0x18a>
10001d62:	2462      	movs	r4, #98	@ 0x62
10001d64:	e7e9      	b.n	10001d3a <_ntoa_format+0x18a>
10001d66:	f017 0f20 	tst.w	r7, #32
10001d6a:	f1a4 0c02 	sub.w	ip, r4, #2
10001d6e:	d004      	beq.n	10001d7a <_ntoa_format+0x1ca>
10001d70:	f04f 0e58 	mov.w	lr, #88	@ 0x58
10001d74:	f808 e00c 	strb.w	lr, [r8, ip]
10001d78:	e78b      	b.n	10001c92 <_ntoa_format+0xe2>
10001d7a:	f04f 0e78 	mov.w	lr, #120	@ 0x78
10001d7e:	f808 e00c 	strb.w	lr, [r8, ip]
10001d82:	e786      	b.n	10001c92 <_ntoa_format+0xe2>

10001d84 <_out_char>:
10001d84:	b900      	cbnz	r0, 10001d88 <_out_char+0x4>
10001d86:	4770      	bx	lr
10001d88:	f001 bb52 	b.w	10003430 <__wrap_putchar>
10001d8c:	0000      	movs	r0, r0
	...

10001d90 <_ftoa>:
10001d90:	e92d 4ff0 	stmdb	sp!, {r4, r5, r6, r7, r8, r9, sl, fp, lr}
10001d94:	b097      	sub	sp, #92	@ 0x5c
10001d96:	ed9d 7b20 	vldr	d7, [sp, #128]	@ 0x80
10001d9a:	e9dd 5b22 	ldrd	r5, fp, [sp, #136]	@ 0x88
10001d9e:	4607      	mov	r7, r0
10001da0:	4688      	mov	r8, r1
10001da2:	ec51 0b17 	vmov	r0, r1, d7
10001da6:	9c24      	ldr	r4, [sp, #144]	@ 0x90
10001da8:	4699      	mov	r9, r3
10001daa:	920c      	str	r2, [sp, #48]	@ 0x30
10001dac:	460b      	mov	r3, r1
10001dae:	4602      	mov	r2, r0
10001db0:	ed8d 7b04 	vstr	d7, [sp, #16]
10001db4:	9407      	str	r4, [sp, #28]
10001db6:	f7ff fe35 	bl	10001a24 <__wrap___aeabi_dcmpun>
10001dba:	2800      	cmp	r0, #0
10001dbc:	f040 81f4 	bne.w	100021a8 <_ftoa+0x418>
10001dc0:	e9dd 0104 	ldrd	r0, r1, [sp, #16]
10001dc4:	f04f 32ff 	mov.w	r2, #4294967295
10001dc8:	f46f 1380 	mvn.w	r3, #1048576	@ 0x100000
10001dcc:	f7ff fe3c 	bl	10001a48 <__wrap___aeabi_dcmplt>
10001dd0:	2800      	cmp	r0, #0
10001dd2:	f040 811b 	bne.w	1000200c <_ftoa+0x27c>
10001dd6:	e9dd 0104 	ldrd	r0, r1, [sp, #16]
10001dda:	f04f 32ff 	mov.w	r2, #4294967295
10001dde:	4bac      	ldr	r3, [pc, #688]	@ (10002090 <_ftoa+0x300>)
10001de0:	f7ff fe6e 	bl	10001ac0 <__wrap___aeabi_dcmpgt>
10001de4:	2800      	cmp	r0, #0
10001de6:	f040 80ee 	bne.w	10001fc6 <_ftoa+0x236>
10001dea:	e9dd 0104 	ldrd	r0, r1, [sp, #16]
10001dee:	a3a4      	add	r3, pc, #656	@ (adr r3, 10002080 <_ftoa+0x2f0>)
10001df0:	e9d3 2300 	ldrd	r2, r3, [r3]
10001df4:	f7ff fe64 	bl	10001ac0 <__wrap___aeabi_dcmpgt>
10001df8:	2800      	cmp	r0, #0
10001dfa:	f040 80d3 	bne.w	10001fa4 <_ftoa+0x214>
10001dfe:	e9dd 0104 	ldrd	r0, r1, [sp, #16]
10001e02:	a3a1      	add	r3, pc, #644	@ (adr r3, 10002088 <_ftoa+0x2f8>)
10001e04:	e9d3 2300 	ldrd	r2, r3, [r3]
10001e08:	f7ff fe1e 	bl	10001a48 <__wrap___aeabi_dcmplt>
10001e0c:	2800      	cmp	r0, #0
10001e0e:	f040 80c9 	bne.w	10001fa4 <_ftoa+0x214>
10001e12:	e9dd 0104 	ldrd	r0, r1, [sp, #16]
10001e16:	2200      	movs	r2, #0
10001e18:	2300      	movs	r3, #0
10001e1a:	f7ff fe15 	bl	10001a48 <__wrap___aeabi_dcmplt>
10001e1e:	2800      	cmp	r0, #0
10001e20:	f040 80e8 	bne.w	10001ff4 <_ftoa+0x264>
10001e24:	4623      	mov	r3, r4
10001e26:	900d      	str	r0, [sp, #52]	@ 0x34
10001e28:	f413 6f80 	tst.w	r3, #1024	@ 0x400
10001e2c:	bf08      	it	eq
10001e2e:	2506      	moveq	r5, #6
10001e30:	2130      	movs	r1, #48	@ 0x30
10001e32:	462b      	mov	r3, r5
10001e34:	aa0e      	add	r2, sp, #56	@ 0x38
10001e36:	f1a5 0620 	sub.w	r6, r5, #32
10001e3a:	e005      	b.n	10001e48 <_ftoa+0xb8>
10001e3c:	3b01      	subs	r3, #1
10001e3e:	42b3      	cmp	r3, r6
10001e40:	f802 1b01 	strb.w	r1, [r2], #1
10001e44:	f000 8193 	beq.w	1000216e <_ftoa+0x3de>
10001e48:	2b09      	cmp	r3, #9
10001e4a:	d8f7      	bhi.n	10001e3c <_ftoa+0xac>
10001e4c:	461e      	mov	r6, r3
10001e4e:	1aed      	subs	r5, r5, r3
10001e50:	e9dd 0104 	ldrd	r0, r1, [sp, #16]
10001e54:	f7ff fdc2 	bl	100019dc <__wrap___aeabi_d2iz>
10001e58:	4b8e      	ldr	r3, [pc, #568]	@ (10002094 <_ftoa+0x304>)
10001e5a:	4604      	mov	r4, r0
10001e5c:	eb03 03c6 	add.w	r3, r3, r6, lsl #3
10001e60:	ed93 7b00 	vldr	d7, [r3]
10001e64:	ed8d 7b08 	vstr	d7, [sp, #32]
10001e68:	f7ff fd94 	bl	10001994 <__wrap___aeabi_i2d>
10001e6c:	4602      	mov	r2, r0
10001e6e:	460b      	mov	r3, r1
10001e70:	e9dd 0104 	ldrd	r0, r1, [sp, #16]
10001e74:	f7ff fcf8 	bl	10001868 <__wrap___aeabi_dsub>
10001e78:	e9dd 2308 	ldrd	r2, r3, [sp, #32]
10001e7c:	f7ff fd08 	bl	10001890 <__wrap___aeabi_dmul>
10001e80:	4602      	mov	r2, r0
10001e82:	460b      	mov	r3, r1
10001e84:	e9cd 230a 	strd	r2, r3, [sp, #40]	@ 0x28
10001e88:	f7ff fdba 	bl	10001a00 <__wrap___aeabi_d2uiz>
10001e8c:	4682      	mov	sl, r0
10001e8e:	f7ff fd93 	bl	100019b8 <__wrap___aeabi_ui2d>
10001e92:	4602      	mov	r2, r0
10001e94:	460b      	mov	r3, r1
10001e96:	e9dd 010a 	ldrd	r0, r1, [sp, #40]	@ 0x28
10001e9a:	f7ff fce5 	bl	10001868 <__wrap___aeabi_dsub>
10001e9e:	4602      	mov	r2, r0
10001ea0:	460b      	mov	r3, r1
10001ea2:	e9cd 230a 	strd	r2, r3, [sp, #40]	@ 0x28
10001ea6:	2200      	movs	r2, #0
10001ea8:	4b7b      	ldr	r3, [pc, #492]	@ (10002098 <_ftoa+0x308>)
10001eaa:	f7ff fe09 	bl	10001ac0 <__wrap___aeabi_dcmpgt>
10001eae:	2800      	cmp	r0, #0
10001eb0:	f000 80fe 	beq.w	100020b0 <_ftoa+0x320>
10001eb4:	f10a 0a01 	add.w	sl, sl, #1
10001eb8:	4650      	mov	r0, sl
10001eba:	f7ff fd7d 	bl	100019b8 <__wrap___aeabi_ui2d>
10001ebe:	4602      	mov	r2, r0
10001ec0:	460b      	mov	r3, r1
10001ec2:	e9dd 0108 	ldrd	r0, r1, [sp, #32]
10001ec6:	f7ff fdd3 	bl	10001a70 <__wrap___aeabi_dcmple>
10001eca:	b110      	cbz	r0, 10001ed2 <_ftoa+0x142>
10001ecc:	f04f 0a00 	mov.w	sl, #0
10001ed0:	3401      	adds	r4, #1
10001ed2:	2e00      	cmp	r6, #0
10001ed4:	f000 80fd 	beq.w	100020d2 <_ftoa+0x342>
10001ed8:	1e68      	subs	r0, r5, #1
10001eda:	ab0e      	add	r3, sp, #56	@ 0x38
10001edc:	f8df c1cc 	ldr.w	ip, [pc, #460]	@ 100020ac <_ftoa+0x31c>
10001ee0:	4418      	add	r0, r3
10001ee2:	e00f      	b.n	10001f04 <_ftoa+0x174>
10001ee4:	fbac 210a 	umull	r2, r1, ip, sl
10001ee8:	08c9      	lsrs	r1, r1, #3
10001eea:	eb01 0281 	add.w	r2, r1, r1, lsl #2
10001eee:	ebaa 0242 	sub.w	r2, sl, r2, lsl #1
10001ef2:	3230      	adds	r2, #48	@ 0x30
10001ef4:	f1ba 0f09 	cmp.w	sl, #9
10001ef8:	f800 2f01 	strb.w	r2, [r0, #1]!
10001efc:	f240 811c 	bls.w	10002138 <_ftoa+0x3a8>
10001f00:	468a      	mov	sl, r1
10001f02:	461d      	mov	r5, r3
10001f04:	2d20      	cmp	r5, #32
10001f06:	f105 0301 	add.w	r3, r5, #1
10001f0a:	f106 36ff 	add.w	r6, r6, #4294967295
10001f0e:	d1e9      	bne.n	10001ee4 <_ftoa+0x154>
10001f10:	2520      	movs	r5, #32
10001f12:	1e69      	subs	r1, r5, #1
10001f14:	ab0e      	add	r3, sp, #56	@ 0x38
10001f16:	4861      	ldr	r0, [pc, #388]	@ (1000209c <_ftoa+0x30c>)
10001f18:	4419      	add	r1, r3
10001f1a:	e010      	b.n	10001f3e <_ftoa+0x1ae>
10001f1c:	fb80 6204 	smull	r6, r2, r0, r4
10001f20:	ebc3 03a2 	rsb	r3, r3, r2, asr #2
10001f24:	eb03 0283 	add.w	r2, r3, r3, lsl #2
10001f28:	eba4 0442 	sub.w	r4, r4, r2, lsl #1
10001f2c:	f104 0230 	add.w	r2, r4, #48	@ 0x30
10001f30:	3501      	adds	r5, #1
10001f32:	461c      	mov	r4, r3
10001f34:	f801 2f01 	strb.w	r2, [r1, #1]!
10001f38:	2b00      	cmp	r3, #0
10001f3a:	f000 80eb 	beq.w	10002114 <_ftoa+0x384>
10001f3e:	2d20      	cmp	r5, #32
10001f40:	ea4f 73e4 	mov.w	r3, r4, asr #31
10001f44:	d1ea      	bne.n	10001f1c <_ftoa+0x18c>
10001f46:	9b07      	ldr	r3, [sp, #28]
10001f48:	f003 0303 	and.w	r3, r3, #3
10001f4c:	2b01      	cmp	r3, #1
10001f4e:	d118      	bne.n	10001f82 <_ftoa+0x1f2>
10001f50:	f1bb 0f00 	cmp.w	fp, #0
10001f54:	d015      	beq.n	10001f82 <_ftoa+0x1f2>
10001f56:	9b0d      	ldr	r3, [sp, #52]	@ 0x34
10001f58:	2b00      	cmp	r3, #0
10001f5a:	f000 810a 	beq.w	10002172 <_ftoa+0x3e2>
10001f5e:	f10b 3bff 	add.w	fp, fp, #4294967295
10001f62:	f1bb 0f20 	cmp.w	fp, #32
10001f66:	d90c      	bls.n	10001f82 <_ftoa+0x1f2>
10001f68:	1e6b      	subs	r3, r5, #1
10001f6a:	a90e      	add	r1, sp, #56	@ 0x38
10001f6c:	2230      	movs	r2, #48	@ 0x30
10001f6e:	440b      	add	r3, r1
10001f70:	e005      	b.n	10001f7e <_ftoa+0x1ee>
10001f72:	3501      	adds	r5, #1
10001f74:	455d      	cmp	r5, fp
10001f76:	f803 2f01 	strb.w	r2, [r3, #1]!
10001f7a:	f080 80d1 	bcs.w	10002120 <_ftoa+0x390>
10001f7e:	2d20      	cmp	r5, #32
10001f80:	d1f7      	bne.n	10001f72 <_ftoa+0x1e2>
10001f82:	9b07      	ldr	r3, [sp, #28]
10001f84:	ac0e      	add	r4, sp, #56	@ 0x38
10001f86:	e9cd b302 	strd	fp, r3, [sp, #8]
10001f8a:	4641      	mov	r1, r8
10001f8c:	464b      	mov	r3, r9
10001f8e:	4638      	mov	r0, r7
10001f90:	9a0c      	ldr	r2, [sp, #48]	@ 0x30
10001f92:	9501      	str	r5, [sp, #4]
10001f94:	9400      	str	r4, [sp, #0]
10001f96:	f7ff fdbd 	bl	10001b14 <_out_rev>
10001f9a:	4682      	mov	sl, r0
10001f9c:	4650      	mov	r0, sl
10001f9e:	b017      	add	sp, #92	@ 0x5c
10001fa0:	e8bd 8ff0 	ldmia.w	sp!, {r4, r5, r6, r7, r8, r9, sl, fp, pc}
10001fa4:	9b07      	ldr	r3, [sp, #28]
10001fa6:	ed9d 7b04 	vldr	d7, [sp, #16]
10001faa:	e9cd b323 	strd	fp, r3, [sp, #140]	@ 0x8c
10001fae:	4641      	mov	r1, r8
10001fb0:	464b      	mov	r3, r9
10001fb2:	4638      	mov	r0, r7
10001fb4:	9a0c      	ldr	r2, [sp, #48]	@ 0x30
10001fb6:	ed8d 7b20 	vstr	d7, [sp, #128]	@ 0x80
10001fba:	9522      	str	r5, [sp, #136]	@ 0x88
10001fbc:	b017      	add	sp, #92	@ 0x5c
10001fbe:	e8bd 4ff0 	ldmia.w	sp!, {r4, r5, r6, r7, r8, r9, sl, fp, lr}
10001fc2:	f000 b945 	b.w	10002250 <_etoa>
10001fc6:	0761      	lsls	r1, r4, #29
10001fc8:	4623      	mov	r3, r4
10001fca:	bf4c      	ite	mi
10001fcc:	2304      	movmi	r3, #4
10001fce:	2303      	movpl	r3, #3
10001fd0:	4641      	mov	r1, r8
10001fd2:	9321      	str	r3, [sp, #132]	@ 0x84
10001fd4:	4638      	mov	r0, r7
10001fd6:	464b      	mov	r3, r9
10001fd8:	9a07      	ldr	r2, [sp, #28]
10001fda:	bf48      	it	mi
10001fdc:	4c30      	ldrmi	r4, [pc, #192]	@ (100020a0 <_ftoa+0x310>)
10001fde:	e9cd b222 	strd	fp, r2, [sp, #136]	@ 0x88
10001fe2:	bf58      	it	pl
10001fe4:	4c2f      	ldrpl	r4, [pc, #188]	@ (100020a4 <_ftoa+0x314>)
10001fe6:	9a0c      	ldr	r2, [sp, #48]	@ 0x30
10001fe8:	9420      	str	r4, [sp, #128]	@ 0x80
10001fea:	b017      	add	sp, #92	@ 0x5c
10001fec:	e8bd 4ff0 	ldmia.w	sp!, {r4, r5, r6, r7, r8, r9, sl, fp, lr}
10001ff0:	f7ff bd90 	b.w	10001b14 <_out_rev>
10001ff4:	e9dd 2304 	ldrd	r2, r3, [sp, #16]
10001ff8:	2000      	movs	r0, #0
10001ffa:	2100      	movs	r1, #0
10001ffc:	f7ff fc34 	bl	10001868 <__wrap___aeabi_dsub>
10002000:	2301      	movs	r3, #1
10002002:	e9cd 0104 	strd	r0, r1, [sp, #16]
10002006:	930d      	str	r3, [sp, #52]	@ 0x34
10002008:	4623      	mov	r3, r4
1000200a:	e70d      	b.n	10001e28 <_ftoa+0x98>
1000200c:	4623      	mov	r3, r4
1000200e:	079c      	lsls	r4, r3, #30
10002010:	f040 80aa 	bne.w	10002168 <_ftoa+0x3d8>
10002014:	f1bb 0f04 	cmp.w	fp, #4
10002018:	f240 80a6 	bls.w	10002168 <_ftoa+0x3d8>
1000201c:	9b0c      	ldr	r3, [sp, #48]	@ 0x30
1000201e:	461d      	mov	r5, r3
10002020:	1f1c      	subs	r4, r3, #4
10002022:	eb04 0a0b 	add.w	sl, r4, fp
10002026:	462a      	mov	r2, r5
10002028:	464b      	mov	r3, r9
1000202a:	4641      	mov	r1, r8
1000202c:	2020      	movs	r0, #32
1000202e:	3501      	adds	r5, #1
10002030:	47b8      	blx	r7
10002032:	45aa      	cmp	sl, r5
10002034:	d1f7      	bne.n	10002026 <_ftoa+0x296>
10002036:	4655      	mov	r5, sl
10002038:	4c1b      	ldr	r4, [pc, #108]	@ (100020a8 <_ftoa+0x318>)
1000203a:	1f26      	subs	r6, r4, #4
1000203c:	f814 0d01 	ldrb.w	r0, [r4, #-1]!
10002040:	462a      	mov	r2, r5
10002042:	464b      	mov	r3, r9
10002044:	4641      	mov	r1, r8
10002046:	47b8      	blx	r7
10002048:	42b4      	cmp	r4, r6
1000204a:	f105 0501 	add.w	r5, r5, #1
1000204e:	d1f5      	bne.n	1000203c <_ftoa+0x2ac>
10002050:	9b07      	ldr	r3, [sp, #28]
10002052:	f10a 0a04 	add.w	sl, sl, #4
10002056:	0798      	lsls	r0, r3, #30
10002058:	d5a0      	bpl.n	10001f9c <_ftoa+0x20c>
1000205a:	9c0c      	ldr	r4, [sp, #48]	@ 0x30
1000205c:	ebaa 0304 	sub.w	r3, sl, r4
10002060:	459b      	cmp	fp, r3
10002062:	d99b      	bls.n	10001f9c <_ftoa+0x20c>
10002064:	4652      	mov	r2, sl
10002066:	464b      	mov	r3, r9
10002068:	4641      	mov	r1, r8
1000206a:	2020      	movs	r0, #32
1000206c:	f10a 0a01 	add.w	sl, sl, #1
10002070:	47b8      	blx	r7
10002072:	ebaa 0304 	sub.w	r3, sl, r4
10002076:	455b      	cmp	r3, fp
10002078:	d3f4      	bcc.n	10002064 <_ftoa+0x2d4>
1000207a:	e78f      	b.n	10001f9c <_ftoa+0x20c>
1000207c:	f3af 8000 	nop.w
10002080:	00000000 	.word	0x00000000
10002084:	41cdcd65 	.word	0x41cdcd65
10002088:	00000000 	.word	0x00000000
1000208c:	c1cdcd65 	.word	0xc1cdcd65
10002090:	7fefffff 	.word	0x7fefffff
10002094:	10009188 	.word	0x10009188
10002098:	3fe00000 	.word	0x3fe00000
1000209c:	66666667 	.word	0x66666667
100020a0:	10009060 	.word	0x10009060
100020a4:	10009068 	.word	0x10009068
100020a8:	10009074 	.word	0x10009074
100020ac:	cccccccd 	.word	0xcccccccd
100020b0:	2200      	movs	r2, #0
100020b2:	e9dd 010a 	ldrd	r0, r1, [sp, #40]	@ 0x28
100020b6:	4b63      	ldr	r3, [pc, #396]	@ (10002244 <_ftoa+0x4b4>)
100020b8:	f7ff fcc6 	bl	10001a48 <__wrap___aeabi_dcmplt>
100020bc:	2800      	cmp	r0, #0
100020be:	f47f af08 	bne.w	10001ed2 <_ftoa+0x142>
100020c2:	f1ba 0f00 	cmp.w	sl, #0
100020c6:	d16a      	bne.n	1000219e <_ftoa+0x40e>
100020c8:	f10a 0a01 	add.w	sl, sl, #1
100020cc:	2e00      	cmp	r6, #0
100020ce:	f47f af03 	bne.w	10001ed8 <_ftoa+0x148>
100020d2:	4620      	mov	r0, r4
100020d4:	f7ff fc5e 	bl	10001994 <__wrap___aeabi_i2d>
100020d8:	4602      	mov	r2, r0
100020da:	460b      	mov	r3, r1
100020dc:	e9dd 0104 	ldrd	r0, r1, [sp, #16]
100020e0:	f7ff fbc2 	bl	10001868 <__wrap___aeabi_dsub>
100020e4:	4602      	mov	r2, r0
100020e6:	460b      	mov	r3, r1
100020e8:	e9cd 2304 	strd	r2, r3, [sp, #16]
100020ec:	2200      	movs	r2, #0
100020ee:	4b55      	ldr	r3, [pc, #340]	@ (10002244 <_ftoa+0x4b4>)
100020f0:	f7ff fcaa 	bl	10001a48 <__wrap___aeabi_dcmplt>
100020f4:	2800      	cmp	r0, #0
100020f6:	f47f af0c 	bne.w	10001f12 <_ftoa+0x182>
100020fa:	e9dd 0104 	ldrd	r0, r1, [sp, #16]
100020fe:	2200      	movs	r2, #0
10002100:	4b50      	ldr	r3, [pc, #320]	@ (10002244 <_ftoa+0x4b4>)
10002102:	f7ff fcdd 	bl	10001ac0 <__wrap___aeabi_dcmpgt>
10002106:	2800      	cmp	r0, #0
10002108:	f47f af03 	bne.w	10001f12 <_ftoa+0x182>
1000210c:	3401      	adds	r4, #1
1000210e:	f024 0401 	bic.w	r4, r4, #1
10002112:	e6fe      	b.n	10001f12 <_ftoa+0x182>
10002114:	9b07      	ldr	r3, [sp, #28]
10002116:	f003 0303 	and.w	r3, r3, #3
1000211a:	2b01      	cmp	r3, #1
1000211c:	f000 8082 	beq.w	10002224 <_ftoa+0x494>
10002120:	2d20      	cmp	r5, #32
10002122:	f43f af2e 	beq.w	10001f82 <_ftoa+0x1f2>
10002126:	9b0d      	ldr	r3, [sp, #52]	@ 0x34
10002128:	b37b      	cbz	r3, 1000218a <_ftoa+0x3fa>
1000212a:	222d      	movs	r2, #45	@ 0x2d
1000212c:	eb0d 0305 	add.w	r3, sp, r5
10002130:	f883 2038 	strb.w	r2, [r3, #56]	@ 0x38
10002134:	3501      	adds	r5, #1
10002136:	e724      	b.n	10001f82 <_ftoa+0x1f2>
10002138:	2b20      	cmp	r3, #32
1000213a:	f43f aee9 	beq.w	10001f10 <_ftoa+0x180>
1000213e:	aa0e      	add	r2, sp, #56	@ 0x38
10002140:	4415      	add	r5, r2
10002142:	441e      	add	r6, r3
10002144:	2230      	movs	r2, #48	@ 0x30
10002146:	e004      	b.n	10002152 <_ftoa+0x3c2>
10002148:	2b20      	cmp	r3, #32
1000214a:	f805 2f01 	strb.w	r2, [r5, #1]!
1000214e:	f43f aedf 	beq.w	10001f10 <_ftoa+0x180>
10002152:	429e      	cmp	r6, r3
10002154:	f103 0301 	add.w	r3, r3, #1
10002158:	d1f6      	bne.n	10002148 <_ftoa+0x3b8>
1000215a:	222e      	movs	r2, #46	@ 0x2e
1000215c:	eb0d 0306 	add.w	r3, sp, r6
10002160:	f883 2038 	strb.w	r2, [r3, #56]	@ 0x38
10002164:	1c75      	adds	r5, r6, #1
10002166:	e6d4      	b.n	10001f12 <_ftoa+0x182>
10002168:	f8dd a030 	ldr.w	sl, [sp, #48]	@ 0x30
1000216c:	e763      	b.n	10002036 <_ftoa+0x2a6>
1000216e:	2520      	movs	r5, #32
10002170:	e66e      	b.n	10001e50 <_ftoa+0xc0>
10002172:	9b07      	ldr	r3, [sp, #28]
10002174:	f013 0f0c 	tst.w	r3, #12
10002178:	d050      	beq.n	1000221c <_ftoa+0x48c>
1000217a:	f10b 3bff 	add.w	fp, fp, #4294967295
1000217e:	45ab      	cmp	fp, r5
10002180:	f63f aef2 	bhi.w	10001f68 <_ftoa+0x1d8>
10002184:	2d20      	cmp	r5, #32
10002186:	f43f aefc 	beq.w	10001f82 <_ftoa+0x1f2>
1000218a:	9b07      	ldr	r3, [sp, #28]
1000218c:	075a      	lsls	r2, r3, #29
1000218e:	d501      	bpl.n	10002194 <_ftoa+0x404>
10002190:	222b      	movs	r2, #43	@ 0x2b
10002192:	e7cb      	b.n	1000212c <_ftoa+0x39c>
10002194:	071b      	lsls	r3, r3, #28
10002196:	f57f aef4 	bpl.w	10001f82 <_ftoa+0x1f2>
1000219a:	2220      	movs	r2, #32
1000219c:	e7c6      	b.n	1000212c <_ftoa+0x39c>
1000219e:	f01a 0f01 	tst.w	sl, #1
100021a2:	f43f ae96 	beq.w	10001ed2 <_ftoa+0x142>
100021a6:	e78f      	b.n	100020c8 <_ftoa+0x338>
100021a8:	07a6      	lsls	r6, r4, #30
100021aa:	d134      	bne.n	10002216 <_ftoa+0x486>
100021ac:	f1bb 0f03 	cmp.w	fp, #3
100021b0:	d931      	bls.n	10002216 <_ftoa+0x486>
100021b2:	9b0c      	ldr	r3, [sp, #48]	@ 0x30
100021b4:	461d      	mov	r5, r3
100021b6:	1edc      	subs	r4, r3, #3
100021b8:	eb04 0a0b 	add.w	sl, r4, fp
100021bc:	462a      	mov	r2, r5
100021be:	464b      	mov	r3, r9
100021c0:	4641      	mov	r1, r8
100021c2:	2020      	movs	r0, #32
100021c4:	3501      	adds	r5, #1
100021c6:	47b8      	blx	r7
100021c8:	4555      	cmp	r5, sl
100021ca:	d1f7      	bne.n	100021bc <_ftoa+0x42c>
100021cc:	4655      	mov	r5, sl
100021ce:	4c1e      	ldr	r4, [pc, #120]	@ (10002248 <_ftoa+0x4b8>)
100021d0:	1ee6      	subs	r6, r4, #3
100021d2:	f814 0d01 	ldrb.w	r0, [r4, #-1]!
100021d6:	462a      	mov	r2, r5
100021d8:	464b      	mov	r3, r9
100021da:	4641      	mov	r1, r8
100021dc:	47b8      	blx	r7
100021de:	42a6      	cmp	r6, r4
100021e0:	f105 0501 	add.w	r5, r5, #1
100021e4:	d1f5      	bne.n	100021d2 <_ftoa+0x442>
100021e6:	9b07      	ldr	r3, [sp, #28]
100021e8:	f10a 0a03 	add.w	sl, sl, #3
100021ec:	079d      	lsls	r5, r3, #30
100021ee:	f57f aed5 	bpl.w	10001f9c <_ftoa+0x20c>
100021f2:	9c0c      	ldr	r4, [sp, #48]	@ 0x30
100021f4:	ebaa 0304 	sub.w	r3, sl, r4
100021f8:	459b      	cmp	fp, r3
100021fa:	f67f aecf 	bls.w	10001f9c <_ftoa+0x20c>
100021fe:	4652      	mov	r2, sl
10002200:	464b      	mov	r3, r9
10002202:	4641      	mov	r1, r8
10002204:	2020      	movs	r0, #32
10002206:	f10a 0a01 	add.w	sl, sl, #1
1000220a:	47b8      	blx	r7
1000220c:	ebaa 0304 	sub.w	r3, sl, r4
10002210:	459b      	cmp	fp, r3
10002212:	d8f4      	bhi.n	100021fe <_ftoa+0x46e>
10002214:	e6c2      	b.n	10001f9c <_ftoa+0x20c>
10002216:	f8dd a030 	ldr.w	sl, [sp, #48]	@ 0x30
1000221a:	e7d7      	b.n	100021cc <_ftoa+0x43c>
1000221c:	45ab      	cmp	fp, r5
1000221e:	f63f aea3 	bhi.w	10001f68 <_ftoa+0x1d8>
10002222:	e6ae      	b.n	10001f82 <_ftoa+0x1f2>
10002224:	f1bb 0f00 	cmp.w	fp, #0
10002228:	f43f af7a 	beq.w	10002120 <_ftoa+0x390>
1000222c:	9b0d      	ldr	r3, [sp, #52]	@ 0x34
1000222e:	2b00      	cmp	r3, #0
10002230:	d09f      	beq.n	10002172 <_ftoa+0x3e2>
10002232:	f10b 3bff 	add.w	fp, fp, #4294967295
10002236:	455d      	cmp	r5, fp
10002238:	f4ff ae96 	bcc.w	10001f68 <_ftoa+0x1d8>
1000223c:	2d20      	cmp	r5, #32
1000223e:	f47f af74 	bne.w	1000212a <_ftoa+0x39a>
10002242:	e69e      	b.n	10001f82 <_ftoa+0x1f2>
10002244:	3fe00000 	.word	0x3fe00000
10002248:	1000906f 	.word	0x1000906f
1000224c:	00000000 	.word	0x00000000

10002250 <_etoa>:
10002250:	e92d 4ff0 	stmdb	sp!, {r4, r5, r6, r7, r8, r9, sl, fp, lr}
10002254:	b09f      	sub	sp, #124	@ 0x7c
10002256:	9e2a      	ldr	r6, [sp, #168]	@ 0xa8
10002258:	e9dd 4528 	ldrd	r4, r5, [sp, #160]	@ 0xa0
1000225c:	4607      	mov	r7, r0
1000225e:	4693      	mov	fp, r2
10002260:	9108      	str	r1, [sp, #32]
10002262:	9309      	str	r3, [sp, #36]	@ 0x24
10002264:	4622      	mov	r2, r4
10002266:	462b      	mov	r3, r5
10002268:	4620      	mov	r0, r4
1000226a:	4629      	mov	r1, r5
1000226c:	960e      	str	r6, [sp, #56]	@ 0x38
1000226e:	e9dd a62b 	ldrd	sl, r6, [sp, #172]	@ 0xac
10002272:	f7ff fbd7 	bl	10001a24 <__wrap___aeabi_dcmpun>
10002276:	2800      	cmp	r0, #0
10002278:	f040 80be 	bne.w	100023f8 <_etoa+0x1a8>
1000227c:	4620      	mov	r0, r4
1000227e:	4629      	mov	r1, r5
10002280:	f04f 32ff 	mov.w	r2, #4294967295
10002284:	4b78      	ldr	r3, [pc, #480]	@ (10002468 <_etoa+0x218>)
10002286:	f7ff fc1b 	bl	10001ac0 <__wrap___aeabi_dcmpgt>
1000228a:	2800      	cmp	r0, #0
1000228c:	f040 80b4 	bne.w	100023f8 <_etoa+0x1a8>
10002290:	4620      	mov	r0, r4
10002292:	4629      	mov	r1, r5
10002294:	f04f 32ff 	mov.w	r2, #4294967295
10002298:	f46f 1380 	mvn.w	r3, #1048576	@ 0x100000
1000229c:	f7ff fbd4 	bl	10001a48 <__wrap___aeabi_dcmplt>
100022a0:	2800      	cmp	r0, #0
100022a2:	f040 80a9 	bne.w	100023f8 <_etoa+0x1a8>
100022a6:	4620      	mov	r0, r4
100022a8:	4629      	mov	r1, r5
100022aa:	2200      	movs	r2, #0
100022ac:	2300      	movs	r3, #0
100022ae:	f7ff fbcb 	bl	10001a48 <__wrap___aeabi_dcmplt>
100022b2:	2800      	cmp	r0, #0
100022b4:	f040 81d5 	bne.w	10002662 <_etoa+0x412>
100022b8:	e9cd 450a 	strd	r4, r5, [sp, #40]	@ 0x28
100022bc:	e9dd 230a 	ldrd	r2, r3, [sp, #40]	@ 0x28
100022c0:	4690      	mov	r8, r2
100022c2:	4699      	mov	r9, r3
100022c4:	f406 6200 	and.w	r2, r6, #2048	@ 0x800
100022c8:	f416 6380 	ands.w	r3, r6, #1024	@ 0x400
100022cc:	920f      	str	r2, [sp, #60]	@ 0x3c
100022ce:	9313      	str	r3, [sp, #76]	@ 0x4c
100022d0:	f040 80a1 	bne.w	10002416 <_etoa+0x1c6>
100022d4:	ea58 0309 	orrs.w	r3, r8, r9
100022d8:	f040 80ca 	bne.w	10002470 <_etoa+0x220>
100022dc:	2a00      	cmp	r2, #0
100022de:	f040 81e3 	bne.w	100026a8 <_etoa+0x458>
100022e2:	2306      	movs	r3, #6
100022e4:	930e      	str	r3, [sp, #56]	@ 0x38
100022e6:	f016 0202 	ands.w	r2, r6, #2
100022ea:	9210      	str	r2, [sp, #64]	@ 0x40
100022ec:	f040 81d4 	bne.w	10002698 <_etoa+0x448>
100022f0:	4653      	mov	r3, sl
100022f2:	2b04      	cmp	r3, #4
100022f4:	bf38      	it	cc
100022f6:	2304      	movcc	r3, #4
100022f8:	920c      	str	r2, [sp, #48]	@ 0x30
100022fa:	2204      	movs	r2, #4
100022fc:	3b04      	subs	r3, #4
100022fe:	9212      	str	r2, [sp, #72]	@ 0x48
10002300:	930f      	str	r3, [sp, #60]	@ 0x3c
10002302:	4620      	mov	r0, r4
10002304:	4629      	mov	r1, r5
10002306:	2200      	movs	r2, #0
10002308:	2300      	movs	r3, #0
1000230a:	f7ff fb9d 	bl	10001a48 <__wrap___aeabi_dcmplt>
1000230e:	2800      	cmp	r0, #0
10002310:	f040 81f3 	bne.w	100026fa <_etoa+0x4aa>
10002314:	ed9d 7b0a 	vldr	d7, [sp, #40]	@ 0x28
10002318:	9b0f      	ldr	r3, [sp, #60]	@ 0x3c
1000231a:	465a      	mov	r2, fp
1000231c:	9303      	str	r3, [sp, #12]
1000231e:	9b0e      	ldr	r3, [sp, #56]	@ 0x38
10002320:	ed8d 7b00 	vstr	d7, [sp]
10002324:	9302      	str	r3, [sp, #8]
10002326:	f426 6300 	bic.w	r3, r6, #2048	@ 0x800
1000232a:	9304      	str	r3, [sp, #16]
1000232c:	4638      	mov	r0, r7
1000232e:	9b09      	ldr	r3, [sp, #36]	@ 0x24
10002330:	9908      	ldr	r1, [sp, #32]
10002332:	f7ff fd2d 	bl	10001d90 <_ftoa>
10002336:	4602      	mov	r2, r0
10002338:	f016 0f20 	tst.w	r6, #32
1000233c:	9b09      	ldr	r3, [sp, #36]	@ 0x24
1000233e:	9908      	ldr	r1, [sp, #32]
10002340:	bf0c      	ite	eq
10002342:	2065      	moveq	r0, #101	@ 0x65
10002344:	2045      	movne	r0, #69	@ 0x45
10002346:	f102 0801 	add.w	r8, r2, #1
1000234a:	47b8      	blx	r7
1000234c:	9a0c      	ldr	r2, [sp, #48]	@ 0x30
1000234e:	9b12      	ldr	r3, [sp, #72]	@ 0x48
10002350:	ac16      	add	r4, sp, #88	@ 0x58
10002352:	1e5d      	subs	r5, r3, #1
10002354:	ea82 73e2 	eor.w	r3, r2, r2, asr #31
10002358:	eba3 73e2 	sub.w	r3, r3, r2, asr #31
1000235c:	0fd1      	lsrs	r1, r2, #31
1000235e:	2600      	movs	r6, #0
10002360:	4622      	mov	r2, r4
10002362:	4699      	mov	r9, r3
10002364:	f8df c104 	ldr.w	ip, [pc, #260]	@ 1000246c <_etoa+0x21c>
10002368:	e001      	b.n	1000236e <_etoa+0x11e>
1000236a:	2e20      	cmp	r6, #32
1000236c:	d010      	beq.n	10002390 <_etoa+0x140>
1000236e:	46ce      	mov	lr, r9
10002370:	fbac 3009 	umull	r3, r0, ip, r9
10002374:	08c0      	lsrs	r0, r0, #3
10002376:	eb00 0380 	add.w	r3, r0, r0, lsl #2
1000237a:	eba9 0343 	sub.w	r3, r9, r3, lsl #1
1000237e:	3330      	adds	r3, #48	@ 0x30
10002380:	f1be 0f09 	cmp.w	lr, #9
10002384:	4681      	mov	r9, r0
10002386:	f106 0601 	add.w	r6, r6, #1
1000238a:	f802 3b01 	strb.w	r3, [r2], #1
1000238e:	d8ec      	bhi.n	1000236a <_etoa+0x11a>
10002390:	2305      	movs	r3, #5
10002392:	2000      	movs	r0, #0
10002394:	9306      	str	r3, [sp, #24]
10002396:	230a      	movs	r3, #10
10002398:	9505      	str	r5, [sp, #20]
1000239a:	9400      	str	r4, [sp, #0]
1000239c:	9d09      	ldr	r5, [sp, #36]	@ 0x24
1000239e:	9c08      	ldr	r4, [sp, #32]
100023a0:	4642      	mov	r2, r8
100023a2:	e9cd 3003 	strd	r3, r0, [sp, #12]
100023a6:	e9cd 6101 	strd	r6, r1, [sp, #4]
100023aa:	462b      	mov	r3, r5
100023ac:	4621      	mov	r1, r4
100023ae:	4638      	mov	r0, r7
100023b0:	f7ff fbfe 	bl	10001bb0 <_ntoa_format>
100023b4:	9a10      	ldr	r2, [sp, #64]	@ 0x40
100023b6:	4680      	mov	r8, r0
100023b8:	b1d2      	cbz	r2, 100023f0 <_etoa+0x1a0>
100023ba:	eba0 060b 	sub.w	r6, r0, fp
100023be:	45b2      	cmp	sl, r6
100023c0:	d916      	bls.n	100023f0 <_etoa+0x1a0>
100023c2:	eb0b 0206 	add.w	r2, fp, r6
100023c6:	462b      	mov	r3, r5
100023c8:	4621      	mov	r1, r4
100023ca:	2020      	movs	r0, #32
100023cc:	3601      	adds	r6, #1
100023ce:	47b8      	blx	r7
100023d0:	45b2      	cmp	sl, r6
100023d2:	d8f6      	bhi.n	100023c2 <_etoa+0x172>
100023d4:	f10b 33ff 	add.w	r3, fp, #4294967295
100023d8:	4453      	add	r3, sl
100023da:	f1cb 0201 	rsb	r2, fp, #1
100023de:	eba3 0308 	sub.w	r3, r3, r8
100023e2:	4442      	add	r2, r8
100023e4:	4592      	cmp	sl, r2
100023e6:	bf38      	it	cc
100023e8:	2300      	movcc	r3, #0
100023ea:	f108 0801 	add.w	r8, r8, #1
100023ee:	4498      	add	r8, r3
100023f0:	4640      	mov	r0, r8
100023f2:	b01f      	add	sp, #124	@ 0x7c
100023f4:	e8bd 8ff0 	ldmia.w	sp!, {r4, r5, r6, r7, r8, r9, sl, fp, pc}
100023f8:	465a      	mov	r2, fp
100023fa:	4638      	mov	r0, r7
100023fc:	e9cd 4528 	strd	r4, r5, [sp, #160]	@ 0xa0
10002400:	e9cd a62b 	strd	sl, r6, [sp, #172]	@ 0xac
10002404:	9c0e      	ldr	r4, [sp, #56]	@ 0x38
10002406:	9b09      	ldr	r3, [sp, #36]	@ 0x24
10002408:	9908      	ldr	r1, [sp, #32]
1000240a:	942a      	str	r4, [sp, #168]	@ 0xa8
1000240c:	b01f      	add	sp, #124	@ 0x7c
1000240e:	e8bd 4ff0 	ldmia.w	sp!, {r4, r5, r6, r7, r8, r9, sl, fp, lr}
10002412:	f7ff bcbd 	b.w	10001d90 <_ftoa>
10002416:	ea58 0309 	orrs.w	r3, r8, r9
1000241a:	d12b      	bne.n	10002474 <_etoa+0x224>
1000241c:	2a00      	cmp	r2, #0
1000241e:	f43f af62 	beq.w	100022e6 <_etoa+0x96>
10002422:	2300      	movs	r3, #0
10002424:	930c      	str	r3, [sp, #48]	@ 0x30
10002426:	9b0e      	ldr	r3, [sp, #56]	@ 0x38
10002428:	9a0c      	ldr	r2, [sp, #48]	@ 0x30
1000242a:	4293      	cmp	r3, r2
1000242c:	f300 81b9 	bgt.w	100027a2 <_etoa+0x552>
10002430:	f04f 0800 	mov.w	r8, #0
10002434:	4620      	mov	r0, r4
10002436:	4629      	mov	r1, r5
10002438:	2200      	movs	r2, #0
1000243a:	2300      	movs	r3, #0
1000243c:	f7ff fb04 	bl	10001a48 <__wrap___aeabi_dcmplt>
10002440:	2800      	cmp	r0, #0
10002442:	f040 8113 	bne.w	1000266c <_etoa+0x41c>
10002446:	ed9d 7b0a 	vldr	d7, [sp, #40]	@ 0x28
1000244a:	f426 6600 	bic.w	r6, r6, #2048	@ 0x800
1000244e:	f446 6680 	orr.w	r6, r6, #1024	@ 0x400
10002452:	ed8d 7b28 	vstr	d7, [sp, #160]	@ 0xa0
10002456:	465a      	mov	r2, fp
10002458:	4638      	mov	r0, r7
1000245a:	e9cd 8a2a 	strd	r8, sl, [sp, #168]	@ 0xa8
1000245e:	9b09      	ldr	r3, [sp, #36]	@ 0x24
10002460:	9908      	ldr	r1, [sp, #32]
10002462:	962c      	str	r6, [sp, #176]	@ 0xb0
10002464:	e7d2      	b.n	1000240c <_etoa+0x1bc>
10002466:	bf00      	nop
10002468:	7fefffff 	.word	0x7fefffff
1000246c:	cccccccd 	.word	0xcccccccd
10002470:	2306      	movs	r3, #6
10002472:	930e      	str	r3, [sp, #56]	@ 0x38
10002474:	f3c9 500a 	ubfx	r0, r9, #20, #11
10002478:	f2a0 30ff 	subw	r0, r0, #1023	@ 0x3ff
1000247c:	f7ff fa8a 	bl	10001994 <__wrap___aeabi_i2d>
10002480:	a3c1      	add	r3, pc, #772	@ (adr r3, 10002788 <_etoa+0x538>)
10002482:	e9d3 2300 	ldrd	r2, r3, [r3]
10002486:	f7ff fa03 	bl	10001890 <__wrap___aeabi_dmul>
1000248a:	a3c1      	add	r3, pc, #772	@ (adr r3, 10002790 <_etoa+0x540>)
1000248c:	e9d3 2300 	ldrd	r2, r3, [r3]
10002490:	f7ff f9d6 	bl	10001840 <__wrap___aeabi_dadd>
10002494:	f3c9 0913 	ubfx	r9, r9, #0, #20
10002498:	e9cd 010c 	strd	r0, r1, [sp, #48]	@ 0x30
1000249c:	f049 517f 	orr.w	r1, r9, #1069547520	@ 0x3fc00000
100024a0:	4640      	mov	r0, r8
100024a2:	2200      	movs	r2, #0
100024a4:	4bb2      	ldr	r3, [pc, #712]	@ (10002770 <_etoa+0x520>)
100024a6:	f441 1140 	orr.w	r1, r1, #3145728	@ 0x300000
100024aa:	f7ff f9dd 	bl	10001868 <__wrap___aeabi_dsub>
100024ae:	a3a4      	add	r3, pc, #656	@ (adr r3, 10002740 <_etoa+0x4f0>)
100024b0:	e9d3 2300 	ldrd	r2, r3, [r3]
100024b4:	f7ff f9ec 	bl	10001890 <__wrap___aeabi_dmul>
100024b8:	4602      	mov	r2, r0
100024ba:	460b      	mov	r3, r1
100024bc:	e9dd 010c 	ldrd	r0, r1, [sp, #48]	@ 0x30
100024c0:	f7ff f9be 	bl	10001840 <__wrap___aeabi_dadd>
100024c4:	f7ff fa8a 	bl	100019dc <__wrap___aeabi_d2iz>
100024c8:	900c      	str	r0, [sp, #48]	@ 0x30
100024ca:	f7ff fa63 	bl	10001994 <__wrap___aeabi_i2d>
100024ce:	a39e      	add	r3, pc, #632	@ (adr r3, 10002748 <_etoa+0x4f8>)
100024d0:	e9d3 2300 	ldrd	r2, r3, [r3]
100024d4:	4680      	mov	r8, r0
100024d6:	4689      	mov	r9, r1
100024d8:	f7ff f9da 	bl	10001890 <__wrap___aeabi_dmul>
100024dc:	2200      	movs	r2, #0
100024de:	4ba5      	ldr	r3, [pc, #660]	@ (10002774 <_etoa+0x524>)
100024e0:	f7ff f9ae 	bl	10001840 <__wrap___aeabi_dadd>
100024e4:	f7ff fa7a 	bl	100019dc <__wrap___aeabi_d2iz>
100024e8:	4603      	mov	r3, r0
100024ea:	4649      	mov	r1, r9
100024ec:	4640      	mov	r0, r8
100024ee:	9312      	str	r3, [sp, #72]	@ 0x48
100024f0:	a397      	add	r3, pc, #604	@ (adr r3, 10002750 <_etoa+0x500>)
100024f2:	e9d3 2300 	ldrd	r2, r3, [r3]
100024f6:	f7ff f9cb 	bl	10001890 <__wrap___aeabi_dmul>
100024fa:	4680      	mov	r8, r0
100024fc:	9812      	ldr	r0, [sp, #72]	@ 0x48
100024fe:	4689      	mov	r9, r1
10002500:	f7ff fa48 	bl	10001994 <__wrap___aeabi_i2d>
10002504:	a394      	add	r3, pc, #592	@ (adr r3, 10002758 <_etoa+0x508>)
10002506:	e9d3 2300 	ldrd	r2, r3, [r3]
1000250a:	f7ff f9c1 	bl	10001890 <__wrap___aeabi_dmul>
1000250e:	4602      	mov	r2, r0
10002510:	460b      	mov	r3, r1
10002512:	4640      	mov	r0, r8
10002514:	4649      	mov	r1, r9
10002516:	f7ff f9a7 	bl	10001868 <__wrap___aeabi_dsub>
1000251a:	4602      	mov	r2, r0
1000251c:	460b      	mov	r3, r1
1000251e:	4680      	mov	r8, r0
10002520:	4689      	mov	r9, r1
10002522:	f7ff f9b5 	bl	10001890 <__wrap___aeabi_dmul>
10002526:	4642      	mov	r2, r8
10002528:	464b      	mov	r3, r9
1000252a:	e9cd 0110 	strd	r0, r1, [sp, #64]	@ 0x40
1000252e:	4640      	mov	r0, r8
10002530:	4649      	mov	r1, r9
10002532:	f7ff f985 	bl	10001840 <__wrap___aeabi_dadd>
10002536:	2200      	movs	r2, #0
10002538:	e9cd 0114 	strd	r0, r1, [sp, #80]	@ 0x50
1000253c:	e9dd 0110 	ldrd	r0, r1, [sp, #64]	@ 0x40
10002540:	4b8d      	ldr	r3, [pc, #564]	@ (10002778 <_etoa+0x528>)
10002542:	f7ff f9cb 	bl	100018dc <__wrap___aeabi_ddiv>
10002546:	2200      	movs	r2, #0
10002548:	4b8c      	ldr	r3, [pc, #560]	@ (1000277c <_etoa+0x52c>)
1000254a:	f7ff f979 	bl	10001840 <__wrap___aeabi_dadd>
1000254e:	4602      	mov	r2, r0
10002550:	460b      	mov	r3, r1
10002552:	e9dd 0110 	ldrd	r0, r1, [sp, #64]	@ 0x40
10002556:	f7ff f9c1 	bl	100018dc <__wrap___aeabi_ddiv>
1000255a:	2200      	movs	r2, #0
1000255c:	4b88      	ldr	r3, [pc, #544]	@ (10002780 <_etoa+0x530>)
1000255e:	f7ff f96f 	bl	10001840 <__wrap___aeabi_dadd>
10002562:	4602      	mov	r2, r0
10002564:	460b      	mov	r3, r1
10002566:	e9dd 0110 	ldrd	r0, r1, [sp, #64]	@ 0x40
1000256a:	f7ff f9b7 	bl	100018dc <__wrap___aeabi_ddiv>
1000256e:	4642      	mov	r2, r8
10002570:	464b      	mov	r3, r9
10002572:	4680      	mov	r8, r0
10002574:	4689      	mov	r9, r1
10002576:	2000      	movs	r0, #0
10002578:	f04f 4180 	mov.w	r1, #1073741824	@ 0x40000000
1000257c:	f7ff f974 	bl	10001868 <__wrap___aeabi_dsub>
10002580:	4602      	mov	r2, r0
10002582:	460b      	mov	r3, r1
10002584:	4640      	mov	r0, r8
10002586:	4649      	mov	r1, r9
10002588:	f7ff f95a 	bl	10001840 <__wrap___aeabi_dadd>
1000258c:	4602      	mov	r2, r0
1000258e:	460b      	mov	r3, r1
10002590:	e9dd 0114 	ldrd	r0, r1, [sp, #80]	@ 0x50
10002594:	f7ff f9a2 	bl	100018dc <__wrap___aeabi_ddiv>
10002598:	2200      	movs	r2, #0
1000259a:	4b7a      	ldr	r3, [pc, #488]	@ (10002784 <_etoa+0x534>)
1000259c:	f7ff f950 	bl	10001840 <__wrap___aeabi_dadd>
100025a0:	9b12      	ldr	r3, [sp, #72]	@ 0x48
100025a2:	2200      	movs	r2, #0
100025a4:	f203 3cff 	addw	ip, r3, #1023	@ 0x3ff
100025a8:	ea4f 530c 	mov.w	r3, ip, lsl #20
100025ac:	f7ff f970 	bl	10001890 <__wrap___aeabi_dmul>
100025b0:	4680      	mov	r8, r0
100025b2:	4689      	mov	r9, r1
100025b4:	e9dd 010a 	ldrd	r0, r1, [sp, #40]	@ 0x28
100025b8:	4642      	mov	r2, r8
100025ba:	464b      	mov	r3, r9
100025bc:	f7ff fa44 	bl	10001a48 <__wrap___aeabi_dcmplt>
100025c0:	b150      	cbz	r0, 100025d8 <_etoa+0x388>
100025c2:	9b0c      	ldr	r3, [sp, #48]	@ 0x30
100025c4:	4640      	mov	r0, r8
100025c6:	3b01      	subs	r3, #1
100025c8:	4649      	mov	r1, r9
100025ca:	930c      	str	r3, [sp, #48]	@ 0x30
100025cc:	2200      	movs	r2, #0
100025ce:	4b6b      	ldr	r3, [pc, #428]	@ (1000277c <_etoa+0x52c>)
100025d0:	f7ff f984 	bl	100018dc <__wrap___aeabi_ddiv>
100025d4:	4680      	mov	r8, r0
100025d6:	4689      	mov	r9, r1
100025d8:	9a0c      	ldr	r2, [sp, #48]	@ 0x30
100025da:	4643      	mov	r3, r8
100025dc:	3263      	adds	r2, #99	@ 0x63
100025de:	2ac6      	cmp	r2, #198	@ 0xc6
100025e0:	f006 0202 	and.w	r2, r6, #2
100025e4:	9210      	str	r2, [sp, #64]	@ 0x40
100025e6:	4649      	mov	r1, r9
100025e8:	9a0f      	ldr	r2, [sp, #60]	@ 0x3c
100025ea:	d82c      	bhi.n	10002646 <_etoa+0x3f6>
100025ec:	2a00      	cmp	r2, #0
100025ee:	d05e      	beq.n	100026ae <_etoa+0x45e>
100025f0:	2204      	movs	r2, #4
100025f2:	9212      	str	r2, [sp, #72]	@ 0x48
100025f4:	430b      	orrs	r3, r1
100025f6:	f43f af16 	beq.w	10002426 <_etoa+0x1d6>
100025fa:	e9dd 010a 	ldrd	r0, r1, [sp, #40]	@ 0x28
100025fe:	a358      	add	r3, pc, #352	@ (adr r3, 10002760 <_etoa+0x510>)
10002600:	e9d3 2300 	ldrd	r2, r3, [r3]
10002604:	f7ff fa48 	bl	10001a98 <__wrap___aeabi_dcmpge>
10002608:	b148      	cbz	r0, 1000261e <_etoa+0x3ce>
1000260a:	e9dd 010a 	ldrd	r0, r1, [sp, #40]	@ 0x28
1000260e:	a356      	add	r3, pc, #344	@ (adr r3, 10002768 <_etoa+0x518>)
10002610:	e9d3 2300 	ldrd	r2, r3, [r3]
10002614:	f7ff fa18 	bl	10001a48 <__wrap___aeabi_dcmplt>
10002618:	2800      	cmp	r0, #0
1000261a:	f47f af04 	bne.w	10002426 <_etoa+0x1d6>
1000261e:	9b0e      	ldr	r3, [sp, #56]	@ 0x38
10002620:	2b00      	cmp	r3, #0
10002622:	d050      	beq.n	100026c6 <_etoa+0x476>
10002624:	9a13      	ldr	r2, [sp, #76]	@ 0x4c
10002626:	2a00      	cmp	r2, #0
10002628:	d07d      	beq.n	10002726 <_etoa+0x4d6>
1000262a:	3b01      	subs	r3, #1
1000262c:	930e      	str	r3, [sp, #56]	@ 0x38
1000262e:	9b12      	ldr	r3, [sp, #72]	@ 0x48
10002630:	459a      	cmp	sl, r3
10002632:	d905      	bls.n	10002640 <_etoa+0x3f0>
10002634:	9b10      	ldr	r3, [sp, #64]	@ 0x40
10002636:	2b00      	cmp	r3, #0
10002638:	f000 80ae 	beq.w	10002798 <_etoa+0x548>
1000263c:	2302      	movs	r3, #2
1000263e:	9310      	str	r3, [sp, #64]	@ 0x40
10002640:	2300      	movs	r3, #0
10002642:	930f      	str	r3, [sp, #60]	@ 0x3c
10002644:	e044      	b.n	100026d0 <_etoa+0x480>
10002646:	bb22      	cbnz	r2, 10002692 <_etoa+0x442>
10002648:	f1ba 0f05 	cmp.w	sl, #5
1000264c:	d94f      	bls.n	100026ee <_etoa+0x49e>
1000264e:	f006 0302 	and.w	r3, r6, #2
10002652:	2b00      	cmp	r3, #0
10002654:	d149      	bne.n	100026ea <_etoa+0x49a>
10002656:	2305      	movs	r3, #5
10002658:	9312      	str	r3, [sp, #72]	@ 0x48
1000265a:	f1aa 0305 	sub.w	r3, sl, #5
1000265e:	930f      	str	r3, [sp, #60]	@ 0x3c
10002660:	e03a      	b.n	100026d8 <_etoa+0x488>
10002662:	f105 4300 	add.w	r3, r5, #2147483648	@ 0x80000000
10002666:	940a      	str	r4, [sp, #40]	@ 0x28
10002668:	930b      	str	r3, [sp, #44]	@ 0x2c
1000266a:	e627      	b.n	100022bc <_etoa+0x6c>
1000266c:	f426 6600 	bic.w	r6, r6, #2048	@ 0x800
10002670:	f446 6680 	orr.w	r6, r6, #1024	@ 0x400
10002674:	4638      	mov	r0, r7
10002676:	962c      	str	r6, [sp, #176]	@ 0xb0
10002678:	e9dd 670a 	ldrd	r6, r7, [sp, #40]	@ 0x28
1000267c:	4634      	mov	r4, r6
1000267e:	f107 4500 	add.w	r5, r7, #2147483648	@ 0x80000000
10002682:	465a      	mov	r2, fp
10002684:	e9cd 8a2a 	strd	r8, sl, [sp, #168]	@ 0xa8
10002688:	e9cd 4528 	strd	r4, r5, [sp, #160]	@ 0xa0
1000268c:	9b09      	ldr	r3, [sp, #36]	@ 0x24
1000268e:	9908      	ldr	r1, [sp, #32]
10002690:	e6bc      	b.n	1000240c <_etoa+0x1bc>
10002692:	2205      	movs	r2, #5
10002694:	9212      	str	r2, [sp, #72]	@ 0x48
10002696:	e7ad      	b.n	100025f4 <_etoa+0x3a4>
10002698:	2300      	movs	r3, #0
1000269a:	2202      	movs	r2, #2
1000269c:	e9cd 320f 	strd	r3, r2, [sp, #60]	@ 0x3c
100026a0:	2204      	movs	r2, #4
100026a2:	930c      	str	r3, [sp, #48]	@ 0x30
100026a4:	9212      	str	r2, [sp, #72]	@ 0x48
100026a6:	e62c      	b.n	10002302 <_etoa+0xb2>
100026a8:	f04f 0805 	mov.w	r8, #5
100026ac:	e6c2      	b.n	10002434 <_etoa+0x1e4>
100026ae:	f1ba 0f04 	cmp.w	sl, #4
100026b2:	d91f      	bls.n	100026f4 <_etoa+0x4a4>
100026b4:	9b10      	ldr	r3, [sp, #64]	@ 0x40
100026b6:	2b00      	cmp	r3, #0
100026b8:	d178      	bne.n	100027ac <_etoa+0x55c>
100026ba:	2304      	movs	r3, #4
100026bc:	9312      	str	r3, [sp, #72]	@ 0x48
100026be:	f1aa 0304 	sub.w	r3, sl, #4
100026c2:	930f      	str	r3, [sp, #60]	@ 0x3c
100026c4:	e004      	b.n	100026d0 <_etoa+0x480>
100026c6:	9b12      	ldr	r3, [sp, #72]	@ 0x48
100026c8:	459a      	cmp	sl, r3
100026ca:	d831      	bhi.n	10002730 <_etoa+0x4e0>
100026cc:	9b0e      	ldr	r3, [sp, #56]	@ 0x38
100026ce:	930f      	str	r3, [sp, #60]	@ 0x3c
100026d0:	9b0c      	ldr	r3, [sp, #48]	@ 0x30
100026d2:	2b00      	cmp	r3, #0
100026d4:	f43f ae15 	beq.w	10002302 <_etoa+0xb2>
100026d8:	e9dd 010a 	ldrd	r0, r1, [sp, #40]	@ 0x28
100026dc:	4642      	mov	r2, r8
100026de:	464b      	mov	r3, r9
100026e0:	f7ff f8fc 	bl	100018dc <__wrap___aeabi_ddiv>
100026e4:	e9cd 010a 	strd	r0, r1, [sp, #40]	@ 0x28
100026e8:	e60b      	b.n	10002302 <_etoa+0xb2>
100026ea:	2302      	movs	r3, #2
100026ec:	9310      	str	r3, [sp, #64]	@ 0x40
100026ee:	2305      	movs	r3, #5
100026f0:	9312      	str	r3, [sp, #72]	@ 0x48
100026f2:	e7f1      	b.n	100026d8 <_etoa+0x488>
100026f4:	2304      	movs	r3, #4
100026f6:	9312      	str	r3, [sp, #72]	@ 0x48
100026f8:	e7ea      	b.n	100026d0 <_etoa+0x480>
100026fa:	e9dd 450a 	ldrd	r4, r5, [sp, #40]	@ 0x28
100026fe:	46a0      	mov	r8, r4
10002700:	9b0f      	ldr	r3, [sp, #60]	@ 0x3c
10002702:	f105 4900 	add.w	r9, r5, #2147483648	@ 0x80000000
10002706:	9303      	str	r3, [sp, #12]
10002708:	9b0e      	ldr	r3, [sp, #56]	@ 0x38
1000270a:	465a      	mov	r2, fp
1000270c:	9302      	str	r3, [sp, #8]
1000270e:	f426 6300 	bic.w	r3, r6, #2048	@ 0x800
10002712:	9304      	str	r3, [sp, #16]
10002714:	4638      	mov	r0, r7
10002716:	e9cd 8900 	strd	r8, r9, [sp]
1000271a:	9b09      	ldr	r3, [sp, #36]	@ 0x24
1000271c:	9908      	ldr	r1, [sp, #32]
1000271e:	f7ff fb37 	bl	10001d90 <_ftoa>
10002722:	4602      	mov	r2, r0
10002724:	e608      	b.n	10002338 <_etoa+0xe8>
10002726:	9b12      	ldr	r3, [sp, #72]	@ 0x48
10002728:	459a      	cmp	sl, r3
1000272a:	d844      	bhi.n	100027b6 <_etoa+0x566>
1000272c:	920f      	str	r2, [sp, #60]	@ 0x3c
1000272e:	e7cf      	b.n	100026d0 <_etoa+0x480>
10002730:	9b10      	ldr	r3, [sp, #64]	@ 0x40
10002732:	b38b      	cbz	r3, 10002798 <_etoa+0x548>
10002734:	9b0e      	ldr	r3, [sp, #56]	@ 0x38
10002736:	930f      	str	r3, [sp, #60]	@ 0x3c
10002738:	2302      	movs	r3, #2
1000273a:	9310      	str	r3, [sp, #64]	@ 0x40
1000273c:	e7c8      	b.n	100026d0 <_etoa+0x480>
1000273e:	bf00      	nop
10002740:	636f4361 	.word	0x636f4361
10002744:	3fd287a7 	.word	0x3fd287a7
10002748:	0979a371 	.word	0x0979a371
1000274c:	400a934f 	.word	0x400a934f
10002750:	bbb55516 	.word	0xbbb55516
10002754:	40026bb1 	.word	0x40026bb1
10002758:	fefa39ef 	.word	0xfefa39ef
1000275c:	3fe62e42 	.word	0x3fe62e42
10002760:	eb1c432d 	.word	0xeb1c432d
10002764:	3f1a36e2 	.word	0x3f1a36e2
10002768:	00000000 	.word	0x00000000
1000276c:	412e8480 	.word	0x412e8480
10002770:	3ff80000 	.word	0x3ff80000
10002774:	3fe00000 	.word	0x3fe00000
10002778:	402c0000 	.word	0x402c0000
1000277c:	40240000 	.word	0x40240000
10002780:	40180000 	.word	0x40180000
10002784:	3ff00000 	.word	0x3ff00000
10002788:	509f79fb 	.word	0x509f79fb
1000278c:	3fd34413 	.word	0x3fd34413
10002790:	8b60c8b3 	.word	0x8b60c8b3
10002794:	3fc68a28 	.word	0x3fc68a28
10002798:	9b12      	ldr	r3, [sp, #72]	@ 0x48
1000279a:	ebaa 0303 	sub.w	r3, sl, r3
1000279e:	930f      	str	r3, [sp, #60]	@ 0x3c
100027a0:	e796      	b.n	100026d0 <_etoa+0x480>
100027a2:	eba3 0802 	sub.w	r8, r3, r2
100027a6:	f108 38ff 	add.w	r8, r8, #4294967295
100027aa:	e643      	b.n	10002434 <_etoa+0x1e4>
100027ac:	2304      	movs	r3, #4
100027ae:	9312      	str	r3, [sp, #72]	@ 0x48
100027b0:	2302      	movs	r3, #2
100027b2:	9310      	str	r3, [sp, #64]	@ 0x40
100027b4:	e78c      	b.n	100026d0 <_etoa+0x480>
100027b6:	9b10      	ldr	r3, [sp, #64]	@ 0x40
100027b8:	2b00      	cmp	r3, #0
100027ba:	d0ed      	beq.n	10002798 <_etoa+0x548>
100027bc:	2302      	movs	r3, #2
100027be:	920f      	str	r2, [sp, #60]	@ 0x3c
100027c0:	9310      	str	r3, [sp, #64]	@ 0x40
100027c2:	e785      	b.n	100026d0 <_etoa+0x480>

100027c4 <_vsnprintf>:
100027c4:	e92d 4ff0 	stmdb	sp!, {r4, r5, r6, r7, r8, r9, sl, fp, lr}
100027c8:	b09b      	sub	sp, #108	@ 0x6c
100027ca:	9c24      	ldr	r4, [sp, #144]	@ 0x90
100027cc:	4d95      	ldr	r5, [pc, #596]	@ (10002a24 <_vsnprintf+0x260>)
100027ce:	940a      	str	r4, [sp, #40]	@ 0x28
100027d0:	4c95      	ldr	r4, [pc, #596]	@ (10002a28 <_vsnprintf+0x264>)
100027d2:	f1b1 0a00 	subs.w	sl, r1, #0
100027d6:	bf18      	it	ne
100027d8:	4683      	movne	fp, r0
100027da:	6025      	str	r5, [r4, #0]
100027dc:	7818      	ldrb	r0, [r3, #0]
100027de:	4c93      	ldr	r4, [pc, #588]	@ (10002a2c <_vsnprintf+0x268>)
100027e0:	4691      	mov	r9, r2
100027e2:	bf08      	it	eq
100027e4:	46a3      	moveq	fp, r4
100027e6:	9309      	str	r3, [sp, #36]	@ 0x24
100027e8:	2800      	cmp	r0, #0
100027ea:	f000 8293 	beq.w	10002d14 <_vsnprintf+0x550>
100027ee:	f04f 0800 	mov.w	r8, #0
100027f2:	e00a      	b.n	1000280a <_vsnprintf+0x46>
100027f4:	4642      	mov	r2, r8
100027f6:	464b      	mov	r3, r9
100027f8:	4651      	mov	r1, sl
100027fa:	f108 0801 	add.w	r8, r8, #1
100027fe:	47d8      	blx	fp
10002800:	9b09      	ldr	r3, [sp, #36]	@ 0x24
10002802:	7818      	ldrb	r0, [r3, #0]
10002804:	2800      	cmp	r0, #0
10002806:	f000 80ce 	beq.w	100029a6 <_vsnprintf+0x1e2>
1000280a:	9b09      	ldr	r3, [sp, #36]	@ 0x24
1000280c:	2825      	cmp	r0, #37	@ 0x25
1000280e:	f103 0301 	add.w	r3, r3, #1
10002812:	9309      	str	r3, [sp, #36]	@ 0x24
10002814:	d1ee      	bne.n	100027f4 <_vsnprintf+0x30>
10002816:	461c      	mov	r4, r3
10002818:	2300      	movs	r3, #0
1000281a:	4622      	mov	r2, r4
1000281c:	f812 0b01 	ldrb.w	r0, [r2], #1
10002820:	f1a0 0120 	sub.w	r1, r0, #32
10002824:	2910      	cmp	r1, #16
10002826:	d80a      	bhi.n	1000283e <_vsnprintf+0x7a>
10002828:	e8df f001 	tbb	[pc, r1]
1000282c:	3c090940 	.word	0x3c090940
10002830:	09090909 	.word	0x09090909
10002834:	38090909 	.word	0x38090909
10002838:	09093409 	.word	0x09093409
1000283c:	30          	.byte	0x30
1000283d:	00          	.byte	0x00
1000283e:	f1a0 0130 	sub.w	r1, r0, #48	@ 0x30
10002842:	2909      	cmp	r1, #9
10002844:	9409      	str	r4, [sp, #36]	@ 0x24
10002846:	f240 808a 	bls.w	1000295e <_vsnprintf+0x19a>
1000284a:	282a      	cmp	r0, #42	@ 0x2a
1000284c:	f000 80f0 	beq.w	10002a30 <_vsnprintf+0x26c>
10002850:	2500      	movs	r5, #0
10002852:	282e      	cmp	r0, #46	@ 0x2e
10002854:	f000 8096 	beq.w	10002984 <_vsnprintf+0x1c0>
10002858:	2600      	movs	r6, #0
1000285a:	f1a0 0168 	sub.w	r1, r0, #104	@ 0x68
1000285e:	2912      	cmp	r1, #18
10002860:	d82d      	bhi.n	100028be <_vsnprintf+0xfa>
10002862:	e8df f011 	tbh	[pc, r1, lsl #1]
10002866:	0149      	.short	0x0149
10002868:	0143002c 	.word	0x0143002c
1000286c:	0138002c 	.word	0x0138002c
10002870:	002c002c 	.word	0x002c002c
10002874:	002c002c 	.word	0x002c002c
10002878:	002c002c 	.word	0x002c002c
1000287c:	0027002c 	.word	0x0027002c
10002880:	002c002c 	.word	0x002c002c
10002884:	002c002c 	.word	0x002c002c
10002888:	0027002c 	.word	0x0027002c
1000288c:	4614      	mov	r4, r2
1000288e:	f043 0301 	orr.w	r3, r3, #1
10002892:	e7c2      	b.n	1000281a <_vsnprintf+0x56>
10002894:	4614      	mov	r4, r2
10002896:	f043 0302 	orr.w	r3, r3, #2
1000289a:	e7be      	b.n	1000281a <_vsnprintf+0x56>
1000289c:	4614      	mov	r4, r2
1000289e:	f043 0304 	orr.w	r3, r3, #4
100028a2:	e7ba      	b.n	1000281a <_vsnprintf+0x56>
100028a4:	4614      	mov	r4, r2
100028a6:	f043 0310 	orr.w	r3, r3, #16
100028aa:	e7b6      	b.n	1000281a <_vsnprintf+0x56>
100028ac:	4614      	mov	r4, r2
100028ae:	f043 0308 	orr.w	r3, r3, #8
100028b2:	e7b2      	b.n	1000281a <_vsnprintf+0x56>
100028b4:	9909      	ldr	r1, [sp, #36]	@ 0x24
100028b6:	7848      	ldrb	r0, [r1, #1]
100028b8:	f443 7380 	orr.w	r3, r3, #256	@ 0x100
100028bc:	3201      	adds	r2, #1
100028be:	2867      	cmp	r0, #103	@ 0x67
100028c0:	9209      	str	r2, [sp, #36]	@ 0x24
100028c2:	d87e      	bhi.n	100029c2 <_vsnprintf+0x1fe>
100028c4:	2824      	cmp	r0, #36	@ 0x24
100028c6:	f240 80c1 	bls.w	10002a4c <_vsnprintf+0x288>
100028ca:	f1a0 0225 	sub.w	r2, r0, #37	@ 0x25
100028ce:	2a42      	cmp	r2, #66	@ 0x42
100028d0:	f200 80bc 	bhi.w	10002a4c <_vsnprintf+0x288>
100028d4:	e8df f012 	tbh	[pc, r2, lsl #1]
100028d8:	00ba0150 	.word	0x00ba0150
100028dc:	00ba00ba 	.word	0x00ba00ba
100028e0:	00ba00ba 	.word	0x00ba00ba
100028e4:	00ba00ba 	.word	0x00ba00ba
100028e8:	00ba00ba 	.word	0x00ba00ba
100028ec:	00ba00ba 	.word	0x00ba00ba
100028f0:	00ba00ba 	.word	0x00ba00ba
100028f4:	00ba00ba 	.word	0x00ba00ba
100028f8:	00ba00ba 	.word	0x00ba00ba
100028fc:	00ba00ba 	.word	0x00ba00ba
10002900:	00ba00ba 	.word	0x00ba00ba
10002904:	00ba00ba 	.word	0x00ba00ba
10002908:	00ba00ba 	.word	0x00ba00ba
1000290c:	00ba00ba 	.word	0x00ba00ba
10002910:	00ba00ba 	.word	0x00ba00ba
10002914:	00ba00ba 	.word	0x00ba00ba
10002918:	01370119 	.word	0x01370119
1000291c:	00ba0119 	.word	0x00ba0119
10002920:	00ba00ba 	.word	0x00ba00ba
10002924:	00ba00ba 	.word	0x00ba00ba
10002928:	00ba00ba 	.word	0x00ba00ba
1000292c:	00ba00ba 	.word	0x00ba00ba
10002930:	00ba00ba 	.word	0x00ba00ba
10002934:	00ba00ba 	.word	0x00ba00ba
10002938:	00ba00ba 	.word	0x00ba00ba
1000293c:	01bc00ba 	.word	0x01bc00ba
10002940:	00ba00ba 	.word	0x00ba00ba
10002944:	00ba00ba 	.word	0x00ba00ba
10002948:	00ba00ba 	.word	0x00ba00ba
1000294c:	00ba00ba 	.word	0x00ba00ba
10002950:	01bc00ba 	.word	0x01bc00ba
10002954:	01bc0158 	.word	0x01bc0158
10002958:	01370119 	.word	0x01370119
1000295c:	0119      	.short	0x0119
1000295e:	2500      	movs	r5, #0
10002960:	e000      	b.n	10002964 <_vsnprintf+0x1a0>
10002962:	3201      	adds	r2, #1
10002964:	eb05 0585 	add.w	r5, r5, r5, lsl #2
10002968:	eb00 0545 	add.w	r5, r0, r5, lsl #1
1000296c:	7810      	ldrb	r0, [r2, #0]
1000296e:	3d30      	subs	r5, #48	@ 0x30
10002970:	f1a0 0130 	sub.w	r1, r0, #48	@ 0x30
10002974:	2909      	cmp	r1, #9
10002976:	d9f4      	bls.n	10002962 <_vsnprintf+0x19e>
10002978:	282e      	cmp	r0, #46	@ 0x2e
1000297a:	9209      	str	r2, [sp, #36]	@ 0x24
1000297c:	f102 0201 	add.w	r2, r2, #1
10002980:	f47f af6a 	bne.w	10002858 <_vsnprintf+0x94>
10002984:	9909      	ldr	r1, [sp, #36]	@ 0x24
10002986:	f443 6380 	orr.w	r3, r3, #1024	@ 0x400
1000298a:	7848      	ldrb	r0, [r1, #1]
1000298c:	4611      	mov	r1, r2
1000298e:	f1a0 0630 	sub.w	r6, r0, #48	@ 0x30
10002992:	2e09      	cmp	r6, #9
10002994:	f240 8121 	bls.w	10002bda <_vsnprintf+0x416>
10002998:	282a      	cmp	r0, #42	@ 0x2a
1000299a:	f000 812f 	beq.w	10002bfc <_vsnprintf+0x438>
1000299e:	9209      	str	r2, [sp, #36]	@ 0x24
100029a0:	2600      	movs	r6, #0
100029a2:	3201      	adds	r2, #1
100029a4:	e759      	b.n	1000285a <_vsnprintf+0x96>
100029a6:	4644      	mov	r4, r8
100029a8:	45c1      	cmp	r9, r8
100029aa:	d801      	bhi.n	100029b0 <_vsnprintf+0x1ec>
100029ac:	f109 38ff 	add.w	r8, r9, #4294967295
100029b0:	464b      	mov	r3, r9
100029b2:	4642      	mov	r2, r8
100029b4:	4651      	mov	r1, sl
100029b6:	2000      	movs	r0, #0
100029b8:	47d8      	blx	fp
100029ba:	4620      	mov	r0, r4
100029bc:	b01b      	add	sp, #108	@ 0x6c
100029be:	e8bd 8ff0 	ldmia.w	sp!, {r4, r5, r6, r7, r8, r9, sl, fp, pc}
100029c2:	f1a0 0269 	sub.w	r2, r0, #105	@ 0x69
100029c6:	b2d2      	uxtb	r2, r2
100029c8:	2a0f      	cmp	r2, #15
100029ca:	d83f      	bhi.n	10002a4c <_vsnprintf+0x288>
100029cc:	2101      	movs	r1, #1
100029ce:	f249 0741 	movw	r7, #36929	@ 0x9041
100029d2:	4091      	lsls	r1, r2
100029d4:	4039      	ands	r1, r7
100029d6:	f040 80f3 	bne.w	10002bc0 <_vsnprintf+0x3fc>
100029da:	2a0a      	cmp	r2, #10
100029dc:	d03d      	beq.n	10002a5a <_vsnprintf+0x296>
100029de:	2a07      	cmp	r2, #7
100029e0:	d134      	bne.n	10002a4c <_vsnprintf+0x288>
100029e2:	9d0a      	ldr	r5, [sp, #40]	@ 0x28
100029e4:	f855 2b04 	ldr.w	r2, [r5], #4
100029e8:	2a00      	cmp	r2, #0
100029ea:	f000 8113 	beq.w	10002c14 <_vsnprintf+0x450>
100029ee:	f043 0021 	orr.w	r0, r3, #33	@ 0x21
100029f2:	ab12      	add	r3, sp, #72	@ 0x48
100029f4:	461f      	mov	r7, r3
100029f6:	930b      	str	r3, [sp, #44]	@ 0x2c
100029f8:	e003      	b.n	10002a02 <_vsnprintf+0x23e>
100029fa:	2920      	cmp	r1, #32
100029fc:	f000 8114 	beq.w	10002c28 <_vsnprintf+0x464>
10002a00:	461a      	mov	r2, r3
10002a02:	f002 040f 	and.w	r4, r2, #15
10002a06:	4623      	mov	r3, r4
10002a08:	2c09      	cmp	r4, #9
10002a0a:	bf94      	ite	ls
10002a0c:	3330      	addls	r3, #48	@ 0x30
10002a0e:	3337      	addhi	r3, #55	@ 0x37
10002a10:	2a0f      	cmp	r2, #15
10002a12:	f807 3b01 	strb.w	r3, [r7], #1
10002a16:	f101 0101 	add.w	r1, r1, #1
10002a1a:	ea4f 1312 	mov.w	r3, r2, lsr #4
10002a1e:	d8ec      	bhi.n	100029fa <_vsnprintf+0x236>
10002a20:	e102      	b.n	10002c28 <_vsnprintf+0x464>
10002a22:	bf00      	nop
10002a24:	100027c5 	.word	0x100027c5
10002a28:	20002884 	.word	0x20002884
10002a2c:	10001b11 	.word	0x10001b11
10002a30:	990a      	ldr	r1, [sp, #40]	@ 0x28
10002a32:	9809      	ldr	r0, [sp, #36]	@ 0x24
10002a34:	f851 5b04 	ldr.w	r5, [r1], #4
10002a38:	7840      	ldrb	r0, [r0, #1]
10002a3a:	2d00      	cmp	r5, #0
10002a3c:	e9cd 2109 	strd	r2, r1, [sp, #36]	@ 0x24
10002a40:	bfbc      	itt	lt
10002a42:	f043 0302 	orrlt.w	r3, r3, #2
10002a46:	426d      	neglt	r5, r5
10002a48:	3201      	adds	r2, #1
10002a4a:	e702      	b.n	10002852 <_vsnprintf+0x8e>
10002a4c:	4642      	mov	r2, r8
10002a4e:	464b      	mov	r3, r9
10002a50:	4651      	mov	r1, sl
10002a52:	f108 0801 	add.w	r8, r8, #1
10002a56:	47d8      	blx	fp
10002a58:	e6d2      	b.n	10002800 <_vsnprintf+0x3c>
10002a5a:	990a      	ldr	r1, [sp, #40]	@ 0x28
10002a5c:	2e00      	cmp	r6, #0
10002a5e:	f851 7b04 	ldr.w	r7, [r1], #4
10002a62:	bf18      	it	ne
10002a64:	4632      	movne	r2, r6
10002a66:	7838      	ldrb	r0, [r7, #0]
10002a68:	bf08      	it	eq
10002a6a:	f04f 32ff 	moveq.w	r2, #4294967295
10002a6e:	2800      	cmp	r0, #0
10002a70:	f000 837b 	beq.w	1000316a <_vsnprintf+0x9a6>
10002a74:	18bc      	adds	r4, r7, r2
10002a76:	46a4      	mov	ip, r4
10002a78:	463a      	mov	r2, r7
10002a7a:	e004      	b.n	10002a86 <_vsnprintf+0x2c2>
10002a7c:	f812 4f01 	ldrb.w	r4, [r2, #1]!
10002a80:	2c00      	cmp	r4, #0
10002a82:	f000 813f 	beq.w	10002d04 <_vsnprintf+0x540>
10002a86:	4594      	cmp	ip, r2
10002a88:	d1f8      	bne.n	10002a7c <_vsnprintf+0x2b8>
10002a8a:	4664      	mov	r4, ip
10002a8c:	1be4      	subs	r4, r4, r7
10002a8e:	055a      	lsls	r2, r3, #21
10002a90:	f140 8122 	bpl.w	10002cd8 <_vsnprintf+0x514>
10002a94:	42b4      	cmp	r4, r6
10002a96:	bf28      	it	cs
10002a98:	4634      	movcs	r4, r6
10002a9a:	f013 0302 	ands.w	r3, r3, #2
10002a9e:	f000 8288 	beq.w	10002fb2 <_vsnprintf+0x7ee>
10002aa2:	2302      	movs	r3, #2
10002aa4:	e9cd 510a 	strd	r5, r1, [sp, #40]	@ 0x28
10002aa8:	4642      	mov	r2, r8
10002aaa:	461d      	mov	r5, r3
10002aac:	4446      	add	r6, r8
10002aae:	e008      	b.n	10002ac2 <_vsnprintf+0x2fe>
10002ab0:	464b      	mov	r3, r9
10002ab2:	4651      	mov	r1, sl
10002ab4:	47d8      	blx	fp
10002ab6:	f817 0f01 	ldrb.w	r0, [r7, #1]!
10002aba:	f108 0801 	add.w	r8, r8, #1
10002abe:	b110      	cbz	r0, 10002ac6 <_vsnprintf+0x302>
10002ac0:	4642      	mov	r2, r8
10002ac2:	4546      	cmp	r6, r8
10002ac4:	d1f4      	bne.n	10002ab0 <_vsnprintf+0x2ec>
10002ac6:	462b      	mov	r3, r5
10002ac8:	990b      	ldr	r1, [sp, #44]	@ 0x2c
10002aca:	9d0a      	ldr	r5, [sp, #40]	@ 0x28
10002acc:	2b00      	cmp	r3, #0
10002ace:	f040 8141 	bne.w	10002d54 <_vsnprintf+0x590>
10002ad2:	910a      	str	r1, [sp, #40]	@ 0x28
10002ad4:	e694      	b.n	10002800 <_vsnprintf+0x3c>
10002ad6:	9909      	ldr	r1, [sp, #36]	@ 0x24
10002ad8:	7848      	ldrb	r0, [r1, #1]
10002ada:	286c      	cmp	r0, #108	@ 0x6c
10002adc:	f47f aeec 	bne.w	100028b8 <_vsnprintf+0xf4>
10002ae0:	460a      	mov	r2, r1
10002ae2:	7888      	ldrb	r0, [r1, #2]
10002ae4:	f443 7340 	orr.w	r3, r3, #768	@ 0x300
10002ae8:	3203      	adds	r2, #3
10002aea:	e6e8      	b.n	100028be <_vsnprintf+0xfa>
10002aec:	9909      	ldr	r1, [sp, #36]	@ 0x24
10002aee:	f443 7300 	orr.w	r3, r3, #512	@ 0x200
10002af2:	7848      	ldrb	r0, [r1, #1]
10002af4:	3201      	adds	r2, #1
10002af6:	e6e2      	b.n	100028be <_vsnprintf+0xfa>
10002af8:	9909      	ldr	r1, [sp, #36]	@ 0x24
10002afa:	7848      	ldrb	r0, [r1, #1]
10002afc:	2868      	cmp	r0, #104	@ 0x68
10002afe:	f000 8103 	beq.w	10002d08 <_vsnprintf+0x544>
10002b02:	f043 0380 	orr.w	r3, r3, #128	@ 0x80
10002b06:	3201      	adds	r2, #1
10002b08:	e6d9      	b.n	100028be <_vsnprintf+0xfa>
10002b0a:	2867      	cmp	r0, #103	@ 0x67
10002b0c:	f000 80d9 	beq.w	10002cc2 <_vsnprintf+0x4fe>
10002b10:	2847      	cmp	r0, #71	@ 0x47
10002b12:	f000 80dc 	beq.w	10002cce <_vsnprintf+0x50a>
10002b16:	2845      	cmp	r0, #69	@ 0x45
10002b18:	f000 80db 	beq.w	10002cd2 <_vsnprintf+0x50e>
10002b1c:	e9cd 5303 	strd	r5, r3, [sp, #12]
10002b20:	9b0a      	ldr	r3, [sp, #40]	@ 0x28
10002b22:	9602      	str	r6, [sp, #8]
10002b24:	3307      	adds	r3, #7
10002b26:	f023 0307 	bic.w	r3, r3, #7
10002b2a:	461c      	mov	r4, r3
10002b2c:	4642      	mov	r2, r8
10002b2e:	e8f4 6702 	ldrd	r6, r7, [r4], #8
10002b32:	464b      	mov	r3, r9
10002b34:	4651      	mov	r1, sl
10002b36:	4658      	mov	r0, fp
10002b38:	e9cd 6700 	strd	r6, r7, [sp]
10002b3c:	940a      	str	r4, [sp, #40]	@ 0x28
10002b3e:	f7ff fb87 	bl	10002250 <_etoa>
10002b42:	4680      	mov	r8, r0
10002b44:	e65c      	b.n	10002800 <_vsnprintf+0x3c>
10002b46:	2846      	cmp	r0, #70	@ 0x46
10002b48:	bf08      	it	eq
10002b4a:	f043 0320 	orreq.w	r3, r3, #32
10002b4e:	e9cd 5303 	strd	r5, r3, [sp, #12]
10002b52:	9b0a      	ldr	r3, [sp, #40]	@ 0x28
10002b54:	9602      	str	r6, [sp, #8]
10002b56:	3307      	adds	r3, #7
10002b58:	f023 0307 	bic.w	r3, r3, #7
10002b5c:	461c      	mov	r4, r3
10002b5e:	4642      	mov	r2, r8
10002b60:	e8f4 6702 	ldrd	r6, r7, [r4], #8
10002b64:	464b      	mov	r3, r9
10002b66:	4651      	mov	r1, sl
10002b68:	4658      	mov	r0, fp
10002b6a:	e9cd 6700 	strd	r6, r7, [sp]
10002b6e:	940a      	str	r4, [sp, #40]	@ 0x28
10002b70:	f7ff f90e 	bl	10001d90 <_ftoa>
10002b74:	4680      	mov	r8, r0
10002b76:	e643      	b.n	10002800 <_vsnprintf+0x3c>
10002b78:	4642      	mov	r2, r8
10002b7a:	464b      	mov	r3, r9
10002b7c:	4651      	mov	r1, sl
10002b7e:	2025      	movs	r0, #37	@ 0x25
10002b80:	f108 0801 	add.w	r8, r8, #1
10002b84:	47d8      	blx	fp
10002b86:	e63b      	b.n	10002800 <_vsnprintf+0x3c>
10002b88:	9a0a      	ldr	r2, [sp, #40]	@ 0x28
10002b8a:	0799      	lsls	r1, r3, #30
10002b8c:	f102 0404 	add.w	r4, r2, #4
10002b90:	f108 0601 	add.w	r6, r8, #1
10002b94:	f140 80c6 	bpl.w	10002d24 <_vsnprintf+0x560>
10002b98:	7810      	ldrb	r0, [r2, #0]
10002b9a:	464b      	mov	r3, r9
10002b9c:	4642      	mov	r2, r8
10002b9e:	4651      	mov	r1, sl
10002ba0:	47d8      	blx	fp
10002ba2:	2d01      	cmp	r5, #1
10002ba4:	bf88      	it	hi
10002ba6:	44a8      	addhi	r8, r5
10002ba8:	f240 81bd 	bls.w	10002f26 <_vsnprintf+0x762>
10002bac:	4632      	mov	r2, r6
10002bae:	464b      	mov	r3, r9
10002bb0:	4651      	mov	r1, sl
10002bb2:	2020      	movs	r0, #32
10002bb4:	3601      	adds	r6, #1
10002bb6:	47d8      	blx	fp
10002bb8:	4546      	cmp	r6, r8
10002bba:	d1f7      	bne.n	10002bac <_vsnprintf+0x3e8>
10002bbc:	940a      	str	r4, [sp, #40]	@ 0x28
10002bbe:	e61f      	b.n	10002800 <_vsnprintf+0x3c>
10002bc0:	286f      	cmp	r0, #111	@ 0x6f
10002bc2:	f000 8081 	beq.w	10002cc8 <_vsnprintf+0x504>
10002bc6:	f240 8248 	bls.w	1000305a <_vsnprintf+0x896>
10002bca:	2878      	cmp	r0, #120	@ 0x78
10002bcc:	f000 8190 	beq.w	10002ef0 <_vsnprintf+0x72c>
10002bd0:	270a      	movs	r7, #10
10002bd2:	f023 0310 	bic.w	r3, r3, #16
10002bd6:	46bc      	mov	ip, r7
10002bd8:	e041      	b.n	10002c5e <_vsnprintf+0x49a>
10002bda:	2600      	movs	r6, #0
10002bdc:	eb06 0686 	add.w	r6, r6, r6, lsl #2
10002be0:	eb00 0046 	add.w	r0, r0, r6, lsl #1
10002be4:	f1a0 0630 	sub.w	r6, r0, #48	@ 0x30
10002be8:	f811 0f01 	ldrb.w	r0, [r1, #1]!
10002bec:	f1a0 0230 	sub.w	r2, r0, #48	@ 0x30
10002bf0:	2a09      	cmp	r2, #9
10002bf2:	d9f3      	bls.n	10002bdc <_vsnprintf+0x418>
10002bf4:	460a      	mov	r2, r1
10002bf6:	9109      	str	r1, [sp, #36]	@ 0x24
10002bf8:	3201      	adds	r2, #1
10002bfa:	e62e      	b.n	1000285a <_vsnprintf+0x96>
10002bfc:	e9dd 2109 	ldrd	r2, r1, [sp, #36]	@ 0x24
10002c00:	f851 6b04 	ldr.w	r6, [r1], #4
10002c04:	7890      	ldrb	r0, [r2, #2]
10002c06:	3202      	adds	r2, #2
10002c08:	9209      	str	r2, [sp, #36]	@ 0x24
10002c0a:	910a      	str	r1, [sp, #40]	@ 0x28
10002c0c:	3201      	adds	r2, #1
10002c0e:	ea26 76e6 	bic.w	r6, r6, r6, asr #31
10002c12:	e622      	b.n	1000285a <_vsnprintf+0x96>
10002c14:	f023 0010 	bic.w	r0, r3, #16
10002c18:	f413 6280 	ands.w	r2, r3, #1024	@ 0x400
10002c1c:	f040 0021 	orr.w	r0, r0, #33	@ 0x21
10002c20:	f43f aee7 	beq.w	100029f2 <_vsnprintf+0x22e>
10002c24:	ab12      	add	r3, sp, #72	@ 0x48
10002c26:	930b      	str	r3, [sp, #44]	@ 0x2c
10002c28:	9b0b      	ldr	r3, [sp, #44]	@ 0x2c
10002c2a:	9006      	str	r0, [sp, #24]
10002c2c:	9300      	str	r3, [sp, #0]
10002c2e:	2308      	movs	r3, #8
10002c30:	2010      	movs	r0, #16
10002c32:	9305      	str	r3, [sp, #20]
10002c34:	2300      	movs	r3, #0
10002c36:	4642      	mov	r2, r8
10002c38:	e9cd 3002 	strd	r3, r0, [sp, #8]
10002c3c:	9101      	str	r1, [sp, #4]
10002c3e:	464b      	mov	r3, r9
10002c40:	4651      	mov	r1, sl
10002c42:	4658      	mov	r0, fp
10002c44:	9604      	str	r6, [sp, #16]
10002c46:	f7fe ffb3 	bl	10001bb0 <_ntoa_format>
10002c4a:	950a      	str	r5, [sp, #40]	@ 0x28
10002c4c:	4680      	mov	r8, r0
10002c4e:	e5d7      	b.n	10002800 <_vsnprintf+0x3c>
10002c50:	2858      	cmp	r0, #88	@ 0x58
10002c52:	d062      	beq.n	10002d1a <_vsnprintf+0x556>
10002c54:	2862      	cmp	r0, #98	@ 0x62
10002c56:	f040 808f 	bne.w	10002d78 <_vsnprintf+0x5b4>
10002c5a:	2702      	movs	r7, #2
10002c5c:	46bc      	mov	ip, r7
10002c5e:	f413 6080 	ands.w	r0, r3, #1024	@ 0x400
10002c62:	f000 80dd 	beq.w	10002e20 <_vsnprintf+0x65c>
10002c66:	f023 030d 	bic.w	r3, r3, #13
10002c6a:	f413 7200 	ands.w	r2, r3, #512	@ 0x200
10002c6e:	f040 8181 	bne.w	10002f74 <_vsnprintf+0x7b0>
10002c72:	990a      	ldr	r1, [sp, #40]	@ 0x28
10002c74:	1d0f      	adds	r7, r1, #4
10002c76:	f413 7180 	ands.w	r1, r3, #256	@ 0x100
10002c7a:	f040 8237 	bne.w	100030ec <_vsnprintf+0x928>
10002c7e:	065c      	lsls	r4, r3, #25
10002c80:	9a0a      	ldr	r2, [sp, #40]	@ 0x28
10002c82:	f140 813b 	bpl.w	10002efc <_vsnprintf+0x738>
10002c86:	7812      	ldrb	r2, [r2, #0]
10002c88:	2a00      	cmp	r2, #0
10002c8a:	f040 814e 	bne.w	10002f2a <_vsnprintf+0x766>
10002c8e:	f023 0310 	bic.w	r3, r3, #16
10002c92:	2800      	cmp	r0, #0
10002c94:	f000 8149 	beq.w	10002f2a <_vsnprintf+0x766>
10002c98:	4611      	mov	r1, r2
10002c9a:	aa12      	add	r2, sp, #72	@ 0x48
10002c9c:	920b      	str	r2, [sp, #44]	@ 0x2c
10002c9e:	e9cd 5305 	strd	r5, r3, [sp, #20]
10002ca2:	e9cd c603 	strd	ip, r6, [sp, #12]
10002ca6:	9101      	str	r1, [sp, #4]
10002ca8:	9b0b      	ldr	r3, [sp, #44]	@ 0x2c
10002caa:	4642      	mov	r2, r8
10002cac:	9300      	str	r3, [sp, #0]
10002cae:	2300      	movs	r3, #0
10002cb0:	4651      	mov	r1, sl
10002cb2:	9302      	str	r3, [sp, #8]
10002cb4:	4658      	mov	r0, fp
10002cb6:	464b      	mov	r3, r9
10002cb8:	f7fe ff7a 	bl	10001bb0 <_ntoa_format>
10002cbc:	970a      	str	r7, [sp, #40]	@ 0x28
10002cbe:	4680      	mov	r8, r0
10002cc0:	e59e      	b.n	10002800 <_vsnprintf+0x3c>
10002cc2:	f443 6300 	orr.w	r3, r3, #2048	@ 0x800
10002cc6:	e729      	b.n	10002b1c <_vsnprintf+0x358>
10002cc8:	2708      	movs	r7, #8
10002cca:	46bc      	mov	ip, r7
10002ccc:	e7c7      	b.n	10002c5e <_vsnprintf+0x49a>
10002cce:	f443 6300 	orr.w	r3, r3, #2048	@ 0x800
10002cd2:	f043 0320 	orr.w	r3, r3, #32
10002cd6:	e721      	b.n	10002b1c <_vsnprintf+0x358>
10002cd8:	f013 0302 	ands.w	r3, r3, #2
10002cdc:	f000 818e 	beq.w	10002ffc <_vsnprintf+0x838>
10002ce0:	2302      	movs	r3, #2
10002ce2:	950a      	str	r5, [sp, #40]	@ 0x28
10002ce4:	461e      	mov	r6, r3
10002ce6:	460d      	mov	r5, r1
10002ce8:	4642      	mov	r2, r8
10002cea:	464b      	mov	r3, r9
10002cec:	4651      	mov	r1, sl
10002cee:	47d8      	blx	fp
10002cf0:	f817 0f01 	ldrb.w	r0, [r7, #1]!
10002cf4:	f108 0801 	add.w	r8, r8, #1
10002cf8:	2800      	cmp	r0, #0
10002cfa:	d1f5      	bne.n	10002ce8 <_vsnprintf+0x524>
10002cfc:	4629      	mov	r1, r5
10002cfe:	4633      	mov	r3, r6
10002d00:	9d0a      	ldr	r5, [sp, #40]	@ 0x28
10002d02:	e6e3      	b.n	10002acc <_vsnprintf+0x308>
10002d04:	1bd4      	subs	r4, r2, r7
10002d06:	e6c2      	b.n	10002a8e <_vsnprintf+0x2ca>
10002d08:	460a      	mov	r2, r1
10002d0a:	7888      	ldrb	r0, [r1, #2]
10002d0c:	f043 03c0 	orr.w	r3, r3, #192	@ 0xc0
10002d10:	3203      	adds	r2, #3
10002d12:	e5d4      	b.n	100028be <_vsnprintf+0xfa>
10002d14:	4604      	mov	r4, r0
10002d16:	4680      	mov	r8, r0
10002d18:	e646      	b.n	100029a8 <_vsnprintf+0x1e4>
10002d1a:	2710      	movs	r7, #16
10002d1c:	f043 0320 	orr.w	r3, r3, #32
10002d20:	46bc      	mov	ip, r7
10002d22:	e79c      	b.n	10002c5e <_vsnprintf+0x49a>
10002d24:	2d01      	cmp	r5, #1
10002d26:	f240 80f8 	bls.w	10002f1a <_vsnprintf+0x756>
10002d2a:	4646      	mov	r6, r8
10002d2c:	f108 37ff 	add.w	r7, r8, #4294967295
10002d30:	442f      	add	r7, r5
10002d32:	4632      	mov	r2, r6
10002d34:	464b      	mov	r3, r9
10002d36:	4651      	mov	r1, sl
10002d38:	2020      	movs	r0, #32
10002d3a:	3601      	adds	r6, #1
10002d3c:	47d8      	blx	fp
10002d3e:	42be      	cmp	r6, r7
10002d40:	d1f7      	bne.n	10002d32 <_vsnprintf+0x56e>
10002d42:	9b0a      	ldr	r3, [sp, #40]	@ 0x28
10002d44:	4632      	mov	r2, r6
10002d46:	7818      	ldrb	r0, [r3, #0]
10002d48:	4651      	mov	r1, sl
10002d4a:	464b      	mov	r3, r9
10002d4c:	47d8      	blx	fp
10002d4e:	44a8      	add	r8, r5
10002d50:	940a      	str	r4, [sp, #40]	@ 0x28
10002d52:	e555      	b.n	10002800 <_vsnprintf+0x3c>
10002d54:	4646      	mov	r6, r8
10002d56:	42a5      	cmp	r5, r4
10002d58:	f67f aebb 	bls.w	10002ad2 <_vsnprintf+0x30e>
10002d5c:	44a8      	add	r8, r5
10002d5e:	eba8 0804 	sub.w	r8, r8, r4
10002d62:	460c      	mov	r4, r1
10002d64:	4632      	mov	r2, r6
10002d66:	464b      	mov	r3, r9
10002d68:	4651      	mov	r1, sl
10002d6a:	2020      	movs	r0, #32
10002d6c:	3601      	adds	r6, #1
10002d6e:	47d8      	blx	fp
10002d70:	4546      	cmp	r6, r8
10002d72:	d1f7      	bne.n	10002d64 <_vsnprintf+0x5a0>
10002d74:	4621      	mov	r1, r4
10002d76:	e6ac      	b.n	10002ad2 <_vsnprintf+0x30e>
10002d78:	f413 6280 	ands.w	r2, r3, #1024	@ 0x400
10002d7c:	f000 80bb 	beq.w	10002ef6 <_vsnprintf+0x732>
10002d80:	f44f 6280 	mov.w	r2, #1024	@ 0x400
10002d84:	f023 0c11 	bic.w	ip, r3, #17
10002d88:	f41c 7700 	ands.w	r7, ip, #512	@ 0x200
10002d8c:	9b0a      	ldr	r3, [sp, #40]	@ 0x28
10002d8e:	d14a      	bne.n	10002e26 <_vsnprintf+0x662>
10002d90:	f41c 7080 	ands.w	r0, ip, #256	@ 0x100
10002d94:	f103 0404 	add.w	r4, r3, #4
10002d98:	f040 8134 	bne.w	10003004 <_vsnprintf+0x840>
10002d9c:	f01c 0f40 	tst.w	ip, #64	@ 0x40
10002da0:	f040 80a3 	bne.w	10002eea <_vsnprintf+0x726>
10002da4:	f01c 0f80 	tst.w	ip, #128	@ 0x80
10002da8:	f000 81d3 	beq.w	10003152 <_vsnprintf+0x98e>
10002dac:	f9b3 1000 	ldrsh.w	r1, [r3]
10002db0:	ea81 77e1 	eor.w	r7, r1, r1, asr #31
10002db4:	eba7 77e1 	sub.w	r7, r7, r1, asr #31
10002db8:	b2bf      	uxth	r7, r7
10002dba:	0fcb      	lsrs	r3, r1, #31
10002dbc:	2900      	cmp	r1, #0
10002dbe:	f000 8156 	beq.w	1000306e <_vsnprintf+0x8aa>
10002dc2:	463a      	mov	r2, r7
10002dc4:	a912      	add	r1, sp, #72	@ 0x48
10002dc6:	460f      	mov	r7, r1
10002dc8:	f8df e3d8 	ldr.w	lr, [pc, #984]	@ 100031a4 <_vsnprintf+0x9e0>
10002dcc:	910b      	str	r1, [sp, #44]	@ 0x2c
10002dce:	930a      	str	r3, [sp, #40]	@ 0x28
10002dd0:	950c      	str	r5, [sp, #48]	@ 0x30
10002dd2:	e001      	b.n	10002dd8 <_vsnprintf+0x614>
10002dd4:	2820      	cmp	r0, #32
10002dd6:	d00f      	beq.n	10002df8 <_vsnprintf+0x634>
10002dd8:	4615      	mov	r5, r2
10002dda:	fbae 1302 	umull	r1, r3, lr, r2
10002dde:	08db      	lsrs	r3, r3, #3
10002de0:	eb03 0183 	add.w	r1, r3, r3, lsl #2
10002de4:	eba2 0141 	sub.w	r1, r2, r1, lsl #1
10002de8:	3130      	adds	r1, #48	@ 0x30
10002dea:	2d09      	cmp	r5, #9
10002dec:	461a      	mov	r2, r3
10002dee:	f100 0001 	add.w	r0, r0, #1
10002df2:	f807 1b01 	strb.w	r1, [r7], #1
10002df6:	d8ed      	bhi.n	10002dd4 <_vsnprintf+0x610>
10002df8:	9b0a      	ldr	r3, [sp, #40]	@ 0x28
10002dfa:	9d0c      	ldr	r5, [sp, #48]	@ 0x30
10002dfc:	e9cd 5c05 	strd	r5, ip, [sp, #20]
10002e00:	e9cd 0301 	strd	r0, r3, [sp, #4]
10002e04:	9604      	str	r6, [sp, #16]
10002e06:	9b0b      	ldr	r3, [sp, #44]	@ 0x2c
10002e08:	4642      	mov	r2, r8
10002e0a:	9300      	str	r3, [sp, #0]
10002e0c:	230a      	movs	r3, #10
10002e0e:	4651      	mov	r1, sl
10002e10:	9303      	str	r3, [sp, #12]
10002e12:	4658      	mov	r0, fp
10002e14:	464b      	mov	r3, r9
10002e16:	f7fe fecb 	bl	10001bb0 <_ntoa_format>
10002e1a:	940a      	str	r4, [sp, #40]	@ 0x28
10002e1c:	4680      	mov	r8, r0
10002e1e:	e4ef      	b.n	10002800 <_vsnprintf+0x3c>
10002e20:	f023 030c 	bic.w	r3, r3, #12
10002e24:	e721      	b.n	10002c6a <_vsnprintf+0x4a6>
10002e26:	3307      	adds	r3, #7
10002e28:	f023 0307 	bic.w	r3, r3, #7
10002e2c:	4619      	mov	r1, r3
10002e2e:	4608      	mov	r0, r1
10002e30:	685b      	ldr	r3, [r3, #4]
10002e32:	f850 1b08 	ldr.w	r1, [r0], #8
10002e36:	0fdf      	lsrs	r7, r3, #31
10002e38:	900a      	str	r0, [sp, #40]	@ 0x28
10002e3a:	ea51 0003 	orrs.w	r0, r1, r3
10002e3e:	d162      	bne.n	10002f06 <_vsnprintf+0x742>
10002e40:	2a00      	cmp	r2, #0
10002e42:	f040 819f 	bne.w	10003184 <_vsnprintf+0x9c0>
10002e46:	4613      	mov	r3, r2
10002e48:	4611      	mov	r1, r2
10002e4a:	aa12      	add	r2, sp, #72	@ 0x48
10002e4c:	e9cd 750c 	strd	r7, r5, [sp, #48]	@ 0x30
10002e50:	2000      	movs	r0, #0
10002e52:	4615      	mov	r5, r2
10002e54:	e9cd 680e 	strd	r6, r8, [sp, #56]	@ 0x38
10002e58:	f8df e348 	ldr.w	lr, [pc, #840]	@ 100031a4 <_vsnprintf+0x9e0>
10002e5c:	920b      	str	r2, [sp, #44]	@ 0x2c
10002e5e:	e001      	b.n	10002e64 <_vsnprintf+0x6a0>
10002e60:	2820      	cmp	r0, #32
10002e62:	d02d      	beq.n	10002ec0 <_vsnprintf+0x6fc>
10002e64:	185a      	adds	r2, r3, r1
10002e66:	f142 0200 	adc.w	r2, r2, #0
10002e6a:	fbae 7802 	umull	r7, r8, lr, r2
10002e6e:	f028 0703 	bic.w	r7, r8, #3
10002e72:	eb07 0798 	add.w	r7, r7, r8, lsr #2
10002e76:	1bd2      	subs	r2, r2, r7
10002e78:	461e      	mov	r6, r3
10002e7a:	1a9b      	subs	r3, r3, r2
10002e7c:	f161 0700 	sbc.w	r7, r1, #0
10002e80:	460c      	mov	r4, r1
10002e82:	f04f 31cc 	mov.w	r1, #3435973836	@ 0xcccccccc
10002e86:	fb01 f103 	mul.w	r1, r1, r3
10002e8a:	fb0e 1107 	mla	r1, lr, r7, r1
10002e8e:	fba3 730e 	umull	r7, r3, r3, lr
10002e92:	4419      	add	r1, r3
10002e94:	2305      	movs	r3, #5
10002e96:	f007 0801 	and.w	r8, r7, #1
10002e9a:	fba8 3803 	umull	r3, r8, r8, r3
10002e9e:	189b      	adds	r3, r3, r2
10002ea0:	2e0a      	cmp	r6, #10
10002ea2:	f103 0330 	add.w	r3, r3, #48	@ 0x30
10002ea6:	ea4f 0757 	mov.w	r7, r7, lsr #1
10002eaa:	f174 0400 	sbcs.w	r4, r4, #0
10002eae:	f805 3b01 	strb.w	r3, [r5], #1
10002eb2:	f100 0001 	add.w	r0, r0, #1
10002eb6:	ea47 73c1 	orr.w	r3, r7, r1, lsl #31
10002eba:	ea4f 0151 	mov.w	r1, r1, lsr #1
10002ebe:	d2cf      	bcs.n	10002e60 <_vsnprintf+0x69c>
10002ec0:	e9dd 750c 	ldrd	r7, r5, [sp, #48]	@ 0x30
10002ec4:	e9dd 680e 	ldrd	r6, r8, [sp, #56]	@ 0x38
10002ec8:	9b0b      	ldr	r3, [sp, #44]	@ 0x2c
10002eca:	4642      	mov	r2, r8
10002ecc:	9300      	str	r3, [sp, #0]
10002ece:	230a      	movs	r3, #10
10002ed0:	e9cd 5c05 	strd	r5, ip, [sp, #20]
10002ed4:	e9cd 0701 	strd	r0, r7, [sp, #4]
10002ed8:	9604      	str	r6, [sp, #16]
10002eda:	9303      	str	r3, [sp, #12]
10002edc:	464b      	mov	r3, r9
10002ede:	4651      	mov	r1, sl
10002ee0:	4658      	mov	r0, fp
10002ee2:	f7fe fe65 	bl	10001bb0 <_ntoa_format>
10002ee6:	4680      	mov	r8, r0
10002ee8:	e48a      	b.n	10002800 <_vsnprintf+0x3c>
10002eea:	7819      	ldrb	r1, [r3, #0]
10002eec:	460f      	mov	r7, r1
10002eee:	e764      	b.n	10002dba <_vsnprintf+0x5f6>
10002ef0:	2710      	movs	r7, #16
10002ef2:	46bc      	mov	ip, r7
10002ef4:	e6b3      	b.n	10002c5e <_vsnprintf+0x49a>
10002ef6:	f023 0c10 	bic.w	ip, r3, #16
10002efa:	e745      	b.n	10002d88 <_vsnprintf+0x5c4>
10002efc:	061c      	lsls	r4, r3, #24
10002efe:	bf4c      	ite	mi
10002f00:	8812      	ldrhmi	r2, [r2, #0]
10002f02:	6812      	ldrpl	r2, [r2, #0]
10002f04:	e6c0      	b.n	10002c88 <_vsnprintf+0x4c4>
10002f06:	460a      	mov	r2, r1
10002f08:	1e19      	subs	r1, r3, #0
10002f0a:	db01      	blt.n	10002f10 <_vsnprintf+0x74c>
10002f0c:	4613      	mov	r3, r2
10002f0e:	e79c      	b.n	10002e4a <_vsnprintf+0x686>
10002f10:	4252      	negs	r2, r2
10002f12:	4613      	mov	r3, r2
10002f14:	eb61 0141 	sbc.w	r1, r1, r1, lsl #1
10002f18:	e797      	b.n	10002e4a <_vsnprintf+0x686>
10002f1a:	4613      	mov	r3, r2
10002f1c:	4651      	mov	r1, sl
10002f1e:	7818      	ldrb	r0, [r3, #0]
10002f20:	4642      	mov	r2, r8
10002f22:	464b      	mov	r3, r9
10002f24:	47d8      	blx	fp
10002f26:	46b0      	mov	r8, r6
10002f28:	e648      	b.n	10002bbc <_vsnprintf+0x3f8>
10002f2a:	f013 0f20 	tst.w	r3, #32
10002f2e:	bf14      	ite	ne
10002f30:	2041      	movne	r0, #65	@ 0x41
10002f32:	2061      	moveq	r0, #97	@ 0x61
10002f34:	ac12      	add	r4, sp, #72	@ 0x48
10002f36:	46a6      	mov	lr, r4
10002f38:	940b      	str	r4, [sp, #44]	@ 0x2c
10002f3a:	930a      	str	r3, [sp, #40]	@ 0x28
10002f3c:	f1a0 040a 	sub.w	r4, r0, #10
10002f40:	950c      	str	r5, [sp, #48]	@ 0x30
10002f42:	e002      	b.n	10002f4a <_vsnprintf+0x786>
10002f44:	2920      	cmp	r1, #32
10002f46:	d012      	beq.n	10002f6e <_vsnprintf+0x7aa>
10002f48:	462a      	mov	r2, r5
10002f4a:	fbb2 f5fc 	udiv	r5, r2, ip
10002f4e:	fb0c 2015 	mls	r0, ip, r5, r2
10002f52:	b2c3      	uxtb	r3, r0
10002f54:	2809      	cmp	r0, #9
10002f56:	f103 0030 	add.w	r0, r3, #48	@ 0x30
10002f5a:	bf8a      	itet	hi
10002f5c:	191b      	addhi	r3, r3, r4
10002f5e:	b2c3      	uxtbls	r3, r0
10002f60:	b2db      	uxtbhi	r3, r3
10002f62:	4562      	cmp	r2, ip
10002f64:	f80e 3b01 	strb.w	r3, [lr], #1
10002f68:	f101 0101 	add.w	r1, r1, #1
10002f6c:	d2ea      	bcs.n	10002f44 <_vsnprintf+0x780>
10002f6e:	9b0a      	ldr	r3, [sp, #40]	@ 0x28
10002f70:	9d0c      	ldr	r5, [sp, #48]	@ 0x30
10002f72:	e694      	b.n	10002c9e <_vsnprintf+0x4da>
10002f74:	9a0a      	ldr	r2, [sp, #40]	@ 0x28
10002f76:	3207      	adds	r2, #7
10002f78:	f022 0207 	bic.w	r2, r2, #7
10002f7c:	6851      	ldr	r1, [r2, #4]
10002f7e:	f852 4b08 	ldr.w	r4, [r2], #8
10002f82:	468e      	mov	lr, r1
10002f84:	920a      	str	r2, [sp, #40]	@ 0x28
10002f86:	ea54 0201 	orrs.w	r2, r4, r1
10002f8a:	d176      	bne.n	1000307a <_vsnprintf+0x8b6>
10002f8c:	f023 0310 	bic.w	r3, r3, #16
10002f90:	2800      	cmp	r0, #0
10002f92:	d072      	beq.n	1000307a <_vsnprintf+0x8b6>
10002f94:	2200      	movs	r2, #0
10002f96:	4611      	mov	r1, r2
10002f98:	aa12      	add	r2, sp, #72	@ 0x48
10002f9a:	920b      	str	r2, [sp, #44]	@ 0x2c
10002f9c:	e9cd 5305 	strd	r5, r3, [sp, #20]
10002fa0:	9b0b      	ldr	r3, [sp, #44]	@ 0x2c
10002fa2:	4642      	mov	r2, r8
10002fa4:	9300      	str	r3, [sp, #0]
10002fa6:	2300      	movs	r3, #0
10002fa8:	e9cd c603 	strd	ip, r6, [sp, #12]
10002fac:	9101      	str	r1, [sp, #4]
10002fae:	9302      	str	r3, [sp, #8]
10002fb0:	e794      	b.n	10002edc <_vsnprintf+0x718>
10002fb2:	42a5      	cmp	r5, r4
10002fb4:	bf98      	it	ls
10002fb6:	3401      	addls	r4, #1
10002fb8:	f67f ad74 	bls.w	10002aa4 <_vsnprintf+0x2e0>
10002fbc:	f44f 6380 	mov.w	r3, #1024	@ 0x400
10002fc0:	e9cd 750a 	strd	r7, r5, [sp, #40]	@ 0x28
10002fc4:	eb05 0208 	add.w	r2, r5, r8
10002fc8:	461f      	mov	r7, r3
10002fca:	460d      	mov	r5, r1
10002fcc:	1b14      	subs	r4, r2, r4
10002fce:	4642      	mov	r2, r8
10002fd0:	464b      	mov	r3, r9
10002fd2:	4651      	mov	r1, sl
10002fd4:	2020      	movs	r0, #32
10002fd6:	f108 0801 	add.w	r8, r8, #1
10002fda:	47d8      	blx	fp
10002fdc:	45a0      	cmp	r8, r4
10002fde:	d1f6      	bne.n	10002fce <_vsnprintf+0x80a>
10002fe0:	463b      	mov	r3, r7
10002fe2:	9f0a      	ldr	r7, [sp, #40]	@ 0x28
10002fe4:	4629      	mov	r1, r5
10002fe6:	7838      	ldrb	r0, [r7, #0]
10002fe8:	9d0b      	ldr	r5, [sp, #44]	@ 0x2c
10002fea:	1c6c      	adds	r4, r5, #1
10002fec:	2800      	cmp	r0, #0
10002fee:	f43f ad70 	beq.w	10002ad2 <_vsnprintf+0x30e>
10002ff2:	2b00      	cmp	r3, #0
10002ff4:	f43f ae75 	beq.w	10002ce2 <_vsnprintf+0x51e>
10002ff8:	2300      	movs	r3, #0
10002ffa:	e553      	b.n	10002aa4 <_vsnprintf+0x2e0>
10002ffc:	42a5      	cmp	r5, r4
10002ffe:	d8df      	bhi.n	10002fc0 <_vsnprintf+0x7fc>
10003000:	3401      	adds	r4, #1
10003002:	e66e      	b.n	10002ce2 <_vsnprintf+0x51e>
10003004:	6819      	ldr	r1, [r3, #0]
10003006:	0fcb      	lsrs	r3, r1, #31
10003008:	2900      	cmp	r1, #0
1000300a:	f000 80a8 	beq.w	1000315e <_vsnprintf+0x99a>
1000300e:	ea81 72e1 	eor.w	r2, r1, r1, asr #31
10003012:	eba2 72e1 	sub.w	r2, r2, r1, asr #31
10003016:	a912      	add	r1, sp, #72	@ 0x48
10003018:	4608      	mov	r0, r1
1000301a:	f8df e188 	ldr.w	lr, [pc, #392]	@ 100031a4 <_vsnprintf+0x9e0>
1000301e:	910b      	str	r1, [sp, #44]	@ 0x2c
10003020:	930a      	str	r3, [sp, #40]	@ 0x28
10003022:	950c      	str	r5, [sp, #48]	@ 0x30
10003024:	e001      	b.n	1000302a <_vsnprintf+0x866>
10003026:	2f20      	cmp	r7, #32
10003028:	d00f      	beq.n	1000304a <_vsnprintf+0x886>
1000302a:	4615      	mov	r5, r2
1000302c:	fbae 1302 	umull	r1, r3, lr, r2
10003030:	08db      	lsrs	r3, r3, #3
10003032:	eb03 0183 	add.w	r1, r3, r3, lsl #2
10003036:	eba2 0141 	sub.w	r1, r2, r1, lsl #1
1000303a:	3130      	adds	r1, #48	@ 0x30
1000303c:	2d09      	cmp	r5, #9
1000303e:	461a      	mov	r2, r3
10003040:	f107 0701 	add.w	r7, r7, #1
10003044:	f800 1b01 	strb.w	r1, [r0], #1
10003048:	d8ed      	bhi.n	10003026 <_vsnprintf+0x862>
1000304a:	9b0a      	ldr	r3, [sp, #40]	@ 0x28
1000304c:	9d0c      	ldr	r5, [sp, #48]	@ 0x30
1000304e:	e9cd 5c05 	strd	r5, ip, [sp, #20]
10003052:	e9cd 7301 	strd	r7, r3, [sp, #4]
10003056:	9604      	str	r6, [sp, #16]
10003058:	e6d5      	b.n	10002e06 <_vsnprintf+0x642>
1000305a:	2869      	cmp	r0, #105	@ 0x69
1000305c:	f023 0c10 	bic.w	ip, r3, #16
10003060:	f040 808c 	bne.w	1000317c <_vsnprintf+0x9b8>
10003064:	f413 6280 	ands.w	r2, r3, #1024	@ 0x400
10003068:	f43f ae8e 	beq.w	10002d88 <_vsnprintf+0x5c4>
1000306c:	e688      	b.n	10002d80 <_vsnprintf+0x5bc>
1000306e:	2a00      	cmp	r2, #0
10003070:	f43f aea8 	beq.w	10002dc4 <_vsnprintf+0x600>
10003074:	aa12      	add	r2, sp, #72	@ 0x48
10003076:	920b      	str	r2, [sp, #44]	@ 0x2c
10003078:	e6c0      	b.n	10002dfc <_vsnprintf+0x638>
1000307a:	f013 0f20 	tst.w	r3, #32
1000307e:	bf14      	ite	ne
10003080:	2241      	movne	r2, #65	@ 0x41
10003082:	2261      	moveq	r2, #97	@ 0x61
10003084:	2000      	movs	r0, #0
10003086:	a912      	add	r1, sp, #72	@ 0x48
10003088:	3a0a      	subs	r2, #10
1000308a:	e9cd 680e 	strd	r6, r8, [sp, #56]	@ 0x38
1000308e:	e9cd 350c 	strd	r3, r5, [sp, #48]	@ 0x30
10003092:	f8cd b044 	str.w	fp, [sp, #68]	@ 0x44
10003096:	4606      	mov	r6, r0
10003098:	4688      	mov	r8, r1
1000309a:	4675      	mov	r5, lr
1000309c:	4693      	mov	fp, r2
1000309e:	910b      	str	r1, [sp, #44]	@ 0x2c
100030a0:	f8cd c040 	str.w	ip, [sp, #64]	@ 0x40
100030a4:	e003      	b.n	100030ae <_vsnprintf+0x8ea>
100030a6:	2e20      	cmp	r6, #32
100030a8:	d017      	beq.n	100030da <_vsnprintf+0x916>
100030aa:	4604      	mov	r4, r0
100030ac:	460d      	mov	r5, r1
100030ae:	4629      	mov	r1, r5
100030b0:	463a      	mov	r2, r7
100030b2:	2300      	movs	r3, #0
100030b4:	4620      	mov	r0, r4
100030b6:	f005 feff 	bl	10008eb8 <____aeabi_uldivmod_veneer>
100030ba:	b2d2      	uxtb	r2, r2
100030bc:	2a09      	cmp	r2, #9
100030be:	f102 0330 	add.w	r3, r2, #48	@ 0x30
100030c2:	bf88      	it	hi
100030c4:	eb02 030b 	addhi.w	r3, r2, fp
100030c8:	42bc      	cmp	r4, r7
100030ca:	b2db      	uxtb	r3, r3
100030cc:	f175 0500 	sbcs.w	r5, r5, #0
100030d0:	f808 3b01 	strb.w	r3, [r8], #1
100030d4:	f106 0601 	add.w	r6, r6, #1
100030d8:	d2e5      	bcs.n	100030a6 <_vsnprintf+0x8e2>
100030da:	4631      	mov	r1, r6
100030dc:	e9dd 350c 	ldrd	r3, r5, [sp, #48]	@ 0x30
100030e0:	e9dd cb10 	ldrd	ip, fp, [sp, #64]	@ 0x40
100030e4:	f8dd 803c 	ldr.w	r8, [sp, #60]	@ 0x3c
100030e8:	9e0e      	ldr	r6, [sp, #56]	@ 0x38
100030ea:	e757      	b.n	10002f9c <_vsnprintf+0x7d8>
100030ec:	990a      	ldr	r1, [sp, #40]	@ 0x28
100030ee:	6809      	ldr	r1, [r1, #0]
100030f0:	b951      	cbnz	r1, 10003108 <_vsnprintf+0x944>
100030f2:	f023 0310 	bic.w	r3, r3, #16
100030f6:	b138      	cbz	r0, 10003108 <_vsnprintf+0x944>
100030f8:	a912      	add	r1, sp, #72	@ 0x48
100030fa:	910b      	str	r1, [sp, #44]	@ 0x2c
100030fc:	e9cd 5305 	strd	r5, r3, [sp, #20]
10003100:	e9cd c603 	strd	ip, r6, [sp, #12]
10003104:	9201      	str	r2, [sp, #4]
10003106:	e5cf      	b.n	10002ca8 <_vsnprintf+0x4e4>
10003108:	f013 0f20 	tst.w	r3, #32
1000310c:	bf14      	ite	ne
1000310e:	2041      	movne	r0, #65	@ 0x41
10003110:	2061      	moveq	r0, #97	@ 0x61
10003112:	ac12      	add	r4, sp, #72	@ 0x48
10003114:	46a6      	mov	lr, r4
10003116:	940b      	str	r4, [sp, #44]	@ 0x2c
10003118:	930a      	str	r3, [sp, #40]	@ 0x28
1000311a:	f1a0 040a 	sub.w	r4, r0, #10
1000311e:	950c      	str	r5, [sp, #48]	@ 0x30
10003120:	e002      	b.n	10003128 <_vsnprintf+0x964>
10003122:	2a20      	cmp	r2, #32
10003124:	d012      	beq.n	1000314c <_vsnprintf+0x988>
10003126:	4629      	mov	r1, r5
10003128:	fbb1 f5fc 	udiv	r5, r1, ip
1000312c:	fb0c 1015 	mls	r0, ip, r5, r1
10003130:	b2c3      	uxtb	r3, r0
10003132:	2809      	cmp	r0, #9
10003134:	f103 0030 	add.w	r0, r3, #48	@ 0x30
10003138:	bf8a      	itet	hi
1000313a:	191b      	addhi	r3, r3, r4
1000313c:	b2c3      	uxtbls	r3, r0
1000313e:	b2db      	uxtbhi	r3, r3
10003140:	4561      	cmp	r1, ip
10003142:	f80e 3b01 	strb.w	r3, [lr], #1
10003146:	f102 0201 	add.w	r2, r2, #1
1000314a:	d2ea      	bcs.n	10003122 <_vsnprintf+0x95e>
1000314c:	9b0a      	ldr	r3, [sp, #40]	@ 0x28
1000314e:	9d0c      	ldr	r5, [sp, #48]	@ 0x30
10003150:	e7d4      	b.n	100030fc <_vsnprintf+0x938>
10003152:	6819      	ldr	r1, [r3, #0]
10003154:	ea81 77e1 	eor.w	r7, r1, r1, asr #31
10003158:	eba7 77e1 	sub.w	r7, r7, r1, asr #31
1000315c:	e62d      	b.n	10002dba <_vsnprintf+0x5f6>
1000315e:	2a00      	cmp	r2, #0
10003160:	f43f af59 	beq.w	10003016 <_vsnprintf+0x852>
10003164:	aa12      	add	r2, sp, #72	@ 0x48
10003166:	920b      	str	r2, [sp, #44]	@ 0x2c
10003168:	e771      	b.n	1000304e <_vsnprintf+0x88a>
1000316a:	f413 6480 	ands.w	r4, r3, #1024	@ 0x400
1000316e:	d00d      	beq.n	1000318c <_vsnprintf+0x9c8>
10003170:	f013 0402 	ands.w	r4, r3, #2
10003174:	d012      	beq.n	1000319c <_vsnprintf+0x9d8>
10003176:	4604      	mov	r4, r0
10003178:	4646      	mov	r6, r8
1000317a:	e5ec      	b.n	10002d56 <_vsnprintf+0x592>
1000317c:	270a      	movs	r7, #10
1000317e:	4663      	mov	r3, ip
10003180:	46bc      	mov	ip, r7
10003182:	e56c      	b.n	10002c5e <_vsnprintf+0x49a>
10003184:	ab12      	add	r3, sp, #72	@ 0x48
10003186:	2000      	movs	r0, #0
10003188:	930b      	str	r3, [sp, #44]	@ 0x2c
1000318a:	e69d      	b.n	10002ec8 <_vsnprintf+0x704>
1000318c:	f013 0302 	ands.w	r3, r3, #2
10003190:	f47f ade0 	bne.w	10002d54 <_vsnprintf+0x590>
10003194:	2d00      	cmp	r5, #0
10003196:	f47f af13 	bne.w	10002fc0 <_vsnprintf+0x7fc>
1000319a:	e49a      	b.n	10002ad2 <_vsnprintf+0x30e>
1000319c:	2d00      	cmp	r5, #0
1000319e:	f47f af0d 	bne.w	10002fbc <_vsnprintf+0x7f8>
100031a2:	e496      	b.n	10002ad2 <_vsnprintf+0x30e>
100031a4:	cccccccd 	.word	0xcccccccd

100031a8 <__wrap_sprintf>:
100031a8:	b40e      	push	{r1, r2, r3}
100031aa:	b510      	push	{r4, lr}
100031ac:	b085      	sub	sp, #20
100031ae:	ac07      	add	r4, sp, #28
100031b0:	f854 3b04 	ldr.w	r3, [r4], #4
100031b4:	4601      	mov	r1, r0
100031b6:	f04f 32ff 	mov.w	r2, #4294967295
100031ba:	9400      	str	r4, [sp, #0]
100031bc:	4804      	ldr	r0, [pc, #16]	@ (100031d0 <__wrap_sprintf+0x28>)
100031be:	9403      	str	r4, [sp, #12]
100031c0:	f7ff fb00 	bl	100027c4 <_vsnprintf>
100031c4:	b005      	add	sp, #20
100031c6:	e8bd 4010 	ldmia.w	sp!, {r4, lr}
100031ca:	b003      	add	sp, #12
100031cc:	4770      	bx	lr
100031ce:	bf00      	nop
100031d0:	10001b09 	.word	0x10001b09

100031d4 <weak_raw_vprintf>:
100031d4:	b510      	push	{r4, lr}
100031d6:	4b09      	ldr	r3, [pc, #36]	@ (100031fc <weak_raw_vprintf+0x28>)
100031d8:	b084      	sub	sp, #16
100031da:	681c      	ldr	r4, [r3, #0]
100031dc:	b14c      	cbz	r4, 100031f2 <weak_raw_vprintf+0x1e>
100031de:	4603      	mov	r3, r0
100031e0:	9100      	str	r1, [sp, #0]
100031e2:	f04f 32ff 	mov.w	r2, #4294967295
100031e6:	a903      	add	r1, sp, #12
100031e8:	4805      	ldr	r0, [pc, #20]	@ (10003200 <weak_raw_vprintf+0x2c>)
100031ea:	47a0      	blx	r4
100031ec:	2001      	movs	r0, #1
100031ee:	b004      	add	sp, #16
100031f0:	bd10      	pop	{r4, pc}
100031f2:	f000 f95f 	bl	100034b4 <__wrap_puts>
100031f6:	4620      	mov	r0, r4
100031f8:	b004      	add	sp, #16
100031fa:	bd10      	pop	{r4, pc}
100031fc:	20002884 	.word	0x20002884
10003200:	10001d85 	.word	0x10001d85

10003204 <_exit>:
10003204:	be00      	bkpt	0x0000
10003206:	e7fd      	b.n	10003204 <_exit>

10003208 <_sbrk>:
10003208:	4a07      	ldr	r2, [pc, #28]	@ (10003228 <_sbrk+0x20>)
1000320a:	4603      	mov	r3, r0
1000320c:	6810      	ldr	r0, [r2, #0]
1000320e:	b138      	cbz	r0, 10003220 <_sbrk+0x18>
10003210:	4906      	ldr	r1, [pc, #24]	@ (1000322c <_sbrk+0x24>)
10003212:	4403      	add	r3, r0
10003214:	428b      	cmp	r3, r1
10003216:	bf8c      	ite	hi
10003218:	f04f 30ff 	movhi.w	r0, #4294967295
1000321c:	6013      	strls	r3, [r2, #0]
1000321e:	4770      	bx	lr
10003220:	4903      	ldr	r1, [pc, #12]	@ (10003230 <_sbrk+0x28>)
10003222:	4608      	mov	r0, r1
10003224:	6011      	str	r1, [r2, #0]
10003226:	e7f3      	b.n	10003210 <_sbrk+0x8>
10003228:	2000247c 	.word	0x2000247c
1000322c:	20080000 	.word	0x20080000
10003230:	20002a6c 	.word	0x20002a6c

10003234 <exit>:
10003234:	b508      	push	{r3, lr}
10003236:	f7ff ffe5 	bl	10003204 <_exit>
1000323a:	bf00      	nop

1000323c <runtime_init>:
1000323c:	b538      	push	{r3, r4, r5, lr}
1000323e:	4c06      	ldr	r4, [pc, #24]	@ (10003258 <runtime_init+0x1c>)
10003240:	4d06      	ldr	r5, [pc, #24]	@ (1000325c <runtime_init+0x20>)
10003242:	f7fe f9f1 	bl	10001628 <runtime_run_initializers>
10003246:	42ac      	cmp	r4, r5
10003248:	d204      	bcs.n	10003254 <runtime_init+0x18>
1000324a:	f854 3b04 	ldr.w	r3, [r4], #4
1000324e:	4798      	blx	r3
10003250:	42ac      	cmp	r4, r5
10003252:	d3fa      	bcc.n	1000324a <runtime_init+0xe>
10003254:	bd38      	pop	{r3, r4, r5, pc}
10003256:	bf00      	nop
10003258:	10008f38 	.word	0x10008f38
1000325c:	10008f44 	.word	0x10008f44

10003260 <stdio_out_chars_no_crlf>:
10003260:	6803      	ldr	r3, [r0, #0]
10003262:	4608      	mov	r0, r1
10003264:	4611      	mov	r1, r2
10003266:	4718      	bx	r3

10003268 <stdio_out_chars_crlf>:
10003268:	e92d 41f0 	stmdb	sp!, {r4, r5, r6, r7, r8, lr}
1000326c:	4615      	mov	r5, r2
1000326e:	7d42      	ldrb	r2, [r0, #21]
10003270:	4607      	mov	r7, r0
10003272:	4688      	mov	r8, r1
10003274:	2a00      	cmp	r2, #0
10003276:	d046      	beq.n	10003306 <stdio_out_chars_crlf+0x9e>
10003278:	2d00      	cmp	r5, #0
1000327a:	dd1d      	ble.n	100032b8 <stdio_out_chars_crlf+0x50>
1000327c:	780b      	ldrb	r3, [r1, #0]
1000327e:	2b0a      	cmp	r3, #10
10003280:	d023      	beq.n	100032ca <stdio_out_chars_crlf+0x62>
10003282:	2d01      	cmp	r5, #1
10003284:	f04f 0c00 	mov.w	ip, #0
10003288:	d018      	beq.n	100032bc <stdio_out_chars_crlf+0x54>
1000328a:	4646      	mov	r6, r8
1000328c:	2401      	movs	r4, #1
1000328e:	f816 2f01 	ldrb.w	r2, [r6, #1]!
10003292:	4621      	mov	r1, r4
10003294:	2a0a      	cmp	r2, #10
10003296:	f104 0401 	add.w	r4, r4, #1
1000329a:	d022      	beq.n	100032e2 <stdio_out_chars_crlf+0x7a>
1000329c:	42a5      	cmp	r5, r4
1000329e:	d1f6      	bne.n	1000328e <stdio_out_chars_crlf+0x26>
100032a0:	4565      	cmp	r5, ip
100032a2:	dc0b      	bgt.n	100032bc <stdio_out_chars_crlf+0x54>
100032a4:	eb08 0305 	add.w	r3, r8, r5
100032a8:	f813 3c01 	ldrb.w	r3, [r3, #-1]
100032ac:	f1a3 030d 	sub.w	r3, r3, #13
100032b0:	fab3 f383 	clz	r3, r3
100032b4:	095b      	lsrs	r3, r3, #5
100032b6:	753b      	strb	r3, [r7, #20]
100032b8:	e8bd 81f0 	ldmia.w	sp!, {r4, r5, r6, r7, r8, pc}
100032bc:	683b      	ldr	r3, [r7, #0]
100032be:	eba5 010c 	sub.w	r1, r5, ip
100032c2:	eb08 000c 	add.w	r0, r8, ip
100032c6:	4798      	blx	r3
100032c8:	e7ec      	b.n	100032a4 <stdio_out_chars_crlf+0x3c>
100032ca:	7d03      	ldrb	r3, [r0, #20]
100032cc:	2b00      	cmp	r3, #0
100032ce:	d1d8      	bne.n	10003282 <stdio_out_chars_crlf+0x1a>
100032d0:	6803      	ldr	r3, [r0, #0]
100032d2:	2102      	movs	r1, #2
100032d4:	480f      	ldr	r0, [pc, #60]	@ (10003314 <stdio_out_chars_crlf+0xac>)
100032d6:	4798      	blx	r3
100032d8:	2d01      	cmp	r5, #1
100032da:	d0e3      	beq.n	100032a4 <stdio_out_chars_crlf+0x3c>
100032dc:	f04f 0c01 	mov.w	ip, #1
100032e0:	e7d3      	b.n	1000328a <stdio_out_chars_crlf+0x22>
100032e2:	f816 3c01 	ldrb.w	r3, [r6, #-1]
100032e6:	2b0d      	cmp	r3, #13
100032e8:	d0d8      	beq.n	1000329c <stdio_out_chars_crlf+0x34>
100032ea:	458c      	cmp	ip, r1
100032ec:	eb08 000c 	add.w	r0, r8, ip
100032f0:	eba1 010c 	sub.w	r1, r1, ip
100032f4:	da01      	bge.n	100032fa <stdio_out_chars_crlf+0x92>
100032f6:	683b      	ldr	r3, [r7, #0]
100032f8:	4798      	blx	r3
100032fa:	2102      	movs	r1, #2
100032fc:	4805      	ldr	r0, [pc, #20]	@ (10003314 <stdio_out_chars_crlf+0xac>)
100032fe:	683b      	ldr	r3, [r7, #0]
10003300:	4798      	blx	r3
10003302:	46a4      	mov	ip, r4
10003304:	e7ca      	b.n	1000329c <stdio_out_chars_crlf+0x34>
10003306:	4629      	mov	r1, r5
10003308:	4640      	mov	r0, r8
1000330a:	683b      	ldr	r3, [r7, #0]
1000330c:	e8bd 41f0 	ldmia.w	sp!, {r4, r5, r6, r7, r8, lr}
10003310:	4718      	bx	r3
10003312:	bf00      	nop
10003314:	100091d8 	.word	0x100091d8

10003318 <stdio_put_string>:
10003318:	e92d 47f0 	stmdb	sp!, {r4, r5, r6, r7, r8, r9, sl, lr}
1000331c:	b082      	sub	sp, #8
1000331e:	460d      	mov	r5, r1
10003320:	4691      	mov	r9, r2
10003322:	461c      	mov	r4, r3
10003324:	4606      	mov	r6, r0
10003326:	f7fd ffeb 	bl	10001300 <time_us_64>
1000332a:	f04f 3cff 	mov.w	ip, #4294967295
1000332e:	f06f 4700 	mvn.w	r7, #2147483648	@ 0x80000000
10003332:	4a2e      	ldr	r2, [pc, #184]	@ (100033ec <stdio_put_string+0xd4>)
10003334:	1882      	adds	r2, r0, r2
10003336:	f141 0300 	adc.w	r3, r1, #0
1000333a:	4594      	cmp	ip, r2
1000333c:	eb77 0103 	sbcs.w	r1, r7, r3
10003340:	bf3c      	itt	cc
10003342:	4662      	movcc	r2, ip
10003344:	463b      	movcc	r3, r7
10003346:	482a      	ldr	r0, [pc, #168]	@ (100033f0 <stdio_put_string+0xd8>)
10003348:	f005 fdc6 	bl	10008ed8 <__mutex_try_enter_block_until_veneer>
1000334c:	1c6b      	adds	r3, r5, #1
1000334e:	4680      	mov	r8, r0
10003350:	d040      	beq.n	100033d4 <stdio_put_string+0xbc>
10003352:	b30c      	cbz	r4, 10003398 <stdio_put_string+0x80>
10003354:	4f27      	ldr	r7, [pc, #156]	@ (100033f4 <stdio_put_string+0xdc>)
10003356:	4b28      	ldr	r3, [pc, #160]	@ (100033f8 <stdio_put_string+0xe0>)
10003358:	681c      	ldr	r4, [r3, #0]
1000335a:	b1b4      	cbz	r4, 1000338a <stdio_put_string+0x72>
1000335c:	f1b9 0f00 	cmp.w	r9, #0
10003360:	d11c      	bne.n	1000339c <stdio_put_string+0x84>
10003362:	f8df 909c 	ldr.w	r9, [pc, #156]	@ 10003400 <stdio_put_string+0xe8>
10003366:	e001      	b.n	1000336c <stdio_put_string+0x54>
10003368:	6924      	ldr	r4, [r4, #16]
1000336a:	b174      	cbz	r4, 1000338a <stdio_put_string+0x72>
1000336c:	6823      	ldr	r3, [r4, #0]
1000336e:	2b00      	cmp	r3, #0
10003370:	d0fa      	beq.n	10003368 <stdio_put_string+0x50>
10003372:	f8d9 3000 	ldr.w	r3, [r9]
10003376:	b10b      	cbz	r3, 1000337c <stdio_put_string+0x64>
10003378:	429c      	cmp	r4, r3
1000337a:	d1f5      	bne.n	10003368 <stdio_put_string+0x50>
1000337c:	4620      	mov	r0, r4
1000337e:	462a      	mov	r2, r5
10003380:	4631      	mov	r1, r6
10003382:	47b8      	blx	r7
10003384:	6924      	ldr	r4, [r4, #16]
10003386:	2c00      	cmp	r4, #0
10003388:	d1f0      	bne.n	1000336c <stdio_put_string+0x54>
1000338a:	f1b8 0f00 	cmp.w	r8, #0
1000338e:	d126      	bne.n	100033de <stdio_put_string+0xc6>
10003390:	4628      	mov	r0, r5
10003392:	b002      	add	sp, #8
10003394:	e8bd 87f0 	ldmia.w	sp!, {r4, r5, r6, r7, r8, r9, sl, pc}
10003398:	4f18      	ldr	r7, [pc, #96]	@ (100033fc <stdio_put_string+0xe4>)
1000339a:	e7dc      	b.n	10003356 <stdio_put_string+0x3e>
1000339c:	f04f 0a0a 	mov.w	sl, #10
100033a0:	f8df 905c 	ldr.w	r9, [pc, #92]	@ 10003400 <stdio_put_string+0xe8>
100033a4:	e002      	b.n	100033ac <stdio_put_string+0x94>
100033a6:	6924      	ldr	r4, [r4, #16]
100033a8:	2c00      	cmp	r4, #0
100033aa:	d0ee      	beq.n	1000338a <stdio_put_string+0x72>
100033ac:	6823      	ldr	r3, [r4, #0]
100033ae:	2b00      	cmp	r3, #0
100033b0:	d0f9      	beq.n	100033a6 <stdio_put_string+0x8e>
100033b2:	f8d9 3000 	ldr.w	r3, [r9]
100033b6:	b10b      	cbz	r3, 100033bc <stdio_put_string+0xa4>
100033b8:	42a3      	cmp	r3, r4
100033ba:	d1f4      	bne.n	100033a6 <stdio_put_string+0x8e>
100033bc:	462a      	mov	r2, r5
100033be:	4631      	mov	r1, r6
100033c0:	4620      	mov	r0, r4
100033c2:	47b8      	blx	r7
100033c4:	2201      	movs	r2, #1
100033c6:	4620      	mov	r0, r4
100033c8:	f10d 0107 	add.w	r1, sp, #7
100033cc:	f88d a007 	strb.w	sl, [sp, #7]
100033d0:	47b8      	blx	r7
100033d2:	e7e8      	b.n	100033a6 <stdio_put_string+0x8e>
100033d4:	4630      	mov	r0, r6
100033d6:	f005 fbe1 	bl	10008b9c <strlen>
100033da:	4605      	mov	r5, r0
100033dc:	e7b9      	b.n	10003352 <stdio_put_string+0x3a>
100033de:	4804      	ldr	r0, [pc, #16]	@ (100033f0 <stdio_put_string+0xd8>)
100033e0:	f005 fd6e 	bl	10008ec0 <__mutex_exit_veneer>
100033e4:	4628      	mov	r0, r5
100033e6:	b002      	add	sp, #8
100033e8:	e8bd 87f0 	ldmia.w	sp!, {r4, r5, r6, r7, r8, r9, sl, pc}
100033ec:	000f4240 	.word	0x000f4240
100033f0:	20001b00 	.word	0x20001b00
100033f4:	10003269 	.word	0x10003269
100033f8:	2000246c 	.word	0x2000246c
100033fc:	10003261 	.word	0x10003261
10003400:	20002478 	.word	0x20002478

10003404 <stdio_set_driver_enabled>:
10003404:	4a08      	ldr	r2, [pc, #32]	@ (10003428 <stdio_set_driver_enabled+0x24>)
10003406:	6813      	ldr	r3, [r2, #0]
10003408:	b923      	cbnz	r3, 10003414 <stdio_set_driver_enabled+0x10>
1000340a:	e00a      	b.n	10003422 <stdio_set_driver_enabled+0x1e>
1000340c:	f103 0210 	add.w	r2, r3, #16
10003410:	691b      	ldr	r3, [r3, #16]
10003412:	b133      	cbz	r3, 10003422 <stdio_set_driver_enabled+0x1e>
10003414:	4283      	cmp	r3, r0
10003416:	d1f9      	bne.n	1000340c <stdio_set_driver_enabled+0x8>
10003418:	b929      	cbnz	r1, 10003426 <stdio_set_driver_enabled+0x22>
1000341a:	6918      	ldr	r0, [r3, #16]
1000341c:	6010      	str	r0, [r2, #0]
1000341e:	6119      	str	r1, [r3, #16]
10003420:	4770      	bx	lr
10003422:	b101      	cbz	r1, 10003426 <stdio_set_driver_enabled+0x22>
10003424:	6010      	str	r0, [r2, #0]
10003426:	4770      	bx	lr
10003428:	2000246c 	.word	0x2000246c

1000342c <stdio_init_all>:
1000342c:	f000 ba6e 	b.w	1000390c <stdio_usb_init>

10003430 <__wrap_putchar>:
10003430:	b5f0      	push	{r4, r5, r6, r7, lr}
10003432:	b083      	sub	sp, #12
10003434:	4606      	mov	r6, r0
10003436:	f88d 0007 	strb.w	r0, [sp, #7]
1000343a:	f7fd ff61 	bl	10001300 <time_us_64>
1000343e:	f04f 35ff 	mov.w	r5, #4294967295
10003442:	f06f 4400 	mvn.w	r4, #2147483648	@ 0x80000000
10003446:	4a17      	ldr	r2, [pc, #92]	@ (100034a4 <__wrap_putchar+0x74>)
10003448:	1882      	adds	r2, r0, r2
1000344a:	f141 0300 	adc.w	r3, r1, #0
1000344e:	4295      	cmp	r5, r2
10003450:	eb74 0103 	sbcs.w	r1, r4, r3
10003454:	bf3c      	itt	cc
10003456:	4623      	movcc	r3, r4
10003458:	462a      	movcc	r2, r5
1000345a:	4813      	ldr	r0, [pc, #76]	@ (100034a8 <__wrap_putchar+0x78>)
1000345c:	f005 fd3c 	bl	10008ed8 <__mutex_try_enter_block_until_veneer>
10003460:	4b12      	ldr	r3, [pc, #72]	@ (100034ac <__wrap_putchar+0x7c>)
10003462:	4607      	mov	r7, r0
10003464:	681c      	ldr	r4, [r3, #0]
10003466:	b19c      	cbz	r4, 10003490 <__wrap_putchar+0x60>
10003468:	4d11      	ldr	r5, [pc, #68]	@ (100034b0 <__wrap_putchar+0x80>)
1000346a:	e001      	b.n	10003470 <__wrap_putchar+0x40>
1000346c:	6924      	ldr	r4, [r4, #16]
1000346e:	b17c      	cbz	r4, 10003490 <__wrap_putchar+0x60>
10003470:	6823      	ldr	r3, [r4, #0]
10003472:	2b00      	cmp	r3, #0
10003474:	d0fa      	beq.n	1000346c <__wrap_putchar+0x3c>
10003476:	682b      	ldr	r3, [r5, #0]
10003478:	b10b      	cbz	r3, 1000347e <__wrap_putchar+0x4e>
1000347a:	429c      	cmp	r4, r3
1000347c:	d1f6      	bne.n	1000346c <__wrap_putchar+0x3c>
1000347e:	4620      	mov	r0, r4
10003480:	2201      	movs	r2, #1
10003482:	f10d 0107 	add.w	r1, sp, #7
10003486:	f7ff feef 	bl	10003268 <stdio_out_chars_crlf>
1000348a:	6924      	ldr	r4, [r4, #16]
1000348c:	2c00      	cmp	r4, #0
1000348e:	d1ef      	bne.n	10003470 <__wrap_putchar+0x40>
10003490:	b917      	cbnz	r7, 10003498 <__wrap_putchar+0x68>
10003492:	4630      	mov	r0, r6
10003494:	b003      	add	sp, #12
10003496:	bdf0      	pop	{r4, r5, r6, r7, pc}
10003498:	4803      	ldr	r0, [pc, #12]	@ (100034a8 <__wrap_putchar+0x78>)
1000349a:	f005 fd11 	bl	10008ec0 <__mutex_exit_veneer>
1000349e:	4630      	mov	r0, r6
100034a0:	b003      	add	sp, #12
100034a2:	bdf0      	pop	{r4, r5, r6, r7, pc}
100034a4:	000f4240 	.word	0x000f4240
100034a8:	20001b00 	.word	0x20001b00
100034ac:	2000246c 	.word	0x2000246c
100034b0:	20002478 	.word	0x20002478

100034b4 <__wrap_puts>:
100034b4:	b538      	push	{r3, r4, r5, lr}
100034b6:	4604      	mov	r4, r0
100034b8:	f005 fb70 	bl	10008b9c <strlen>
100034bc:	2301      	movs	r3, #1
100034be:	4605      	mov	r5, r0
100034c0:	461a      	mov	r2, r3
100034c2:	4620      	mov	r0, r4
100034c4:	4629      	mov	r1, r5
100034c6:	f7ff ff27 	bl	10003318 <stdio_put_string>
100034ca:	4b08      	ldr	r3, [pc, #32]	@ (100034ec <__wrap_puts+0x38>)
100034cc:	681c      	ldr	r4, [r3, #0]
100034ce:	b12c      	cbz	r4, 100034dc <__wrap_puts+0x28>
100034d0:	6863      	ldr	r3, [r4, #4]
100034d2:	b12b      	cbz	r3, 100034e0 <__wrap_puts+0x2c>
100034d4:	4798      	blx	r3
100034d6:	6924      	ldr	r4, [r4, #16]
100034d8:	2c00      	cmp	r4, #0
100034da:	d1f9      	bne.n	100034d0 <__wrap_puts+0x1c>
100034dc:	4628      	mov	r0, r5
100034de:	bd38      	pop	{r3, r4, r5, pc}
100034e0:	6924      	ldr	r4, [r4, #16]
100034e2:	2c00      	cmp	r4, #0
100034e4:	d1f4      	bne.n	100034d0 <__wrap_puts+0x1c>
100034e6:	4628      	mov	r0, r5
100034e8:	bd38      	pop	{r3, r4, r5, pc}
100034ea:	bf00      	nop
100034ec:	2000246c 	.word	0x2000246c

100034f0 <resetd_init>:
100034f0:	4770      	bx	lr
100034f2:	bf00      	nop

100034f4 <resetd_reset>:
100034f4:	2200      	movs	r2, #0
100034f6:	4b01      	ldr	r3, [pc, #4]	@ (100034fc <resetd_reset+0x8>)
100034f8:	701a      	strb	r2, [r3, #0]
100034fa:	4770      	bx	lr
100034fc:	20002a65 	.word	0x20002a65

10003500 <resetd_open>:
10003500:	794b      	ldrb	r3, [r1, #5]
10003502:	2bff      	cmp	r3, #255	@ 0xff
10003504:	d10b      	bne.n	1000351e <resetd_open+0x1e>
10003506:	7988      	ldrb	r0, [r1, #6]
10003508:	b948      	cbnz	r0, 1000351e <resetd_open+0x1e>
1000350a:	79cb      	ldrb	r3, [r1, #7]
1000350c:	2b01      	cmp	r3, #1
1000350e:	d107      	bne.n	10003520 <resetd_open+0x20>
10003510:	2a08      	cmp	r2, #8
10003512:	d905      	bls.n	10003520 <resetd_open+0x20>
10003514:	4b03      	ldr	r3, [pc, #12]	@ (10003524 <resetd_open+0x24>)
10003516:	788a      	ldrb	r2, [r1, #2]
10003518:	2009      	movs	r0, #9
1000351a:	701a      	strb	r2, [r3, #0]
1000351c:	4770      	bx	lr
1000351e:	2000      	movs	r0, #0
10003520:	4770      	bx	lr
10003522:	bf00      	nop
10003524:	20002a65 	.word	0x20002a65

10003528 <resetd_xfer_cb>:
10003528:	2001      	movs	r0, #1
1000352a:	4770      	bx	lr

1000352c <resetd_control_xfer_cb>:
1000352c:	2901      	cmp	r1, #1
1000352e:	d001      	beq.n	10003534 <resetd_control_xfer_cb+0x8>
10003530:	2001      	movs	r0, #1
10003532:	4770      	bx	lr
10003534:	b508      	push	{r3, lr}
10003536:	4b10      	ldr	r3, [pc, #64]	@ (10003578 <resetd_control_xfer_cb+0x4c>)
10003538:	8891      	ldrh	r1, [r2, #4]
1000353a:	781b      	ldrb	r3, [r3, #0]
1000353c:	4299      	cmp	r1, r3
1000353e:	d001      	beq.n	10003544 <resetd_control_xfer_cb+0x18>
10003540:	2000      	movs	r0, #0
10003542:	bd08      	pop	{r3, pc}
10003544:	7853      	ldrb	r3, [r2, #1]
10003546:	2b01      	cmp	r3, #1
10003548:	d008      	beq.n	1000355c <resetd_control_xfer_cb+0x30>
1000354a:	2b02      	cmp	r3, #2
1000354c:	d1f8      	bne.n	10003540 <resetd_control_xfer_cb+0x14>
1000354e:	2100      	movs	r1, #0
10003550:	2264      	movs	r2, #100	@ 0x64
10003552:	4608      	mov	r0, r1
10003554:	f7fd ffa4 	bl	100014a0 <watchdog_reboot>
10003558:	2001      	movs	r0, #1
1000355a:	bd08      	pop	{r3, pc}
1000355c:	8851      	ldrh	r1, [r2, #2]
1000355e:	05cb      	lsls	r3, r1, #23
10003560:	bf48      	it	mi
10003562:	0a48      	lsrmi	r0, r1, #9
10003564:	f3c1 2240 	ubfx	r2, r1, #9, #1
10003568:	bf58      	it	pl
1000356a:	f04f 30ff 	movpl.w	r0, #4294967295
1000356e:	f001 017f 	and.w	r1, r1, #127	@ 0x7f
10003572:	f7fe f813 	bl	1000159c <rom_reset_usb_boot_extra>
10003576:	bf00      	nop
10003578:	20002a65 	.word	0x20002a65

1000357c <tud_descriptor_bos_cb>:
1000357c:	4800      	ldr	r0, [pc, #0]	@ (10003580 <tud_descriptor_bos_cb+0x4>)
1000357e:	4770      	bx	lr
10003580:	100092a4 	.word	0x100092a4

10003584 <tud_vendor_control_xfer_cb>:
10003584:	2901      	cmp	r1, #1
10003586:	d107      	bne.n	10003598 <tud_vendor_control_xfer_cb+0x14>
10003588:	7853      	ldrb	r3, [r2, #1]
1000358a:	2b01      	cmp	r3, #1
1000358c:	d102      	bne.n	10003594 <tud_vendor_control_xfer_cb+0x10>
1000358e:	8893      	ldrh	r3, [r2, #4]
10003590:	2b07      	cmp	r3, #7
10003592:	d003      	beq.n	1000359c <tud_vendor_control_xfer_cb+0x18>
10003594:	2000      	movs	r0, #0
10003596:	4770      	bx	lr
10003598:	2001      	movs	r0, #1
1000359a:	4770      	bx	lr
1000359c:	4611      	mov	r1, r2
1000359e:	23a6      	movs	r3, #166	@ 0xa6
100035a0:	4a01      	ldr	r2, [pc, #4]	@ (100035a8 <tud_vendor_control_xfer_cb+0x24>)
100035a2:	f001 ba39 	b.w	10004a18 <tud_control_xfer>
100035a6:	bf00      	nop
100035a8:	100091fc 	.word	0x100091fc

100035ac <usbd_app_driver_get_cb>:
100035ac:	4603      	mov	r3, r0
100035ae:	2201      	movs	r2, #1
100035b0:	4801      	ldr	r0, [pc, #4]	@ (100035b8 <usbd_app_driver_get_cb+0xc>)
100035b2:	701a      	strb	r2, [r3, #0]
100035b4:	4770      	bx	lr
100035b6:	bf00      	nop
100035b8:	100091dc 	.word	0x100091dc

100035bc <tud_cdc_line_coding_cb>:
100035bc:	b508      	push	{r3, lr}
100035be:	680b      	ldr	r3, [r1, #0]
100035c0:	f5b3 6f96 	cmp.w	r3, #1200	@ 0x4b0
100035c4:	d000      	beq.n	100035c8 <tud_cdc_line_coding_cb+0xc>
100035c6:	bd08      	pop	{r3, pc}
100035c8:	2200      	movs	r2, #0
100035ca:	f04f 30ff 	mov.w	r0, #4294967295
100035ce:	4611      	mov	r1, r2
100035d0:	f7fd ffe4 	bl	1000159c <rom_reset_usb_boot_extra>

100035d4 <stdio_usb_set_chars_available_callback>:
100035d4:	4a02      	ldr	r2, [pc, #8]	@ (100035e0 <stdio_usb_set_chars_available_callback+0xc>)
100035d6:	4b03      	ldr	r3, [pc, #12]	@ (100035e4 <stdio_usb_set_chars_available_callback+0x10>)
100035d8:	6010      	str	r0, [r2, #0]
100035da:	6019      	str	r1, [r3, #0]
100035dc:	4770      	bx	lr
100035de:	bf00      	nop
100035e0:	20002408 	.word	0x20002408
100035e4:	2000240c 	.word	0x2000240c

100035e8 <timer_task>:
100035e8:	4b18      	ldr	r3, [pc, #96]	@ (1000364c <timer_task+0x64>)
100035ea:	b570      	push	{r4, r5, r6, lr}
100035ec:	681a      	ldr	r2, [r3, #0]
100035ee:	2a00      	cmp	r2, #0
100035f0:	d028      	beq.n	10003644 <timer_task+0x5c>
100035f2:	f3ef 8110 	mrs	r1, PRIMASK
100035f6:	b672      	cpsid	i
100035f8:	e8d2 4fcf 	ldaexb	r4, [r2]
100035fc:	2001      	movs	r0, #1
100035fe:	2c00      	cmp	r4, #0
10003600:	d1fa      	bne.n	100035f8 <timer_task+0x10>
10003602:	e8c2 0f44 	strexb	r4, r0, [r2]
10003606:	2c00      	cmp	r4, #0
10003608:	d1f6      	bne.n	100035f8 <timer_task+0x10>
1000360a:	f3bf 8f5f 	dmb	sy
1000360e:	2200      	movs	r2, #0
10003610:	4c0f      	ldr	r4, [pc, #60]	@ (10003650 <timer_task+0x68>)
10003612:	6818      	ldr	r0, [r3, #0]
10003614:	6059      	str	r1, [r3, #4]
10003616:	7022      	strb	r2, [r4, #0]
10003618:	e8c0 2f8f 	stlb	r2, [r0]
1000361c:	f381 8810 	msr	PRIMASK, r1
10003620:	2400      	movs	r4, #0
10003622:	2500      	movs	r5, #0
10003624:	4e0b      	ldr	r6, [pc, #44]	@ (10003654 <timer_task+0x6c>)
10003626:	7830      	ldrb	r0, [r6, #0]
10003628:	f7fd f83a 	bl	100006a0 <irq_is_enabled>
1000362c:	b920      	cbnz	r0, 10003638 <timer_task+0x50>
1000362e:	2400      	movs	r4, #0
10003630:	2500      	movs	r5, #0
10003632:	4620      	mov	r0, r4
10003634:	4629      	mov	r1, r5
10003636:	bd70      	pop	{r4, r5, r6, pc}
10003638:	7830      	ldrb	r0, [r6, #0]
1000363a:	f7fd f841 	bl	100006c0 <irq_set_pending>
1000363e:	4620      	mov	r0, r4
10003640:	4629      	mov	r1, r5
10003642:	bd70      	pop	{r4, r5, r6, pc}
10003644:	f44f 747a 	mov.w	r4, #1000	@ 0x3e8
10003648:	2500      	movs	r5, #0
1000364a:	e7eb      	b.n	10003624 <timer_task+0x3c>
1000364c:	200028ac 	.word	0x200028ac
10003650:	20002a67 	.word	0x20002a67
10003654:	20002a66 	.word	0x20002a66

10003658 <usb_irq>:
10003658:	4b01      	ldr	r3, [pc, #4]	@ (10003660 <usb_irq+0x8>)
1000365a:	7818      	ldrb	r0, [r3, #0]
1000365c:	f7fd b830 	b.w	100006c0 <irq_set_pending>
10003660:	20002a66 	.word	0x20002a66

10003664 <stdio_usb_in_chars>:
10003664:	b538      	push	{r3, r4, r5, lr}
10003666:	4604      	mov	r4, r0
10003668:	2000      	movs	r0, #0
1000366a:	460d      	mov	r5, r1
1000366c:	f001 fb04 	bl	10004c78 <tud_cdc_n_connected>
10003670:	b3a8      	cbz	r0, 100036de <stdio_usb_in_chars+0x7a>
10003672:	2000      	movs	r0, #0
10003674:	f001 fb16 	bl	10004ca4 <tud_cdc_n_available>
10003678:	b388      	cbz	r0, 100036de <stdio_usb_in_chars+0x7a>
1000367a:	f7fd fe41 	bl	10001300 <time_us_64>
1000367e:	f04f 3eff 	mov.w	lr, #4294967295
10003682:	f06f 4c00 	mvn.w	ip, #2147483648	@ 0x80000000
10003686:	4a17      	ldr	r2, [pc, #92]	@ (100036e4 <stdio_usb_in_chars+0x80>)
10003688:	1882      	adds	r2, r0, r2
1000368a:	f141 0300 	adc.w	r3, r1, #0
1000368e:	4596      	cmp	lr, r2
10003690:	eb7c 0103 	sbcs.w	r1, ip, r3
10003694:	bf3c      	itt	cc
10003696:	4672      	movcc	r2, lr
10003698:	4663      	movcc	r3, ip
1000369a:	4813      	ldr	r0, [pc, #76]	@ (100036e8 <stdio_usb_in_chars+0x84>)
1000369c:	f005 fc1c 	bl	10008ed8 <__mutex_try_enter_block_until_veneer>
100036a0:	b1e8      	cbz	r0, 100036de <stdio_usb_in_chars+0x7a>
100036a2:	2000      	movs	r0, #0
100036a4:	f001 fae8 	bl	10004c78 <tud_cdc_n_connected>
100036a8:	b958      	cbnz	r0, 100036c2 <stdio_usb_in_chars+0x5e>
100036aa:	2100      	movs	r1, #0
100036ac:	f04f 30ff 	mov.w	r0, #4294967295
100036b0:	f000 fd0a 	bl	100040c8 <tud_task_ext>
100036b4:	f06f 0402 	mvn.w	r4, #2
100036b8:	480b      	ldr	r0, [pc, #44]	@ (100036e8 <stdio_usb_in_chars+0x84>)
100036ba:	f005 fc01 	bl	10008ec0 <__mutex_exit_veneer>
100036be:	4620      	mov	r0, r4
100036c0:	bd38      	pop	{r3, r4, r5, pc}
100036c2:	2000      	movs	r0, #0
100036c4:	f001 faee 	bl	10004ca4 <tud_cdc_n_available>
100036c8:	2800      	cmp	r0, #0
100036ca:	d0ee      	beq.n	100036aa <stdio_usb_in_chars+0x46>
100036cc:	4621      	mov	r1, r4
100036ce:	462a      	mov	r2, r5
100036d0:	2000      	movs	r0, #0
100036d2:	f001 faf1 	bl	10004cb8 <tud_cdc_n_read>
100036d6:	4604      	mov	r4, r0
100036d8:	2800      	cmp	r0, #0
100036da:	d1ed      	bne.n	100036b8 <stdio_usb_in_chars+0x54>
100036dc:	e7ea      	b.n	100036b4 <stdio_usb_in_chars+0x50>
100036de:	f06f 0402 	mvn.w	r4, #2
100036e2:	e7ec      	b.n	100036be <stdio_usb_in_chars+0x5a>
100036e4:	000f4240 	.word	0x000f4240
100036e8:	20002974 	.word	0x20002974

100036ec <stdio_usb_out_flush>:
100036ec:	b508      	push	{r3, lr}
100036ee:	f7fd fe07 	bl	10001300 <time_us_64>
100036f2:	f04f 3eff 	mov.w	lr, #4294967295
100036f6:	f06f 4c00 	mvn.w	ip, #2147483648	@ 0x80000000
100036fa:	4a0f      	ldr	r2, [pc, #60]	@ (10003738 <stdio_usb_out_flush+0x4c>)
100036fc:	1882      	adds	r2, r0, r2
100036fe:	f141 0300 	adc.w	r3, r1, #0
10003702:	4596      	cmp	lr, r2
10003704:	eb7c 0103 	sbcs.w	r1, ip, r3
10003708:	bf3c      	itt	cc
1000370a:	4672      	movcc	r2, lr
1000370c:	4663      	movcc	r3, ip
1000370e:	480b      	ldr	r0, [pc, #44]	@ (1000373c <stdio_usb_out_flush+0x50>)
10003710:	f005 fbe2 	bl	10008ed8 <__mutex_try_enter_block_until_veneer>
10003714:	b170      	cbz	r0, 10003734 <stdio_usb_out_flush+0x48>
10003716:	f04f 30ff 	mov.w	r0, #4294967295
1000371a:	2100      	movs	r1, #0
1000371c:	f000 fcd4 	bl	100040c8 <tud_task_ext>
10003720:	2000      	movs	r0, #0
10003722:	f001 fb11 	bl	10004d48 <tud_cdc_n_write_flush>
10003726:	2800      	cmp	r0, #0
10003728:	d1f5      	bne.n	10003716 <stdio_usb_out_flush+0x2a>
1000372a:	e8bd 4008 	ldmia.w	sp!, {r3, lr}
1000372e:	4803      	ldr	r0, [pc, #12]	@ (1000373c <stdio_usb_out_flush+0x50>)
10003730:	f005 bbc6 	b.w	10008ec0 <__mutex_exit_veneer>
10003734:	bd08      	pop	{r3, pc}
10003736:	bf00      	nop
10003738:	000f4240 	.word	0x000f4240
1000373c:	20002974 	.word	0x20002974

10003740 <stdio_usb_out_chars>:
10003740:	e92d 43f8 	stmdb	sp!, {r3, r4, r5, r6, r7, r8, r9, lr}
10003744:	4680      	mov	r8, r0
10003746:	460f      	mov	r7, r1
10003748:	f7fd fdda 	bl	10001300 <time_us_64>
1000374c:	f04f 35ff 	mov.w	r5, #4294967295
10003750:	f06f 4400 	mvn.w	r4, #2147483648	@ 0x80000000
10003754:	4a33      	ldr	r2, [pc, #204]	@ (10003824 <stdio_usb_out_chars+0xe4>)
10003756:	1882      	adds	r2, r0, r2
10003758:	f141 0300 	adc.w	r3, r1, #0
1000375c:	4295      	cmp	r5, r2
1000375e:	eb74 0103 	sbcs.w	r1, r4, r3
10003762:	bf3c      	itt	cc
10003764:	462a      	movcc	r2, r5
10003766:	4623      	movcc	r3, r4
10003768:	482f      	ldr	r0, [pc, #188]	@ (10003828 <stdio_usb_out_chars+0xe8>)
1000376a:	f005 fbb5 	bl	10008ed8 <__mutex_try_enter_block_until_veneer>
1000376e:	b908      	cbnz	r0, 10003774 <stdio_usb_out_chars+0x34>
10003770:	e8bd 83f8 	ldmia.w	sp!, {r3, r4, r5, r6, r7, r8, r9, pc}
10003774:	2000      	movs	r0, #0
10003776:	f001 fa7f 	bl	10004c78 <tud_cdc_n_connected>
1000377a:	2800      	cmp	r0, #0
1000377c:	d047      	beq.n	1000380e <stdio_usb_out_chars+0xce>
1000377e:	2f00      	cmp	r7, #0
10003780:	dd40      	ble.n	10003804 <stdio_usb_out_chars+0xc4>
10003782:	2500      	movs	r5, #0
10003784:	f8df 90a8 	ldr.w	r9, [pc, #168]	@ 10003830 <stdio_usb_out_chars+0xf0>
10003788:	4e28      	ldr	r6, [pc, #160]	@ (1000382c <stdio_usb_out_chars+0xec>)
1000378a:	e013      	b.n	100037b4 <stdio_usb_out_chars+0x74>
1000378c:	4622      	mov	r2, r4
1000378e:	2000      	movs	r0, #0
10003790:	f001 fb20 	bl	10004dd4 <tud_cdc_n_write>
10003794:	2100      	movs	r1, #0
10003796:	4604      	mov	r4, r0
10003798:	f04f 30ff 	mov.w	r0, #4294967295
1000379c:	f000 fc94 	bl	100040c8 <tud_task_ext>
100037a0:	2000      	movs	r0, #0
100037a2:	f001 fad1 	bl	10004d48 <tud_cdc_n_write_flush>
100037a6:	f7fd fdab 	bl	10001300 <time_us_64>
100037aa:	e9c9 0100 	strd	r0, r1, [r9]
100037ae:	4425      	add	r5, r4
100037b0:	42af      	cmp	r7, r5
100037b2:	dd27      	ble.n	10003804 <stdio_usb_out_chars+0xc4>
100037b4:	2000      	movs	r0, #0
100037b6:	f001 fb2d 	bl	10004e14 <tud_cdc_n_write_available>
100037ba:	1b7c      	subs	r4, r7, r5
100037bc:	4284      	cmp	r4, r0
100037be:	bfa8      	it	ge
100037c0:	4604      	movge	r4, r0
100037c2:	eb08 0105 	add.w	r1, r8, r5
100037c6:	2c00      	cmp	r4, #0
100037c8:	d1e0      	bne.n	1000378c <stdio_usb_out_chars+0x4c>
100037ca:	4621      	mov	r1, r4
100037cc:	f04f 30ff 	mov.w	r0, #4294967295
100037d0:	f000 fc7a 	bl	100040c8 <tud_task_ext>
100037d4:	4620      	mov	r0, r4
100037d6:	f001 fab7 	bl	10004d48 <tud_cdc_n_write_flush>
100037da:	4620      	mov	r0, r4
100037dc:	f001 fa4c 	bl	10004c78 <tud_cdc_n_connected>
100037e0:	b180      	cbz	r0, 10003804 <stdio_usb_out_chars+0xc4>
100037e2:	4620      	mov	r0, r4
100037e4:	f001 fb16 	bl	10004e14 <tud_cdc_n_write_available>
100037e8:	2800      	cmp	r0, #0
100037ea:	d1e1      	bne.n	100037b0 <stdio_usb_out_chars+0x70>
100037ec:	f7fd fd88 	bl	10001300 <time_us_64>
100037f0:	f8d9 3000 	ldr.w	r3, [r9]
100037f4:	f8d9 2004 	ldr.w	r2, [r9, #4]
100037f8:	199b      	adds	r3, r3, r6
100037fa:	f142 0200 	adc.w	r2, r2, #0
100037fe:	4283      	cmp	r3, r0
10003800:	418a      	sbcs	r2, r1
10003802:	d2d5      	bcs.n	100037b0 <stdio_usb_out_chars+0x70>
10003804:	4808      	ldr	r0, [pc, #32]	@ (10003828 <stdio_usb_out_chars+0xe8>)
10003806:	e8bd 43f8 	ldmia.w	sp!, {r3, r4, r5, r6, r7, r8, r9, lr}
1000380a:	f005 bb59 	b.w	10008ec0 <__mutex_exit_veneer>
1000380e:	2000      	movs	r0, #0
10003810:	2100      	movs	r1, #0
10003812:	4b07      	ldr	r3, [pc, #28]	@ (10003830 <stdio_usb_out_chars+0xf0>)
10003814:	e9c3 0100 	strd	r0, r1, [r3]
10003818:	e8bd 43f8 	ldmia.w	sp!, {r3, r4, r5, r6, r7, r8, r9, lr}
1000381c:	4802      	ldr	r0, [pc, #8]	@ (10003828 <stdio_usb_out_chars+0xe8>)
1000381e:	f005 bb4f 	b.w	10008ec0 <__mutex_exit_veneer>
10003822:	bf00      	nop
10003824:	000f4240 	.word	0x000f4240
10003828:	20002974 	.word	0x20002974
1000382c:	0007a120 	.word	0x0007a120
10003830:	20001c88 	.word	0x20001c88

10003834 <low_priority_worker_irq>:
10003834:	b530      	push	{r4, r5, lr}
10003836:	2100      	movs	r1, #0
10003838:	b085      	sub	sp, #20
1000383a:	482e      	ldr	r0, [pc, #184]	@ (100038f4 <low_priority_worker_irq+0xc0>)
1000383c:	f005 fb58 	bl	10008ef0 <__mutex_try_enter_veneer>
10003840:	b9f0      	cbnz	r0, 10003880 <low_priority_worker_irq+0x4c>
10003842:	4b2d      	ldr	r3, [pc, #180]	@ (100038f8 <low_priority_worker_irq+0xc4>)
10003844:	681a      	ldr	r2, [r3, #0]
10003846:	b1ca      	cbz	r2, 1000387c <low_priority_worker_irq+0x48>
10003848:	f3ef 8110 	mrs	r1, PRIMASK
1000384c:	b672      	cpsid	i
1000384e:	e8d2 5fcf 	ldaexb	r5, [r2]
10003852:	2401      	movs	r4, #1
10003854:	2d00      	cmp	r5, #0
10003856:	d1fa      	bne.n	1000384e <low_priority_worker_irq+0x1a>
10003858:	e8c2 4f45 	strexb	r5, r4, [r2]
1000385c:	2d00      	cmp	r5, #0
1000385e:	d1f6      	bne.n	1000384e <low_priority_worker_irq+0x1a>
10003860:	f3bf 8f5f 	dmb	sy
10003864:	4c25      	ldr	r4, [pc, #148]	@ (100038fc <low_priority_worker_irq+0xc8>)
10003866:	681d      	ldr	r5, [r3, #0]
10003868:	7822      	ldrb	r2, [r4, #0]
1000386a:	6059      	str	r1, [r3, #4]
1000386c:	b2d3      	uxtb	r3, r2
1000386e:	2201      	movs	r2, #1
10003870:	7022      	strb	r2, [r4, #0]
10003872:	e8c5 0f8f 	stlb	r0, [r5]
10003876:	f381 8810 	msr	PRIMASK, r1
1000387a:	b1cb      	cbz	r3, 100038b0 <low_priority_worker_irq+0x7c>
1000387c:	b005      	add	sp, #20
1000387e:	bd30      	pop	{r4, r5, pc}
10003880:	2100      	movs	r1, #0
10003882:	f04f 30ff 	mov.w	r0, #4294967295
10003886:	f000 fc1f 	bl	100040c8 <tud_task_ext>
1000388a:	2000      	movs	r0, #0
1000388c:	f001 fa0a 	bl	10004ca4 <tud_cdc_n_available>
10003890:	4604      	mov	r4, r0
10003892:	4818      	ldr	r0, [pc, #96]	@ (100038f4 <low_priority_worker_irq+0xc0>)
10003894:	f005 fb14 	bl	10008ec0 <__mutex_exit_veneer>
10003898:	2c00      	cmp	r4, #0
1000389a:	d0ef      	beq.n	1000387c <low_priority_worker_irq+0x48>
1000389c:	4b18      	ldr	r3, [pc, #96]	@ (10003900 <low_priority_worker_irq+0xcc>)
1000389e:	681b      	ldr	r3, [r3, #0]
100038a0:	2b00      	cmp	r3, #0
100038a2:	d0eb      	beq.n	1000387c <low_priority_worker_irq+0x48>
100038a4:	4a17      	ldr	r2, [pc, #92]	@ (10003904 <low_priority_worker_irq+0xd0>)
100038a6:	6810      	ldr	r0, [r2, #0]
100038a8:	b005      	add	sp, #20
100038aa:	e8bd 4030 	ldmia.w	sp!, {r4, r5, lr}
100038ae:	4718      	bx	r3
100038b0:	f7fd fb1e 	bl	10000ef0 <alarm_pool_get_default>
100038b4:	4604      	mov	r4, r0
100038b6:	f7fd fd23 	bl	10001300 <time_us_64>
100038ba:	f04f 3cff 	mov.w	ip, #4294967295
100038be:	f06f 4500 	mvn.w	r5, #2147483648	@ 0x80000000
100038c2:	f510 727a 	adds.w	r2, r0, #1000	@ 0x3e8
100038c6:	f141 0300 	adc.w	r3, r1, #0
100038ca:	4594      	cmp	ip, r2
100038cc:	eb75 0103 	sbcs.w	r1, r5, r3
100038d0:	bf38      	it	cc
100038d2:	462b      	movcc	r3, r5
100038d4:	f04f 0100 	mov.w	r1, #0
100038d8:	f04f 0501 	mov.w	r5, #1
100038dc:	4620      	mov	r0, r4
100038de:	4c0a      	ldr	r4, [pc, #40]	@ (10003908 <low_priority_worker_irq+0xd4>)
100038e0:	bf38      	it	cc
100038e2:	4662      	movcc	r2, ip
100038e4:	e9cd 1501 	strd	r1, r5, [sp, #4]
100038e8:	9400      	str	r4, [sp, #0]
100038ea:	f7fd fb05 	bl	10000ef8 <alarm_pool_add_alarm_at>
100038ee:	b005      	add	sp, #20
100038f0:	bd30      	pop	{r4, r5, pc}
100038f2:	bf00      	nop
100038f4:	20002974 	.word	0x20002974
100038f8:	200028ac 	.word	0x200028ac
100038fc:	20002a67 	.word	0x20002a67
10003900:	20002408 	.word	0x20002408
10003904:	2000240c 	.word	0x2000240c
10003908:	100035e9 	.word	0x100035e9

1000390c <stdio_usb_init>:
1000390c:	f04f 4350 	mov.w	r3, #3489660928	@ 0xd0000000
10003910:	b530      	push	{r4, r5, lr}
10003912:	b085      	sub	sp, #20
10003914:	681c      	ldr	r4, [r3, #0]
10003916:	f7fd faeb 	bl	10000ef0 <alarm_pool_get_default>
1000391a:	f7fd fbff 	bl	1000111c <alarm_pool_core_num>
1000391e:	42a0      	cmp	r0, r4
10003920:	d002      	beq.n	10003928 <stdio_usb_init+0x1c>
10003922:	2000      	movs	r0, #0
10003924:	b005      	add	sp, #20
10003926:	bd30      	pop	{r4, r5, pc}
10003928:	2100      	movs	r1, #0
1000392a:	4b2a      	ldr	r3, [pc, #168]	@ (100039d4 <stdio_usb_init+0xc8>)
1000392c:	4608      	mov	r0, r1
1000392e:	781b      	ldrb	r3, [r3, #0]
10003930:	f001 fd38 	bl	100053a4 <tusb_rhport_init>
10003934:	4828      	ldr	r0, [pc, #160]	@ (100039d8 <stdio_usb_init+0xcc>)
10003936:	6803      	ldr	r3, [r0, #0]
10003938:	2b00      	cmp	r3, #0
1000393a:	d047      	beq.n	100039cc <stdio_usb_init+0xc0>
1000393c:	2001      	movs	r0, #1
1000393e:	f7fd f85d 	bl	100009fc <user_irq_claim_unused>
10003942:	4603      	mov	r3, r0
10003944:	4c25      	ldr	r4, [pc, #148]	@ (100039dc <stdio_usb_init+0xd0>)
10003946:	4926      	ldr	r1, [pc, #152]	@ (100039e0 <stdio_usb_init+0xd4>)
10003948:	b2c0      	uxtb	r0, r0
1000394a:	7023      	strb	r3, [r4, #0]
1000394c:	f7fc fed4 	bl	100006f8 <irq_set_exclusive_handler>
10003950:	7820      	ldrb	r0, [r4, #0]
10003952:	2101      	movs	r1, #1
10003954:	f7fc fe8e 	bl	10000674 <irq_set_enabled>
10003958:	200e      	movs	r0, #14
1000395a:	f7fc febd 	bl	100006d8 <irq_has_shared_handler>
1000395e:	bb40      	cbnz	r0, 100039b2 <stdio_usb_init+0xa6>
10003960:	4b20      	ldr	r3, [pc, #128]	@ (100039e4 <stdio_usb_init+0xd8>)
10003962:	2501      	movs	r5, #1
10003964:	e9c3 0000 	strd	r0, r0, [r3]
10003968:	f7fd fac2 	bl	10000ef0 <alarm_pool_get_default>
1000396c:	4604      	mov	r4, r0
1000396e:	f7fd fcc7 	bl	10001300 <time_us_64>
10003972:	f04f 3eff 	mov.w	lr, #4294967295
10003976:	f06f 4c00 	mvn.w	ip, #2147483648	@ 0x80000000
1000397a:	f510 727a 	adds.w	r2, r0, #1000	@ 0x3e8
1000397e:	f141 0300 	adc.w	r3, r1, #0
10003982:	4596      	cmp	lr, r2
10003984:	eb7c 0103 	sbcs.w	r1, ip, r3
10003988:	f04f 0100 	mov.w	r1, #0
1000398c:	4620      	mov	r0, r4
1000398e:	4c16      	ldr	r4, [pc, #88]	@ (100039e8 <stdio_usb_init+0xdc>)
10003990:	bf3c      	itt	cc
10003992:	4672      	movcc	r2, lr
10003994:	4663      	movcc	r3, ip
10003996:	e9cd 1501 	strd	r1, r5, [sp, #4]
1000399a:	9400      	str	r4, [sp, #0]
1000399c:	f7fd faac 	bl	10000ef8 <alarm_pool_add_alarm_at>
100039a0:	2800      	cmp	r0, #0
100039a2:	dbbe      	blt.n	10003922 <stdio_usb_init+0x16>
100039a4:	2101      	movs	r1, #1
100039a6:	4811      	ldr	r0, [pc, #68]	@ (100039ec <stdio_usb_init+0xe0>)
100039a8:	f7ff fd2c 	bl	10003404 <stdio_set_driver_enabled>
100039ac:	2001      	movs	r0, #1
100039ae:	b005      	add	sp, #20
100039b0:	bd30      	pop	{r4, r5, pc}
100039b2:	2001      	movs	r0, #1
100039b4:	f7fc fe1a 	bl	100005ec <spin_lock_claim_unused>
100039b8:	4601      	mov	r1, r0
100039ba:	480a      	ldr	r0, [pc, #40]	@ (100039e4 <stdio_usb_init+0xd8>)
100039bc:	f7fd f87a 	bl	10000ab4 <critical_section_init_with_lock_num>
100039c0:	2200      	movs	r2, #0
100039c2:	200e      	movs	r0, #14
100039c4:	490a      	ldr	r1, [pc, #40]	@ (100039f0 <stdio_usb_init+0xe4>)
100039c6:	f7fc fec7 	bl	10000758 <irq_add_shared_handler>
100039ca:	e7eb      	b.n	100039a4 <stdio_usb_init+0x98>
100039cc:	f7fd f856 	bl	10000a7c <mutex_init>
100039d0:	e7b4      	b.n	1000393c <stdio_usb_init+0x30>
100039d2:	bf00      	nop
100039d4:	100093d0 	.word	0x100093d0
100039d8:	20002974 	.word	0x20002974
100039dc:	20002a66 	.word	0x20002a66
100039e0:	10003835 	.word	0x10003835
100039e4:	200028ac 	.word	0x200028ac
100039e8:	100035e9 	.word	0x100035e9
100039ec:	2000155c 	.word	0x2000155c
100039f0:	10003659 	.word	0x10003659

100039f4 <tud_descriptor_device_cb>:
100039f4:	4800      	ldr	r0, [pc, #0]	@ (100039f8 <tud_descriptor_device_cb+0x4>)
100039f6:	4770      	bx	lr
100039f8:	10009340 	.word	0x10009340

100039fc <tud_descriptor_configuration_cb>:
100039fc:	4800      	ldr	r0, [pc, #0]	@ (10003a00 <tud_descriptor_configuration_cb+0x4>)
100039fe:	4770      	bx	lr
10003a00:	100092ec 	.word	0x100092ec

10003a04 <tud_descriptor_string_cb>:
10003a04:	b538      	push	{r3, r4, r5, lr}
10003a06:	4b18      	ldr	r3, [pc, #96]	@ (10003a68 <tud_descriptor_string_cb+0x64>)
10003a08:	4604      	mov	r4, r0
10003a0a:	781a      	ldrb	r2, [r3, #0]
10003a0c:	b30a      	cbz	r2, 10003a52 <tud_descriptor_string_cb+0x4e>
10003a0e:	b944      	cbnz	r4, 10003a22 <tud_descriptor_string_cb+0x1e>
10003a10:	f240 4209 	movw	r2, #1033	@ 0x409
10003a14:	f44f 7341 	mov.w	r3, #772	@ 0x304
10003a18:	4d14      	ldr	r5, [pc, #80]	@ (10003a6c <tud_descriptor_string_cb+0x68>)
10003a1a:	806a      	strh	r2, [r5, #2]
10003a1c:	4813      	ldr	r0, [pc, #76]	@ (10003a6c <tud_descriptor_string_cb+0x68>)
10003a1e:	802b      	strh	r3, [r5, #0]
10003a20:	bd38      	pop	{r3, r4, r5, pc}
10003a22:	2c05      	cmp	r4, #5
10003a24:	d81d      	bhi.n	10003a62 <tud_descriptor_string_cb+0x5e>
10003a26:	4b12      	ldr	r3, [pc, #72]	@ (10003a70 <tud_descriptor_string_cb+0x6c>)
10003a28:	4d10      	ldr	r5, [pc, #64]	@ (10003a6c <tud_descriptor_string_cb+0x68>)
10003a2a:	f853 1024 	ldr.w	r1, [r3, r4, lsl #2]
10003a2e:	4628      	mov	r0, r5
10003a30:	2300      	movs	r3, #0
10003a32:	3901      	subs	r1, #1
10003a34:	e003      	b.n	10003a3e <tud_descriptor_string_cb+0x3a>
10003a36:	2b13      	cmp	r3, #19
10003a38:	f820 2f02 	strh.w	r2, [r0, #2]!
10003a3c:	d00e      	beq.n	10003a5c <tud_descriptor_string_cb+0x58>
10003a3e:	f811 2f01 	ldrb.w	r2, [r1, #1]!
10003a42:	3301      	adds	r3, #1
10003a44:	b2db      	uxtb	r3, r3
10003a46:	2a00      	cmp	r2, #0
10003a48:	d1f5      	bne.n	10003a36 <tud_descriptor_string_cb+0x32>
10003a4a:	005b      	lsls	r3, r3, #1
10003a4c:	f443 7340 	orr.w	r3, r3, #768	@ 0x300
10003a50:	e7e4      	b.n	10003a1c <tud_descriptor_string_cb+0x18>
10003a52:	2111      	movs	r1, #17
10003a54:	4618      	mov	r0, r3
10003a56:	f000 f825 	bl	10003aa4 <pico_get_unique_board_id_string>
10003a5a:	e7d8      	b.n	10003a0e <tud_descriptor_string_cb+0xa>
10003a5c:	f44f 734a 	mov.w	r3, #808	@ 0x328
10003a60:	e7dc      	b.n	10003a1c <tud_descriptor_string_cb+0x18>
10003a62:	2000      	movs	r0, #0
10003a64:	bd38      	pop	{r3, r4, r5, pc}
10003a66:	bf00      	nop
10003a68:	20002980 	.word	0x20002980
10003a6c:	20002444 	.word	0x20002444
10003a70:	100092d4 	.word	0x100092d4

10003a74 <_retrieve_unique_id_on_boot>:
10003a74:	b500      	push	{lr}
10003a76:	f245 3047 	movw	r0, #21319	@ 0x5347
10003a7a:	b08b      	sub	sp, #44	@ 0x2c
10003a7c:	f7fd fd82 	bl	10001584 <rom_func_lookup>
10003a80:	2201      	movs	r2, #1
10003a82:	4603      	mov	r3, r0
10003a84:	2109      	movs	r1, #9
10003a86:	a801      	add	r0, sp, #4
10003a88:	4798      	blx	r3
10003a8a:	e9dd 3203 	ldrd	r3, r2, [sp, #12]
10003a8e:	4904      	ldr	r1, [pc, #16]	@ (10003aa0 <_retrieve_unique_id_on_boot+0x2c>)
10003a90:	ba12      	rev	r2, r2
10003a92:	ba1b      	rev	r3, r3
10003a94:	e9c1 2300 	strd	r2, r3, [r1]
10003a98:	b00b      	add	sp, #44	@ 0x2c
10003a9a:	f85d fb04 	ldr.w	pc, [sp], #4
10003a9e:	bf00      	nop
10003aa0:	20002964 	.word	0x20002964

10003aa4 <pico_get_unique_board_id_string>:
10003aa4:	2901      	cmp	r1, #1
10003aa6:	f101 33ff 	add.w	r3, r1, #4294967295
10003aaa:	f000 80b3 	beq.w	10003c14 <pico_get_unique_board_id_string+0x170>
10003aae:	495d      	ldr	r1, [pc, #372]	@ (10003c24 <pico_get_unique_board_id_string+0x180>)
10003ab0:	780a      	ldrb	r2, [r1, #0]
10003ab2:	ea4f 1c12 	mov.w	ip, r2, lsr #4
10003ab6:	2a9f      	cmp	r2, #159	@ 0x9f
10003ab8:	bf8c      	ite	hi
10003aba:	f10c 0c37 	addhi.w	ip, ip, #55	@ 0x37
10003abe:	f10c 0c30 	addls.w	ip, ip, #48	@ 0x30
10003ac2:	2b01      	cmp	r3, #1
10003ac4:	f880 c000 	strb.w	ip, [r0]
10003ac8:	f000 80a7 	beq.w	10003c1a <pico_get_unique_board_id_string+0x176>
10003acc:	f002 020f 	and.w	r2, r2, #15
10003ad0:	2a09      	cmp	r2, #9
10003ad2:	bf8c      	ite	hi
10003ad4:	3237      	addhi	r2, #55	@ 0x37
10003ad6:	3230      	addls	r2, #48	@ 0x30
10003ad8:	2b02      	cmp	r3, #2
10003ada:	7042      	strb	r2, [r0, #1]
10003adc:	f000 809d 	beq.w	10003c1a <pico_get_unique_board_id_string+0x176>
10003ae0:	784a      	ldrb	r2, [r1, #1]
10003ae2:	ea4f 1c12 	mov.w	ip, r2, lsr #4
10003ae6:	2a9f      	cmp	r2, #159	@ 0x9f
10003ae8:	bf8c      	ite	hi
10003aea:	f10c 0c37 	addhi.w	ip, ip, #55	@ 0x37
10003aee:	f10c 0c30 	addls.w	ip, ip, #48	@ 0x30
10003af2:	2b03      	cmp	r3, #3
10003af4:	f880 c002 	strb.w	ip, [r0, #2]
10003af8:	f000 808f 	beq.w	10003c1a <pico_get_unique_board_id_string+0x176>
10003afc:	f002 020f 	and.w	r2, r2, #15
10003b00:	2a09      	cmp	r2, #9
10003b02:	bf8c      	ite	hi
10003b04:	3237      	addhi	r2, #55	@ 0x37
10003b06:	3230      	addls	r2, #48	@ 0x30
10003b08:	2b04      	cmp	r3, #4
10003b0a:	70c2      	strb	r2, [r0, #3]
10003b0c:	f000 8085 	beq.w	10003c1a <pico_get_unique_board_id_string+0x176>
10003b10:	788a      	ldrb	r2, [r1, #2]
10003b12:	ea4f 1c12 	mov.w	ip, r2, lsr #4
10003b16:	2a9f      	cmp	r2, #159	@ 0x9f
10003b18:	bf8c      	ite	hi
10003b1a:	f10c 0c37 	addhi.w	ip, ip, #55	@ 0x37
10003b1e:	f10c 0c30 	addls.w	ip, ip, #48	@ 0x30
10003b22:	2b05      	cmp	r3, #5
10003b24:	f880 c004 	strb.w	ip, [r0, #4]
10003b28:	d077      	beq.n	10003c1a <pico_get_unique_board_id_string+0x176>
10003b2a:	f002 020f 	and.w	r2, r2, #15
10003b2e:	2a09      	cmp	r2, #9
10003b30:	bf8c      	ite	hi
10003b32:	3237      	addhi	r2, #55	@ 0x37
10003b34:	3230      	addls	r2, #48	@ 0x30
10003b36:	2b06      	cmp	r3, #6
10003b38:	7142      	strb	r2, [r0, #5]
10003b3a:	d06e      	beq.n	10003c1a <pico_get_unique_board_id_string+0x176>
10003b3c:	78ca      	ldrb	r2, [r1, #3]
10003b3e:	ea4f 1c12 	mov.w	ip, r2, lsr #4
10003b42:	2a9f      	cmp	r2, #159	@ 0x9f
10003b44:	bf8c      	ite	hi
10003b46:	f10c 0c37 	addhi.w	ip, ip, #55	@ 0x37
10003b4a:	f10c 0c30 	addls.w	ip, ip, #48	@ 0x30
10003b4e:	2b07      	cmp	r3, #7
10003b50:	f880 c006 	strb.w	ip, [r0, #6]
10003b54:	d061      	beq.n	10003c1a <pico_get_unique_board_id_string+0x176>
10003b56:	f002 020f 	and.w	r2, r2, #15
10003b5a:	2a09      	cmp	r2, #9
10003b5c:	bf8c      	ite	hi
10003b5e:	3237      	addhi	r2, #55	@ 0x37
10003b60:	3230      	addls	r2, #48	@ 0x30
10003b62:	2b08      	cmp	r3, #8
10003b64:	71c2      	strb	r2, [r0, #7]
10003b66:	d058      	beq.n	10003c1a <pico_get_unique_board_id_string+0x176>
10003b68:	790a      	ldrb	r2, [r1, #4]
10003b6a:	ea4f 1c12 	mov.w	ip, r2, lsr #4
10003b6e:	2a9f      	cmp	r2, #159	@ 0x9f
10003b70:	bf8c      	ite	hi
10003b72:	f10c 0c37 	addhi.w	ip, ip, #55	@ 0x37
10003b76:	f10c 0c30 	addls.w	ip, ip, #48	@ 0x30
10003b7a:	2b09      	cmp	r3, #9
10003b7c:	f880 c008 	strb.w	ip, [r0, #8]
10003b80:	d04b      	beq.n	10003c1a <pico_get_unique_board_id_string+0x176>
10003b82:	f002 020f 	and.w	r2, r2, #15
10003b86:	2a09      	cmp	r2, #9
10003b88:	bf8c      	ite	hi
10003b8a:	3237      	addhi	r2, #55	@ 0x37
10003b8c:	3230      	addls	r2, #48	@ 0x30
10003b8e:	2b0a      	cmp	r3, #10
10003b90:	7242      	strb	r2, [r0, #9]
10003b92:	d042      	beq.n	10003c1a <pico_get_unique_board_id_string+0x176>
10003b94:	794a      	ldrb	r2, [r1, #5]
10003b96:	ea4f 1c12 	mov.w	ip, r2, lsr #4
10003b9a:	2a9f      	cmp	r2, #159	@ 0x9f
10003b9c:	bf8c      	ite	hi
10003b9e:	f10c 0c37 	addhi.w	ip, ip, #55	@ 0x37
10003ba2:	f10c 0c30 	addls.w	ip, ip, #48	@ 0x30
10003ba6:	2b0b      	cmp	r3, #11
10003ba8:	f880 c00a 	strb.w	ip, [r0, #10]
10003bac:	d035      	beq.n	10003c1a <pico_get_unique_board_id_string+0x176>
10003bae:	f002 020f 	and.w	r2, r2, #15
10003bb2:	2a09      	cmp	r2, #9
10003bb4:	bf8c      	ite	hi
10003bb6:	3237      	addhi	r2, #55	@ 0x37
10003bb8:	3230      	addls	r2, #48	@ 0x30
10003bba:	2b0c      	cmp	r3, #12
10003bbc:	72c2      	strb	r2, [r0, #11]
10003bbe:	d02c      	beq.n	10003c1a <pico_get_unique_board_id_string+0x176>
10003bc0:	798a      	ldrb	r2, [r1, #6]
10003bc2:	ea4f 1c12 	mov.w	ip, r2, lsr #4
10003bc6:	2a9f      	cmp	r2, #159	@ 0x9f
10003bc8:	bf8c      	ite	hi
10003bca:	f10c 0c37 	addhi.w	ip, ip, #55	@ 0x37
10003bce:	f10c 0c30 	addls.w	ip, ip, #48	@ 0x30
10003bd2:	2b0d      	cmp	r3, #13
10003bd4:	f880 c00c 	strb.w	ip, [r0, #12]
10003bd8:	d01f      	beq.n	10003c1a <pico_get_unique_board_id_string+0x176>
10003bda:	f002 020f 	and.w	r2, r2, #15
10003bde:	2a09      	cmp	r2, #9
10003be0:	bf8c      	ite	hi
10003be2:	3237      	addhi	r2, #55	@ 0x37
10003be4:	3230      	addls	r2, #48	@ 0x30
10003be6:	2b0e      	cmp	r3, #14
10003be8:	7342      	strb	r2, [r0, #13]
10003bea:	d016      	beq.n	10003c1a <pico_get_unique_board_id_string+0x176>
10003bec:	79ca      	ldrb	r2, [r1, #7]
10003bee:	0911      	lsrs	r1, r2, #4
10003bf0:	2a9f      	cmp	r2, #159	@ 0x9f
10003bf2:	bf8c      	ite	hi
10003bf4:	3137      	addhi	r1, #55	@ 0x37
10003bf6:	3130      	addls	r1, #48	@ 0x30
10003bf8:	2b0f      	cmp	r3, #15
10003bfa:	7381      	strb	r1, [r0, #14]
10003bfc:	d00d      	beq.n	10003c1a <pico_get_unique_board_id_string+0x176>
10003bfe:	f002 020f 	and.w	r2, r2, #15
10003c02:	2a09      	cmp	r2, #9
10003c04:	bf94      	ite	ls
10003c06:	3230      	addls	r2, #48	@ 0x30
10003c08:	3237      	addhi	r2, #55	@ 0x37
10003c0a:	2b10      	cmp	r3, #16
10003c0c:	73c2      	strb	r2, [r0, #15]
10003c0e:	bf18      	it	ne
10003c10:	3010      	addne	r0, #16
10003c12:	d002      	beq.n	10003c1a <pico_get_unique_board_id_string+0x176>
10003c14:	2300      	movs	r3, #0
10003c16:	7003      	strb	r3, [r0, #0]
10003c18:	4770      	bx	lr
10003c1a:	4418      	add	r0, r3
10003c1c:	2300      	movs	r3, #0
10003c1e:	7003      	strb	r3, [r0, #0]
10003c20:	4770      	bx	lr
10003c22:	bf00      	nop
10003c24:	20002964 	.word	0x20002964

10003c28 <dcd_init>:
10003c28:	b570      	push	{r4, r5, r6, lr}
10003c2a:	f000 f92d 	bl	10003e88 <rp2040_usb_init>
10003c2e:	230c      	movs	r3, #12
10003c30:	2640      	movs	r6, #64	@ 0x40
10003c32:	4c19      	ldr	r4, [pc, #100]	@ (10003c98 <dcd_init+0x70>)
10003c34:	22ff      	movs	r2, #255	@ 0xff
10003c36:	67a3      	str	r3, [r4, #120]	@ 0x78
10003c38:	200e      	movs	r0, #14
10003c3a:	4918      	ldr	r1, [pc, #96]	@ (10003c9c <dcd_init+0x74>)
10003c3c:	f7fc fd8c 	bl	10000758 <irq_add_shared_handler>
10003c40:	4632      	mov	r2, r6
10003c42:	2100      	movs	r1, #0
10003c44:	4816      	ldr	r0, [pc, #88]	@ (10003ca0 <dcd_init+0x78>)
10003c46:	f004 febb 	bl	100089c0 <memset>
10003c4a:	2501      	movs	r5, #1
10003c4c:	2300      	movs	r3, #0
10003c4e:	2180      	movs	r1, #128	@ 0x80
10003c50:	4813      	ldr	r0, [pc, #76]	@ (10003ca0 <dcd_init+0x78>)
10003c52:	4a14      	ldr	r2, [pc, #80]	@ (10003ca4 <dcd_init+0x7c>)
10003c54:	8441      	strh	r1, [r0, #34]	@ 0x22
10003c56:	7045      	strb	r5, [r0, #1]
10003c58:	8306      	strh	r6, [r0, #24]
10003c5a:	8706      	strh	r6, [r0, #56]	@ 0x38
10003c5c:	6082      	str	r2, [r0, #8]
10003c5e:	6043      	str	r3, [r0, #4]
10003c60:	6013      	str	r3, [r2, #0]
10003c62:	f842 3c04 	str.w	r3, [r2, #-4]
10003c66:	f880 3021 	strb.w	r3, [r0, #33]	@ 0x21
10003c6a:	f880 303b 	strb.w	r3, [r0, #59]	@ 0x3b
10003c6e:	6243      	str	r3, [r0, #36]	@ 0x24
10003c70:	4b0d      	ldr	r3, [pc, #52]	@ (10003ca8 <dcd_init+0x80>)
10003c72:	f04f 5600 	mov.w	r6, #536870912	@ 0x20000000
10003c76:	60c3      	str	r3, [r0, #12]
10003c78:	62c3      	str	r3, [r0, #44]	@ 0x2c
10003c7a:	3b80      	subs	r3, #128	@ 0x80
10003c7c:	6283      	str	r3, [r0, #40]	@ 0x28
10003c7e:	f005 f933 	bl	10008ee8 <__reset_non_control_endpoints_veneer>
10003c82:	f44f 3280 	mov.w	r2, #65536	@ 0x10000
10003c86:	4909      	ldr	r1, [pc, #36]	@ (10003cac <dcd_init+0x84>)
10003c88:	4b09      	ldr	r3, [pc, #36]	@ (10003cb0 <dcd_init+0x88>)
10003c8a:	6425      	str	r5, [r4, #64]	@ 0x40
10003c8c:	4628      	mov	r0, r5
10003c8e:	64e6      	str	r6, [r4, #76]	@ 0x4c
10003c90:	f8c4 1090 	str.w	r1, [r4, #144]	@ 0x90
10003c94:	64da      	str	r2, [r3, #76]	@ 0x4c
10003c96:	bd70      	pop	{r4, r5, r6, pc}
10003c98:	50110000 	.word	0x50110000
10003c9c:	2000039d 	.word	0x2000039d
10003ca0:	20002480 	.word	0x20002480
10003ca4:	50100084 	.word	0x50100084
10003ca8:	50100100 	.word	0x50100100
10003cac:	0001d010 	.word	0x0001d010
10003cb0:	50112000 	.word	0x50112000

10003cb4 <dcd_int_enable>:
10003cb4:	2101      	movs	r1, #1
10003cb6:	200e      	movs	r0, #14
10003cb8:	f7fc bcdc 	b.w	10000674 <irq_set_enabled>

10003cbc <dcd_set_address>:
10003cbc:	2200      	movs	r2, #0
10003cbe:	4802      	ldr	r0, [pc, #8]	@ (10003cc8 <dcd_set_address+0xc>)
10003cc0:	4611      	mov	r1, r2
10003cc2:	f000 b901 	b.w	10003ec8 <hw_endpoint_xfer_start>
10003cc6:	bf00      	nop
10003cc8:	200024a0 	.word	0x200024a0

10003ccc <dcd_sof_enable>:
10003ccc:	4b04      	ldr	r3, [pc, #16]	@ (10003ce0 <dcd_sof_enable+0x14>)
10003cce:	7019      	strb	r1, [r3, #0]
10003cd0:	b121      	cbz	r1, 10003cdc <dcd_sof_enable+0x10>
10003cd2:	f44f 3200 	mov.w	r2, #131072	@ 0x20000
10003cd6:	4b03      	ldr	r3, [pc, #12]	@ (10003ce4 <dcd_sof_enable+0x18>)
10003cd8:	f8c3 2090 	str.w	r2, [r3, #144]	@ 0x90
10003cdc:	4770      	bx	lr
10003cde:	bf00      	nop
10003ce0:	20002a61 	.word	0x20002a61
10003ce4:	50112000 	.word	0x50112000

10003ce8 <dcd_edpt0_status_complete>:
10003ce8:	780b      	ldrb	r3, [r1, #0]
10003cea:	065b      	lsls	r3, r3, #25
10003cec:	d102      	bne.n	10003cf4 <dcd_edpt0_status_complete+0xc>
10003cee:	784b      	ldrb	r3, [r1, #1]
10003cf0:	2b05      	cmp	r3, #5
10003cf2:	d000      	beq.n	10003cf6 <dcd_edpt0_status_complete+0xe>
10003cf4:	4770      	bx	lr
10003cf6:	884b      	ldrh	r3, [r1, #2]
10003cf8:	4a01      	ldr	r2, [pc, #4]	@ (10003d00 <dcd_edpt0_status_complete+0x18>)
10003cfa:	b2db      	uxtb	r3, r3
10003cfc:	6013      	str	r3, [r2, #0]
10003cfe:	4770      	bx	lr
10003d00:	50110000 	.word	0x50110000

10003d04 <dcd_edpt_open>:
10003d04:	78cb      	ldrb	r3, [r1, #3]
10003d06:	e92d 41f0 	stmdb	sp!, {r4, r5, r6, r7, r8, lr}
10003d0a:	f003 0e03 	and.w	lr, r3, #3
10003d0e:	f1be 0f01 	cmp.w	lr, #1
10003d12:	f3c3 0001 	ubfx	r0, r3, #0, #2
10003d16:	d05b      	beq.n	10003dd0 <dcd_edpt_open+0xcc>
10003d18:	2700      	movs	r7, #0
10003d1a:	f891 c002 	ldrb.w	ip, [r1, #2]
10003d1e:	4c34      	ldr	r4, [pc, #208]	@ (10003df0 <dcd_edpt_open+0xec>)
10003d20:	f00c 027f 	and.w	r2, ip, #127	@ 0x7f
10003d24:	0056      	lsls	r6, r2, #1
10003d26:	8889      	ldrh	r1, [r1, #4]
10003d28:	eb06 13dc 	add.w	r3, r6, ip, lsr #7
10003d2c:	eb04 1343 	add.w	r3, r4, r3, lsl #5
10003d30:	ea4f 15dc 	mov.w	r5, ip, lsr #7
10003d34:	76d8      	strb	r0, [r3, #27]
10003d36:	f3c1 010a 	ubfx	r1, r1, #0, #11
10003d3a:	f085 0001 	eor.w	r0, r5, #1
10003d3e:	f883 c002 	strb.w	ip, [r3, #2]
10003d42:	8319      	strh	r1, [r3, #24]
10003d44:	7058      	strb	r0, [r3, #1]
10003d46:	70df      	strb	r7, [r3, #3]
10003d48:	00d3      	lsls	r3, r2, #3
10003d4a:	bb8d      	cbnz	r5, 10003db0 <dcd_edpt_open+0xac>
10003d4c:	4829      	ldr	r0, [pc, #164]	@ (10003df4 <dcd_edpt_open+0xf0>)
10003d4e:	3304      	adds	r3, #4
10003d50:	eb04 1c82 	add.w	ip, r4, r2, lsl #6
10003d54:	eb03 0800 	add.w	r8, r3, r0
10003d58:	f8cc 8008 	str.w	r8, [ip, #8]
10003d5c:	501f      	str	r7, [r3, r0]
10003d5e:	b382      	cbz	r2, 10003dc2 <dcd_edpt_open+0xbe>
10003d60:	4b25      	ldr	r3, [pc, #148]	@ (10003df8 <dcd_edpt_open+0xf4>)
10003d62:	00d2      	lsls	r2, r2, #3
10003d64:	4413      	add	r3, r2
10003d66:	f8cc 3004 	str.w	r3, [ip, #4]
10003d6a:	4b24      	ldr	r3, [pc, #144]	@ (10003dfc <dcd_edpt_open+0xf8>)
10003d6c:	313f      	adds	r1, #63	@ 0x3f
10003d6e:	681a      	ldr	r2, [r3, #0]
10003d70:	f021 013f 	bic.w	r1, r1, #63	@ 0x3f
10003d74:	f1be 0f02 	cmp.w	lr, #2
10003d78:	bf08      	it	eq
10003d7a:	0049      	lsleq	r1, r1, #1
10003d7c:	4411      	add	r1, r2
10003d7e:	6019      	str	r1, [r3, #0]
10003d80:	4b1f      	ldr	r3, [pc, #124]	@ (10003e00 <dcd_edpt_open+0xfc>)
10003d82:	1977      	adds	r7, r6, r5
10003d84:	eb04 1747 	add.w	r7, r4, r7, lsl #5
10003d88:	4299      	cmp	r1, r3
10003d8a:	60fa      	str	r2, [r7, #12]
10003d8c:	d82b      	bhi.n	10003de6 <dcd_edpt_open+0xe2>
10003d8e:	442e      	add	r6, r5
10003d90:	eb04 1346 	add.w	r3, r4, r6, lsl #5
10003d94:	7ed9      	ldrb	r1, [r3, #27]
10003d96:	f082 42a0 	eor.w	r2, r2, #1342177280	@ 0x50000000
10003d9a:	f482 1280 	eor.w	r2, r2, #1048576	@ 0x100000
10003d9e:	685b      	ldr	r3, [r3, #4]
10003da0:	ea42 6281 	orr.w	r2, r2, r1, lsl #26
10003da4:	f042 4200 	orr.w	r2, r2, #2147483648	@ 0x80000000
10003da8:	601a      	str	r2, [r3, #0]
10003daa:	2001      	movs	r0, #1
10003dac:	e8bd 81f0 	ldmia.w	sp!, {r4, r5, r6, r7, r8, pc}
10003db0:	4810      	ldr	r0, [pc, #64]	@ (10003df4 <dcd_edpt_open+0xf0>)
10003db2:	eb04 1c82 	add.w	ip, r4, r2, lsl #6
10003db6:	4403      	add	r3, r0
10003db8:	f8cc 3028 	str.w	r3, [ip, #40]	@ 0x28
10003dbc:	f840 7032 	str.w	r7, [r0, r2, lsl #3]
10003dc0:	b94a      	cbnz	r2, 10003dd6 <dcd_edpt_open+0xd2>
10003dc2:	2200      	movs	r2, #0
10003dc4:	490f      	ldr	r1, [pc, #60]	@ (10003e04 <dcd_edpt_open+0x100>)
10003dc6:	eb04 1345 	add.w	r3, r4, r5, lsl #5
10003dca:	60d9      	str	r1, [r3, #12]
10003dcc:	605a      	str	r2, [r3, #4]
10003dce:	e7ec      	b.n	10003daa <dcd_edpt_open+0xa6>
10003dd0:	2000      	movs	r0, #0
10003dd2:	e8bd 81f0 	ldmia.w	sp!, {r4, r5, r6, r7, r8, pc}
10003dd6:	00d2      	lsls	r2, r2, #3
10003dd8:	f102 42a0 	add.w	r2, r2, #1342177280	@ 0x50000000
10003ddc:	f502 1280 	add.w	r2, r2, #1048576	@ 0x100000
10003de0:	f8cc 2024 	str.w	r2, [ip, #36]	@ 0x24
10003de4:	e7c1      	b.n	10003d6a <dcd_edpt_open+0x66>
10003de6:	f7fd fc19 	bl	1000161c <hard_assertion_failure>
10003dea:	68fa      	ldr	r2, [r7, #12]
10003dec:	e7cf      	b.n	10003d8e <dcd_edpt_open+0x8a>
10003dee:	bf00      	nop
10003df0:	20002480 	.word	0x20002480
10003df4:	50100080 	.word	0x50100080
10003df8:	50100004 	.word	0x50100004
10003dfc:	20002890 	.word	0x20002890
10003e00:	50100fff 	.word	0x50100fff
10003e04:	50100100 	.word	0x50100100

10003e08 <dcd_edpt_close_all>:
10003e08:	f005 b86e 	b.w	10008ee8 <__reset_non_control_endpoints_veneer>

10003e0c <dcd_edpt_xfer>:
10003e0c:	468c      	mov	ip, r1
10003e0e:	b508      	push	{r3, lr}
10003e10:	4611      	mov	r1, r2
10003e12:	4807      	ldr	r0, [pc, #28]	@ (10003e30 <dcd_edpt_xfer+0x24>)
10003e14:	461a      	mov	r2, r3
10003e16:	f00c 037f 	and.w	r3, ip, #127	@ 0x7f
10003e1a:	ea4f 1cdc 	mov.w	ip, ip, lsr #7
10003e1e:	eb0c 0c43 	add.w	ip, ip, r3, lsl #1
10003e22:	eb00 104c 	add.w	r0, r0, ip, lsl #5
10003e26:	f000 f84f 	bl	10003ec8 <hw_endpoint_xfer_start>
10003e2a:	2001      	movs	r0, #1
10003e2c:	bd08      	pop	{r3, pc}
10003e2e:	bf00      	nop
10003e30:	20002480 	.word	0x20002480

10003e34 <dcd_edpt_stall>:
10003e34:	f011 027f 	ands.w	r2, r1, #127	@ 0x7f
10003e38:	d105      	bne.n	10003e46 <dcd_edpt_stall+0x12>
10003e3a:	2900      	cmp	r1, #0
10003e3c:	bf0c      	ite	eq
10003e3e:	2002      	moveq	r0, #2
10003e40:	2001      	movne	r0, #1
10003e42:	4b06      	ldr	r3, [pc, #24]	@ (10003e5c <dcd_edpt_stall+0x28>)
10003e44:	6698      	str	r0, [r3, #104]	@ 0x68
10003e46:	09c9      	lsrs	r1, r1, #7
10003e48:	4b05      	ldr	r3, [pc, #20]	@ (10003e60 <dcd_edpt_stall+0x2c>)
10003e4a:	eb01 0042 	add.w	r0, r1, r2, lsl #1
10003e4e:	eb03 1040 	add.w	r0, r3, r0, lsl #5
10003e52:	f44f 6200 	mov.w	r2, #2048	@ 0x800
10003e56:	2100      	movs	r1, #0
10003e58:	f005 b83a 	b.w	10008ed0 <___hw_endpoint_buffer_control_update32_veneer>
10003e5c:	50112000 	.word	0x50112000
10003e60:	20002480 	.word	0x20002480

10003e64 <dcd_edpt_clear_stall>:
10003e64:	f011 037f 	ands.w	r3, r1, #127	@ 0x7f
10003e68:	d100      	bne.n	10003e6c <dcd_edpt_clear_stall+0x8>
10003e6a:	4770      	bx	lr
10003e6c:	2200      	movs	r2, #0
10003e6e:	4805      	ldr	r0, [pc, #20]	@ (10003e84 <dcd_edpt_clear_stall+0x20>)
10003e70:	005b      	lsls	r3, r3, #1
10003e72:	eb03 13d1 	add.w	r3, r3, r1, lsr #7
10003e76:	eb00 1043 	add.w	r0, r0, r3, lsl #5
10003e7a:	f46f 6100 	mvn.w	r1, #2048	@ 0x800
10003e7e:	70c2      	strb	r2, [r0, #3]
10003e80:	f005 b826 	b.w	10008ed0 <___hw_endpoint_buffer_control_update32_veneer>
10003e84:	20002480 	.word	0x20002480

10003e88 <rp2040_usb_init>:
10003e88:	f04f 5280 	mov.w	r2, #268435456	@ 0x10000000
10003e8c:	4809      	ldr	r0, [pc, #36]	@ (10003eb4 <rp2040_usb_init+0x2c>)
10003e8e:	490a      	ldr	r1, [pc, #40]	@ (10003eb8 <rp2040_usb_init+0x30>)
10003e90:	b508      	push	{r3, lr}
10003e92:	4b0a      	ldr	r3, [pc, #40]	@ (10003ebc <rp2040_usb_init+0x34>)
10003e94:	6002      	str	r2, [r0, #0]
10003e96:	600a      	str	r2, [r1, #0]
10003e98:	6899      	ldr	r1, [r3, #8]
10003e9a:	43c9      	mvns	r1, r1
10003e9c:	f011 5180 	ands.w	r1, r1, #268435456	@ 0x10000000
10003ea0:	d1fa      	bne.n	10003e98 <rp2040_usb_init+0x10>
10003ea2:	f44f 5280 	mov.w	r2, #4096	@ 0x1000
10003ea6:	4806      	ldr	r0, [pc, #24]	@ (10003ec0 <rp2040_usb_init+0x38>)
10003ea8:	f004 fd8a 	bl	100089c0 <memset>
10003eac:	2209      	movs	r2, #9
10003eae:	4b05      	ldr	r3, [pc, #20]	@ (10003ec4 <rp2040_usb_init+0x3c>)
10003eb0:	675a      	str	r2, [r3, #116]	@ 0x74
10003eb2:	bd08      	pop	{r3, pc}
10003eb4:	40022000 	.word	0x40022000
10003eb8:	40023000 	.word	0x40023000
10003ebc:	40020000 	.word	0x40020000
10003ec0:	50100000 	.word	0x50100000
10003ec4:	50110000 	.word	0x50110000

10003ec8 <hw_endpoint_xfer_start>:
10003ec8:	2300      	movs	r3, #0
10003eca:	f04f 0c01 	mov.w	ip, #1
10003ece:	b510      	push	{r4, lr}
10003ed0:	f880 c01a 	strb.w	ip, [r0, #26]
10003ed4:	8282      	strh	r2, [r0, #20]
10003ed6:	82c3      	strh	r3, [r0, #22]
10003ed8:	6101      	str	r1, [r0, #16]
10003eda:	4604      	mov	r4, r0
10003edc:	f004 fff4 	bl	10008ec8 <__e15_is_bulkin_ep_veneer>
10003ee0:	b120      	cbz	r0, 10003eec <hw_endpoint_xfer_start+0x24>
10003ee2:	f44f 3200 	mov.w	r2, #131072	@ 0x20000
10003ee6:	4b07      	ldr	r3, [pc, #28]	@ (10003f04 <hw_endpoint_xfer_start+0x3c>)
10003ee8:	f8c3 2090 	str.w	r2, [r3, #144]	@ 0x90
10003eec:	4620      	mov	r0, r4
10003eee:	f004 fff7 	bl	10008ee0 <__e15_is_critical_frame_period_veneer>
10003ef2:	b110      	cbz	r0, 10003efa <hw_endpoint_xfer_start+0x32>
10003ef4:	2301      	movs	r3, #1
10003ef6:	7723      	strb	r3, [r4, #28]
10003ef8:	bd10      	pop	{r4, pc}
10003efa:	4620      	mov	r0, r4
10003efc:	e8bd 4010 	ldmia.w	sp!, {r4, lr}
10003f00:	f004 bfd2 	b.w	10008ea8 <__hw_endpoint_start_next_buffer_veneer>
10003f04:	50112000 	.word	0x50112000

10003f08 <configuration_reset>:
10003f08:	e92d 41f0 	stmdb	sp!, {r4, r5, r6, r7, r8, lr}
10003f0c:	2400      	movs	r4, #0
10003f0e:	4e1d      	ldr	r6, [pc, #116]	@ (10003f84 <configuration_reset+0x7c>)
10003f10:	4605      	mov	r5, r0
10003f12:	4623      	mov	r3, r4
10003f14:	7832      	ldrb	r2, [r6, #0]
10003f16:	f8df 8078 	ldr.w	r8, [pc, #120]	@ 10003f90 <configuration_reset+0x88>
10003f1a:	4f1b      	ldr	r7, [pc, #108]	@ (10003f88 <configuration_reset+0x80>)
10003f1c:	e00d      	b.n	10003f3a <configuration_reset+0x32>
10003f1e:	683b      	ldr	r3, [r7, #0]
10003f20:	eb13 1344 	adds.w	r3, r3, r4, lsl #5
10003f24:	d024      	beq.n	10003f70 <configuration_reset+0x68>
10003f26:	68db      	ldr	r3, [r3, #12]
10003f28:	4628      	mov	r0, r5
10003f2a:	4798      	blx	r3
10003f2c:	7832      	ldrb	r2, [r6, #0]
10003f2e:	3401      	adds	r4, #1
10003f30:	b2e4      	uxtb	r4, r4
10003f32:	1c51      	adds	r1, r2, #1
10003f34:	42a1      	cmp	r1, r4
10003f36:	4623      	mov	r3, r4
10003f38:	db06      	blt.n	10003f48 <configuration_reset+0x40>
10003f3a:	42a2      	cmp	r2, r4
10003f3c:	eba3 0302 	sub.w	r3, r3, r2
10003f40:	d8ed      	bhi.n	10003f1e <configuration_reset+0x16>
10003f42:	eb08 1343 	add.w	r3, r8, r3, lsl #5
10003f46:	e7ee      	b.n	10003f26 <configuration_reset+0x1e>
10003f48:	2254      	movs	r2, #84	@ 0x54
10003f4a:	2100      	movs	r1, #0
10003f4c:	480f      	ldr	r0, [pc, #60]	@ (10003f8c <configuration_reset+0x84>)
10003f4e:	f004 fd37 	bl	100089c0 <memset>
10003f52:	f04f 33ff 	mov.w	r3, #4294967295
10003f56:	480d      	ldr	r0, [pc, #52]	@ (10003f8c <configuration_reset+0x84>)
10003f58:	2220      	movs	r2, #32
10003f5a:	1d04      	adds	r4, r0, #4
10003f5c:	6043      	str	r3, [r0, #4]
10003f5e:	e9c4 3301 	strd	r3, r3, [r4, #4]
10003f62:	60e3      	str	r3, [r4, #12]
10003f64:	21ff      	movs	r1, #255	@ 0xff
10003f66:	e8bd 41f0 	ldmia.w	sp!, {r4, r5, r6, r7, r8, lr}
10003f6a:	3014      	adds	r0, #20
10003f6c:	f004 bd28 	b.w	100089c0 <memset>
10003f70:	f04f 23e0 	mov.w	r3, #3758153728	@ 0xe000e000
10003f74:	f8d3 3df0 	ldr.w	r3, [r3, #3568]	@ 0xdf0
10003f78:	07db      	lsls	r3, r3, #31
10003f7a:	d500      	bpl.n	10003f7e <configuration_reset+0x76>
10003f7c:	be00      	bkpt	0x0000
10003f7e:	e8bd 81f0 	ldmia.w	sp!, {r4, r5, r6, r7, r8, pc}
10003f82:	bf00      	nop
10003f84:	20002a60 	.word	0x20002a60
10003f88:	20001e50 	.word	0x20001e50
10003f8c:	20002020 	.word	0x20002020
10003f90:	10009354 	.word	0x10009354

10003f94 <tud_event_hook_cb>:
10003f94:	4770      	bx	lr
10003f96:	bf00      	nop

10003f98 <tud_sof_cb>:
10003f98:	4770      	bx	lr
10003f9a:	bf00      	nop

10003f9c <tud_descriptor_device_qualifier_cb>:
10003f9c:	2000      	movs	r0, #0
10003f9e:	4770      	bx	lr

10003fa0 <tud_descriptor_other_speed_configuration_cb>:
10003fa0:	2000      	movs	r0, #0
10003fa2:	4770      	bx	lr

10003fa4 <tud_mount_cb>:
10003fa4:	4770      	bx	lr
10003fa6:	bf00      	nop

10003fa8 <tud_umount_cb>:
10003fa8:	4770      	bx	lr
10003faa:	bf00      	nop

10003fac <tud_suspend_cb>:
10003fac:	4770      	bx	lr
10003fae:	bf00      	nop

10003fb0 <tud_resume_cb>:
10003fb0:	4770      	bx	lr
10003fb2:	bf00      	nop

10003fb4 <tud_mounted>:
10003fb4:	4b02      	ldr	r3, [pc, #8]	@ (10003fc0 <tud_mounted+0xc>)
10003fb6:	7858      	ldrb	r0, [r3, #1]
10003fb8:	3800      	subs	r0, #0
10003fba:	bf18      	it	ne
10003fbc:	2001      	movne	r0, #1
10003fbe:	4770      	bx	lr
10003fc0:	20002020 	.word	0x20002020

10003fc4 <tud_suspended>:
10003fc4:	4b02      	ldr	r3, [pc, #8]	@ (10003fd0 <tud_suspended+0xc>)
10003fc6:	7818      	ldrb	r0, [r3, #0]
10003fc8:	f3c0 0080 	ubfx	r0, r0, #2, #1
10003fcc:	4770      	bx	lr
10003fce:	bf00      	nop
10003fd0:	20002020 	.word	0x20002020

10003fd4 <tud_rhport_init>:
10003fd4:	e92d 47f0 	stmdb	sp!, {r4, r5, r6, r7, r8, r9, sl, lr}
10003fd8:	f8df a0e4 	ldr.w	sl, [pc, #228]	@ 100040c0 <tud_rhport_init+0xec>
10003fdc:	f89a 3000 	ldrb.w	r3, [sl]
10003fe0:	2bff      	cmp	r3, #255	@ 0xff
10003fe2:	d156      	bne.n	10004092 <tud_rhport_init+0xbe>
10003fe4:	460e      	mov	r6, r1
10003fe6:	2900      	cmp	r1, #0
10003fe8:	d03e      	beq.n	10004068 <tud_rhport_init+0x94>
10003fea:	2100      	movs	r1, #0
10003fec:	2254      	movs	r2, #84	@ 0x54
10003fee:	4607      	mov	r7, r0
10003ff0:	4829      	ldr	r0, [pc, #164]	@ (10004098 <tud_rhport_init+0xc4>)
10003ff2:	f004 fce5 	bl	100089c0 <memset>
10003ff6:	2200      	movs	r2, #0
10003ff8:	4c28      	ldr	r4, [pc, #160]	@ (1000409c <tud_rhport_init+0xc8>)
10003ffa:	4b29      	ldr	r3, [pc, #164]	@ (100040a0 <tud_rhport_init+0xcc>)
10003ffc:	4620      	mov	r0, r4
10003ffe:	701a      	strb	r2, [r3, #0]
10004000:	f7fc fd3c 	bl	10000a7c <mutex_init>
10004004:	4b27      	ldr	r3, [pc, #156]	@ (100040a4 <tud_rhport_init+0xd0>)
10004006:	4828      	ldr	r0, [pc, #160]	@ (100040a8 <tud_rhport_init+0xd4>)
10004008:	601c      	str	r4, [r3, #0]
1000400a:	4c28      	ldr	r4, [pc, #160]	@ (100040ac <tud_rhport_init+0xd8>)
1000400c:	f7fc fd44 	bl	10000a98 <critical_section_init>
10004010:	4620      	mov	r0, r4
10004012:	f001 fdab 	bl	10005b6c <tu_fifo_clear>
10004016:	4a26      	ldr	r2, [pc, #152]	@ (100040b0 <tud_rhport_init+0xdc>)
10004018:	4b26      	ldr	r3, [pc, #152]	@ (100040b4 <tud_rhport_init+0xe0>)
1000401a:	6014      	str	r4, [r2, #0]
1000401c:	b123      	cbz	r3, 10004028 <tud_rhport_init+0x54>
1000401e:	4826      	ldr	r0, [pc, #152]	@ (100040b8 <tud_rhport_init+0xe4>)
10004020:	f7ff fac4 	bl	100035ac <usbd_app_driver_get_cb>
10004024:	4b25      	ldr	r3, [pc, #148]	@ (100040bc <tud_rhport_init+0xe8>)
10004026:	6018      	str	r0, [r3, #0]
10004028:	2400      	movs	r4, #0
1000402a:	4d23      	ldr	r5, [pc, #140]	@ (100040b8 <tud_rhport_init+0xe4>)
1000402c:	4623      	mov	r3, r4
1000402e:	782a      	ldrb	r2, [r5, #0]
10004030:	f8df 9090 	ldr.w	r9, [pc, #144]	@ 100040c4 <tud_rhport_init+0xf0>
10004034:	f8df 8084 	ldr.w	r8, [pc, #132]	@ 100040bc <tud_rhport_init+0xe8>
10004038:	e00e      	b.n	10004058 <tud_rhport_init+0x84>
1000403a:	f8d8 3000 	ldr.w	r3, [r8]
1000403e:	eb13 1344 	adds.w	r3, r3, r4, lsl #5
10004042:	d011      	beq.n	10004068 <tud_rhport_init+0x94>
10004044:	685b      	ldr	r3, [r3, #4]
10004046:	b17b      	cbz	r3, 10004068 <tud_rhport_init+0x94>
10004048:	4798      	blx	r3
1000404a:	782a      	ldrb	r2, [r5, #0]
1000404c:	3401      	adds	r4, #1
1000404e:	b2e4      	uxtb	r4, r4
10004050:	1c51      	adds	r1, r2, #1
10004052:	42a1      	cmp	r1, r4
10004054:	4623      	mov	r3, r4
10004056:	db11      	blt.n	1000407c <tud_rhport_init+0xa8>
10004058:	42a2      	cmp	r2, r4
1000405a:	d8ee      	bhi.n	1000403a <tud_rhport_init+0x66>
1000405c:	1a9b      	subs	r3, r3, r2
1000405e:	eb09 1343 	add.w	r3, r9, r3, lsl #5
10004062:	685b      	ldr	r3, [r3, #4]
10004064:	2b00      	cmp	r3, #0
10004066:	d1ef      	bne.n	10004048 <tud_rhport_init+0x74>
10004068:	f04f 23e0 	mov.w	r3, #3758153728	@ 0xe000e000
1000406c:	f8d3 3df0 	ldr.w	r3, [r3, #3568]	@ 0xdf0
10004070:	07db      	lsls	r3, r3, #31
10004072:	d500      	bpl.n	10004076 <tud_rhport_init+0xa2>
10004074:	be00      	bkpt	0x0000
10004076:	2000      	movs	r0, #0
10004078:	e8bd 87f0 	ldmia.w	sp!, {r4, r5, r6, r7, r8, r9, sl, pc}
1000407c:	4631      	mov	r1, r6
1000407e:	4638      	mov	r0, r7
10004080:	f88a 7000 	strb.w	r7, [sl]
10004084:	f7ff fdd0 	bl	10003c28 <dcd_init>
10004088:	2800      	cmp	r0, #0
1000408a:	d0ed      	beq.n	10004068 <tud_rhport_init+0x94>
1000408c:	4638      	mov	r0, r7
1000408e:	f7ff fe11 	bl	10003cb4 <dcd_int_enable>
10004092:	2001      	movs	r0, #1
10004094:	e8bd 87f0 	ldmia.w	sp!, {r4, r5, r6, r7, r8, r9, sl, pc}
10004098:	20002020 	.word	0x20002020
1000409c:	20002018 	.word	0x20002018
100040a0:	20002a62 	.word	0x20002a62
100040a4:	20002074 	.word	0x20002074
100040a8:	20001588 	.word	0x20001588
100040ac:	20001574 	.word	0x20001574
100040b0:	20002078 	.word	0x20002078
100040b4:	100035ad 	.word	0x100035ad
100040b8:	20002a60 	.word	0x20002a60
100040bc:	20001e50 	.word	0x20001e50
100040c0:	20001590 	.word	0x20001590
100040c4:	10009354 	.word	0x10009354

100040c8 <tud_task_ext>:
100040c8:	e92d 4ff0 	stmdb	sp!, {r4, r5, r6, r7, r8, r9, sl, fp, lr}
100040cc:	f8df 92c8 	ldr.w	r9, [pc, #712]	@ 10004398 <tud_task_ext+0x2d0>
100040d0:	b08b      	sub	sp, #44	@ 0x2c
100040d2:	f899 3000 	ldrb.w	r3, [r9]
100040d6:	2bff      	cmp	r3, #255	@ 0xff
100040d8:	f000 80f1 	beq.w	100042be <tud_task_ext+0x1f6>
100040dc:	4ca8      	ldr	r4, [pc, #672]	@ (10004380 <tud_task_ext+0x2b8>)
100040de:	4da9      	ldr	r5, [pc, #676]	@ (10004384 <tud_task_ext+0x2bc>)
100040e0:	f8df a2b0 	ldr.w	sl, [pc, #688]	@ 10004394 <tud_task_ext+0x2cc>
100040e4:	f8df b2b4 	ldr.w	fp, [pc, #692]	@ 1000439c <tud_task_ext+0x2d4>
100040e8:	6826      	ldr	r6, [r4, #0]
100040ea:	6973      	ldr	r3, [r6, #20]
100040ec:	f3ef 8210 	mrs	r2, PRIMASK
100040f0:	b672      	cpsid	i
100040f2:	e8d3 0fcf 	ldaexb	r0, [r3]
100040f6:	2101      	movs	r1, #1
100040f8:	2800      	cmp	r0, #0
100040fa:	d1fa      	bne.n	100040f2 <tud_task_ext+0x2a>
100040fc:	e8c3 1f40 	strexb	r0, r1, [r3]
10004100:	2800      	cmp	r0, #0
10004102:	d1f6      	bne.n	100040f2 <tud_task_ext+0x2a>
10004104:	f3bf 8f5f 	dmb	sy
10004108:	61b2      	str	r2, [r6, #24]
1000410a:	4630      	mov	r0, r6
1000410c:	a907      	add	r1, sp, #28
1000410e:	f001 fb77 	bl	10005800 <tu_fifo_read>
10004112:	2300      	movs	r3, #0
10004114:	6972      	ldr	r2, [r6, #20]
10004116:	e8c2 3f8f 	stlb	r3, [r2]
1000411a:	69b3      	ldr	r3, [r6, #24]
1000411c:	f383 8810 	msr	PRIMASK, r3
10004120:	2800      	cmp	r0, #0
10004122:	f000 80cc 	beq.w	100042be <tud_task_ext+0x1f6>
10004126:	f89d 301d 	ldrb.w	r3, [sp, #29]
1000412a:	3b01      	subs	r3, #1
1000412c:	2b07      	cmp	r3, #7
1000412e:	f200 837d 	bhi.w	1000482c <tud_task_ext+0x764>
10004132:	e8df f003 	tbb	[pc, r3]
10004136:	b1a7      	.short	0xb1a7
10004138:	358e9d95 	.word	0x358e9d95
1000413c:	040a      	.short	0x040a
1000413e:	9b08      	ldr	r3, [sp, #32]
10004140:	2b00      	cmp	r3, #0
10004142:	d0d1      	beq.n	100040e8 <tud_task_ext+0x20>
10004144:	9809      	ldr	r0, [sp, #36]	@ 0x24
10004146:	4798      	blx	r3
10004148:	e7ce      	b.n	100040e8 <tud_task_ext+0x20>
1000414a:	f89d 1020 	ldrb.w	r1, [sp, #32]
1000414e:	f001 067f 	and.w	r6, r1, #127	@ 0x7f
10004152:	eb05 0046 	add.w	r0, r5, r6, lsl #1
10004156:	eb00 10d1 	add.w	r0, r0, r1, lsr #7
1000415a:	f890 3034 	ldrb.w	r3, [r0, #52]	@ 0x34
1000415e:	f023 0301 	bic.w	r3, r3, #1
10004162:	f880 3034 	strb.w	r3, [r0, #52]	@ 0x34
10004166:	f890 3034 	ldrb.w	r3, [r0, #52]	@ 0x34
1000416a:	f023 0304 	bic.w	r3, r3, #4
1000416e:	f880 3034 	strb.w	r3, [r0, #52]	@ 0x34
10004172:	2e00      	cmp	r6, #0
10004174:	f000 80a6 	beq.w	100042c4 <tud_task_ext+0x1fc>
10004178:	7d03      	ldrb	r3, [r0, #20]
1000417a:	f89a 2000 	ldrb.w	r2, [sl]
1000417e:	4293      	cmp	r3, r2
10004180:	f080 8093 	bcs.w	100042aa <tud_task_ext+0x1e2>
10004184:	4a80      	ldr	r2, [pc, #512]	@ (10004388 <tud_task_ext+0x2c0>)
10004186:	6812      	ldr	r2, [r2, #0]
10004188:	eb12 1343 	adds.w	r3, r2, r3, lsl #5
1000418c:	f000 8090 	beq.w	100042b0 <tud_task_ext+0x1e8>
10004190:	699e      	ldr	r6, [r3, #24]
10004192:	f89d 2021 	ldrb.w	r2, [sp, #33]	@ 0x21
10004196:	9b09      	ldr	r3, [sp, #36]	@ 0x24
10004198:	f89d 001c 	ldrb.w	r0, [sp, #28]
1000419c:	47b0      	blx	r6
1000419e:	e7a3      	b.n	100040e8 <tud_task_ext+0x20>
100041a0:	f89b 3000 	ldrb.w	r3, [fp]
100041a4:	2b00      	cmp	r3, #0
100041a6:	f000 8083 	beq.w	100042b0 <tud_task_ext+0x1e8>
100041aa:	f89b 3000 	ldrb.w	r3, [fp]
100041ae:	3b01      	subs	r3, #1
100041b0:	b2db      	uxtb	r3, r3
100041b2:	f88b 3000 	strb.w	r3, [fp]
100041b6:	f89b 3000 	ldrb.w	r3, [fp]
100041ba:	f003 00ff 	and.w	r0, r3, #255	@ 0xff
100041be:	2b00      	cmp	r3, #0
100041c0:	d192      	bne.n	100040e8 <tud_task_ext+0x20>
100041c2:	4f70      	ldr	r7, [pc, #448]	@ (10004384 <tud_task_ext+0x2bc>)
100041c4:	f89d 801c 	ldrb.w	r8, [sp, #28]
100041c8:	783b      	ldrb	r3, [r7, #0]
100041ca:	f043 0301 	orr.w	r3, r3, #1
100041ce:	703b      	strb	r3, [r7, #0]
100041d0:	f897 3034 	ldrb.w	r3, [r7, #52]	@ 0x34
100041d4:	f360 0300 	bfi	r3, r0, #0, #1
100041d8:	f887 3034 	strb.w	r3, [r7, #52]	@ 0x34
100041dc:	f897 3034 	ldrb.w	r3, [r7, #52]	@ 0x34
100041e0:	f360 0382 	bfi	r3, r0, #2, #1
100041e4:	f887 3034 	strb.w	r3, [r7, #52]	@ 0x34
100041e8:	f897 3035 	ldrb.w	r3, [r7, #53]	@ 0x35
100041ec:	f360 0300 	bfi	r3, r0, #0, #1
100041f0:	f887 3035 	strb.w	r3, [r7, #53]	@ 0x35
100041f4:	f897 3035 	ldrb.w	r3, [r7, #53]	@ 0x35
100041f8:	f360 0382 	bfi	r3, r0, #2, #1
100041fc:	f887 3035 	strb.w	r3, [r7, #53]	@ 0x35
10004200:	f000 fc6c 	bl	10004adc <usbd_control_set_complete_callback>
10004204:	f89d 3020 	ldrb.w	r3, [sp, #32]
10004208:	f003 0260 	and.w	r2, r3, #96	@ 0x60
1000420c:	2a60      	cmp	r2, #96	@ 0x60
1000420e:	d06c      	beq.n	100042ea <tud_task_ext+0x222>
10004210:	2a40      	cmp	r2, #64	@ 0x40
10004212:	d07c      	beq.n	1000430e <tud_task_ext+0x246>
10004214:	f003 031f 	and.w	r3, r3, #31
10004218:	2b01      	cmp	r3, #1
1000421a:	f000 80c1 	beq.w	100043a0 <tud_task_ext+0x2d8>
1000421e:	2b02      	cmp	r3, #2
10004220:	f000 8081 	beq.w	10004326 <tud_task_ext+0x25e>
10004224:	2b00      	cmp	r3, #0
10004226:	d160      	bne.n	100042ea <tud_task_ext+0x222>
10004228:	2a20      	cmp	r2, #32
1000422a:	f000 81e9 	beq.w	10004600 <tud_task_ext+0x538>
1000422e:	2a00      	cmp	r2, #0
10004230:	d15b      	bne.n	100042ea <tud_task_ext+0x222>
10004232:	f89d 3021 	ldrb.w	r3, [sp, #33]	@ 0x21
10004236:	2b09      	cmp	r3, #9
10004238:	d857      	bhi.n	100042ea <tud_task_ext+0x222>
1000423a:	e8df f013 	tbh	[pc, r3, lsl #1]
1000423e:	01b0      	.short	0x01b0
10004240:	005601a2 	.word	0x005601a2
10004244:	005601c1 	.word	0x005601c1
10004248:	016b0195 	.word	0x016b0195
1000424c:	01600056 	.word	0x01600056
10004250:	00f4      	.short	0x00f4
10004252:	782b      	ldrb	r3, [r5, #0]
10004254:	07d9      	lsls	r1, r3, #31
10004256:	f57f af47 	bpl.w	100040e8 <tud_task_ext+0x20>
1000425a:	f7ff fea9 	bl	10003fb0 <tud_resume_cb>
1000425e:	e743      	b.n	100040e8 <tud_task_ext+0x20>
10004260:	78eb      	ldrb	r3, [r5, #3]
10004262:	07da      	lsls	r2, r3, #31
10004264:	f57f af40 	bpl.w	100040e8 <tud_task_ext+0x20>
10004268:	9808      	ldr	r0, [sp, #32]
1000426a:	f7ff fe95 	bl	10003f98 <tud_sof_cb>
1000426e:	e73b      	b.n	100040e8 <tud_task_ext+0x20>
10004270:	782b      	ldrb	r3, [r5, #0]
10004272:	07d8      	lsls	r0, r3, #31
10004274:	f57f af38 	bpl.w	100040e8 <tud_task_ext+0x20>
10004278:	7828      	ldrb	r0, [r5, #0]
1000427a:	f3c0 00c0 	ubfx	r0, r0, #3, #1
1000427e:	f7ff fe95 	bl	10003fac <tud_suspend_cb>
10004282:	e731      	b.n	100040e8 <tud_task_ext+0x20>
10004284:	f89d 001c 	ldrb.w	r0, [sp, #28]
10004288:	f7ff fe3e 	bl	10003f08 <configuration_reset>
1000428c:	f000 fc1c 	bl	10004ac8 <usbd_control_reset>
10004290:	f89d 3020 	ldrb.w	r3, [sp, #32]
10004294:	70ab      	strb	r3, [r5, #2]
10004296:	e727      	b.n	100040e8 <tud_task_ext+0x20>
10004298:	f89d 001c 	ldrb.w	r0, [sp, #28]
1000429c:	f7ff fe34 	bl	10003f08 <configuration_reset>
100042a0:	f000 fc12 	bl	10004ac8 <usbd_control_reset>
100042a4:	f7ff fe80 	bl	10003fa8 <tud_umount_cb>
100042a8:	e71e      	b.n	100040e8 <tud_task_ext+0x20>
100042aa:	1c50      	adds	r0, r2, #1
100042ac:	4298      	cmp	r0, r3
100042ae:	da11      	bge.n	100042d4 <tud_task_ext+0x20c>
100042b0:	f04f 23e0 	mov.w	r3, #3758153728	@ 0xe000e000
100042b4:	f8d3 3df0 	ldr.w	r3, [r3, #3568]	@ 0xdf0
100042b8:	07dc      	lsls	r4, r3, #31
100042ba:	d500      	bpl.n	100042be <tud_task_ext+0x1f6>
100042bc:	be00      	bkpt	0x0000
100042be:	b00b      	add	sp, #44	@ 0x2c
100042c0:	e8bd 8ff0 	ldmia.w	sp!, {r4, r5, r6, r7, r8, r9, sl, fp, pc}
100042c4:	9b09      	ldr	r3, [sp, #36]	@ 0x24
100042c6:	f89d 2021 	ldrb.w	r2, [sp, #33]	@ 0x21
100042ca:	f89d 001c 	ldrb.w	r0, [sp, #28]
100042ce:	f000 fc19 	bl	10004b04 <usbd_control_xfer_cb>
100042d2:	e709      	b.n	100040e8 <tud_task_ext+0x20>
100042d4:	1a9b      	subs	r3, r3, r2
100042d6:	4a2d      	ldr	r2, [pc, #180]	@ (1000438c <tud_task_ext+0x2c4>)
100042d8:	eb02 1343 	add.w	r3, r2, r3, lsl #5
100042dc:	e758      	b.n	10004190 <tud_task_ext+0xc8>
100042de:	f7ff fb8d 	bl	100039fc <tud_descriptor_configuration_cb>
100042e2:	4602      	mov	r2, r0
100042e4:	2800      	cmp	r0, #0
100042e6:	f040 8182 	bne.w	100045ee <tud_task_ext+0x526>
100042ea:	f04f 23e0 	mov.w	r3, #3758153728	@ 0xe000e000
100042ee:	f8d3 3df0 	ldr.w	r3, [r3, #3568]	@ 0xdf0
100042f2:	07de      	lsls	r6, r3, #31
100042f4:	d500      	bpl.n	100042f8 <tud_task_ext+0x230>
100042f6:	be00      	bkpt	0x0000
100042f8:	f89d 001c 	ldrb.w	r0, [sp, #28]
100042fc:	2100      	movs	r1, #0
100042fe:	f7ff fd99 	bl	10003e34 <dcd_edpt_stall>
10004302:	2180      	movs	r1, #128	@ 0x80
10004304:	f89d 001c 	ldrb.w	r0, [sp, #28]
10004308:	f7ff fd94 	bl	10003e34 <dcd_edpt_stall>
1000430c:	e6ec      	b.n	100040e8 <tud_task_ext+0x20>
1000430e:	4820      	ldr	r0, [pc, #128]	@ (10004390 <tud_task_ext+0x2c8>)
10004310:	f000 fbe4 	bl	10004adc <usbd_control_set_complete_callback>
10004314:	2101      	movs	r1, #1
10004316:	4640      	mov	r0, r8
10004318:	aa08      	add	r2, sp, #32
1000431a:	f7ff f933 	bl	10003584 <tud_vendor_control_xfer_cb>
1000431e:	2800      	cmp	r0, #0
10004320:	f47f aee2 	bne.w	100040e8 <tud_task_ext+0x20>
10004324:	e7e8      	b.n	100042f8 <tud_task_ext+0x230>
10004326:	f89d 1024 	ldrb.w	r1, [sp, #36]	@ 0x24
1000432a:	f011 0f70 	tst.w	r1, #112	@ 0x70
1000432e:	d1dc      	bne.n	100042ea <tud_task_ext+0x222>
10004330:	f001 067f 	and.w	r6, r1, #127	@ 0x7f
10004334:	eb07 0046 	add.w	r0, r7, r6, lsl #1
10004338:	4b16      	ldr	r3, [pc, #88]	@ (10004394 <tud_task_ext+0x2cc>)
1000433a:	eb00 10d1 	add.w	r0, r0, r1, lsr #7
1000433e:	781b      	ldrb	r3, [r3, #0]
10004340:	7d00      	ldrb	r0, [r0, #20]
10004342:	0076      	lsls	r6, r6, #1
10004344:	9601      	str	r6, [sp, #4]
10004346:	4298      	cmp	r0, r3
10004348:	ea4f 16d1 	mov.w	r6, r1, lsr #7
1000434c:	9600      	str	r6, [sp, #0]
1000434e:	d359      	bcc.n	10004404 <tud_task_ext+0x33c>
10004350:	1c5e      	adds	r6, r3, #1
10004352:	4286      	cmp	r6, r0
10004354:	f2c0 8166 	blt.w	10004624 <tud_task_ext+0x55c>
10004358:	1ac0      	subs	r0, r0, r3
1000435a:	4b0c      	ldr	r3, [pc, #48]	@ (1000438c <tud_task_ext+0x2c4>)
1000435c:	eb03 1640 	add.w	r6, r3, r0, lsl #5
10004360:	2a00      	cmp	r2, #0
10004362:	f000 8163 	beq.w	1000462c <tud_task_ext+0x564>
10004366:	6970      	ldr	r0, [r6, #20]
10004368:	f000 fbb8 	bl	10004adc <usbd_control_set_complete_callback>
1000436c:	2101      	movs	r1, #1
1000436e:	4640      	mov	r0, r8
10004370:	6973      	ldr	r3, [r6, #20]
10004372:	aa08      	add	r2, sp, #32
10004374:	4798      	blx	r3
10004376:	2800      	cmp	r0, #0
10004378:	f47f aeb6 	bne.w	100040e8 <tud_task_ext+0x20>
1000437c:	e7bc      	b.n	100042f8 <tud_task_ext+0x230>
1000437e:	bf00      	nop
10004380:	20002078 	.word	0x20002078
10004384:	20002020 	.word	0x20002020
10004388:	20001e50 	.word	0x20001e50
1000438c:	10009354 	.word	0x10009354
10004390:	10003585 	.word	0x10003585
10004394:	20002a60 	.word	0x20002a60
10004398:	20001590 	.word	0x20001590
1000439c:	20002a62 	.word	0x20002a62
100043a0:	f89d 3024 	ldrb.w	r3, [sp, #36]	@ 0x24
100043a4:	2b0f      	cmp	r3, #15
100043a6:	d8a7      	bhi.n	100042f8 <tud_task_ext+0x230>
100043a8:	4aae      	ldr	r2, [pc, #696]	@ (10004664 <tud_task_ext+0x59c>)
100043aa:	443b      	add	r3, r7
100043ac:	791b      	ldrb	r3, [r3, #4]
100043ae:	7812      	ldrb	r2, [r2, #0]
100043b0:	4293      	cmp	r3, r2
100043b2:	d332      	bcc.n	1000441a <tud_task_ext+0x352>
100043b4:	1c51      	adds	r1, r2, #1
100043b6:	4299      	cmp	r1, r3
100043b8:	db9e      	blt.n	100042f8 <tud_task_ext+0x230>
100043ba:	4eab      	ldr	r6, [pc, #684]	@ (10004668 <tud_task_ext+0x5a0>)
100043bc:	1a9b      	subs	r3, r3, r2
100043be:	eb06 1643 	add.w	r6, r6, r3, lsl #5
100043c2:	6970      	ldr	r0, [r6, #20]
100043c4:	f000 fb8a 	bl	10004adc <usbd_control_set_complete_callback>
100043c8:	2101      	movs	r1, #1
100043ca:	4640      	mov	r0, r8
100043cc:	6973      	ldr	r3, [r6, #20]
100043ce:	aa08      	add	r2, sp, #32
100043d0:	4798      	blx	r3
100043d2:	2800      	cmp	r0, #0
100043d4:	f47f ae88 	bne.w	100040e8 <tud_task_ext+0x20>
100043d8:	f89d 3020 	ldrb.w	r3, [sp, #32]
100043dc:	f013 0660 	ands.w	r6, r3, #96	@ 0x60
100043e0:	d18a      	bne.n	100042f8 <tud_task_ext+0x230>
100043e2:	f89d 3021 	ldrb.w	r3, [sp, #33]	@ 0x21
100043e6:	3b0a      	subs	r3, #10
100043e8:	2b01      	cmp	r3, #1
100043ea:	d885      	bhi.n	100042f8 <tud_task_ext+0x230>
100043ec:	f000 fb76 	bl	10004adc <usbd_control_set_complete_callback>
100043f0:	f89d 3021 	ldrb.w	r3, [sp, #33]	@ 0x21
100043f4:	2b0a      	cmp	r3, #10
100043f6:	f000 81f2 	beq.w	100047de <tud_task_ext+0x716>
100043fa:	4640      	mov	r0, r8
100043fc:	a908      	add	r1, sp, #32
100043fe:	f000 faf1 	bl	100049e4 <tud_control_status>
10004402:	e671      	b.n	100040e8 <tud_task_ext+0x20>
10004404:	4b99      	ldr	r3, [pc, #612]	@ (1000466c <tud_task_ext+0x5a4>)
10004406:	681b      	ldr	r3, [r3, #0]
10004408:	eb03 1640 	add.w	r6, r3, r0, lsl #5
1000440c:	2a00      	cmp	r2, #0
1000440e:	f000 810d 	beq.w	1000462c <tud_task_ext+0x564>
10004412:	2e00      	cmp	r6, #0
10004414:	f43f af70 	beq.w	100042f8 <tud_task_ext+0x230>
10004418:	e7a5      	b.n	10004366 <tud_task_ext+0x29e>
1000441a:	4a94      	ldr	r2, [pc, #592]	@ (1000466c <tud_task_ext+0x5a4>)
1000441c:	6816      	ldr	r6, [r2, #0]
1000441e:	eb16 1643 	adds.w	r6, r6, r3, lsl #5
10004422:	d1ce      	bne.n	100043c2 <tud_task_ext+0x2fa>
10004424:	e768      	b.n	100042f8 <tud_task_ext+0x230>
10004426:	787b      	ldrb	r3, [r7, #1]
10004428:	f89d 6022 	ldrb.w	r6, [sp, #34]	@ 0x22
1000442c:	429e      	cmp	r6, r3
1000442e:	f000 814f 	beq.w	100046d0 <tud_task_ext+0x608>
10004432:	787b      	ldrb	r3, [r7, #1]
10004434:	2b00      	cmp	r3, #0
10004436:	f040 81be 	bne.w	100047b6 <tud_task_ext+0x6ee>
1000443a:	707e      	strb	r6, [r7, #1]
1000443c:	2e00      	cmp	r6, #0
1000443e:	f000 8145 	beq.w	100046cc <tud_task_ext+0x604>
10004442:	1e70      	subs	r0, r6, #1
10004444:	b2c0      	uxtb	r0, r0
10004446:	f7ff fad9 	bl	100039fc <tud_descriptor_configuration_cb>
1000444a:	4603      	mov	r3, r0
1000444c:	2800      	cmp	r0, #0
1000444e:	f000 815f 	beq.w	10004710 <tud_task_ext+0x648>
10004452:	7842      	ldrb	r2, [r0, #1]
10004454:	2a02      	cmp	r2, #2
10004456:	f040 815b 	bne.w	10004710 <tud_task_ext+0x648>
1000445a:	79c1      	ldrb	r1, [r0, #7]
1000445c:	f103 0609 	add.w	r6, r3, #9
10004460:	f3c1 1240 	ubfx	r2, r1, #5, #1
10004464:	0112      	lsls	r2, r2, #4
10004466:	f3c1 1180 	ubfx	r1, r1, #6, #1
1000446a:	ea42 1241 	orr.w	r2, r2, r1, lsl #5
1000446e:	4631      	mov	r1, r6
10004470:	7838      	ldrb	r0, [r7, #0]
10004472:	f020 0030 	bic.w	r0, r0, #48	@ 0x30
10004476:	4302      	orrs	r2, r0
10004478:	703a      	strb	r2, [r7, #0]
1000447a:	885a      	ldrh	r2, [r3, #2]
1000447c:	f8cd 800c 	str.w	r8, [sp, #12]
10004480:	189a      	adds	r2, r3, r2
10004482:	9201      	str	r2, [sp, #4]
10004484:	9b01      	ldr	r3, [sp, #4]
10004486:	428b      	cmp	r3, r1
10004488:	f240 81a4 	bls.w	100047d4 <tud_task_ext+0x70c>
1000448c:	784a      	ldrb	r2, [r1, #1]
1000448e:	2a0b      	cmp	r2, #11
10004490:	f000 81af 	beq.w	100047f2 <tud_task_ext+0x72a>
10004494:	2301      	movs	r3, #1
10004496:	2a04      	cmp	r2, #4
10004498:	f040 813a 	bne.w	10004710 <tud_task_ext+0x648>
1000449c:	2600      	movs	r6, #0
1000449e:	9a01      	ldr	r2, [sp, #4]
100044a0:	9600      	str	r6, [sp, #0]
100044a2:	1a52      	subs	r2, r2, r1
100044a4:	b292      	uxth	r2, r2
100044a6:	9202      	str	r2, [sp, #8]
100044a8:	4a6e      	ldr	r2, [pc, #440]	@ (10004664 <tud_task_ext+0x59c>)
100044aa:	9304      	str	r3, [sp, #16]
100044ac:	7812      	ldrb	r2, [r2, #0]
100044ae:	e01d      	b.n	100044ec <tud_task_ext+0x424>
100044b0:	4b6e      	ldr	r3, [pc, #440]	@ (1000466c <tud_task_ext+0x5a4>)
100044b2:	681b      	ldr	r3, [r3, #0]
100044b4:	eb13 1846 	adds.w	r8, r3, r6, lsl #5
100044b8:	f000 812a 	beq.w	10004710 <tud_task_ext+0x648>
100044bc:	9a02      	ldr	r2, [sp, #8]
100044be:	f8d8 3010 	ldr.w	r3, [r8, #16]
100044c2:	9803      	ldr	r0, [sp, #12]
100044c4:	9105      	str	r1, [sp, #20]
100044c6:	4798      	blx	r3
100044c8:	2808      	cmp	r0, #8
100044ca:	4602      	mov	r2, r0
100044cc:	9905      	ldr	r1, [sp, #20]
100044ce:	f106 0301 	add.w	r3, r6, #1
100044d2:	d903      	bls.n	100044dc <tud_task_ext+0x414>
100044d4:	9802      	ldr	r0, [sp, #8]
100044d6:	4290      	cmp	r0, r2
100044d8:	f080 80ff 	bcs.w	100046da <tud_task_ext+0x612>
100044dc:	b2de      	uxtb	r6, r3
100044de:	4b61      	ldr	r3, [pc, #388]	@ (10004664 <tud_task_ext+0x59c>)
100044e0:	9600      	str	r6, [sp, #0]
100044e2:	781a      	ldrb	r2, [r3, #0]
100044e4:	1c53      	adds	r3, r2, #1
100044e6:	429e      	cmp	r6, r3
100044e8:	f300 8112 	bgt.w	10004710 <tud_task_ext+0x648>
100044ec:	9b00      	ldr	r3, [sp, #0]
100044ee:	42b2      	cmp	r2, r6
100044f0:	eba3 0202 	sub.w	r2, r3, r2
100044f4:	d8dc      	bhi.n	100044b0 <tud_task_ext+0x3e8>
100044f6:	4b5c      	ldr	r3, [pc, #368]	@ (10004668 <tud_task_ext+0x5a0>)
100044f8:	eb03 1842 	add.w	r8, r3, r2, lsl #5
100044fc:	e7de      	b.n	100044bc <tud_task_ext+0x3f4>
100044fe:	787b      	ldrb	r3, [r7, #1]
10004500:	4640      	mov	r0, r8
10004502:	f88d 301a 	strb.w	r3, [sp, #26]
10004506:	f10d 021a 	add.w	r2, sp, #26
1000450a:	2301      	movs	r3, #1
1000450c:	a908      	add	r1, sp, #32
1000450e:	f000 fa83 	bl	10004a18 <tud_control_xfer>
10004512:	e5e9      	b.n	100040e8 <tud_task_ext+0x20>
10004514:	f8bd 0022 	ldrh.w	r0, [sp, #34]	@ 0x22
10004518:	0a03      	lsrs	r3, r0, #8
1000451a:	3b01      	subs	r3, #1
1000451c:	0a02      	lsrs	r2, r0, #8
1000451e:	b2c0      	uxtb	r0, r0
10004520:	2b0e      	cmp	r3, #14
10004522:	f63f aee9 	bhi.w	100042f8 <tud_task_ext+0x230>
10004526:	a101      	add	r1, pc, #4	@ (adr r1, 1000452c <tud_task_ext+0x464>)
10004528:	f851 f023 	ldr.w	pc, [r1, r3, lsl #2]
1000452c:	10004741 	.word	0x10004741
10004530:	100045dd 	.word	0x100045dd
10004534:	1000477d 	.word	0x1000477d
10004538:	100042f9 	.word	0x100042f9
1000453c:	100042f9 	.word	0x100042f9
10004540:	1000475f 	.word	0x1000475f
10004544:	100045dd 	.word	0x100045dd
10004548:	100042f9 	.word	0x100042f9
1000454c:	100042f9 	.word	0x100042f9
10004550:	100042f9 	.word	0x100042f9
10004554:	100042f9 	.word	0x100042f9
10004558:	100042f9 	.word	0x100042f9
1000455c:	100042f9 	.word	0x100042f9
10004560:	100042f9 	.word	0x100042f9
10004564:	10004733 	.word	0x10004733
10004568:	a808      	add	r0, sp, #32
1000456a:	f000 fabd 	bl	10004ae8 <usbd_control_set_request>
1000456e:	4640      	mov	r0, r8
10004570:	f89d 1022 	ldrb.w	r1, [sp, #34]	@ 0x22
10004574:	f7ff fba2 	bl	10003cbc <dcd_set_address>
10004578:	783b      	ldrb	r3, [r7, #0]
1000457a:	f043 0302 	orr.w	r3, r3, #2
1000457e:	703b      	strb	r3, [r7, #0]
10004580:	e5b2      	b.n	100040e8 <tud_task_ext+0x20>
10004582:	f8bd 3022 	ldrh.w	r3, [sp, #34]	@ 0x22
10004586:	2b01      	cmp	r3, #1
10004588:	f47f aeb6 	bne.w	100042f8 <tud_task_ext+0x230>
1000458c:	783b      	ldrb	r3, [r7, #0]
1000458e:	4640      	mov	r0, r8
10004590:	f023 0308 	bic.w	r3, r3, #8
10004594:	a908      	add	r1, sp, #32
10004596:	703b      	strb	r3, [r7, #0]
10004598:	f000 fa24 	bl	100049e4 <tud_control_status>
1000459c:	e5a4      	b.n	100040e8 <tud_task_ext+0x20>
1000459e:	4640      	mov	r0, r8
100045a0:	783b      	ldrb	r3, [r7, #0]
100045a2:	089a      	lsrs	r2, r3, #2
100045a4:	f002 0202 	and.w	r2, r2, #2
100045a8:	f3c3 1340 	ubfx	r3, r3, #5, #1
100045ac:	4313      	orrs	r3, r2
100045ae:	f8ad 301a 	strh.w	r3, [sp, #26]
100045b2:	f10d 021a 	add.w	r2, sp, #26
100045b6:	2302      	movs	r3, #2
100045b8:	a908      	add	r1, sp, #32
100045ba:	f000 fa2d 	bl	10004a18 <tud_control_xfer>
100045be:	e593      	b.n	100040e8 <tud_task_ext+0x20>
100045c0:	f8bd 3022 	ldrh.w	r3, [sp, #34]	@ 0x22
100045c4:	2b01      	cmp	r3, #1
100045c6:	f47f ae97 	bne.w	100042f8 <tud_task_ext+0x230>
100045ca:	783b      	ldrb	r3, [r7, #0]
100045cc:	4640      	mov	r0, r8
100045ce:	f043 0308 	orr.w	r3, r3, #8
100045d2:	a908      	add	r1, sp, #32
100045d4:	703b      	strb	r3, [r7, #0]
100045d6:	f000 fa05 	bl	100049e4 <tud_control_status>
100045da:	e585      	b.n	100040e8 <tud_task_ext+0x20>
100045dc:	2a02      	cmp	r2, #2
100045de:	f43f ae7e 	beq.w	100042de <tud_task_ext+0x216>
100045e2:	f7ff fcdd 	bl	10003fa0 <tud_descriptor_other_speed_configuration_cb>
100045e6:	4602      	mov	r2, r0
100045e8:	2800      	cmp	r0, #0
100045ea:	f43f ae85 	beq.w	100042f8 <tud_task_ext+0x230>
100045ee:	4640      	mov	r0, r8
100045f0:	8853      	ldrh	r3, [r2, #2]
100045f2:	a908      	add	r1, sp, #32
100045f4:	f000 fa10 	bl	10004a18 <tud_control_xfer>
100045f8:	2800      	cmp	r0, #0
100045fa:	f47f ad75 	bne.w	100040e8 <tud_task_ext+0x20>
100045fe:	e67b      	b.n	100042f8 <tud_task_ext+0x230>
10004600:	f89d 3024 	ldrb.w	r3, [sp, #36]	@ 0x24
10004604:	2b0f      	cmp	r3, #15
10004606:	f63f ae77 	bhi.w	100042f8 <tud_task_ext+0x230>
1000460a:	4a16      	ldr	r2, [pc, #88]	@ (10004664 <tud_task_ext+0x59c>)
1000460c:	443b      	add	r3, r7
1000460e:	791b      	ldrb	r3, [r3, #4]
10004610:	7812      	ldrb	r2, [r2, #0]
10004612:	4293      	cmp	r3, r2
10004614:	d21d      	bcs.n	10004652 <tud_task_ext+0x58a>
10004616:	4a15      	ldr	r2, [pc, #84]	@ (1000466c <tud_task_ext+0x5a4>)
10004618:	6816      	ldr	r6, [r2, #0]
1000461a:	eb16 1643 	adds.w	r6, r6, r3, lsl #5
1000461e:	f47f aea2 	bne.w	10004366 <tud_task_ext+0x29e>
10004622:	e669      	b.n	100042f8 <tud_task_ext+0x230>
10004624:	2a00      	cmp	r2, #0
10004626:	f47f ae67 	bne.w	100042f8 <tud_task_ext+0x230>
1000462a:	2600      	movs	r6, #0
1000462c:	f89d 2021 	ldrb.w	r2, [sp, #33]	@ 0x21
10004630:	f002 03fd 	and.w	r3, r2, #253	@ 0xfd
10004634:	2b01      	cmp	r3, #1
10004636:	d01b      	beq.n	10004670 <tud_task_ext+0x5a8>
10004638:	2a00      	cmp	r2, #0
1000463a:	f47f ae56 	bne.w	100042ea <tud_task_ext+0x222>
1000463e:	9b01      	ldr	r3, [sp, #4]
10004640:	9a00      	ldr	r2, [sp, #0]
10004642:	443b      	add	r3, r7
10004644:	4413      	add	r3, r2
10004646:	f893 3034 	ldrb.w	r3, [r3, #52]	@ 0x34
1000464a:	4640      	mov	r0, r8
1000464c:	f3c3 0340 	ubfx	r3, r3, #1, #1
10004650:	e7ad      	b.n	100045ae <tud_task_ext+0x4e6>
10004652:	1c51      	adds	r1, r2, #1
10004654:	4299      	cmp	r1, r3
10004656:	f6ff ae4f 	blt.w	100042f8 <tud_task_ext+0x230>
1000465a:	4e03      	ldr	r6, [pc, #12]	@ (10004668 <tud_task_ext+0x5a0>)
1000465c:	1a9b      	subs	r3, r3, r2
1000465e:	eb06 1643 	add.w	r6, r6, r3, lsl #5
10004662:	e680      	b.n	10004366 <tud_task_ext+0x29e>
10004664:	20002a60 	.word	0x20002a60
10004668:	10009354 	.word	0x10009354
1000466c:	20001e50 	.word	0x20001e50
10004670:	f8bd 3022 	ldrh.w	r3, [sp, #34]	@ 0x22
10004674:	b9b3      	cbnz	r3, 100046a4 <tud_task_ext+0x5dc>
10004676:	2a01      	cmp	r2, #1
10004678:	f899 0000 	ldrb.w	r0, [r9]
1000467c:	f000 8086 	beq.w	1000478c <tud_task_ext+0x6c4>
10004680:	f7ff fbd8 	bl	10003e34 <dcd_edpt_stall>
10004684:	9b01      	ldr	r3, [sp, #4]
10004686:	9a00      	ldr	r2, [sp, #0]
10004688:	443b      	add	r3, r7
1000468a:	4413      	add	r3, r2
1000468c:	f893 2034 	ldrb.w	r2, [r3, #52]	@ 0x34
10004690:	f042 0202 	orr.w	r2, r2, #2
10004694:	f883 2034 	strb.w	r2, [r3, #52]	@ 0x34
10004698:	f893 2034 	ldrb.w	r2, [r3, #52]	@ 0x34
1000469c:	f042 0201 	orr.w	r2, r2, #1
100046a0:	f883 2034 	strb.w	r2, [r3, #52]	@ 0x34
100046a4:	2e00      	cmp	r6, #0
100046a6:	f43f ad1f 	beq.w	100040e8 <tud_task_ext+0x20>
100046aa:	6970      	ldr	r0, [r6, #20]
100046ac:	f000 fa16 	bl	10004adc <usbd_control_set_complete_callback>
100046b0:	6973      	ldr	r3, [r6, #20]
100046b2:	2101      	movs	r1, #1
100046b4:	aa08      	add	r2, sp, #32
100046b6:	4640      	mov	r0, r8
100046b8:	4798      	blx	r3
100046ba:	2000      	movs	r0, #0
100046bc:	f000 fa0e 	bl	10004adc <usbd_control_set_complete_callback>
100046c0:	f897 3035 	ldrb.w	r3, [r7, #53]	@ 0x35
100046c4:	07df      	lsls	r7, r3, #31
100046c6:	f53f ad0f 	bmi.w	100040e8 <tud_task_ext+0x20>
100046ca:	e696      	b.n	100043fa <tud_task_ext+0x332>
100046cc:	f7ff fc6c 	bl	10003fa8 <tud_umount_cb>
100046d0:	4640      	mov	r0, r8
100046d2:	a908      	add	r1, sp, #32
100046d4:	f000 f986 	bl	100049e4 <tud_control_status>
100046d8:	e506      	b.n	100040e8 <tud_task_ext+0x20>
100046da:	9b04      	ldr	r3, [sp, #16]
100046dc:	2b01      	cmp	r3, #1
100046de:	f000 809e 	beq.w	1000481e <tud_task_ext+0x756>
100046e2:	2b00      	cmp	r3, #0
100046e4:	f000 808a 	beq.w	100047fc <tud_task_ext+0x734>
100046e8:	2000      	movs	r0, #0
100046ea:	f891 8002 	ldrb.w	r8, [r1, #2]
100046ee:	e005      	b.n	100046fc <tud_task_ext+0x634>
100046f0:	f88c 6004 	strb.w	r6, [ip, #4]
100046f4:	fa5f fc80 	uxtb.w	ip, r0
100046f8:	4563      	cmp	r3, ip
100046fa:	d97f      	bls.n	100047fc <tud_task_ext+0x734>
100046fc:	eb08 0c00 	add.w	ip, r8, r0
10004700:	fa57 fc8c 	uxtab	ip, r7, ip
10004704:	f89c e004 	ldrb.w	lr, [ip, #4]
10004708:	3001      	adds	r0, #1
1000470a:	f1be 0fff 	cmp.w	lr, #255	@ 0xff
1000470e:	d0ef      	beq.n	100046f0 <tud_task_ext+0x628>
10004710:	f04f 23e0 	mov.w	r3, #3758153728	@ 0xe000e000
10004714:	f8d3 3df0 	ldr.w	r3, [r3, #3568]	@ 0xdf0
10004718:	07da      	lsls	r2, r3, #31
1000471a:	d500      	bpl.n	1000471e <tud_task_ext+0x656>
1000471c:	be00      	bkpt	0x0000
1000471e:	f04f 23e0 	mov.w	r3, #3758153728	@ 0xe000e000
10004722:	f8d3 3df0 	ldr.w	r3, [r3, #3568]	@ 0xdf0
10004726:	07db      	lsls	r3, r3, #31
10004728:	d500      	bpl.n	1000472c <tud_task_ext+0x664>
1000472a:	be00      	bkpt	0x0000
1000472c:	2300      	movs	r3, #0
1000472e:	707b      	strb	r3, [r7, #1]
10004730:	e5e2      	b.n	100042f8 <tud_task_ext+0x230>
10004732:	f7fe ff23 	bl	1000357c <tud_descriptor_bos_cb>
10004736:	4602      	mov	r2, r0
10004738:	2800      	cmp	r0, #0
1000473a:	f47f af58 	bne.w	100045ee <tud_task_ext+0x526>
1000473e:	e5db      	b.n	100042f8 <tud_task_ext+0x230>
10004740:	f7ff f958 	bl	100039f4 <tud_descriptor_device_cb>
10004744:	4602      	mov	r2, r0
10004746:	2800      	cmp	r0, #0
10004748:	f43f adcf 	beq.w	100042ea <tud_task_ext+0x222>
1000474c:	4640      	mov	r0, r8
1000474e:	2312      	movs	r3, #18
10004750:	a908      	add	r1, sp, #32
10004752:	f000 f961 	bl	10004a18 <tud_control_xfer>
10004756:	2800      	cmp	r0, #0
10004758:	f47f acc6 	bne.w	100040e8 <tud_task_ext+0x20>
1000475c:	e5cc      	b.n	100042f8 <tud_task_ext+0x230>
1000475e:	f7ff fc1d 	bl	10003f9c <tud_descriptor_device_qualifier_cb>
10004762:	4602      	mov	r2, r0
10004764:	2800      	cmp	r0, #0
10004766:	f43f adc7 	beq.w	100042f8 <tud_task_ext+0x230>
1000476a:	4640      	mov	r0, r8
1000476c:	7813      	ldrb	r3, [r2, #0]
1000476e:	a908      	add	r1, sp, #32
10004770:	f000 f952 	bl	10004a18 <tud_control_xfer>
10004774:	2800      	cmp	r0, #0
10004776:	f47f acb7 	bne.w	100040e8 <tud_task_ext+0x20>
1000477a:	e5bd      	b.n	100042f8 <tud_task_ext+0x230>
1000477c:	f8bd 1024 	ldrh.w	r1, [sp, #36]	@ 0x24
10004780:	f7ff f940 	bl	10003a04 <tud_descriptor_string_cb>
10004784:	4602      	mov	r2, r0
10004786:	2800      	cmp	r0, #0
10004788:	d1ef      	bne.n	1000476a <tud_task_ext+0x6a2>
1000478a:	e5b5      	b.n	100042f8 <tud_task_ext+0x230>
1000478c:	9302      	str	r3, [sp, #8]
1000478e:	f7ff fb69 	bl	10003e64 <dcd_edpt_clear_stall>
10004792:	9a01      	ldr	r2, [sp, #4]
10004794:	9b00      	ldr	r3, [sp, #0]
10004796:	443a      	add	r2, r7
10004798:	441a      	add	r2, r3
1000479a:	f892 1034 	ldrb.w	r1, [r2, #52]	@ 0x34
1000479e:	9b02      	ldr	r3, [sp, #8]
100047a0:	f363 0141 	bfi	r1, r3, #1, #1
100047a4:	f882 1034 	strb.w	r1, [r2, #52]	@ 0x34
100047a8:	f892 1034 	ldrb.w	r1, [r2, #52]	@ 0x34
100047ac:	f363 0100 	bfi	r1, r3, #0, #1
100047b0:	f882 1034 	strb.w	r1, [r2, #52]	@ 0x34
100047b4:	e776      	b.n	100046a4 <tud_task_ext+0x5dc>
100047b6:	2100      	movs	r1, #0
100047b8:	4640      	mov	r0, r8
100047ba:	f7ff fa87 	bl	10003ccc <dcd_sof_enable>
100047be:	4640      	mov	r0, r8
100047c0:	f7ff fb22 	bl	10003e08 <dcd_edpt_close_all>
100047c4:	78bb      	ldrb	r3, [r7, #2]
100047c6:	4640      	mov	r0, r8
100047c8:	9300      	str	r3, [sp, #0]
100047ca:	f7ff fb9d 	bl	10003f08 <configuration_reset>
100047ce:	9b00      	ldr	r3, [sp, #0]
100047d0:	70bb      	strb	r3, [r7, #2]
100047d2:	e632      	b.n	1000443a <tud_task_ext+0x372>
100047d4:	f8dd 800c 	ldr.w	r8, [sp, #12]
100047d8:	f7ff fbe4 	bl	10003fa4 <tud_mount_cb>
100047dc:	e778      	b.n	100046d0 <tud_task_ext+0x608>
100047de:	4640      	mov	r0, r8
100047e0:	2301      	movs	r3, #1
100047e2:	a908      	add	r1, sp, #32
100047e4:	f10d 021a 	add.w	r2, sp, #26
100047e8:	f88d 601a 	strb.w	r6, [sp, #26]
100047ec:	f000 f914 	bl	10004a18 <tud_control_xfer>
100047f0:	e47a      	b.n	100040e8 <tud_task_ext+0x20>
100047f2:	780a      	ldrb	r2, [r1, #0]
100047f4:	78cb      	ldrb	r3, [r1, #3]
100047f6:	4411      	add	r1, r2
100047f8:	784a      	ldrb	r2, [r1, #1]
100047fa:	e64c      	b.n	10004496 <tud_task_ext+0x3ce>
100047fc:	4633      	mov	r3, r6
100047fe:	4810      	ldr	r0, [pc, #64]	@ (10004840 <tud_task_ext+0x778>)
10004800:	9204      	str	r2, [sp, #16]
10004802:	9102      	str	r1, [sp, #8]
10004804:	f000 fe76 	bl	100054f4 <tu_edpt_bind_driver>
10004808:	4b0e      	ldr	r3, [pc, #56]	@ (10004844 <tud_task_ext+0x77c>)
1000480a:	9a04      	ldr	r2, [sp, #16]
1000480c:	9902      	ldr	r1, [sp, #8]
1000480e:	781b      	ldrb	r3, [r3, #0]
10004810:	4411      	add	r1, r2
10004812:	9a00      	ldr	r2, [sp, #0]
10004814:	3301      	adds	r3, #1
10004816:	4293      	cmp	r3, r2
10004818:	f6bf ae34 	bge.w	10004484 <tud_task_ext+0x3bc>
1000481c:	e778      	b.n	10004710 <tud_task_ext+0x648>
1000481e:	f8d8 c010 	ldr.w	ip, [r8, #16]
10004822:	4809      	ldr	r0, [pc, #36]	@ (10004848 <tud_task_ext+0x780>)
10004824:	4584      	cmp	ip, r0
10004826:	bf08      	it	eq
10004828:	2302      	moveq	r3, #2
1000482a:	e75d      	b.n	100046e8 <tud_task_ext+0x620>
1000482c:	f04f 23e0 	mov.w	r3, #3758153728	@ 0xe000e000
10004830:	f8d3 3df0 	ldr.w	r3, [r3, #3568]	@ 0xdf0
10004834:	07db      	lsls	r3, r3, #31
10004836:	f57f ac57 	bpl.w	100040e8 <tud_task_ext+0x20>
1000483a:	be00      	bkpt	0x0000
1000483c:	e454      	b.n	100040e8 <tud_task_ext+0x20>
1000483e:	bf00      	nop
10004840:	20002034 	.word	0x20002034
10004844:	20002a60 	.word	0x20002a60
10004848:	10004f15 	.word	0x10004f15

1000484c <usbd_open_edpt_pair>:
1000484c:	e92d 4ff8 	stmdb	sp!, {r3, r4, r5, r6, r7, r8, r9, sl, fp, lr}
10004850:	9f0a      	ldr	r7, [sp, #40]	@ 0x28
10004852:	2a00      	cmp	r2, #0
10004854:	d040      	beq.n	100048d8 <usbd_open_edpt_pair+0x8c>
10004856:	460c      	mov	r4, r1
10004858:	461e      	mov	r6, r3
1000485a:	4615      	mov	r5, r2
1000485c:	f04f 0a00 	mov.w	sl, #0
10004860:	f8df 907c 	ldr.w	r9, [pc, #124]	@ 100048e0 <usbd_open_edpt_pair+0x94>
10004864:	f8df 807c 	ldr.w	r8, [pc, #124]	@ 100048e4 <usbd_open_edpt_pair+0x98>
10004868:	e018      	b.n	1000489c <usbd_open_edpt_pair+0x50>
1000486a:	4620      	mov	r0, r4
1000486c:	f898 1002 	ldrb.w	r1, [r8, #2]
10004870:	f899 b000 	ldrb.w	fp, [r9]
10004874:	f000 fe0e 	bl	10005494 <tu_edpt_validate>
10004878:	b1e0      	cbz	r0, 100048b4 <usbd_open_edpt_pair+0x68>
1000487a:	4621      	mov	r1, r4
1000487c:	4658      	mov	r0, fp
1000487e:	f7ff fa41 	bl	10003d04 <dcd_edpt_open>
10004882:	b1f0      	cbz	r0, 100048c2 <usbd_open_edpt_pair+0x76>
10004884:	78a2      	ldrb	r2, [r4, #2]
10004886:	f10a 0a01 	add.w	sl, sl, #1
1000488a:	09d1      	lsrs	r1, r2, #7
1000488c:	bf16      	itet	ne
1000488e:	9b0b      	ldrne	r3, [sp, #44]	@ 0x2c
10004890:	703a      	strbeq	r2, [r7, #0]
10004892:	701a      	strbne	r2, [r3, #0]
10004894:	7822      	ldrb	r2, [r4, #0]
10004896:	45aa      	cmp	sl, r5
10004898:	4414      	add	r4, r2
1000489a:	d01d      	beq.n	100048d8 <usbd_open_edpt_pair+0x8c>
1000489c:	7862      	ldrb	r2, [r4, #1]
1000489e:	2a05      	cmp	r2, #5
100048a0:	d10f      	bne.n	100048c2 <usbd_open_edpt_pair+0x76>
100048a2:	78e1      	ldrb	r1, [r4, #3]
100048a4:	f001 0103 	and.w	r1, r1, #3
100048a8:	42b1      	cmp	r1, r6
100048aa:	d10a      	bne.n	100048c2 <usbd_open_edpt_pair+0x76>
100048ac:	78a2      	ldrb	r2, [r4, #2]
100048ae:	f012 0f70 	tst.w	r2, #112	@ 0x70
100048b2:	d0da      	beq.n	1000486a <usbd_open_edpt_pair+0x1e>
100048b4:	f04f 23e0 	mov.w	r3, #3758153728	@ 0xe000e000
100048b8:	f8d3 3df0 	ldr.w	r3, [r3, #3568]	@ 0xdf0
100048bc:	07da      	lsls	r2, r3, #31
100048be:	d500      	bpl.n	100048c2 <usbd_open_edpt_pair+0x76>
100048c0:	be00      	bkpt	0x0000
100048c2:	f04f 23e0 	mov.w	r3, #3758153728	@ 0xe000e000
100048c6:	f8d3 3df0 	ldr.w	r3, [r3, #3568]	@ 0xdf0
100048ca:	07db      	lsls	r3, r3, #31
100048cc:	d402      	bmi.n	100048d4 <usbd_open_edpt_pair+0x88>
100048ce:	2000      	movs	r0, #0
100048d0:	e8bd 8ff8 	ldmia.w	sp!, {r3, r4, r5, r6, r7, r8, r9, sl, fp, pc}
100048d4:	be00      	bkpt	0x0000
100048d6:	e7fa      	b.n	100048ce <usbd_open_edpt_pair+0x82>
100048d8:	2001      	movs	r0, #1
100048da:	e8bd 8ff8 	ldmia.w	sp!, {r3, r4, r5, r6, r7, r8, r9, sl, fp, pc}
100048de:	bf00      	nop
100048e0:	20001590 	.word	0x20001590
100048e4:	20002020 	.word	0x20002020

100048e8 <usbd_edpt_open>:
100048e8:	b538      	push	{r3, r4, r5, lr}
100048ea:	788b      	ldrb	r3, [r1, #2]
100048ec:	f013 0f70 	tst.w	r3, #112	@ 0x70
100048f0:	d008      	beq.n	10004904 <usbd_edpt_open+0x1c>
100048f2:	f04f 23e0 	mov.w	r3, #3758153728	@ 0xe000e000
100048f6:	f8d3 3df0 	ldr.w	r3, [r3, #3568]	@ 0xdf0
100048fa:	07db      	lsls	r3, r3, #31
100048fc:	d500      	bpl.n	10004900 <usbd_edpt_open+0x18>
100048fe:	be00      	bkpt	0x0000
10004900:	2000      	movs	r0, #0
10004902:	bd38      	pop	{r3, r4, r5, pc}
10004904:	4a07      	ldr	r2, [pc, #28]	@ (10004924 <usbd_edpt_open+0x3c>)
10004906:	4b08      	ldr	r3, [pc, #32]	@ (10004928 <usbd_edpt_open+0x40>)
10004908:	460c      	mov	r4, r1
1000490a:	4608      	mov	r0, r1
1000490c:	7891      	ldrb	r1, [r2, #2]
1000490e:	781d      	ldrb	r5, [r3, #0]
10004910:	f000 fdc0 	bl	10005494 <tu_edpt_validate>
10004914:	2800      	cmp	r0, #0
10004916:	d0ec      	beq.n	100048f2 <usbd_edpt_open+0xa>
10004918:	4621      	mov	r1, r4
1000491a:	4628      	mov	r0, r5
1000491c:	e8bd 4038 	ldmia.w	sp!, {r3, r4, r5, lr}
10004920:	f7ff b9f0 	b.w	10003d04 <dcd_edpt_open>
10004924:	20002020 	.word	0x20002020
10004928:	20001590 	.word	0x20001590

1000492c <usbd_edpt_claim>:
1000492c:	460b      	mov	r3, r1
1000492e:	4a06      	ldr	r2, [pc, #24]	@ (10004948 <usbd_edpt_claim+0x1c>)
10004930:	4806      	ldr	r0, [pc, #24]	@ (1000494c <usbd_edpt_claim+0x20>)
10004932:	6811      	ldr	r1, [r2, #0]
10004934:	09da      	lsrs	r2, r3, #7
10004936:	3234      	adds	r2, #52	@ 0x34
10004938:	f003 037f 	and.w	r3, r3, #127	@ 0x7f
1000493c:	eb02 0343 	add.w	r3, r2, r3, lsl #1
10004940:	4418      	add	r0, r3
10004942:	f000 bd61 	b.w	10005408 <tu_edpt_claim>
10004946:	bf00      	nop
10004948:	20002074 	.word	0x20002074
1000494c:	20002020 	.word	0x20002020

10004950 <usbd_edpt_release>:
10004950:	460b      	mov	r3, r1
10004952:	4a06      	ldr	r2, [pc, #24]	@ (1000496c <usbd_edpt_release+0x1c>)
10004954:	4806      	ldr	r0, [pc, #24]	@ (10004970 <usbd_edpt_release+0x20>)
10004956:	6811      	ldr	r1, [r2, #0]
10004958:	09da      	lsrs	r2, r3, #7
1000495a:	3234      	adds	r2, #52	@ 0x34
1000495c:	f003 037f 	and.w	r3, r3, #127	@ 0x7f
10004960:	eb02 0343 	add.w	r3, r2, r3, lsl #1
10004964:	4418      	add	r0, r3
10004966:	f000 bd79 	b.w	1000545c <tu_edpt_release>
1000496a:	bf00      	nop
1000496c:	20002074 	.word	0x20002074
10004970:	20002020 	.word	0x20002020

10004974 <usbd_edpt_xfer>:
10004974:	b510      	push	{r4, lr}
10004976:	4819      	ldr	r0, [pc, #100]	@ (100049dc <usbd_edpt_xfer+0x68>)
10004978:	f001 0c7f 	and.w	ip, r1, #127	@ 0x7f
1000497c:	eb00 004c 	add.w	r0, r0, ip, lsl #1
10004980:	eb00 10d1 	add.w	r0, r0, r1, lsr #7
10004984:	f890 c034 	ldrb.w	ip, [r0, #52]	@ 0x34
10004988:	f01c 0f01 	tst.w	ip, #1
1000498c:	d008      	beq.n	100049a0 <usbd_edpt_xfer+0x2c>
1000498e:	f04f 23e0 	mov.w	r3, #3758153728	@ 0xe000e000
10004992:	f8d3 3df0 	ldr.w	r3, [r3, #3568]	@ 0xdf0
10004996:	07da      	lsls	r2, r3, #31
10004998:	d500      	bpl.n	1000499c <usbd_edpt_xfer+0x28>
1000499a:	be00      	bkpt	0x0000
1000499c:	2000      	movs	r0, #0
1000499e:	bd10      	pop	{r4, pc}
100049a0:	f100 0430 	add.w	r4, r0, #48	@ 0x30
100049a4:	f894 c004 	ldrb.w	ip, [r4, #4]
100049a8:	480d      	ldr	r0, [pc, #52]	@ (100049e0 <usbd_edpt_xfer+0x6c>)
100049aa:	f04c 0c01 	orr.w	ip, ip, #1
100049ae:	7800      	ldrb	r0, [r0, #0]
100049b0:	f884 c004 	strb.w	ip, [r4, #4]
100049b4:	f7ff fa2a 	bl	10003e0c <dcd_edpt_xfer>
100049b8:	2800      	cmp	r0, #0
100049ba:	d1f0      	bne.n	1000499e <usbd_edpt_xfer+0x2a>
100049bc:	f04f 21e0 	mov.w	r1, #3758153728	@ 0xe000e000
100049c0:	7922      	ldrb	r2, [r4, #4]
100049c2:	f360 0200 	bfi	r2, r0, #0, #1
100049c6:	7122      	strb	r2, [r4, #4]
100049c8:	7922      	ldrb	r2, [r4, #4]
100049ca:	f360 0282 	bfi	r2, r0, #2, #1
100049ce:	7122      	strb	r2, [r4, #4]
100049d0:	f8d1 3df0 	ldr.w	r3, [r1, #3568]	@ 0xdf0
100049d4:	07db      	lsls	r3, r3, #31
100049d6:	d5e1      	bpl.n	1000499c <usbd_edpt_xfer+0x28>
100049d8:	be00      	bkpt	0x0000
100049da:	e7df      	b.n	1000499c <usbd_edpt_xfer+0x28>
100049dc:	20002020 	.word	0x20002020
100049e0:	20001590 	.word	0x20001590

100049e4 <tud_control_status>:
100049e4:	b530      	push	{r4, r5, lr}
100049e6:	4c0b      	ldr	r4, [pc, #44]	@ (10004a14 <tud_control_status+0x30>)
100049e8:	468c      	mov	ip, r1
100049ea:	46a6      	mov	lr, r4
100049ec:	4605      	mov	r5, r0
100049ee:	6808      	ldr	r0, [r1, #0]
100049f0:	6849      	ldr	r1, [r1, #4]
100049f2:	2300      	movs	r3, #0
100049f4:	e8ae 0003 	stmia.w	lr!, {r0, r1}
100049f8:	f89c 1000 	ldrb.w	r1, [ip]
100049fc:	4628      	mov	r0, r5
100049fe:	43c9      	mvns	r1, r1
10004a00:	e9c4 3302 	strd	r3, r3, [r4, #8]
10004a04:	e8bd 4030 	ldmia.w	sp!, {r4, r5, lr}
10004a08:	461a      	mov	r2, r3
10004a0a:	f001 0180 	and.w	r1, r1, #128	@ 0x80
10004a0e:	f7ff bfb1 	b.w	10004974 <usbd_edpt_xfer>
10004a12:	bf00      	nop
10004a14:	20001fe0 	.word	0x20001fe0

10004a18 <tud_control_xfer>:
10004a18:	e92d 41f0 	stmdb	sp!, {r4, r5, r6, r7, r8, lr}
10004a1c:	4f28      	ldr	r7, [pc, #160]	@ (10004ac0 <tud_control_xfer+0xa8>)
10004a1e:	f04f 0800 	mov.w	r8, #0
10004a22:	46be      	mov	lr, r7
10004a24:	468c      	mov	ip, r1
10004a26:	4606      	mov	r6, r0
10004a28:	6808      	ldr	r0, [r1, #0]
10004a2a:	6849      	ldr	r1, [r1, #4]
10004a2c:	60ba      	str	r2, [r7, #8]
10004a2e:	e8ae 0003 	stmia.w	lr!, {r0, r1}
10004a32:	f8a7 800e 	strh.w	r8, [r7, #14]
10004a36:	4615      	mov	r5, r2
10004a38:	f8bc 2006 	ldrh.w	r2, [ip, #6]
10004a3c:	4293      	cmp	r3, r2
10004a3e:	bf28      	it	cs
10004a40:	4613      	movcs	r3, r2
10004a42:	81bb      	strh	r3, [r7, #12]
10004a44:	b19a      	cbz	r2, 10004a6e <tud_control_xfer+0x56>
10004a46:	461c      	mov	r4, r3
10004a48:	b333      	cbz	r3, 10004a98 <tud_control_xfer+0x80>
10004a4a:	b1dd      	cbz	r5, 10004a84 <tud_control_xfer+0x6c>
10004a4c:	f997 3000 	ldrsb.w	r3, [r7]
10004a50:	2c40      	cmp	r4, #64	@ 0x40
10004a52:	bf28      	it	cs
10004a54:	2440      	movcs	r4, #64	@ 0x40
10004a56:	2b00      	cmp	r3, #0
10004a58:	db29      	blt.n	10004aae <tud_control_xfer+0x96>
10004a5a:	4641      	mov	r1, r8
10004a5c:	4623      	mov	r3, r4
10004a5e:	4630      	mov	r0, r6
10004a60:	4a18      	ldr	r2, [pc, #96]	@ (10004ac4 <tud_control_xfer+0xac>)
10004a62:	f7ff ff87 	bl	10004974 <usbd_edpt_xfer>
10004a66:	b168      	cbz	r0, 10004a84 <tud_control_xfer+0x6c>
10004a68:	2001      	movs	r0, #1
10004a6a:	e8bd 81f0 	ldmia.w	sp!, {r4, r5, r6, r7, r8, pc}
10004a6e:	f89c 1000 	ldrb.w	r1, [ip]
10004a72:	4613      	mov	r3, r2
10004a74:	43c9      	mvns	r1, r1
10004a76:	4630      	mov	r0, r6
10004a78:	f001 0180 	and.w	r1, r1, #128	@ 0x80
10004a7c:	f7ff ff7a 	bl	10004974 <usbd_edpt_xfer>
10004a80:	2800      	cmp	r0, #0
10004a82:	d1f1      	bne.n	10004a68 <tud_control_xfer+0x50>
10004a84:	f04f 23e0 	mov.w	r3, #3758153728	@ 0xe000e000
10004a88:	f8d3 3df0 	ldr.w	r3, [r3, #3568]	@ 0xdf0
10004a8c:	07db      	lsls	r3, r3, #31
10004a8e:	d500      	bpl.n	10004a92 <tud_control_xfer+0x7a>
10004a90:	be00      	bkpt	0x0000
10004a92:	2000      	movs	r0, #0
10004a94:	e8bd 81f0 	ldmia.w	sp!, {r4, r5, r6, r7, r8, pc}
10004a98:	461a      	mov	r2, r3
10004a9a:	7839      	ldrb	r1, [r7, #0]
10004a9c:	f001 0180 	and.w	r1, r1, #128	@ 0x80
10004aa0:	4623      	mov	r3, r4
10004aa2:	4630      	mov	r0, r6
10004aa4:	f7ff ff66 	bl	10004974 <usbd_edpt_xfer>
10004aa8:	2800      	cmp	r0, #0
10004aaa:	d1dd      	bne.n	10004a68 <tud_control_xfer+0x50>
10004aac:	e7ea      	b.n	10004a84 <tud_control_xfer+0x6c>
10004aae:	4622      	mov	r2, r4
10004ab0:	4629      	mov	r1, r5
10004ab2:	4804      	ldr	r0, [pc, #16]	@ (10004ac4 <tud_control_xfer+0xac>)
10004ab4:	f003 fffc 	bl	10008ab0 <memcpy>
10004ab8:	2180      	movs	r1, #128	@ 0x80
10004aba:	4a02      	ldr	r2, [pc, #8]	@ (10004ac4 <tud_control_xfer+0xac>)
10004abc:	e7f0      	b.n	10004aa0 <tud_control_xfer+0x88>
10004abe:	bf00      	nop
10004ac0:	20001fe0 	.word	0x20001fe0
10004ac4:	20001fa0 	.word	0x20001fa0

10004ac8 <usbd_control_reset>:
10004ac8:	2200      	movs	r2, #0
10004aca:	4b03      	ldr	r3, [pc, #12]	@ (10004ad8 <usbd_control_reset+0x10>)
10004acc:	e9c3 2200 	strd	r2, r2, [r3]
10004ad0:	e9c3 2202 	strd	r2, r2, [r3, #8]
10004ad4:	611a      	str	r2, [r3, #16]
10004ad6:	4770      	bx	lr
10004ad8:	20001fe0 	.word	0x20001fe0

10004adc <usbd_control_set_complete_callback>:
10004adc:	4b01      	ldr	r3, [pc, #4]	@ (10004ae4 <usbd_control_set_complete_callback+0x8>)
10004ade:	6118      	str	r0, [r3, #16]
10004ae0:	4770      	bx	lr
10004ae2:	bf00      	nop
10004ae4:	20001fe0 	.word	0x20001fe0

10004ae8 <usbd_control_set_request>:
10004ae8:	b430      	push	{r4, r5}
10004aea:	4602      	mov	r2, r0
10004aec:	4c04      	ldr	r4, [pc, #16]	@ (10004b00 <usbd_control_set_request+0x18>)
10004aee:	2500      	movs	r5, #0
10004af0:	4623      	mov	r3, r4
10004af2:	6800      	ldr	r0, [r0, #0]
10004af4:	6851      	ldr	r1, [r2, #4]
10004af6:	e9c4 5502 	strd	r5, r5, [r4, #8]
10004afa:	bc30      	pop	{r4, r5}
10004afc:	c303      	stmia	r3!, {r0, r1}
10004afe:	4770      	bx	lr
10004b00:	20001fe0 	.word	0x20001fe0

10004b04 <usbd_control_xfer_cb>:
10004b04:	b570      	push	{r4, r5, r6, lr}
10004b06:	4c3d      	ldr	r4, [pc, #244]	@ (10004bfc <usbd_control_xfer_cb+0xf8>)
10004b08:	09c9      	lsrs	r1, r1, #7
10004b0a:	7822      	ldrb	r2, [r4, #0]
10004b0c:	4606      	mov	r6, r0
10004b0e:	ebb1 1fd2 	cmp.w	r1, r2, lsr #7
10004b12:	461d      	mov	r5, r3
10004b14:	b082      	sub	sp, #8
10004b16:	d017      	beq.n	10004b48 <usbd_control_xfer_cb+0x44>
10004b18:	b153      	cbz	r3, 10004b30 <usbd_control_xfer_cb+0x2c>
10004b1a:	f04f 23e0 	mov.w	r3, #3758153728	@ 0xe000e000
10004b1e:	f8d3 3df0 	ldr.w	r3, [r3, #3568]	@ 0xdf0
10004b22:	07db      	lsls	r3, r3, #31
10004b24:	d402      	bmi.n	10004b2c <usbd_control_xfer_cb+0x28>
10004b26:	2000      	movs	r0, #0
10004b28:	b002      	add	sp, #8
10004b2a:	bd70      	pop	{r4, r5, r6, pc}
10004b2c:	be00      	bkpt	0x0000
10004b2e:	e7fa      	b.n	10004b26 <usbd_control_xfer_cb+0x22>
10004b30:	4621      	mov	r1, r4
10004b32:	f7ff f8d9 	bl	10003ce8 <dcd_edpt0_status_complete>
10004b36:	6923      	ldr	r3, [r4, #16]
10004b38:	b11b      	cbz	r3, 10004b42 <usbd_control_xfer_cb+0x3e>
10004b3a:	4622      	mov	r2, r4
10004b3c:	2103      	movs	r1, #3
10004b3e:	4630      	mov	r0, r6
10004b40:	4798      	blx	r3
10004b42:	2001      	movs	r0, #1
10004b44:	b002      	add	sp, #8
10004b46:	bd70      	pop	{r4, r5, r6, pc}
10004b48:	f994 3000 	ldrsb.w	r3, [r4]
10004b4c:	2b00      	cmp	r3, #0
10004b4e:	db06      	blt.n	10004b5e <usbd_control_xfer_cb+0x5a>
10004b50:	68a0      	ldr	r0, [r4, #8]
10004b52:	2800      	cmp	r0, #0
10004b54:	d0e7      	beq.n	10004b26 <usbd_control_xfer_cb+0x22>
10004b56:	462a      	mov	r2, r5
10004b58:	4929      	ldr	r1, [pc, #164]	@ (10004c00 <usbd_control_xfer_cb+0xfc>)
10004b5a:	f003 ffa9 	bl	10008ab0 <memcpy>
10004b5e:	89e0      	ldrh	r0, [r4, #14]
10004b60:	68a1      	ldr	r1, [r4, #8]
10004b62:	88e3      	ldrh	r3, [r4, #6]
10004b64:	4428      	add	r0, r5
10004b66:	b280      	uxth	r0, r0
10004b68:	4429      	add	r1, r5
10004b6a:	4283      	cmp	r3, r0
10004b6c:	81e0      	strh	r0, [r4, #14]
10004b6e:	60a1      	str	r1, [r4, #8]
10004b70:	d016      	beq.n	10004ba0 <usbd_control_xfer_cb+0x9c>
10004b72:	2d3f      	cmp	r5, #63	@ 0x3f
10004b74:	d914      	bls.n	10004ba0 <usbd_control_xfer_cb+0x9c>
10004b76:	89a2      	ldrh	r2, [r4, #12]
10004b78:	f994 4000 	ldrsb.w	r4, [r4]
10004b7c:	1a13      	subs	r3, r2, r0
10004b7e:	b29b      	uxth	r3, r3
10004b80:	2b40      	cmp	r3, #64	@ 0x40
10004b82:	bf28      	it	cs
10004b84:	2340      	movcs	r3, #64	@ 0x40
10004b86:	2c00      	cmp	r4, #0
10004b88:	db27      	blt.n	10004bda <usbd_control_xfer_cb+0xd6>
10004b8a:	4290      	cmp	r0, r2
10004b8c:	f04f 0100 	mov.w	r1, #0
10004b90:	d031      	beq.n	10004bf6 <usbd_control_xfer_cb+0xf2>
10004b92:	4a1b      	ldr	r2, [pc, #108]	@ (10004c00 <usbd_control_xfer_cb+0xfc>)
10004b94:	4630      	mov	r0, r6
10004b96:	f7ff feed 	bl	10004974 <usbd_edpt_xfer>
10004b9a:	2800      	cmp	r0, #0
10004b9c:	d1d1      	bne.n	10004b42 <usbd_control_xfer_cb+0x3e>
10004b9e:	e7bc      	b.n	10004b1a <usbd_control_xfer_cb+0x16>
10004ba0:	6923      	ldr	r3, [r4, #16]
10004ba2:	b123      	cbz	r3, 10004bae <usbd_control_xfer_cb+0xaa>
10004ba4:	2102      	movs	r1, #2
10004ba6:	4630      	mov	r0, r6
10004ba8:	4a14      	ldr	r2, [pc, #80]	@ (10004bfc <usbd_control_xfer_cb+0xf8>)
10004baa:	4798      	blx	r3
10004bac:	b160      	cbz	r0, 10004bc8 <usbd_control_xfer_cb+0xc4>
10004bae:	7821      	ldrb	r1, [r4, #0]
10004bb0:	2300      	movs	r3, #0
10004bb2:	43c9      	mvns	r1, r1
10004bb4:	4630      	mov	r0, r6
10004bb6:	461a      	mov	r2, r3
10004bb8:	f001 0180 	and.w	r1, r1, #128	@ 0x80
10004bbc:	f7ff feda 	bl	10004974 <usbd_edpt_xfer>
10004bc0:	2800      	cmp	r0, #0
10004bc2:	d0aa      	beq.n	10004b1a <usbd_control_xfer_cb+0x16>
10004bc4:	2001      	movs	r0, #1
10004bc6:	e7bd      	b.n	10004b44 <usbd_control_xfer_cb+0x40>
10004bc8:	4601      	mov	r1, r0
10004bca:	4630      	mov	r0, r6
10004bcc:	f7ff f932 	bl	10003e34 <dcd_edpt_stall>
10004bd0:	2180      	movs	r1, #128	@ 0x80
10004bd2:	4630      	mov	r0, r6
10004bd4:	f7ff f92e 	bl	10003e34 <dcd_edpt_stall>
10004bd8:	e7b3      	b.n	10004b42 <usbd_control_xfer_cb+0x3e>
10004bda:	4290      	cmp	r0, r2
10004bdc:	d008      	beq.n	10004bf0 <usbd_control_xfer_cb+0xec>
10004bde:	461a      	mov	r2, r3
10004be0:	4807      	ldr	r0, [pc, #28]	@ (10004c00 <usbd_control_xfer_cb+0xfc>)
10004be2:	9301      	str	r3, [sp, #4]
10004be4:	f003 ff64 	bl	10008ab0 <memcpy>
10004be8:	2180      	movs	r1, #128	@ 0x80
10004bea:	4a05      	ldr	r2, [pc, #20]	@ (10004c00 <usbd_control_xfer_cb+0xfc>)
10004bec:	9b01      	ldr	r3, [sp, #4]
10004bee:	e7d1      	b.n	10004b94 <usbd_control_xfer_cb+0x90>
10004bf0:	2180      	movs	r1, #128	@ 0x80
10004bf2:	2200      	movs	r2, #0
10004bf4:	e7ce      	b.n	10004b94 <usbd_control_xfer_cb+0x90>
10004bf6:	460a      	mov	r2, r1
10004bf8:	e7cc      	b.n	10004b94 <usbd_control_xfer_cb+0x90>
10004bfa:	bf00      	nop
10004bfc:	20001fe0 	.word	0x20001fe0
10004c00:	20001fa0 	.word	0x20001fa0

10004c04 <_prep_out_transaction.isra.0>:
10004c04:	e92d 41f0 	stmdb	sp!, {r4, r5, r6, r7, r8, lr}
10004c08:	4604      	mov	r4, r0
10004c0a:	f7ff f9d3 	bl	10003fb4 <tud_mounted>
10004c0e:	b908      	cbnz	r0, 10004c14 <_prep_out_transaction.isra.0+0x10>
10004c10:	e8bd 81f0 	ldmia.w	sp!, {r4, r5, r6, r7, r8, pc}
10004c14:	f7ff f9d6 	bl	10003fc4 <tud_suspended>
10004c18:	4605      	mov	r5, r0
10004c1a:	2800      	cmp	r0, #0
10004c1c:	d1f8      	bne.n	10004c10 <_prep_out_transaction.isra.0+0xc>
10004c1e:	23c8      	movs	r3, #200	@ 0xc8
10004c20:	fb04 f303 	mul.w	r3, r4, r3
10004c24:	4e12      	ldr	r6, [pc, #72]	@ (10004c70 <_prep_out_transaction.isra.0+0x6c>)
10004c26:	18f7      	adds	r7, r6, r3
10004c28:	78f9      	ldrb	r1, [r7, #3]
10004c2a:	2900      	cmp	r1, #0
10004c2c:	d0f0      	beq.n	10004c10 <_prep_out_transaction.isra.0+0xc>
10004c2e:	3310      	adds	r3, #16
10004c30:	441e      	add	r6, r3
10004c32:	4630      	mov	r0, r6
10004c34:	f000 fdd2 	bl	100057dc <tu_fifo_remaining>
10004c38:	283f      	cmp	r0, #63	@ 0x3f
10004c3a:	d9e9      	bls.n	10004c10 <_prep_out_transaction.isra.0+0xc>
10004c3c:	4628      	mov	r0, r5
10004c3e:	78f9      	ldrb	r1, [r7, #3]
10004c40:	f7ff fe74 	bl	1000492c <usbd_edpt_claim>
10004c44:	2800      	cmp	r0, #0
10004c46:	d0e3      	beq.n	10004c10 <_prep_out_transaction.isra.0+0xc>
10004c48:	4630      	mov	r0, r6
10004c4a:	f000 fdc7 	bl	100057dc <tu_fifo_remaining>
10004c4e:	283f      	cmp	r0, #63	@ 0x3f
10004c50:	78f9      	ldrb	r1, [r7, #3]
10004c52:	d908      	bls.n	10004c66 <_prep_out_transaction.isra.0+0x62>
10004c54:	4a07      	ldr	r2, [pc, #28]	@ (10004c74 <_prep_out_transaction.isra.0+0x70>)
10004c56:	4628      	mov	r0, r5
10004c58:	eb02 12c4 	add.w	r2, r2, r4, lsl #7
10004c5c:	2340      	movs	r3, #64	@ 0x40
10004c5e:	e8bd 41f0 	ldmia.w	sp!, {r4, r5, r6, r7, r8, lr}
10004c62:	f7ff be87 	b.w	10004974 <usbd_edpt_xfer>
10004c66:	4628      	mov	r0, r5
10004c68:	e8bd 41f0 	ldmia.w	sp!, {r4, r5, r6, r7, r8, lr}
10004c6c:	f7ff be70 	b.w	10004950 <usbd_edpt_release>
10004c70:	20001ed8 	.word	0x20001ed8
10004c74:	20001e54 	.word	0x20001e54

10004c78 <tud_cdc_n_connected>:
10004c78:	b510      	push	{r4, lr}
10004c7a:	4604      	mov	r4, r0
10004c7c:	f7ff f99a 	bl	10003fb4 <tud_mounted>
10004c80:	b908      	cbnz	r0, 10004c86 <tud_cdc_n_connected+0xe>
10004c82:	2000      	movs	r0, #0
10004c84:	bd10      	pop	{r4, pc}
10004c86:	f7ff f99d 	bl	10003fc4 <tud_suspended>
10004c8a:	2800      	cmp	r0, #0
10004c8c:	d1f9      	bne.n	10004c82 <tud_cdc_n_connected+0xa>
10004c8e:	22c8      	movs	r2, #200	@ 0xc8
10004c90:	4b03      	ldr	r3, [pc, #12]	@ (10004ca0 <tud_cdc_n_connected+0x28>)
10004c92:	fb02 3304 	mla	r3, r2, r4, r3
10004c96:	7918      	ldrb	r0, [r3, #4]
10004c98:	f000 0001 	and.w	r0, r0, #1
10004c9c:	bd10      	pop	{r4, pc}
10004c9e:	bf00      	nop
10004ca0:	20001ed8 	.word	0x20001ed8

10004ca4 <tud_cdc_n_available>:
10004ca4:	22c8      	movs	r2, #200	@ 0xc8
10004ca6:	b508      	push	{r3, lr}
10004ca8:	4b02      	ldr	r3, [pc, #8]	@ (10004cb4 <tud_cdc_n_available+0x10>)
10004caa:	fb02 3000 	mla	r0, r2, r0, r3
10004cae:	f000 fd7b 	bl	100057a8 <tu_fifo_count>
10004cb2:	bd08      	pop	{r3, pc}
10004cb4:	20001ee8 	.word	0x20001ee8

10004cb8 <tud_cdc_n_read>:
10004cb8:	e92d 43f8 	stmdb	sp!, {r3, r4, r5, r6, r7, r8, r9, lr}
10004cbc:	f64f 73ff 	movw	r3, #65535	@ 0xffff
10004cc0:	24c8      	movs	r4, #200	@ 0xc8
10004cc2:	429a      	cmp	r2, r3
10004cc4:	bf28      	it	cs
10004cc6:	461a      	movcs	r2, r3
10004cc8:	fb00 f404 	mul.w	r4, r0, r4
10004ccc:	f8df 8074 	ldr.w	r8, [pc, #116]	@ 10004d44 <tud_cdc_n_read+0x8c>
10004cd0:	f104 0510 	add.w	r5, r4, #16
10004cd4:	4445      	add	r5, r8
10004cd6:	4606      	mov	r6, r0
10004cd8:	b292      	uxth	r2, r2
10004cda:	4628      	mov	r0, r5
10004cdc:	f000 fdda 	bl	10005894 <tu_fifo_read_n>
10004ce0:	4607      	mov	r7, r0
10004ce2:	f7ff f967 	bl	10003fb4 <tud_mounted>
10004ce6:	b910      	cbnz	r0, 10004cee <tud_cdc_n_read+0x36>
10004ce8:	4638      	mov	r0, r7
10004cea:	e8bd 83f8 	ldmia.w	sp!, {r3, r4, r5, r6, r7, r8, r9, pc}
10004cee:	f7ff f969 	bl	10003fc4 <tud_suspended>
10004cf2:	4681      	mov	r9, r0
10004cf4:	2800      	cmp	r0, #0
10004cf6:	d1f7      	bne.n	10004ce8 <tud_cdc_n_read+0x30>
10004cf8:	44a0      	add	r8, r4
10004cfa:	f898 3003 	ldrb.w	r3, [r8, #3]
10004cfe:	2b00      	cmp	r3, #0
10004d00:	d0f2      	beq.n	10004ce8 <tud_cdc_n_read+0x30>
10004d02:	4628      	mov	r0, r5
10004d04:	f000 fd6a 	bl	100057dc <tu_fifo_remaining>
10004d08:	283f      	cmp	r0, #63	@ 0x3f
10004d0a:	d9ed      	bls.n	10004ce8 <tud_cdc_n_read+0x30>
10004d0c:	4648      	mov	r0, r9
10004d0e:	f898 1003 	ldrb.w	r1, [r8, #3]
10004d12:	f7ff fe0b 	bl	1000492c <usbd_edpt_claim>
10004d16:	2800      	cmp	r0, #0
10004d18:	d0e6      	beq.n	10004ce8 <tud_cdc_n_read+0x30>
10004d1a:	4628      	mov	r0, r5
10004d1c:	f000 fd5e 	bl	100057dc <tu_fifo_remaining>
10004d20:	283f      	cmp	r0, #63	@ 0x3f
10004d22:	f898 1003 	ldrb.w	r1, [r8, #3]
10004d26:	d907      	bls.n	10004d38 <tud_cdc_n_read+0x80>
10004d28:	4a05      	ldr	r2, [pc, #20]	@ (10004d40 <tud_cdc_n_read+0x88>)
10004d2a:	4648      	mov	r0, r9
10004d2c:	2340      	movs	r3, #64	@ 0x40
10004d2e:	eb02 12c6 	add.w	r2, r2, r6, lsl #7
10004d32:	f7ff fe1f 	bl	10004974 <usbd_edpt_xfer>
10004d36:	e7d7      	b.n	10004ce8 <tud_cdc_n_read+0x30>
10004d38:	4648      	mov	r0, r9
10004d3a:	f7ff fe09 	bl	10004950 <usbd_edpt_release>
10004d3e:	e7d3      	b.n	10004ce8 <tud_cdc_n_read+0x30>
10004d40:	20001e54 	.word	0x20001e54
10004d44:	20001ed8 	.word	0x20001ed8

10004d48 <tud_cdc_n_write_flush>:
10004d48:	e92d 41f0 	stmdb	sp!, {r4, r5, r6, r7, r8, lr}
10004d4c:	4604      	mov	r4, r0
10004d4e:	f7ff f931 	bl	10003fb4 <tud_mounted>
10004d52:	b910      	cbnz	r0, 10004d5a <tud_cdc_n_write_flush+0x12>
10004d54:	2000      	movs	r0, #0
10004d56:	e8bd 81f0 	ldmia.w	sp!, {r4, r5, r6, r7, r8, pc}
10004d5a:	f7ff f933 	bl	10003fc4 <tud_suspended>
10004d5e:	4605      	mov	r5, r0
10004d60:	2800      	cmp	r0, #0
10004d62:	d1f7      	bne.n	10004d54 <tud_cdc_n_write_flush+0xc>
10004d64:	26c8      	movs	r6, #200	@ 0xc8
10004d66:	fb04 f606 	mul.w	r6, r4, r6
10004d6a:	f8df 8064 	ldr.w	r8, [pc, #100]	@ 10004dd0 <tud_cdc_n_write_flush+0x88>
10004d6e:	f106 0724 	add.w	r7, r6, #36	@ 0x24
10004d72:	4447      	add	r7, r8
10004d74:	4638      	mov	r0, r7
10004d76:	f000 fd17 	bl	100057a8 <tu_fifo_count>
10004d7a:	2800      	cmp	r0, #0
10004d7c:	d0ea      	beq.n	10004d54 <tud_cdc_n_write_flush+0xc>
10004d7e:	44b0      	add	r8, r6
10004d80:	4628      	mov	r0, r5
10004d82:	f898 1002 	ldrb.w	r1, [r8, #2]
10004d86:	f7ff fdd1 	bl	1000492c <usbd_edpt_claim>
10004d8a:	2800      	cmp	r0, #0
10004d8c:	d0e2      	beq.n	10004d54 <tud_cdc_n_write_flush+0xc>
10004d8e:	4e0f      	ldr	r6, [pc, #60]	@ (10004dcc <tud_cdc_n_write_flush+0x84>)
10004d90:	4638      	mov	r0, r7
10004d92:	eb06 16c4 	add.w	r6, r6, r4, lsl #7
10004d96:	4631      	mov	r1, r6
10004d98:	2240      	movs	r2, #64	@ 0x40
10004d9a:	f000 fd7b 	bl	10005894 <tu_fifo_read_n>
10004d9e:	f898 1002 	ldrb.w	r1, [r8, #2]
10004da2:	4604      	mov	r4, r0
10004da4:	b168      	cbz	r0, 10004dc2 <tud_cdc_n_write_flush+0x7a>
10004da6:	4603      	mov	r3, r0
10004da8:	4632      	mov	r2, r6
10004daa:	4628      	mov	r0, r5
10004dac:	f7ff fde2 	bl	10004974 <usbd_edpt_xfer>
10004db0:	b950      	cbnz	r0, 10004dc8 <tud_cdc_n_write_flush+0x80>
10004db2:	f04f 23e0 	mov.w	r3, #3758153728	@ 0xe000e000
10004db6:	f8d3 3df0 	ldr.w	r3, [r3, #3568]	@ 0xdf0
10004dba:	07db      	lsls	r3, r3, #31
10004dbc:	d5ca      	bpl.n	10004d54 <tud_cdc_n_write_flush+0xc>
10004dbe:	be00      	bkpt	0x0000
10004dc0:	e7c8      	b.n	10004d54 <tud_cdc_n_write_flush+0xc>
10004dc2:	f7ff fdc5 	bl	10004950 <usbd_edpt_release>
10004dc6:	e7c5      	b.n	10004d54 <tud_cdc_n_write_flush+0xc>
10004dc8:	4620      	mov	r0, r4
10004dca:	e7c4      	b.n	10004d56 <tud_cdc_n_write_flush+0xe>
10004dcc:	20001e94 	.word	0x20001e94
10004dd0:	20001ed8 	.word	0x20001ed8

10004dd4 <tud_cdc_n_write>:
10004dd4:	b538      	push	{r3, r4, r5, lr}
10004dd6:	f64f 75ff 	movw	r5, #65535	@ 0xffff
10004dda:	23c8      	movs	r3, #200	@ 0xc8
10004ddc:	42aa      	cmp	r2, r5
10004dde:	bf28      	it	cs
10004de0:	462a      	movcs	r2, r5
10004de2:	4c0b      	ldr	r4, [pc, #44]	@ (10004e10 <tud_cdc_n_write+0x3c>)
10004de4:	b292      	uxth	r2, r2
10004de6:	fb03 4400 	mla	r4, r3, r0, r4
10004dea:	4605      	mov	r5, r0
10004dec:	4620      	mov	r0, r4
10004dee:	f000 fe0f 	bl	10005a10 <tu_fifo_write_n>
10004df2:	4603      	mov	r3, r0
10004df4:	4620      	mov	r0, r4
10004df6:	461c      	mov	r4, r3
10004df8:	f000 fcd6 	bl	100057a8 <tu_fifo_count>
10004dfc:	283f      	cmp	r0, #63	@ 0x3f
10004dfe:	d801      	bhi.n	10004e04 <tud_cdc_n_write+0x30>
10004e00:	4620      	mov	r0, r4
10004e02:	bd38      	pop	{r3, r4, r5, pc}
10004e04:	4628      	mov	r0, r5
10004e06:	f7ff ff9f 	bl	10004d48 <tud_cdc_n_write_flush>
10004e0a:	4620      	mov	r0, r4
10004e0c:	bd38      	pop	{r3, r4, r5, pc}
10004e0e:	bf00      	nop
10004e10:	20001efc 	.word	0x20001efc

10004e14 <tud_cdc_n_write_available>:
10004e14:	22c8      	movs	r2, #200	@ 0xc8
10004e16:	b508      	push	{r3, lr}
10004e18:	4b02      	ldr	r3, [pc, #8]	@ (10004e24 <tud_cdc_n_write_available+0x10>)
10004e1a:	fb02 3000 	mla	r0, r2, r0, r3
10004e1e:	f000 fcdd 	bl	100057dc <tu_fifo_remaining>
10004e22:	bd08      	pop	{r3, pc}
10004e24:	20001efc 	.word	0x20001efc

10004e28 <cdcd_init>:
10004e28:	b5f0      	push	{r4, r5, r6, r7, lr}
10004e2a:	2400      	movs	r4, #0
10004e2c:	b083      	sub	sp, #12
10004e2e:	22c8      	movs	r2, #200	@ 0xc8
10004e30:	2100      	movs	r1, #0
10004e32:	4817      	ldr	r0, [pc, #92]	@ (10004e90 <cdcd_init+0x68>)
10004e34:	f003 fdc4 	bl	100089c0 <memset>
10004e38:	23ff      	movs	r3, #255	@ 0xff
10004e3a:	f44f 31e1 	mov.w	r1, #115200	@ 0x1c200
10004e3e:	2208      	movs	r2, #8
10004e40:	4814      	ldr	r0, [pc, #80]	@ (10004e94 <cdcd_init+0x6c>)
10004e42:	7004      	strb	r4, [r0, #0]
10004e44:	4812      	ldr	r0, [pc, #72]	@ (10004e90 <cdcd_init+0x68>)
10004e46:	9400      	str	r4, [sp, #0]
10004e48:	4607      	mov	r7, r0
10004e4a:	7143      	strb	r3, [r0, #5]
10004e4c:	6081      	str	r1, [r0, #8]
10004e4e:	7382      	strb	r2, [r0, #14]
10004e50:	f100 0138 	add.w	r1, r0, #56	@ 0x38
10004e54:	2301      	movs	r3, #1
10004e56:	2240      	movs	r2, #64	@ 0x40
10004e58:	3010      	adds	r0, #16
10004e5a:	f000 fc75 	bl	10005748 <tu_fifo_config>
10004e5e:	2301      	movs	r3, #1
10004e60:	2240      	movs	r2, #64	@ 0x40
10004e62:	f107 0178 	add.w	r1, r7, #120	@ 0x78
10004e66:	9300      	str	r3, [sp, #0]
10004e68:	f107 06b8 	add.w	r6, r7, #184	@ 0xb8
10004e6c:	f107 0024 	add.w	r0, r7, #36	@ 0x24
10004e70:	f000 fc6a 	bl	10005748 <tu_fifo_config>
10004e74:	f107 05c0 	add.w	r5, r7, #192	@ 0xc0
10004e78:	4630      	mov	r0, r6
10004e7a:	f7fb fdff 	bl	10000a7c <mutex_init>
10004e7e:	4628      	mov	r0, r5
10004e80:	f7fb fdfc 	bl	10000a7c <mutex_init>
10004e84:	e9c7 4607 	strd	r4, r6, [r7, #28]
10004e88:	e9c7 540c 	strd	r5, r4, [r7, #48]	@ 0x30
10004e8c:	b003      	add	sp, #12
10004e8e:	bdf0      	pop	{r4, r5, r6, r7, pc}
10004e90:	20001ed8 	.word	0x20001ed8
10004e94:	20001ed4 	.word	0x20001ed4

10004e98 <cdcd_deinit>:
10004e98:	4a0a      	ldr	r2, [pc, #40]	@ (10004ec4 <cdcd_deinit+0x2c>)
10004e9a:	6b11      	ldr	r1, [r2, #48]	@ 0x30
10004e9c:	6a13      	ldr	r3, [r2, #32]
10004e9e:	b161      	cbz	r1, 10004eba <cdcd_deinit+0x22>
10004ea0:	b13b      	cbz	r3, 10004eb2 <cdcd_deinit+0x1a>
10004ea2:	2300      	movs	r3, #0
10004ea4:	e9c2 330c 	strd	r3, r3, [r2, #48]	@ 0x30
10004ea8:	61d3      	str	r3, [r2, #28]
10004eaa:	2300      	movs	r3, #0
10004eac:	6213      	str	r3, [r2, #32]
10004eae:	2001      	movs	r0, #1
10004eb0:	4770      	bx	lr
10004eb2:	2001      	movs	r0, #1
10004eb4:	e9c2 330c 	strd	r3, r3, [r2, #48]	@ 0x30
10004eb8:	4770      	bx	lr
10004eba:	2b00      	cmp	r3, #0
10004ebc:	d0f7      	beq.n	10004eae <cdcd_deinit+0x16>
10004ebe:	61d1      	str	r1, [r2, #28]
10004ec0:	e7f3      	b.n	10004eaa <cdcd_deinit+0x12>
10004ec2:	bf00      	nop
10004ec4:	20001ed8 	.word	0x20001ed8

10004ec8 <cdcd_reset>:
10004ec8:	2200      	movs	r2, #0
10004eca:	b510      	push	{r4, lr}
10004ecc:	4c0e      	ldr	r4, [pc, #56]	@ (10004f08 <cdcd_reset+0x40>)
10004ece:	480f      	ldr	r0, [pc, #60]	@ (10004f0c <cdcd_reset+0x44>)
10004ed0:	7823      	ldrb	r3, [r4, #0]
10004ed2:	6002      	str	r2, [r0, #0]
10004ed4:	7102      	strb	r2, [r0, #4]
10004ed6:	07da      	lsls	r2, r3, #31
10004ed8:	d507      	bpl.n	10004eea <cdcd_reset+0x22>
10004eda:	079b      	lsls	r3, r3, #30
10004edc:	d50b      	bpl.n	10004ef6 <cdcd_reset+0x2e>
10004ede:	e8bd 4010 	ldmia.w	sp!, {r4, lr}
10004ee2:	2101      	movs	r1, #1
10004ee4:	480a      	ldr	r0, [pc, #40]	@ (10004f10 <cdcd_reset+0x48>)
10004ee6:	f000 be5d 	b.w	10005ba4 <tu_fifo_set_overwritable>
10004eea:	3010      	adds	r0, #16
10004eec:	f000 fe3e 	bl	10005b6c <tu_fifo_clear>
10004ef0:	7823      	ldrb	r3, [r4, #0]
10004ef2:	079b      	lsls	r3, r3, #30
10004ef4:	d4f3      	bmi.n	10004ede <cdcd_reset+0x16>
10004ef6:	4806      	ldr	r0, [pc, #24]	@ (10004f10 <cdcd_reset+0x48>)
10004ef8:	f000 fe38 	bl	10005b6c <tu_fifo_clear>
10004efc:	e8bd 4010 	ldmia.w	sp!, {r4, lr}
10004f00:	2101      	movs	r1, #1
10004f02:	4803      	ldr	r0, [pc, #12]	@ (10004f10 <cdcd_reset+0x48>)
10004f04:	f000 be4e 	b.w	10005ba4 <tu_fifo_set_overwritable>
10004f08:	20001ed4 	.word	0x20001ed4
10004f0c:	20001ed8 	.word	0x20001ed8
10004f10:	20001efc 	.word	0x20001efc

10004f14 <cdcd_open>:
10004f14:	b5f0      	push	{r4, r5, r6, r7, lr}
10004f16:	794b      	ldrb	r3, [r1, #5]
10004f18:	b083      	sub	sp, #12
10004f1a:	2b02      	cmp	r3, #2
10004f1c:	d102      	bne.n	10004f24 <cdcd_open+0x10>
10004f1e:	798b      	ldrb	r3, [r1, #6]
10004f20:	2b02      	cmp	r3, #2
10004f22:	d003      	beq.n	10004f2c <cdcd_open+0x18>
10004f24:	2500      	movs	r5, #0
10004f26:	4628      	mov	r0, r5
10004f28:	b003      	add	sp, #12
10004f2a:	bdf0      	pop	{r4, r5, r6, r7, pc}
10004f2c:	4f27      	ldr	r7, [pc, #156]	@ (10004fcc <cdcd_open+0xb8>)
10004f2e:	78bb      	ldrb	r3, [r7, #2]
10004f30:	b13b      	cbz	r3, 10004f42 <cdcd_open+0x2e>
10004f32:	f04f 23e0 	mov.w	r3, #3758153728	@ 0xe000e000
10004f36:	f8d3 3df0 	ldr.w	r3, [r3, #3568]	@ 0xdf0
10004f3a:	07db      	lsls	r3, r3, #31
10004f3c:	d5f2      	bpl.n	10004f24 <cdcd_open+0x10>
10004f3e:	be00      	bkpt	0x0000
10004f40:	e7f0      	b.n	10004f24 <cdcd_open+0x10>
10004f42:	788b      	ldrb	r3, [r1, #2]
10004f44:	4606      	mov	r6, r0
10004f46:	703b      	strb	r3, [r7, #0]
10004f48:	780b      	ldrb	r3, [r1, #0]
10004f4a:	18cc      	adds	r4, r1, r3
10004f4c:	7861      	ldrb	r1, [r4, #1]
10004f4e:	2924      	cmp	r1, #36	@ 0x24
10004f50:	bf08      	it	eq
10004f52:	2509      	moveq	r5, #9
10004f54:	d007      	beq.n	10004f66 <cdcd_open+0x52>
10004f56:	e036      	b.n	10004fc6 <cdcd_open+0xb2>
10004f58:	7823      	ldrb	r3, [r4, #0]
10004f5a:	441c      	add	r4, r3
10004f5c:	7861      	ldrb	r1, [r4, #1]
10004f5e:	442b      	add	r3, r5
10004f60:	2924      	cmp	r1, #36	@ 0x24
10004f62:	b29d      	uxth	r5, r3
10004f64:	d107      	bne.n	10004f76 <cdcd_open+0x62>
10004f66:	42aa      	cmp	r2, r5
10004f68:	d2f6      	bcs.n	10004f58 <cdcd_open+0x44>
10004f6a:	2000      	movs	r0, #0
10004f6c:	f7ff fe4a 	bl	10004c04 <_prep_out_transaction.isra.0>
10004f70:	4628      	mov	r0, r5
10004f72:	b003      	add	sp, #12
10004f74:	bdf0      	pop	{r4, r5, r6, r7, pc}
10004f76:	460b      	mov	r3, r1
10004f78:	2905      	cmp	r1, #5
10004f7a:	d016      	beq.n	10004faa <cdcd_open+0x96>
10004f7c:	2b04      	cmp	r3, #4
10004f7e:	d1f4      	bne.n	10004f6a <cdcd_open+0x56>
10004f80:	7963      	ldrb	r3, [r4, #5]
10004f82:	2b0a      	cmp	r3, #10
10004f84:	d1f1      	bne.n	10004f6a <cdcd_open+0x56>
10004f86:	4b12      	ldr	r3, [pc, #72]	@ (10004fd0 <cdcd_open+0xbc>)
10004f88:	7827      	ldrb	r7, [r4, #0]
10004f8a:	9301      	str	r3, [sp, #4]
10004f8c:	3301      	adds	r3, #1
10004f8e:	9300      	str	r3, [sp, #0]
10004f90:	2302      	movs	r3, #2
10004f92:	4630      	mov	r0, r6
10004f94:	461a      	mov	r2, r3
10004f96:	19e1      	adds	r1, r4, r7
10004f98:	f7ff fc58 	bl	1000484c <usbd_open_edpt_pair>
10004f9c:	2800      	cmp	r0, #0
10004f9e:	d0c8      	beq.n	10004f32 <cdcd_open+0x1e>
10004fa0:	350e      	adds	r5, #14
10004fa2:	fa17 f585 	uxtah	r5, r7, r5
10004fa6:	b2ad      	uxth	r5, r5
10004fa8:	e7df      	b.n	10004f6a <cdcd_open+0x56>
10004faa:	4621      	mov	r1, r4
10004fac:	4630      	mov	r0, r6
10004fae:	f7ff fc9b 	bl	100048e8 <usbd_edpt_open>
10004fb2:	2800      	cmp	r0, #0
10004fb4:	d0bd      	beq.n	10004f32 <cdcd_open+0x1e>
10004fb6:	78a3      	ldrb	r3, [r4, #2]
10004fb8:	707b      	strb	r3, [r7, #1]
10004fba:	7823      	ldrb	r3, [r4, #0]
10004fbc:	195a      	adds	r2, r3, r5
10004fbe:	441c      	add	r4, r3
10004fc0:	7863      	ldrb	r3, [r4, #1]
10004fc2:	b295      	uxth	r5, r2
10004fc4:	e7da      	b.n	10004f7c <cdcd_open+0x68>
10004fc6:	460b      	mov	r3, r1
10004fc8:	2509      	movs	r5, #9
10004fca:	e7d5      	b.n	10004f78 <cdcd_open+0x64>
10004fcc:	20001ed8 	.word	0x20001ed8
10004fd0:	20001eda 	.word	0x20001eda

10004fd4 <cdcd_control_xfer_cb>:
10004fd4:	7813      	ldrb	r3, [r2, #0]
10004fd6:	f003 0360 	and.w	r3, r3, #96	@ 0x60
10004fda:	2b20      	cmp	r3, #32
10004fdc:	d108      	bne.n	10004ff0 <cdcd_control_xfer_cb+0x1c>
10004fde:	b570      	push	{r4, r5, r6, lr}
10004fe0:	4c26      	ldr	r4, [pc, #152]	@ (1000507c <cdcd_control_xfer_cb+0xa8>)
10004fe2:	8893      	ldrh	r3, [r2, #4]
10004fe4:	f894 c000 	ldrb.w	ip, [r4]
10004fe8:	459c      	cmp	ip, r3
10004fea:	d003      	beq.n	10004ff4 <cdcd_control_xfer_cb+0x20>
10004fec:	2000      	movs	r0, #0
10004fee:	bd70      	pop	{r4, r5, r6, pc}
10004ff0:	2000      	movs	r0, #0
10004ff2:	4770      	bx	lr
10004ff4:	7853      	ldrb	r3, [r2, #1]
10004ff6:	3b20      	subs	r3, #32
10004ff8:	2b03      	cmp	r3, #3
10004ffa:	d8f7      	bhi.n	10004fec <cdcd_control_xfer_cb+0x18>
10004ffc:	e8df f003 	tbb	[pc, r3]
10005000:	020d2327 	.word	0x020d2327
10005004:	2901      	cmp	r1, #1
10005006:	d02e      	beq.n	10005066 <cdcd_control_xfer_cb+0x92>
10005008:	2903      	cmp	r1, #3
1000500a:	d11e      	bne.n	1000504a <cdcd_control_xfer_cb+0x76>
1000500c:	4b1c      	ldr	r3, [pc, #112]	@ (10005080 <cdcd_control_xfer_cb+0xac>)
1000500e:	b1e3      	cbz	r3, 1000504a <cdcd_control_xfer_cb+0x76>
10005010:	2000      	movs	r0, #0
10005012:	8851      	ldrh	r1, [r2, #2]
10005014:	f3af 8000 	nop.w
10005018:	e017      	b.n	1000504a <cdcd_control_xfer_cb+0x76>
1000501a:	2901      	cmp	r1, #1
1000501c:	d023      	beq.n	10005066 <cdcd_control_xfer_cb+0x92>
1000501e:	2903      	cmp	r1, #3
10005020:	d113      	bne.n	1000504a <cdcd_control_xfer_cb+0x76>
10005022:	8855      	ldrh	r5, [r2, #2]
10005024:	4817      	ldr	r0, [pc, #92]	@ (10005084 <cdcd_control_xfer_cb+0xb0>)
10005026:	f005 0601 	and.w	r6, r5, #1
1000502a:	f086 0101 	eor.w	r1, r6, #1
1000502e:	7125      	strb	r5, [r4, #4]
10005030:	f000 fdb8 	bl	10005ba4 <tu_fifo_set_overwritable>
10005034:	4b14      	ldr	r3, [pc, #80]	@ (10005088 <cdcd_control_xfer_cb+0xb4>)
10005036:	b143      	cbz	r3, 1000504a <cdcd_control_xfer_cb+0x76>
10005038:	4631      	mov	r1, r6
1000503a:	2000      	movs	r0, #0
1000503c:	f3c5 0240 	ubfx	r2, r5, #1, #1
10005040:	f3af 8000 	nop.w
10005044:	e001      	b.n	1000504a <cdcd_control_xfer_cb+0x76>
10005046:	2901      	cmp	r1, #1
10005048:	d011      	beq.n	1000506e <cdcd_control_xfer_cb+0x9a>
1000504a:	2001      	movs	r0, #1
1000504c:	bd70      	pop	{r4, r5, r6, pc}
1000504e:	2901      	cmp	r1, #1
10005050:	d00d      	beq.n	1000506e <cdcd_control_xfer_cb+0x9a>
10005052:	2903      	cmp	r1, #3
10005054:	d1f9      	bne.n	1000504a <cdcd_control_xfer_cb+0x76>
10005056:	4b0d      	ldr	r3, [pc, #52]	@ (1000508c <cdcd_control_xfer_cb+0xb8>)
10005058:	2b00      	cmp	r3, #0
1000505a:	d0f6      	beq.n	1000504a <cdcd_control_xfer_cb+0x76>
1000505c:	2000      	movs	r0, #0
1000505e:	490c      	ldr	r1, [pc, #48]	@ (10005090 <cdcd_control_xfer_cb+0xbc>)
10005060:	f7fe faac 	bl	100035bc <tud_cdc_line_coding_cb>
10005064:	e7f1      	b.n	1000504a <cdcd_control_xfer_cb+0x76>
10005066:	4611      	mov	r1, r2
10005068:	f7ff fcbc 	bl	100049e4 <tud_control_status>
1000506c:	e7ed      	b.n	1000504a <cdcd_control_xfer_cb+0x76>
1000506e:	4611      	mov	r1, r2
10005070:	2307      	movs	r3, #7
10005072:	4a07      	ldr	r2, [pc, #28]	@ (10005090 <cdcd_control_xfer_cb+0xbc>)
10005074:	f7ff fcd0 	bl	10004a18 <tud_control_xfer>
10005078:	e7e7      	b.n	1000504a <cdcd_control_xfer_cb+0x76>
1000507a:	bf00      	nop
1000507c:	20001ed8 	.word	0x20001ed8
10005080:	00000000 	.word	0x00000000
10005084:	20001efc 	.word	0x20001efc
10005088:	00000000 	.word	0x00000000
1000508c:	100035bd 	.word	0x100035bd
10005090:	20001ee0 	.word	0x20001ee0

10005094 <cdcd_xfer_cb>:
10005094:	e92d 43f8 	stmdb	sp!, {r3, r4, r5, r6, r7, r8, r9, lr}
10005098:	4e35      	ldr	r6, [pc, #212]	@ (10005170 <cdcd_xfer_cb+0xdc>)
1000509a:	460c      	mov	r4, r1
1000509c:	78f2      	ldrb	r2, [r6, #3]
1000509e:	4607      	mov	r7, r0
100050a0:	428a      	cmp	r2, r1
100050a2:	461d      	mov	r5, r3
100050a4:	d03d      	beq.n	10005122 <cdcd_xfer_cb+0x8e>
100050a6:	78b3      	ldrb	r3, [r6, #2]
100050a8:	428b      	cmp	r3, r1
100050aa:	d012      	beq.n	100050d2 <cdcd_xfer_cb+0x3e>
100050ac:	f04f 23e0 	mov.w	r3, #3758153728	@ 0xe000e000
100050b0:	f8d3 3df0 	ldr.w	r3, [r3, #3568]	@ 0xdf0
100050b4:	07db      	lsls	r3, r3, #31
100050b6:	d432      	bmi.n	1000511e <cdcd_xfer_cb+0x8a>
100050b8:	2000      	movs	r0, #0
100050ba:	e8bd 83f8 	ldmia.w	sp!, {r3, r4, r5, r6, r7, r8, r9, pc}
100050be:	4b2d      	ldr	r3, [pc, #180]	@ (10005174 <cdcd_xfer_cb+0xe0>)
100050c0:	b123      	cbz	r3, 100050cc <cdcd_xfer_cb+0x38>
100050c2:	482d      	ldr	r0, [pc, #180]	@ (10005178 <cdcd_xfer_cb+0xe4>)
100050c4:	f000 fb80 	bl	100057c8 <tu_fifo_empty>
100050c8:	2800      	cmp	r0, #0
100050ca:	d04d      	beq.n	10005168 <cdcd_xfer_cb+0xd4>
100050cc:	2000      	movs	r0, #0
100050ce:	f7ff fd99 	bl	10004c04 <_prep_out_transaction.isra.0>
100050d2:	78b3      	ldrb	r3, [r6, #2]
100050d4:	42a3      	cmp	r3, r4
100050d6:	d001      	beq.n	100050dc <cdcd_xfer_cb+0x48>
100050d8:	2001      	movs	r0, #1
100050da:	e7ee      	b.n	100050ba <cdcd_xfer_cb+0x26>
100050dc:	4b27      	ldr	r3, [pc, #156]	@ (1000517c <cdcd_xfer_cb+0xe8>)
100050de:	b113      	cbz	r3, 100050e6 <cdcd_xfer_cb+0x52>
100050e0:	2000      	movs	r0, #0
100050e2:	f3af 8000 	nop.w
100050e6:	2000      	movs	r0, #0
100050e8:	f7ff fe2e 	bl	10004d48 <tud_cdc_n_write_flush>
100050ec:	2800      	cmp	r0, #0
100050ee:	d1f3      	bne.n	100050d8 <cdcd_xfer_cb+0x44>
100050f0:	4823      	ldr	r0, [pc, #140]	@ (10005180 <cdcd_xfer_cb+0xec>)
100050f2:	f000 fb59 	bl	100057a8 <tu_fifo_count>
100050f6:	2800      	cmp	r0, #0
100050f8:	d1ee      	bne.n	100050d8 <cdcd_xfer_cb+0x44>
100050fa:	2d00      	cmp	r5, #0
100050fc:	d0ec      	beq.n	100050d8 <cdcd_xfer_cb+0x44>
100050fe:	f015 053f 	ands.w	r5, r5, #63	@ 0x3f
10005102:	d1e9      	bne.n	100050d8 <cdcd_xfer_cb+0x44>
10005104:	4638      	mov	r0, r7
10005106:	78b1      	ldrb	r1, [r6, #2]
10005108:	f7ff fc10 	bl	1000492c <usbd_edpt_claim>
1000510c:	2800      	cmp	r0, #0
1000510e:	d0e3      	beq.n	100050d8 <cdcd_xfer_cb+0x44>
10005110:	462b      	mov	r3, r5
10005112:	462a      	mov	r2, r5
10005114:	4638      	mov	r0, r7
10005116:	78b1      	ldrb	r1, [r6, #2]
10005118:	f7ff fc2c 	bl	10004974 <usbd_edpt_xfer>
1000511c:	e7dc      	b.n	100050d8 <cdcd_xfer_cb+0x44>
1000511e:	be00      	bkpt	0x0000
10005120:	e7ca      	b.n	100050b8 <cdcd_xfer_cb+0x24>
10005122:	b29a      	uxth	r2, r3
10005124:	4917      	ldr	r1, [pc, #92]	@ (10005184 <cdcd_xfer_cb+0xf0>)
10005126:	f106 0010 	add.w	r0, r6, #16
1000512a:	f000 fc71 	bl	10005a10 <tu_fifo_write_n>
1000512e:	4b16      	ldr	r3, [pc, #88]	@ (10005188 <cdcd_xfer_cb+0xf4>)
10005130:	2b00      	cmp	r3, #0
10005132:	d0c4      	beq.n	100050be <cdcd_xfer_cb+0x2a>
10005134:	7973      	ldrb	r3, [r6, #5]
10005136:	2bff      	cmp	r3, #255	@ 0xff
10005138:	d0c1      	beq.n	100050be <cdcd_xfer_cb+0x2a>
1000513a:	2d00      	cmp	r5, #0
1000513c:	d0bf      	beq.n	100050be <cdcd_xfer_cb+0x2a>
1000513e:	f8df 8044 	ldr.w	r8, [pc, #68]	@ 10005184 <cdcd_xfer_cb+0xf0>
10005142:	eb08 0905 	add.w	r9, r8, r5
10005146:	e002      	b.n	1000514e <cdcd_xfer_cb+0xba>
10005148:	45c8      	cmp	r8, r9
1000514a:	d0b8      	beq.n	100050be <cdcd_xfer_cb+0x2a>
1000514c:	7973      	ldrb	r3, [r6, #5]
1000514e:	f818 2b01 	ldrb.w	r2, [r8], #1
10005152:	429a      	cmp	r2, r3
10005154:	d1f8      	bne.n	10005148 <cdcd_xfer_cb+0xb4>
10005156:	4808      	ldr	r0, [pc, #32]	@ (10005178 <cdcd_xfer_cb+0xe4>)
10005158:	f000 fb36 	bl	100057c8 <tu_fifo_empty>
1000515c:	2800      	cmp	r0, #0
1000515e:	d1f3      	bne.n	10005148 <cdcd_xfer_cb+0xb4>
10005160:	7971      	ldrb	r1, [r6, #5]
10005162:	f3af 8000 	nop.w
10005166:	e7ef      	b.n	10005148 <cdcd_xfer_cb+0xb4>
10005168:	f3af 8000 	nop.w
1000516c:	e7ae      	b.n	100050cc <cdcd_xfer_cb+0x38>
1000516e:	bf00      	nop
10005170:	20001ed8 	.word	0x20001ed8
10005174:	00000000 	.word	0x00000000
10005178:	20001ee8 	.word	0x20001ee8
1000517c:	00000000 	.word	0x00000000
10005180:	20001efc 	.word	0x20001efc
10005184:	20001e54 	.word	0x20001e54
10005188:	00000000 	.word	0x00000000

1000518c <vendord_init>:
1000518c:	b5f0      	push	{r4, r5, r6, r7, lr}
1000518e:	f44f 7213 	mov.w	r2, #588	@ 0x24c
10005192:	b085      	sub	sp, #20
10005194:	2100      	movs	r1, #0
10005196:	4812      	ldr	r0, [pc, #72]	@ (100051e0 <vendord_init+0x54>)
10005198:	f003 fc12 	bl	100089c0 <memset>
1000519c:	2640      	movs	r6, #64	@ 0x40
1000519e:	2300      	movs	r3, #0
100051a0:	f44f 7580 	mov.w	r5, #256	@ 0x100
100051a4:	4f0e      	ldr	r7, [pc, #56]	@ (100051e0 <vendord_init+0x54>)
100051a6:	4c0f      	ldr	r4, [pc, #60]	@ (100051e4 <vendord_init+0x58>)
100051a8:	f507 72a6 	add.w	r2, r7, #332	@ 0x14c
100051ac:	4619      	mov	r1, r3
100051ae:	e9cd 4602 	strd	r4, r6, [sp, #8]
100051b2:	9200      	str	r2, [sp, #0]
100051b4:	9501      	str	r5, [sp, #4]
100051b6:	461a      	mov	r2, r3
100051b8:	f507 7094 	add.w	r0, r7, #296	@ 0x128
100051bc:	f000 f9c6 	bl	1000554c <tu_edpt_stream_init>
100051c0:	2300      	movs	r3, #0
100051c2:	4638      	mov	r0, r7
100051c4:	f107 0128 	add.w	r1, r7, #40	@ 0x28
100051c8:	4434      	add	r4, r6
100051ca:	9100      	str	r1, [sp, #0]
100051cc:	2201      	movs	r2, #1
100051ce:	4619      	mov	r1, r3
100051d0:	e9cd 4602 	strd	r4, r6, [sp, #8]
100051d4:	9501      	str	r5, [sp, #4]
100051d6:	3004      	adds	r0, #4
100051d8:	f000 f9b8 	bl	1000554c <tu_edpt_stream_init>
100051dc:	b005      	add	sp, #20
100051de:	bdf0      	pop	{r4, r5, r6, r7, pc}
100051e0:	200021bc 	.word	0x200021bc
100051e4:	2000213c 	.word	0x2000213c

100051e8 <vendord_deinit>:
100051e8:	b508      	push	{r3, lr}
100051ea:	4805      	ldr	r0, [pc, #20]	@ (10005200 <vendord_deinit+0x18>)
100051ec:	f000 f9da 	bl	100055a4 <tu_edpt_stream_deinit>
100051f0:	4b03      	ldr	r3, [pc, #12]	@ (10005200 <vendord_deinit+0x18>)
100051f2:	f5a3 7092 	sub.w	r0, r3, #292	@ 0x124
100051f6:	f000 f9d5 	bl	100055a4 <tu_edpt_stream_deinit>
100051fa:	2001      	movs	r0, #1
100051fc:	bd08      	pop	{r3, pc}
100051fe:	bf00      	nop
10005200:	200022e4 	.word	0x200022e4

10005204 <vendord_reset>:
10005204:	b538      	push	{r3, r4, r5, lr}
10005206:	2500      	movs	r5, #0
10005208:	4c06      	ldr	r4, [pc, #24]	@ (10005224 <vendord_reset+0x20>)
1000520a:	f504 7098 	add.w	r0, r4, #304	@ 0x130
1000520e:	7025      	strb	r5, [r4, #0]
10005210:	f000 fcac 	bl	10005b6c <tu_fifo_clear>
10005214:	f104 000c 	add.w	r0, r4, #12
10005218:	f000 fca8 	bl	10005b6c <tu_fifo_clear>
1000521c:	f884 5129 	strb.w	r5, [r4, #297]	@ 0x129
10005220:	7165      	strb	r5, [r4, #5]
10005222:	bd38      	pop	{r3, r4, r5, pc}
10005224:	200021bc 	.word	0x200021bc

10005228 <vendord_open>:
10005228:	e92d 43f8 	stmdb	sp!, {r3, r4, r5, r6, r7, r8, r9, lr}
1000522c:	794b      	ldrb	r3, [r1, #5]
1000522e:	2bff      	cmp	r3, #255	@ 0xff
10005230:	d151      	bne.n	100052d6 <vendord_open+0xae>
10005232:	4e35      	ldr	r6, [pc, #212]	@ (10005308 <vendord_open+0xe0>)
10005234:	f896 3129 	ldrb.w	r3, [r6, #297]	@ 0x129
10005238:	2b00      	cmp	r3, #0
1000523a:	d14c      	bne.n	100052d6 <vendord_open+0xae>
1000523c:	f896 8005 	ldrb.w	r8, [r6, #5]
10005240:	f1b8 0f00 	cmp.w	r8, #0
10005244:	d147      	bne.n	100052d6 <vendord_open+0xae>
10005246:	788b      	ldrb	r3, [r1, #2]
10005248:	780c      	ldrb	r4, [r1, #0]
1000524a:	7033      	strb	r3, [r6, #0]
1000524c:	790b      	ldrb	r3, [r1, #4]
1000524e:	460f      	mov	r7, r1
10005250:	440c      	add	r4, r1
10005252:	b3ab      	cbz	r3, 100052c0 <vendord_open+0x98>
10005254:	4681      	mov	r9, r0
10005256:	18a5      	adds	r5, r4, r2
10005258:	e003      	b.n	10005262 <vendord_open+0x3a>
1000525a:	42a5      	cmp	r5, r4
1000525c:	d930      	bls.n	100052c0 <vendord_open+0x98>
1000525e:	7823      	ldrb	r3, [r4, #0]
10005260:	441c      	add	r4, r3
10005262:	7863      	ldrb	r3, [r4, #1]
10005264:	2b05      	cmp	r3, #5
10005266:	d1f8      	bne.n	1000525a <vendord_open+0x32>
10005268:	42ac      	cmp	r4, r5
1000526a:	d229      	bcs.n	100052c0 <vendord_open+0x98>
1000526c:	4621      	mov	r1, r4
1000526e:	4648      	mov	r0, r9
10005270:	f7ff fb3a 	bl	100048e8 <usbd_edpt_open>
10005274:	b340      	cbz	r0, 100052c8 <vendord_open+0xa0>
10005276:	78a3      	ldrb	r3, [r4, #2]
10005278:	09db      	lsrs	r3, r3, #7
1000527a:	d12f      	bne.n	100052dc <vendord_open+0xb4>
1000527c:	4823      	ldr	r0, [pc, #140]	@ (1000530c <vendord_open+0xe4>)
1000527e:	f000 fc75 	bl	10005b6c <tu_fifo_clear>
10005282:	78a3      	ldrb	r3, [r4, #2]
10005284:	f896 2128 	ldrb.w	r2, [r6, #296]	@ 0x128
10005288:	f886 3129 	strb.w	r3, [r6, #297]	@ 0x129
1000528c:	88a3      	ldrh	r3, [r4, #4]
1000528e:	4648      	mov	r0, r9
10005290:	f3c3 030a 	ubfx	r3, r3, #0, #11
10005294:	f5a3 7300 	sub.w	r3, r3, #512	@ 0x200
10005298:	fab3 f383 	clz	r3, r3
1000529c:	095b      	lsrs	r3, r3, #5
1000529e:	f363 0241 	bfi	r2, r3, #1, #1
100052a2:	491b      	ldr	r1, [pc, #108]	@ (10005310 <vendord_open+0xe8>)
100052a4:	f886 2128 	strb.w	r2, [r6, #296]	@ 0x128
100052a8:	f000 f9ea 	bl	10005680 <tu_edpt_stream_read_xfer>
100052ac:	b160      	cbz	r0, 100052c8 <vendord_open+0xa0>
100052ae:	7823      	ldrb	r3, [r4, #0]
100052b0:	793a      	ldrb	r2, [r7, #4]
100052b2:	f108 0801 	add.w	r8, r8, #1
100052b6:	441c      	add	r4, r3
100052b8:	fa5f f388 	uxtb.w	r3, r8
100052bc:	429a      	cmp	r2, r3
100052be:	d8d0      	bhi.n	10005262 <vendord_open+0x3a>
100052c0:	1be1      	subs	r1, r4, r7
100052c2:	b288      	uxth	r0, r1
100052c4:	e8bd 83f8 	ldmia.w	sp!, {r3, r4, r5, r6, r7, r8, r9, pc}
100052c8:	f04f 23e0 	mov.w	r3, #3758153728	@ 0xe000e000
100052cc:	f8d3 3df0 	ldr.w	r3, [r3, #3568]	@ 0xdf0
100052d0:	07db      	lsls	r3, r3, #31
100052d2:	d500      	bpl.n	100052d6 <vendord_open+0xae>
100052d4:	be00      	bkpt	0x0000
100052d6:	2000      	movs	r0, #0
100052d8:	e8bd 83f8 	ldmia.w	sp!, {r3, r4, r5, r6, r7, r8, r9, pc}
100052dc:	480d      	ldr	r0, [pc, #52]	@ (10005314 <vendord_open+0xec>)
100052de:	f000 fc45 	bl	10005b6c <tu_fifo_clear>
100052e2:	78a3      	ldrb	r3, [r4, #2]
100052e4:	7932      	ldrb	r2, [r6, #4]
100052e6:	7173      	strb	r3, [r6, #5]
100052e8:	88a3      	ldrh	r3, [r4, #4]
100052ea:	490b      	ldr	r1, [pc, #44]	@ (10005318 <vendord_open+0xf0>)
100052ec:	f3c3 030a 	ubfx	r3, r3, #0, #11
100052f0:	f5a3 7300 	sub.w	r3, r3, #512	@ 0x200
100052f4:	fab3 f383 	clz	r3, r3
100052f8:	095b      	lsrs	r3, r3, #5
100052fa:	f363 0241 	bfi	r2, r3, #1, #1
100052fe:	2000      	movs	r0, #0
10005300:	7132      	strb	r2, [r6, #4]
10005302:	f000 f985 	bl	10005610 <tu_edpt_stream_write_xfer>
10005306:	e7d2      	b.n	100052ae <vendord_open+0x86>
10005308:	200021bc 	.word	0x200021bc
1000530c:	200022ec 	.word	0x200022ec
10005310:	200022e4 	.word	0x200022e4
10005314:	200021c8 	.word	0x200021c8
10005318:	200021c0 	.word	0x200021c0

1000531c <vendord_xfer_cb>:
1000531c:	b570      	push	{r4, r5, r6, lr}
1000531e:	4c1b      	ldr	r4, [pc, #108]	@ (1000538c <vendord_xfer_cb+0x70>)
10005320:	4606      	mov	r6, r0
10005322:	f894 c129 	ldrb.w	ip, [r4, #297]	@ 0x129
10005326:	461d      	mov	r5, r3
10005328:	458c      	cmp	ip, r1
1000532a:	d011      	beq.n	10005350 <vendord_xfer_cb+0x34>
1000532c:	7963      	ldrb	r3, [r4, #5]
1000532e:	428b      	cmp	r3, r1
10005330:	d001      	beq.n	10005336 <vendord_xfer_cb+0x1a>
10005332:	2000      	movs	r0, #0
10005334:	bd70      	pop	{r4, r5, r6, pc}
10005336:	4b16      	ldr	r3, [pc, #88]	@ (10005390 <vendord_xfer_cb+0x74>)
10005338:	b11b      	cbz	r3, 10005342 <vendord_xfer_cb+0x26>
1000533a:	2000      	movs	r0, #0
1000533c:	b2a9      	uxth	r1, r5
1000533e:	f3af 8000 	nop.w
10005342:	4630      	mov	r0, r6
10005344:	4913      	ldr	r1, [pc, #76]	@ (10005394 <vendord_xfer_cb+0x78>)
10005346:	f000 f963 	bl	10005610 <tu_edpt_stream_write_xfer>
1000534a:	b1c8      	cbz	r0, 10005380 <vendord_xfer_cb+0x64>
1000534c:	2001      	movs	r0, #1
1000534e:	bd70      	pop	{r4, r5, r6, pc}
10005350:	f8b4 3134 	ldrh.w	r3, [r4, #308]	@ 0x134
10005354:	b963      	cbnz	r3, 10005370 <vendord_xfer_cb+0x54>
10005356:	4b10      	ldr	r3, [pc, #64]	@ (10005398 <vendord_xfer_cb+0x7c>)
10005358:	b123      	cbz	r3, 10005364 <vendord_xfer_cb+0x48>
1000535a:	2000      	movs	r0, #0
1000535c:	490f      	ldr	r1, [pc, #60]	@ (1000539c <vendord_xfer_cb+0x80>)
1000535e:	b2aa      	uxth	r2, r5
10005360:	f3af 8000 	nop.w
10005364:	4630      	mov	r0, r6
10005366:	490e      	ldr	r1, [pc, #56]	@ (100053a0 <vendord_xfer_cb+0x84>)
10005368:	f000 f98a 	bl	10005680 <tu_edpt_stream_read_xfer>
1000536c:	2001      	movs	r0, #1
1000536e:	e7ee      	b.n	1000534e <vendord_xfer_cb+0x32>
10005370:	f8d4 112c 	ldr.w	r1, [r4, #300]	@ 0x12c
10005374:	b2aa      	uxth	r2, r5
10005376:	f504 7098 	add.w	r0, r4, #304	@ 0x130
1000537a:	f000 fb49 	bl	10005a10 <tu_fifo_write_n>
1000537e:	e7ea      	b.n	10005356 <vendord_xfer_cb+0x3a>
10005380:	462a      	mov	r2, r5
10005382:	4630      	mov	r0, r6
10005384:	4903      	ldr	r1, [pc, #12]	@ (10005394 <vendord_xfer_cb+0x78>)
10005386:	f000 f90f 	bl	100055a8 <tu_edpt_stream_write_zlp_if_needed>
1000538a:	e7df      	b.n	1000534c <vendord_xfer_cb+0x30>
1000538c:	200021bc 	.word	0x200021bc
10005390:	00000000 	.word	0x00000000
10005394:	200021c0 	.word	0x200021c0
10005398:	00000000 	.word	0x00000000
1000539c:	2000213c 	.word	0x2000213c
100053a0:	200022e4 	.word	0x200022e4

100053a4 <tusb_rhport_init>:
100053a4:	b510      	push	{r4, lr}
100053a6:	b082      	sub	sp, #8
100053a8:	b1c9      	cbz	r1, 100053de <tusb_rhport_init+0x3a>
100053aa:	2801      	cmp	r0, #1
100053ac:	d80c      	bhi.n	100053c8 <tusb_rhport_init+0x24>
100053ae:	780b      	ldrb	r3, [r1, #0]
100053b0:	b153      	cbz	r3, 100053c8 <tusb_rhport_init+0x24>
100053b2:	4c14      	ldr	r4, [pc, #80]	@ (10005404 <tusb_rhport_init+0x60>)
100053b4:	2b01      	cmp	r3, #1
100053b6:	5423      	strb	r3, [r4, r0]
100053b8:	d002      	beq.n	100053c0 <tusb_rhport_init+0x1c>
100053ba:	2001      	movs	r0, #1
100053bc:	b002      	add	sp, #8
100053be:	bd10      	pop	{r4, pc}
100053c0:	f7fe fe08 	bl	10003fd4 <tud_rhport_init>
100053c4:	2800      	cmp	r0, #0
100053c6:	d1f8      	bne.n	100053ba <tusb_rhport_init+0x16>
100053c8:	f04f 23e0 	mov.w	r3, #3758153728	@ 0xe000e000
100053cc:	f8d3 3df0 	ldr.w	r3, [r3, #3568]	@ 0xdf0
100053d0:	07db      	lsls	r3, r3, #31
100053d2:	d402      	bmi.n	100053da <tusb_rhport_init+0x36>
100053d4:	2000      	movs	r0, #0
100053d6:	b002      	add	sp, #8
100053d8:	bd10      	pop	{r4, pc}
100053da:	be00      	bkpt	0x0000
100053dc:	e7fa      	b.n	100053d4 <tusb_rhport_init+0x30>
100053de:	2401      	movs	r4, #1
100053e0:	4608      	mov	r0, r1
100053e2:	a901      	add	r1, sp, #4
100053e4:	f8ad 4004 	strh.w	r4, [sp, #4]
100053e8:	f7fe fdf4 	bl	10003fd4 <tud_rhport_init>
100053ec:	b938      	cbnz	r0, 100053fe <tusb_rhport_init+0x5a>
100053ee:	f04f 23e0 	mov.w	r3, #3758153728	@ 0xe000e000
100053f2:	f8d3 3df0 	ldr.w	r3, [r3, #3568]	@ 0xdf0
100053f6:	07da      	lsls	r2, r3, #31
100053f8:	d5ed      	bpl.n	100053d6 <tusb_rhport_init+0x32>
100053fa:	be00      	bkpt	0x0000
100053fc:	e7eb      	b.n	100053d6 <tusb_rhport_init+0x32>
100053fe:	4b01      	ldr	r3, [pc, #4]	@ (10005404 <tusb_rhport_init+0x60>)
10005400:	701c      	strb	r4, [r3, #0]
10005402:	e7e8      	b.n	100053d6 <tusb_rhport_init+0x32>
10005404:	20002014 	.word	0x20002014

10005408 <tu_edpt_claim>:
10005408:	b5f8      	push	{r3, r4, r5, r6, r7, lr}
1000540a:	7803      	ldrb	r3, [r0, #0]
1000540c:	f013 0401 	ands.w	r4, r3, #1
10005410:	d11a      	bne.n	10005448 <tu_edpt_claim+0x40>
10005412:	7803      	ldrb	r3, [r0, #0]
10005414:	4605      	mov	r5, r0
10005416:	075a      	lsls	r2, r3, #29
10005418:	f3c3 0780 	ubfx	r7, r3, #2, #1
1000541c:	d501      	bpl.n	10005422 <tu_edpt_claim+0x1a>
1000541e:	4620      	mov	r0, r4
10005420:	bdf8      	pop	{r3, r4, r5, r6, r7, pc}
10005422:	460e      	mov	r6, r1
10005424:	f04f 31ff 	mov.w	r1, #4294967295
10005428:	4630      	mov	r0, r6
1000542a:	f003 fd39 	bl	10008ea0 <__mutex_enter_timeout_ms_veneer>
1000542e:	782b      	ldrb	r3, [r5, #0]
10005430:	f013 0401 	ands.w	r4, r3, #1
10005434:	d10b      	bne.n	1000544e <tu_edpt_claim+0x46>
10005436:	782b      	ldrb	r3, [r5, #0]
10005438:	075b      	lsls	r3, r3, #29
1000543a:	d409      	bmi.n	10005450 <tu_edpt_claim+0x48>
1000543c:	782b      	ldrb	r3, [r5, #0]
1000543e:	2401      	movs	r4, #1
10005440:	f043 0304 	orr.w	r3, r3, #4
10005444:	702b      	strb	r3, [r5, #0]
10005446:	e003      	b.n	10005450 <tu_edpt_claim+0x48>
10005448:	2400      	movs	r4, #0
1000544a:	4620      	mov	r0, r4
1000544c:	bdf8      	pop	{r3, r4, r5, r6, r7, pc}
1000544e:	463c      	mov	r4, r7
10005450:	4630      	mov	r0, r6
10005452:	f003 fd35 	bl	10008ec0 <__mutex_exit_veneer>
10005456:	4620      	mov	r0, r4
10005458:	bdf8      	pop	{r3, r4, r5, r6, r7, pc}
1000545a:	bf00      	nop

1000545c <tu_edpt_release>:
1000545c:	b570      	push	{r4, r5, r6, lr}
1000545e:	460c      	mov	r4, r1
10005460:	4605      	mov	r5, r0
10005462:	f04f 31ff 	mov.w	r1, #4294967295
10005466:	4620      	mov	r0, r4
10005468:	f003 fd1a 	bl	10008ea0 <__mutex_enter_timeout_ms_veneer>
1000546c:	782b      	ldrb	r3, [r5, #0]
1000546e:	f3c3 0680 	ubfx	r6, r3, #2, #1
10005472:	075b      	lsls	r3, r3, #29
10005474:	d508      	bpl.n	10005488 <tu_edpt_release+0x2c>
10005476:	782b      	ldrb	r3, [r5, #0]
10005478:	f013 0301 	ands.w	r3, r3, #1
1000547c:	bf11      	iteee	ne
1000547e:	2600      	movne	r6, #0
10005480:	782a      	ldrbeq	r2, [r5, #0]
10005482:	f363 0282 	bfieq	r2, r3, #2, #1
10005486:	702a      	strbeq	r2, [r5, #0]
10005488:	4620      	mov	r0, r4
1000548a:	f003 fd19 	bl	10008ec0 <__mutex_exit_veneer>
1000548e:	4630      	mov	r0, r6
10005490:	bd70      	pop	{r4, r5, r6, pc}
10005492:	bf00      	nop

10005494 <tu_edpt_validate>:
10005494:	78c3      	ldrb	r3, [r0, #3]
10005496:	8882      	ldrh	r2, [r0, #4]
10005498:	f003 0003 	and.w	r0, r3, #3
1000549c:	2802      	cmp	r0, #2
1000549e:	f3c2 020a 	ubfx	r2, r2, #0, #11
100054a2:	d015      	beq.n	100054d0 <tu_edpt_validate+0x3c>
100054a4:	2803      	cmp	r0, #3
100054a6:	d00a      	beq.n	100054be <tu_edpt_validate+0x2a>
100054a8:	2801      	cmp	r0, #1
100054aa:	d11c      	bne.n	100054e6 <tu_edpt_validate+0x52>
100054ac:	2902      	cmp	r1, #2
100054ae:	f240 33ff 	movw	r3, #1023	@ 0x3ff
100054b2:	bf08      	it	eq
100054b4:	f44f 6380 	moveq.w	r3, #1024	@ 0x400
100054b8:	4293      	cmp	r3, r2
100054ba:	d30d      	bcc.n	100054d8 <tu_edpt_validate+0x44>
100054bc:	4770      	bx	lr
100054be:	2902      	cmp	r1, #2
100054c0:	bf14      	ite	ne
100054c2:	2340      	movne	r3, #64	@ 0x40
100054c4:	f44f 6380 	moveq.w	r3, #1024	@ 0x400
100054c8:	4293      	cmp	r3, r2
100054ca:	d305      	bcc.n	100054d8 <tu_edpt_validate+0x44>
100054cc:	2001      	movs	r0, #1
100054ce:	4770      	bx	lr
100054d0:	2902      	cmp	r1, #2
100054d2:	d00a      	beq.n	100054ea <tu_edpt_validate+0x56>
100054d4:	2a40      	cmp	r2, #64	@ 0x40
100054d6:	d9f9      	bls.n	100054cc <tu_edpt_validate+0x38>
100054d8:	f04f 23e0 	mov.w	r3, #3758153728	@ 0xe000e000
100054dc:	f8d3 3df0 	ldr.w	r3, [r3, #3568]	@ 0xdf0
100054e0:	07db      	lsls	r3, r3, #31
100054e2:	d500      	bpl.n	100054e6 <tu_edpt_validate+0x52>
100054e4:	be00      	bkpt	0x0000
100054e6:	2000      	movs	r0, #0
100054e8:	4770      	bx	lr
100054ea:	f5b2 7f00 	cmp.w	r2, #512	@ 0x200
100054ee:	d0ed      	beq.n	100054cc <tu_edpt_validate+0x38>
100054f0:	e7f2      	b.n	100054d8 <tu_edpt_validate+0x44>
100054f2:	bf00      	nop

100054f4 <tu_edpt_bind_driver>:
100054f4:	440a      	add	r2, r1
100054f6:	4291      	cmp	r1, r2
100054f8:	d226      	bcs.n	10005548 <tu_edpt_bind_driver+0x54>
100054fa:	f891 c001 	ldrb.w	ip, [r1, #1]
100054fe:	f1bc 0f05 	cmp.w	ip, #5
10005502:	d005      	beq.n	10005510 <tu_edpt_bind_driver+0x1c>
10005504:	f891 c000 	ldrb.w	ip, [r1]
10005508:	4461      	add	r1, ip
1000550a:	428a      	cmp	r2, r1
1000550c:	d8f5      	bhi.n	100054fa <tu_edpt_bind_driver+0x6>
1000550e:	4770      	bx	lr
10005510:	b500      	push	{lr}
10005512:	f891 c002 	ldrb.w	ip, [r1, #2]
10005516:	f00c 0e7f 	and.w	lr, ip, #127	@ 0x7f
1000551a:	eb00 0e4e 	add.w	lr, r0, lr, lsl #1
1000551e:	ea4f 1cdc 	mov.w	ip, ip, lsr #7
10005522:	f80e 300c 	strb.w	r3, [lr, ip]
10005526:	f891 c000 	ldrb.w	ip, [r1]
1000552a:	4461      	add	r1, ip
1000552c:	428a      	cmp	r2, r1
1000552e:	d909      	bls.n	10005544 <tu_edpt_bind_driver+0x50>
10005530:	f891 c001 	ldrb.w	ip, [r1, #1]
10005534:	f1bc 0f05 	cmp.w	ip, #5
10005538:	d0eb      	beq.n	10005512 <tu_edpt_bind_driver+0x1e>
1000553a:	f891 c000 	ldrb.w	ip, [r1]
1000553e:	4461      	add	r1, ip
10005540:	428a      	cmp	r2, r1
10005542:	d8f5      	bhi.n	10005530 <tu_edpt_bind_driver+0x3c>
10005544:	f85d fb04 	ldr.w	pc, [sp], #4
10005548:	4770      	bx	lr
1000554a:	bf00      	nop

1000554c <tu_edpt_stream_init>:
1000554c:	e92d 41f0 	stmdb	sp!, {r4, r5, r6, r7, r8, lr}
10005550:	468e      	mov	lr, r1
10005552:	b082      	sub	sp, #8
10005554:	9300      	str	r3, [sp, #0]
10005556:	f890 c000 	ldrb.w	ip, [r0]
1000555a:	9e08      	ldr	r6, [sp, #32]
1000555c:	f8bd 7024 	ldrh.w	r7, [sp, #36]	@ 0x24
10005560:	f36e 0c00 	bfi	ip, lr, #0, #1
10005564:	4604      	mov	r4, r0
10005566:	4615      	mov	r5, r2
10005568:	2301      	movs	r3, #1
1000556a:	4631      	mov	r1, r6
1000556c:	463a      	mov	r2, r7
1000556e:	f800 cb08 	strb.w	ip, [r0], #8
10005572:	f8bd 802c 	ldrh.w	r8, [sp, #44]	@ 0x2c
10005576:	f000 f8e7 	bl	10005748 <tu_fifo_config>
1000557a:	b106      	cbz	r6, 1000557e <tu_edpt_stream_init+0x32>
1000557c:	b93f      	cbnz	r7, 1000558e <tu_edpt_stream_init+0x42>
1000557e:	2001      	movs	r0, #1
10005580:	9b0a      	ldr	r3, [sp, #40]	@ 0x28
10005582:	f8a4 8002 	strh.w	r8, [r4, #2]
10005586:	6063      	str	r3, [r4, #4]
10005588:	b002      	add	sp, #8
1000558a:	e8bd 81f0 	ldmia.w	sp!, {r4, r5, r6, r7, r8, pc}
1000558e:	f104 061c 	add.w	r6, r4, #28
10005592:	4630      	mov	r0, r6
10005594:	f7fb fa72 	bl	10000a7c <mutex_init>
10005598:	b10d      	cbz	r5, 1000559e <tu_edpt_stream_init+0x52>
1000559a:	4635      	mov	r5, r6
1000559c:	2600      	movs	r6, #0
1000559e:	e9c4 5605 	strd	r5, r6, [r4, #20]
100055a2:	e7ec      	b.n	1000557e <tu_edpt_stream_init+0x32>

100055a4 <tu_edpt_stream_deinit>:
100055a4:	2001      	movs	r0, #1
100055a6:	4770      	bx	lr

100055a8 <tu_edpt_stream_write_zlp_if_needed>:
100055a8:	b5f8      	push	{r3, r4, r5, r6, r7, lr}
100055aa:	4607      	mov	r7, r0
100055ac:	4608      	mov	r0, r1
100055ae:	f240 13ff 	movw	r3, #511	@ 0x1ff
100055b2:	4615      	mov	r5, r2
100055b4:	f810 2b08 	ldrb.w	r2, [r0], #8
100055b8:	460c      	mov	r4, r1
100055ba:	f012 0f02 	tst.w	r2, #2
100055be:	bf0c      	ite	eq
100055c0:	263f      	moveq	r6, #63	@ 0x3f
100055c2:	461e      	movne	r6, r3
100055c4:	f000 f8f0 	bl	100057a8 <tu_fifo_count>
100055c8:	b928      	cbnz	r0, 100055d6 <tu_edpt_stream_write_zlp_if_needed+0x2e>
100055ca:	b125      	cbz	r5, 100055d6 <tu_edpt_stream_write_zlp_if_needed+0x2e>
100055cc:	422e      	tst	r6, r5
100055ce:	d102      	bne.n	100055d6 <tu_edpt_stream_write_zlp_if_needed+0x2e>
100055d0:	7823      	ldrb	r3, [r4, #0]
100055d2:	07da      	lsls	r2, r3, #31
100055d4:	d501      	bpl.n	100055da <tu_edpt_stream_write_zlp_if_needed+0x32>
100055d6:	2000      	movs	r0, #0
100055d8:	bdf8      	pop	{r3, r4, r5, r6, r7, pc}
100055da:	4638      	mov	r0, r7
100055dc:	7861      	ldrb	r1, [r4, #1]
100055de:	f7ff f9a5 	bl	1000492c <usbd_edpt_claim>
100055e2:	2800      	cmp	r0, #0
100055e4:	d0f7      	beq.n	100055d6 <tu_edpt_stream_write_zlp_if_needed+0x2e>
100055e6:	7823      	ldrb	r3, [r4, #0]
100055e8:	f013 0301 	ands.w	r3, r3, #1
100055ec:	d007      	beq.n	100055fe <tu_edpt_stream_write_zlp_if_needed+0x56>
100055ee:	f04f 23e0 	mov.w	r3, #3758153728	@ 0xe000e000
100055f2:	f8d3 3df0 	ldr.w	r3, [r3, #3568]	@ 0xdf0
100055f6:	07db      	lsls	r3, r3, #31
100055f8:	d5ed      	bpl.n	100055d6 <tu_edpt_stream_write_zlp_if_needed+0x2e>
100055fa:	be00      	bkpt	0x0000
100055fc:	e7eb      	b.n	100055d6 <tu_edpt_stream_write_zlp_if_needed+0x2e>
100055fe:	461a      	mov	r2, r3
10005600:	4638      	mov	r0, r7
10005602:	7861      	ldrb	r1, [r4, #1]
10005604:	f7ff f9b6 	bl	10004974 <usbd_edpt_xfer>
10005608:	2800      	cmp	r0, #0
1000560a:	d0f0      	beq.n	100055ee <tu_edpt_stream_write_zlp_if_needed+0x46>
1000560c:	bdf8      	pop	{r3, r4, r5, r6, r7, pc}
1000560e:	bf00      	nop

10005610 <tu_edpt_stream_write_xfer>:
10005610:	b570      	push	{r4, r5, r6, lr}
10005612:	f101 0508 	add.w	r5, r1, #8
10005616:	4606      	mov	r6, r0
10005618:	4628      	mov	r0, r5
1000561a:	460c      	mov	r4, r1
1000561c:	f000 f8c4 	bl	100057a8 <tu_fifo_count>
10005620:	b110      	cbz	r0, 10005628 <tu_edpt_stream_write_xfer+0x18>
10005622:	7823      	ldrb	r3, [r4, #0]
10005624:	07da      	lsls	r2, r3, #31
10005626:	d501      	bpl.n	1000562c <tu_edpt_stream_write_xfer+0x1c>
10005628:	2000      	movs	r0, #0
1000562a:	bd70      	pop	{r4, r5, r6, pc}
1000562c:	4630      	mov	r0, r6
1000562e:	7861      	ldrb	r1, [r4, #1]
10005630:	f7ff f97c 	bl	1000492c <usbd_edpt_claim>
10005634:	2800      	cmp	r0, #0
10005636:	d0f7      	beq.n	10005628 <tu_edpt_stream_write_xfer+0x18>
10005638:	4628      	mov	r0, r5
1000563a:	8862      	ldrh	r2, [r4, #2]
1000563c:	6861      	ldr	r1, [r4, #4]
1000563e:	f000 f929 	bl	10005894 <tu_fifo_read_n>
10005642:	7823      	ldrb	r3, [r4, #0]
10005644:	4605      	mov	r5, r0
10005646:	f003 0301 	and.w	r3, r3, #1
1000564a:	b140      	cbz	r0, 1000565e <tu_edpt_stream_write_xfer+0x4e>
1000564c:	b173      	cbz	r3, 1000566c <tu_edpt_stream_write_xfer+0x5c>
1000564e:	f04f 23e0 	mov.w	r3, #3758153728	@ 0xe000e000
10005652:	f8d3 3df0 	ldr.w	r3, [r3, #3568]	@ 0xdf0
10005656:	07db      	lsls	r3, r3, #31
10005658:	d5e6      	bpl.n	10005628 <tu_edpt_stream_write_xfer+0x18>
1000565a:	be00      	bkpt	0x0000
1000565c:	e7e4      	b.n	10005628 <tu_edpt_stream_write_xfer+0x18>
1000565e:	2b00      	cmp	r3, #0
10005660:	d1e2      	bne.n	10005628 <tu_edpt_stream_write_xfer+0x18>
10005662:	4630      	mov	r0, r6
10005664:	7861      	ldrb	r1, [r4, #1]
10005666:	f7ff f973 	bl	10004950 <usbd_edpt_release>
1000566a:	e7dd      	b.n	10005628 <tu_edpt_stream_write_xfer+0x18>
1000566c:	4603      	mov	r3, r0
1000566e:	6862      	ldr	r2, [r4, #4]
10005670:	4630      	mov	r0, r6
10005672:	7861      	ldrb	r1, [r4, #1]
10005674:	f7ff f97e 	bl	10004974 <usbd_edpt_xfer>
10005678:	2800      	cmp	r0, #0
1000567a:	d0e8      	beq.n	1000564e <tu_edpt_stream_write_xfer+0x3e>
1000567c:	4628      	mov	r0, r5
1000567e:	bd70      	pop	{r4, r5, r6, pc}

10005680 <tu_edpt_stream_read_xfer>:
10005680:	898a      	ldrh	r2, [r1, #12]
10005682:	e92d 41f0 	stmdb	sp!, {r4, r5, r6, r7, r8, lr}
10005686:	780b      	ldrb	r3, [r1, #0]
10005688:	460c      	mov	r4, r1
1000568a:	4606      	mov	r6, r0
1000568c:	b922      	cbnz	r2, 10005698 <tu_edpt_stream_read_xfer+0x18>
1000568e:	07dd      	lsls	r5, r3, #31
10005690:	d534      	bpl.n	100056fc <tu_edpt_stream_read_xfer+0x7c>
10005692:	2000      	movs	r0, #0
10005694:	e8bd 81f0 	ldmia.w	sp!, {r4, r5, r6, r7, r8, pc}
10005698:	f104 0708 	add.w	r7, r4, #8
1000569c:	0799      	lsls	r1, r3, #30
1000569e:	4638      	mov	r0, r7
100056a0:	bf47      	ittee	mi
100056a2:	f44f 487e 	movmi.w	r8, #65024	@ 0xfe00
100056a6:	f44f 7500 	movmi.w	r5, #512	@ 0x200
100056aa:	f64f 78c0 	movwpl	r8, #65472	@ 0xffc0
100056ae:	2540      	movpl	r5, #64	@ 0x40
100056b0:	f000 f894 	bl	100057dc <tu_fifo_remaining>
100056b4:	4285      	cmp	r5, r0
100056b6:	d8ec      	bhi.n	10005692 <tu_edpt_stream_read_xfer+0x12>
100056b8:	7823      	ldrb	r3, [r4, #0]
100056ba:	07da      	lsls	r2, r3, #31
100056bc:	d4e9      	bmi.n	10005692 <tu_edpt_stream_read_xfer+0x12>
100056be:	4630      	mov	r0, r6
100056c0:	7861      	ldrb	r1, [r4, #1]
100056c2:	f7ff f933 	bl	1000492c <usbd_edpt_claim>
100056c6:	2800      	cmp	r0, #0
100056c8:	d0e3      	beq.n	10005692 <tu_edpt_stream_read_xfer+0x12>
100056ca:	4638      	mov	r0, r7
100056cc:	f000 f886 	bl	100057dc <tu_fifo_remaining>
100056d0:	7823      	ldrb	r3, [r4, #0]
100056d2:	4285      	cmp	r5, r0
100056d4:	f003 0301 	and.w	r3, r3, #1
100056d8:	d82d      	bhi.n	10005736 <tu_edpt_stream_read_xfer+0xb6>
100056da:	b9bb      	cbnz	r3, 1000570c <tu_edpt_stream_read_xfer+0x8c>
100056dc:	8865      	ldrh	r5, [r4, #2]
100056de:	ea08 0800 	and.w	r8, r8, r0
100056e2:	4545      	cmp	r5, r8
100056e4:	bf28      	it	cs
100056e6:	4645      	movcs	r5, r8
100056e8:	7861      	ldrb	r1, [r4, #1]
100056ea:	b35d      	cbz	r5, 10005744 <tu_edpt_stream_read_xfer+0xc4>
100056ec:	6862      	ldr	r2, [r4, #4]
100056ee:	462b      	mov	r3, r5
100056f0:	4630      	mov	r0, r6
100056f2:	f7ff f93f 	bl	10004974 <usbd_edpt_xfer>
100056f6:	b148      	cbz	r0, 1000570c <tu_edpt_stream_read_xfer+0x8c>
100056f8:	4628      	mov	r0, r5
100056fa:	e7cb      	b.n	10005694 <tu_edpt_stream_read_xfer+0x14>
100056fc:	7849      	ldrb	r1, [r1, #1]
100056fe:	f7ff f915 	bl	1000492c <usbd_edpt_claim>
10005702:	2800      	cmp	r0, #0
10005704:	d0c5      	beq.n	10005692 <tu_edpt_stream_read_xfer+0x12>
10005706:	7823      	ldrb	r3, [r4, #0]
10005708:	07d8      	lsls	r0, r3, #31
1000570a:	d507      	bpl.n	1000571c <tu_edpt_stream_read_xfer+0x9c>
1000570c:	f04f 23e0 	mov.w	r3, #3758153728	@ 0xe000e000
10005710:	f8d3 3df0 	ldr.w	r3, [r3, #3568]	@ 0xdf0
10005714:	07db      	lsls	r3, r3, #31
10005716:	d5bc      	bpl.n	10005692 <tu_edpt_stream_read_xfer+0x12>
10005718:	be00      	bkpt	0x0000
1000571a:	e7ba      	b.n	10005692 <tu_edpt_stream_read_xfer+0x12>
1000571c:	8863      	ldrh	r3, [r4, #2]
1000571e:	7861      	ldrb	r1, [r4, #1]
10005720:	b13b      	cbz	r3, 10005732 <tu_edpt_stream_read_xfer+0xb2>
10005722:	6862      	ldr	r2, [r4, #4]
10005724:	4630      	mov	r0, r6
10005726:	f7ff f925 	bl	10004974 <usbd_edpt_xfer>
1000572a:	2800      	cmp	r0, #0
1000572c:	d0ee      	beq.n	1000570c <tu_edpt_stream_read_xfer+0x8c>
1000572e:	8860      	ldrh	r0, [r4, #2]
10005730:	e7b0      	b.n	10005694 <tu_edpt_stream_read_xfer+0x14>
10005732:	461a      	mov	r2, r3
10005734:	e7f6      	b.n	10005724 <tu_edpt_stream_read_xfer+0xa4>
10005736:	2b00      	cmp	r3, #0
10005738:	d1ab      	bne.n	10005692 <tu_edpt_stream_read_xfer+0x12>
1000573a:	4630      	mov	r0, r6
1000573c:	7861      	ldrb	r1, [r4, #1]
1000573e:	f7ff f907 	bl	10004950 <usbd_edpt_release>
10005742:	e7a6      	b.n	10005692 <tu_edpt_stream_read_xfer+0x12>
10005744:	462a      	mov	r2, r5
10005746:	e7d2      	b.n	100056ee <tu_edpt_stream_read_xfer+0x6e>

10005748 <tu_fifo_config>:
10005748:	e92d 41f0 	stmdb	sp!, {r4, r5, r6, r7, r8, lr}
1000574c:	f5b2 4f00 	cmp.w	r2, #32768	@ 0x8000
10005750:	f89d 8018 	ldrb.w	r8, [sp, #24]
10005754:	d824      	bhi.n	100057a0 <tu_fifo_config+0x58>
10005756:	4604      	mov	r4, r0
10005758:	68c0      	ldr	r0, [r0, #12]
1000575a:	4617      	mov	r7, r2
1000575c:	460e      	mov	r6, r1
1000575e:	461d      	mov	r5, r3
10005760:	b118      	cbz	r0, 1000576a <tu_fifo_config+0x22>
10005762:	f04f 31ff 	mov.w	r1, #4294967295
10005766:	f003 fb9b 	bl	10008ea0 <__mutex_enter_timeout_ms_veneer>
1000576a:	6920      	ldr	r0, [r4, #16]
1000576c:	b118      	cbz	r0, 10005776 <tu_fifo_config+0x2e>
1000576e:	f04f 31ff 	mov.w	r1, #4294967295
10005772:	f003 fb95 	bl	10008ea0 <__mutex_enter_timeout_ms_veneer>
10005776:	2200      	movs	r2, #0
10005778:	f3c5 030e 	ubfx	r3, r5, #0, #15
1000577c:	68e0      	ldr	r0, [r4, #12]
1000577e:	ea43 33c8 	orr.w	r3, r3, r8, lsl #15
10005782:	8162      	strh	r2, [r4, #10]
10005784:	6026      	str	r6, [r4, #0]
10005786:	80a7      	strh	r7, [r4, #4]
10005788:	80e3      	strh	r3, [r4, #6]
1000578a:	8122      	strh	r2, [r4, #8]
1000578c:	b108      	cbz	r0, 10005792 <tu_fifo_config+0x4a>
1000578e:	f003 fb97 	bl	10008ec0 <__mutex_exit_veneer>
10005792:	6920      	ldr	r0, [r4, #16]
10005794:	b108      	cbz	r0, 1000579a <tu_fifo_config+0x52>
10005796:	f003 fb93 	bl	10008ec0 <__mutex_exit_veneer>
1000579a:	2001      	movs	r0, #1
1000579c:	e8bd 81f0 	ldmia.w	sp!, {r4, r5, r6, r7, r8, pc}
100057a0:	2000      	movs	r0, #0
100057a2:	e8bd 81f0 	ldmia.w	sp!, {r4, r5, r6, r7, r8, pc}
100057a6:	bf00      	nop

100057a8 <tu_fifo_count>:
100057a8:	8903      	ldrh	r3, [r0, #8]
100057aa:	8942      	ldrh	r2, [r0, #10]
100057ac:	b29b      	uxth	r3, r3
100057ae:	b292      	uxth	r2, r2
100057b0:	8880      	ldrh	r0, [r0, #4]
100057b2:	4293      	cmp	r3, r2
100057b4:	bf36      	itet	cc
100057b6:	ebc2 0240 	rsbcc	r2, r2, r0, lsl #1
100057ba:	1a9b      	subcs	r3, r3, r2
100057bc:	189b      	addcc	r3, r3, r2
100057be:	b29b      	uxth	r3, r3
100057c0:	4298      	cmp	r0, r3
100057c2:	bf28      	it	cs
100057c4:	4618      	movcs	r0, r3
100057c6:	4770      	bx	lr

100057c8 <tu_fifo_empty>:
100057c8:	8902      	ldrh	r2, [r0, #8]
100057ca:	8943      	ldrh	r3, [r0, #10]
100057cc:	b290      	uxth	r0, r2
100057ce:	b29b      	uxth	r3, r3
100057d0:	1ac0      	subs	r0, r0, r3
100057d2:	fab0 f080 	clz	r0, r0
100057d6:	0940      	lsrs	r0, r0, #5
100057d8:	4770      	bx	lr
100057da:	bf00      	nop

100057dc <tu_fifo_remaining>:
100057dc:	8903      	ldrh	r3, [r0, #8]
100057de:	8942      	ldrh	r2, [r0, #10]
100057e0:	b29b      	uxth	r3, r3
100057e2:	8880      	ldrh	r0, [r0, #4]
100057e4:	b292      	uxth	r2, r2
100057e6:	4293      	cmp	r3, r2
100057e8:	bf36      	itet	cc
100057ea:	ebc2 0240 	rsbcc	r2, r2, r0, lsl #1
100057ee:	1a9b      	subcs	r3, r3, r2
100057f0:	189b      	addcc	r3, r3, r2
100057f2:	b29b      	uxth	r3, r3
100057f4:	4298      	cmp	r0, r3
100057f6:	bf86      	itte	hi
100057f8:	1ac0      	subhi	r0, r0, r3
100057fa:	b280      	uxthhi	r0, r0
100057fc:	2000      	movls	r0, #0
100057fe:	4770      	bx	lr

10005800 <tu_fifo_read>:
10005800:	b538      	push	{r3, r4, r5, lr}
10005802:	4604      	mov	r4, r0
10005804:	6900      	ldr	r0, [r0, #16]
10005806:	460d      	mov	r5, r1
10005808:	b118      	cbz	r0, 10005812 <tu_fifo_read+0x12>
1000580a:	f04f 31ff 	mov.w	r1, #4294967295
1000580e:	f003 fb47 	bl	10008ea0 <__mutex_enter_timeout_ms_veneer>
10005812:	8921      	ldrh	r1, [r4, #8]
10005814:	8963      	ldrh	r3, [r4, #10]
10005816:	b289      	uxth	r1, r1
10005818:	b29b      	uxth	r3, r3
1000581a:	88a2      	ldrh	r2, [r4, #4]
1000581c:	4299      	cmp	r1, r3
1000581e:	bf36      	itet	cc
10005820:	ebc3 0042 	rsbcc	r0, r3, r2, lsl #1
10005824:	1ac8      	subcs	r0, r1, r3
10005826:	1840      	addcc	r0, r0, r1
10005828:	b280      	uxth	r0, r0
1000582a:	b350      	cbz	r0, 10005882 <tu_fifo_read+0x82>
1000582c:	4282      	cmp	r2, r0
1000582e:	d209      	bcs.n	10005844 <tu_fifo_read+0x44>
10005830:	4291      	cmp	r1, r2
10005832:	bf2c      	ite	cs
10005834:	1a89      	subcs	r1, r1, r2
10005836:	1889      	addcc	r1, r1, r2
10005838:	b28b      	uxth	r3, r1
1000583a:	429a      	cmp	r2, r3
1000583c:	8163      	strh	r3, [r4, #10]
1000583e:	d803      	bhi.n	10005848 <tu_fifo_read+0x48>
10005840:	1a9b      	subs	r3, r3, r2
10005842:	b29b      	uxth	r3, r3
10005844:	429a      	cmp	r2, r3
10005846:	d9fb      	bls.n	10005840 <tu_fifo_read+0x40>
10005848:	88e2      	ldrh	r2, [r4, #6]
1000584a:	6821      	ldr	r1, [r4, #0]
1000584c:	f3c2 020e 	ubfx	r2, r2, #0, #15
10005850:	fb02 1103 	mla	r1, r2, r3, r1
10005854:	4628      	mov	r0, r5
10005856:	f003 f92b 	bl	10008ab0 <memcpy>
1000585a:	8961      	ldrh	r1, [r4, #10]
1000585c:	2501      	movs	r5, #1
1000585e:	b289      	uxth	r1, r1
10005860:	1c4b      	adds	r3, r1, #1
10005862:	b29b      	uxth	r3, r3
10005864:	4299      	cmp	r1, r3
10005866:	88a2      	ldrh	r2, [r4, #4]
10005868:	d90e      	bls.n	10005888 <tu_fifo_read+0x88>
1000586a:	2300      	movs	r3, #0
1000586c:	fa02 f105 	lsl.w	r1, r2, r5
10005870:	1a5b      	subs	r3, r3, r1
10005872:	b29b      	uxth	r3, r3
10005874:	6920      	ldr	r0, [r4, #16]
10005876:	8163      	strh	r3, [r4, #10]
10005878:	b108      	cbz	r0, 1000587e <tu_fifo_read+0x7e>
1000587a:	f003 fb21 	bl	10008ec0 <__mutex_exit_veneer>
1000587e:	4628      	mov	r0, r5
10005880:	bd38      	pop	{r3, r4, r5, pc}
10005882:	4605      	mov	r5, r0
10005884:	8963      	ldrh	r3, [r4, #10]
10005886:	b29b      	uxth	r3, r3
10005888:	ebb3 0f42 	cmp.w	r3, r2, lsl #1
1000588c:	ea4f 0142 	mov.w	r1, r2, lsl #1
10005890:	dbf0      	blt.n	10005874 <tu_fifo_read+0x74>
10005892:	e7ed      	b.n	10005870 <tu_fifo_read+0x70>

10005894 <tu_fifo_read_n>:
10005894:	e92d 47f0 	stmdb	sp!, {r4, r5, r6, r7, r8, r9, sl, lr}
10005898:	4606      	mov	r6, r0
1000589a:	6900      	ldr	r0, [r0, #16]
1000589c:	4688      	mov	r8, r1
1000589e:	4691      	mov	r9, r2
100058a0:	b118      	cbz	r0, 100058aa <tu_fifo_read_n+0x16>
100058a2:	f04f 31ff 	mov.w	r1, #4294967295
100058a6:	f003 fafb 	bl	10008ea0 <__mutex_enter_timeout_ms_veneer>
100058aa:	8933      	ldrh	r3, [r6, #8]
100058ac:	8974      	ldrh	r4, [r6, #10]
100058ae:	b29b      	uxth	r3, r3
100058b0:	b2a4      	uxth	r4, r4
100058b2:	88b5      	ldrh	r5, [r6, #4]
100058b4:	42a3      	cmp	r3, r4
100058b6:	bf36      	itet	cc
100058b8:	ebc4 0745 	rsbcc	r7, r4, r5, lsl #1
100058bc:	1b1f      	subcs	r7, r3, r4
100058be:	18ff      	addcc	r7, r7, r3
100058c0:	b2bf      	uxth	r7, r7
100058c2:	2f00      	cmp	r7, #0
100058c4:	d04a      	beq.n	1000595c <tu_fifo_read_n+0xc8>
100058c6:	42bd      	cmp	r5, r7
100058c8:	d340      	bcc.n	1000594c <tu_fifo_read_n+0xb8>
100058ca:	45b9      	cmp	r9, r7
100058cc:	bf28      	it	cs
100058ce:	46b9      	movcs	r9, r7
100058d0:	42a5      	cmp	r5, r4
100058d2:	fa1f f789 	uxth.w	r7, r9
100058d6:	d803      	bhi.n	100058e0 <tu_fifo_read_n+0x4c>
100058d8:	1b64      	subs	r4, r4, r5
100058da:	b2a4      	uxth	r4, r4
100058dc:	42a5      	cmp	r5, r4
100058de:	d9fb      	bls.n	100058d8 <tu_fifo_read_n+0x44>
100058e0:	f8b6 a006 	ldrh.w	sl, [r6, #6]
100058e4:	1b2b      	subs	r3, r5, r4
100058e6:	6831      	ldr	r1, [r6, #0]
100058e8:	b29b      	uxth	r3, r3
100058ea:	f3ca 020e 	ubfx	r2, sl, #0, #15
100058ee:	429f      	cmp	r7, r3
100058f0:	4692      	mov	sl, r2
100058f2:	fb02 1104 	mla	r1, r2, r4, r1
100058f6:	d923      	bls.n	10005940 <tu_fifo_read_n+0xac>
100058f8:	fb13 f302 	smulbb	r3, r3, r2
100058fc:	fa1f f983 	uxth.w	r9, r3
10005900:	464a      	mov	r2, r9
10005902:	4640      	mov	r0, r8
10005904:	1b7d      	subs	r5, r7, r5
10005906:	f003 f8d3 	bl	10008ab0 <memcpy>
1000590a:	1962      	adds	r2, r4, r5
1000590c:	fb12 f20a 	smulbb	r2, r2, sl
10005910:	6831      	ldr	r1, [r6, #0]
10005912:	eb08 0009 	add.w	r0, r8, r9
10005916:	b292      	uxth	r2, r2
10005918:	f003 f8ca 	bl	10008ab0 <memcpy>
1000591c:	8972      	ldrh	r2, [r6, #10]
1000591e:	88b5      	ldrh	r5, [r6, #4]
10005920:	b292      	uxth	r2, r2
10005922:	19d3      	adds	r3, r2, r7
10005924:	b29b      	uxth	r3, r3
10005926:	429a      	cmp	r2, r3
10005928:	d91a      	bls.n	10005960 <tu_fifo_read_n+0xcc>
1000592a:	006a      	lsls	r2, r5, #1
1000592c:	1a9b      	subs	r3, r3, r2
1000592e:	b29b      	uxth	r3, r3
10005930:	6930      	ldr	r0, [r6, #16]
10005932:	8173      	strh	r3, [r6, #10]
10005934:	b108      	cbz	r0, 1000593a <tu_fifo_read_n+0xa6>
10005936:	f003 fac3 	bl	10008ec0 <__mutex_exit_veneer>
1000593a:	4638      	mov	r0, r7
1000593c:	e8bd 87f0 	ldmia.w	sp!, {r4, r5, r6, r7, r8, r9, sl, pc}
10005940:	4640      	mov	r0, r8
10005942:	fb07 f202 	mul.w	r2, r7, r2
10005946:	f003 f8b3 	bl	10008ab0 <memcpy>
1000594a:	e7e7      	b.n	1000591c <tu_fifo_read_n+0x88>
1000594c:	42ab      	cmp	r3, r5
1000594e:	bf2c      	ite	cs
10005950:	1b5b      	subcs	r3, r3, r5
10005952:	195b      	addcc	r3, r3, r5
10005954:	b29c      	uxth	r4, r3
10005956:	462f      	mov	r7, r5
10005958:	8174      	strh	r4, [r6, #10]
1000595a:	e7b6      	b.n	100058ca <tu_fifo_read_n+0x36>
1000595c:	8973      	ldrh	r3, [r6, #10]
1000595e:	b29b      	uxth	r3, r3
10005960:	ebb3 0f45 	cmp.w	r3, r5, lsl #1
10005964:	ea4f 0245 	mov.w	r2, r5, lsl #1
10005968:	dbe2      	blt.n	10005930 <tu_fifo_read_n+0x9c>
1000596a:	e7df      	b.n	1000592c <tu_fifo_read_n+0x98>

1000596c <tu_fifo_write>:
1000596c:	b5f8      	push	{r3, r4, r5, r6, r7, lr}
1000596e:	4604      	mov	r4, r0
10005970:	68c0      	ldr	r0, [r0, #12]
10005972:	460e      	mov	r6, r1
10005974:	b118      	cbz	r0, 1000597e <tu_fifo_write+0x12>
10005976:	f04f 31ff 	mov.w	r1, #4294967295
1000597a:	f003 fa91 	bl	10008ea0 <__mutex_enter_timeout_ms_veneer>
1000597e:	8925      	ldrh	r5, [r4, #8]
10005980:	8923      	ldrh	r3, [r4, #8]
10005982:	8961      	ldrh	r1, [r4, #10]
10005984:	b29b      	uxth	r3, r3
10005986:	b289      	uxth	r1, r1
10005988:	88a2      	ldrh	r2, [r4, #4]
1000598a:	428b      	cmp	r3, r1
1000598c:	bf36      	itet	cc
1000598e:	ebc1 0142 	rsbcc	r1, r1, r2, lsl #1
10005992:	1a5b      	subcs	r3, r3, r1
10005994:	185b      	addcc	r3, r3, r1
10005996:	b29b      	uxth	r3, r3
10005998:	429a      	cmp	r2, r3
1000599a:	b2ad      	uxth	r5, r5
1000599c:	d808      	bhi.n	100059b0 <tu_fifo_write+0x44>
1000599e:	79e7      	ldrb	r7, [r4, #7]
100059a0:	09ff      	lsrs	r7, r7, #7
100059a2:	d105      	bne.n	100059b0 <tu_fifo_write+0x44>
100059a4:	68e0      	ldr	r0, [r4, #12]
100059a6:	b108      	cbz	r0, 100059ac <tu_fifo_write+0x40>
100059a8:	f003 fa8a 	bl	10008ec0 <__mutex_exit_veneer>
100059ac:	4638      	mov	r0, r7
100059ae:	bdf8      	pop	{r3, r4, r5, r6, r7, pc}
100059b0:	4295      	cmp	r5, r2
100059b2:	bf28      	it	cs
100059b4:	462b      	movcs	r3, r5
100059b6:	d318      	bcc.n	100059ea <tu_fifo_write+0x7e>
100059b8:	1a9b      	subs	r3, r3, r2
100059ba:	b29b      	uxth	r3, r3
100059bc:	4293      	cmp	r3, r2
100059be:	d2fb      	bcs.n	100059b8 <tu_fifo_write+0x4c>
100059c0:	88e2      	ldrh	r2, [r4, #6]
100059c2:	6820      	ldr	r0, [r4, #0]
100059c4:	f3c2 020e 	ubfx	r2, r2, #0, #15
100059c8:	fb02 0003 	mla	r0, r2, r3, r0
100059cc:	4631      	mov	r1, r6
100059ce:	f003 f86f 	bl	10008ab0 <memcpy>
100059d2:	1c6b      	adds	r3, r5, #1
100059d4:	b29b      	uxth	r3, r3
100059d6:	429d      	cmp	r5, r3
100059d8:	88a2      	ldrh	r2, [r4, #4]
100059da:	d912      	bls.n	10005a02 <tu_fifo_write+0x96>
100059dc:	2300      	movs	r3, #0
100059de:	0051      	lsls	r1, r2, #1
100059e0:	1a5b      	subs	r3, r3, r1
100059e2:	b29b      	uxth	r3, r3
100059e4:	2701      	movs	r7, #1
100059e6:	8123      	strh	r3, [r4, #8]
100059e8:	e7dc      	b.n	100059a4 <tu_fifo_write+0x38>
100059ea:	88e2      	ldrh	r2, [r4, #6]
100059ec:	6820      	ldr	r0, [r4, #0]
100059ee:	f3c2 020e 	ubfx	r2, r2, #0, #15
100059f2:	fb05 0002 	mla	r0, r5, r2, r0
100059f6:	4631      	mov	r1, r6
100059f8:	f003 f85a 	bl	10008ab0 <memcpy>
100059fc:	3501      	adds	r5, #1
100059fe:	88a2      	ldrh	r2, [r4, #4]
10005a00:	b2ab      	uxth	r3, r5
10005a02:	ebb3 0f42 	cmp.w	r3, r2, lsl #1
10005a06:	ea4f 0142 	mov.w	r1, r2, lsl #1
10005a0a:	dbeb      	blt.n	100059e4 <tu_fifo_write+0x78>
10005a0c:	e7e8      	b.n	100059e0 <tu_fifo_write+0x74>
10005a0e:	bf00      	nop

10005a10 <tu_fifo_write_n>:
10005a10:	e92d 4ff0 	stmdb	sp!, {r4, r5, r6, r7, r8, r9, sl, fp, lr}
10005a14:	4617      	mov	r7, r2
10005a16:	b083      	sub	sp, #12
10005a18:	2a00      	cmp	r2, #0
10005a1a:	d075      	beq.n	10005b08 <tu_fifo_write_n+0xf8>
10005a1c:	4606      	mov	r6, r0
10005a1e:	68c0      	ldr	r0, [r0, #12]
10005a20:	4689      	mov	r9, r1
10005a22:	b118      	cbz	r0, 10005a2c <tu_fifo_write_n+0x1c>
10005a24:	f04f 31ff 	mov.w	r1, #4294967295
10005a28:	f003 fa3a 	bl	10008ea0 <__mutex_enter_timeout_ms_veneer>
10005a2c:	79f3      	ldrb	r3, [r6, #7]
10005a2e:	f8b6 8008 	ldrh.w	r8, [r6, #8]
10005a32:	8972      	ldrh	r2, [r6, #10]
10005a34:	09db      	lsrs	r3, r3, #7
10005a36:	88b5      	ldrh	r5, [r6, #4]
10005a38:	fa1f f888 	uxth.w	r8, r8
10005a3c:	b292      	uxth	r2, r2
10005a3e:	d13c      	bne.n	10005aba <tu_fifo_write_n+0xaa>
10005a40:	4590      	cmp	r8, r2
10005a42:	bf36      	itet	cc
10005a44:	ebc2 0245 	rsbcc	r2, r2, r5, lsl #1
10005a48:	eba8 0202 	subcs.w	r2, r8, r2
10005a4c:	4442      	addcc	r2, r8
10005a4e:	b292      	uxth	r2, r2
10005a50:	42aa      	cmp	r2, r5
10005a52:	d25e      	bcs.n	10005b12 <tu_fifo_write_n+0x102>
10005a54:	1aaa      	subs	r2, r5, r2
10005a56:	b292      	uxth	r2, r2
10005a58:	42ba      	cmp	r2, r7
10005a5a:	bf28      	it	cs
10005a5c:	463a      	movcs	r2, r7
10005a5e:	f8b6 b006 	ldrh.w	fp, [r6, #6]
10005a62:	b297      	uxth	r7, r2
10005a64:	1b7b      	subs	r3, r7, r5
10005a66:	eb08 0a07 	add.w	sl, r8, r7
10005a6a:	f3cb 0b0e 	ubfx	fp, fp, #0, #15
10005a6e:	b29b      	uxth	r3, r3
10005a70:	fa1f fa8a 	uxth.w	sl, sl
10005a74:	45a8      	cmp	r8, r5
10005a76:	4644      	mov	r4, r8
10005a78:	d303      	bcc.n	10005a82 <tu_fifo_write_n+0x72>
10005a7a:	1b64      	subs	r4, r4, r5
10005a7c:	b2a4      	uxth	r4, r4
10005a7e:	42ac      	cmp	r4, r5
10005a80:	d2fb      	bcs.n	10005a7a <tu_fifo_write_n+0x6a>
10005a82:	1b2d      	subs	r5, r5, r4
10005a84:	6830      	ldr	r0, [r6, #0]
10005a86:	b2ad      	uxth	r5, r5
10005a88:	42bd      	cmp	r5, r7
10005a8a:	fb0b 0004 	mla	r0, fp, r4, r0
10005a8e:	d357      	bcc.n	10005b40 <tu_fifo_write_n+0x130>
10005a90:	4649      	mov	r1, r9
10005a92:	fb0b f207 	mul.w	r2, fp, r7
10005a96:	f003 f80b 	bl	10008ab0 <memcpy>
10005a9a:	88b2      	ldrh	r2, [r6, #4]
10005a9c:	45d0      	cmp	r8, sl
10005a9e:	ea4f 0342 	mov.w	r3, r2, lsl #1
10005aa2:	d802      	bhi.n	10005aaa <tu_fifo_write_n+0x9a>
10005aa4:	ebba 0f42 	cmp.w	sl, r2, lsl #1
10005aa8:	db03      	blt.n	10005ab2 <tu_fifo_write_n+0xa2>
10005aaa:	ebaa 0303 	sub.w	r3, sl, r3
10005aae:	fa1f fa83 	uxth.w	sl, r3
10005ab2:	463d      	mov	r5, r7
10005ab4:	f8a6 a008 	strh.w	sl, [r6, #8]
10005ab8:	e02c      	b.n	10005b14 <tu_fifo_write_n+0x104>
10005aba:	f8b6 b006 	ldrh.w	fp, [r6, #6]
10005abe:	42af      	cmp	r7, r5
10005ac0:	f3cb 0b0e 	ubfx	fp, fp, #0, #15
10005ac4:	d22f      	bcs.n	10005b26 <tu_fifo_write_n+0x116>
10005ac6:	4590      	cmp	r8, r2
10005ac8:	bf36      	itet	cc
10005aca:	ebc2 0145 	rsbcc	r1, r2, r5, lsl #1
10005ace:	eba8 0102 	subcs.w	r1, r8, r2
10005ad2:	4441      	addcc	r1, r8
10005ad4:	b289      	uxth	r1, r1
10005ad6:	0068      	lsls	r0, r5, #1
10005ad8:	4439      	add	r1, r7
10005ada:	1b7b      	subs	r3, r7, r5
10005adc:	4281      	cmp	r1, r0
10005ade:	b29b      	uxth	r3, r3
10005ae0:	db0d      	blt.n	10005afe <tu_fifo_write_n+0xee>
10005ae2:	eb02 0a05 	add.w	sl, r2, r5
10005ae6:	fa1f fa8a 	uxth.w	sl, sl
10005aea:	ebaa 0807 	sub.w	r8, sl, r7
10005aee:	fa1f f888 	uxth.w	r8, r8
10005af2:	4542      	cmp	r2, r8
10005af4:	d937      	bls.n	10005b66 <tu_fifo_write_n+0x156>
10005af6:	eba8 0000 	sub.w	r0, r8, r0
10005afa:	fa1f f880 	uxth.w	r8, r0
10005afe:	eb07 0a08 	add.w	sl, r7, r8
10005b02:	fa1f fa8a 	uxth.w	sl, sl
10005b06:	e7b5      	b.n	10005a74 <tu_fifo_write_n+0x64>
10005b08:	4615      	mov	r5, r2
10005b0a:	4628      	mov	r0, r5
10005b0c:	b003      	add	sp, #12
10005b0e:	e8bd 8ff0 	ldmia.w	sp!, {r4, r5, r6, r7, r8, r9, sl, fp, pc}
10005b12:	2500      	movs	r5, #0
10005b14:	68f0      	ldr	r0, [r6, #12]
10005b16:	2800      	cmp	r0, #0
10005b18:	d0f7      	beq.n	10005b0a <tu_fifo_write_n+0xfa>
10005b1a:	f003 f9d1 	bl	10008ec0 <__mutex_exit_veneer>
10005b1e:	4628      	mov	r0, r5
10005b20:	b003      	add	sp, #12
10005b22:	e8bd 8ff0 	ldmia.w	sp!, {r4, r5, r6, r7, r8, r9, sl, fp, pc}
10005b26:	2d00      	cmp	r5, #0
10005b28:	d0f4      	beq.n	10005b14 <tu_fifo_write_n+0x104>
10005b2a:	1b7f      	subs	r7, r7, r5
10005b2c:	eb02 0a05 	add.w	sl, r2, r5
10005b30:	fb0b 9907 	mla	r9, fp, r7, r9
10005b34:	4690      	mov	r8, r2
10005b36:	462f      	mov	r7, r5
10005b38:	2300      	movs	r3, #0
10005b3a:	fa1f fa8a 	uxth.w	sl, sl
10005b3e:	e799      	b.n	10005a74 <tu_fifo_write_n+0x64>
10005b40:	fb15 f50b 	smulbb	r5, r5, fp
10005b44:	b2ad      	uxth	r5, r5
10005b46:	462a      	mov	r2, r5
10005b48:	4649      	mov	r1, r9
10005b4a:	9301      	str	r3, [sp, #4]
10005b4c:	f002 ffb0 	bl	10008ab0 <memcpy>
10005b50:	9b01      	ldr	r3, [sp, #4]
10005b52:	6830      	ldr	r0, [r6, #0]
10005b54:	18e2      	adds	r2, r4, r3
10005b56:	fb12 f20b 	smulbb	r2, r2, fp
10005b5a:	eb09 0105 	add.w	r1, r9, r5
10005b5e:	b292      	uxth	r2, r2
10005b60:	f002 ffa6 	bl	10008ab0 <memcpy>
10005b64:	e799      	b.n	10005a9a <tu_fifo_write_n+0x8a>
10005b66:	4540      	cmp	r0, r8
10005b68:	dc84      	bgt.n	10005a74 <tu_fifo_write_n+0x64>
10005b6a:	e7c4      	b.n	10005af6 <tu_fifo_write_n+0xe6>

10005b6c <tu_fifo_clear>:
10005b6c:	b510      	push	{r4, lr}
10005b6e:	4604      	mov	r4, r0
10005b70:	68c0      	ldr	r0, [r0, #12]
10005b72:	b118      	cbz	r0, 10005b7c <tu_fifo_clear+0x10>
10005b74:	f04f 31ff 	mov.w	r1, #4294967295
10005b78:	f003 f992 	bl	10008ea0 <__mutex_enter_timeout_ms_veneer>
10005b7c:	6920      	ldr	r0, [r4, #16]
10005b7e:	b118      	cbz	r0, 10005b88 <tu_fifo_clear+0x1c>
10005b80:	f04f 31ff 	mov.w	r1, #4294967295
10005b84:	f003 f98c 	bl	10008ea0 <__mutex_enter_timeout_ms_veneer>
10005b88:	2300      	movs	r3, #0
10005b8a:	68e0      	ldr	r0, [r4, #12]
10005b8c:	8163      	strh	r3, [r4, #10]
10005b8e:	8123      	strh	r3, [r4, #8]
10005b90:	b108      	cbz	r0, 10005b96 <tu_fifo_clear+0x2a>
10005b92:	f003 f995 	bl	10008ec0 <__mutex_exit_veneer>
10005b96:	6920      	ldr	r0, [r4, #16]
10005b98:	b108      	cbz	r0, 10005b9e <tu_fifo_clear+0x32>
10005b9a:	f003 f991 	bl	10008ec0 <__mutex_exit_veneer>
10005b9e:	2001      	movs	r0, #1
10005ba0:	bd10      	pop	{r4, pc}
10005ba2:	bf00      	nop

10005ba4 <tu_fifo_set_overwritable>:
10005ba4:	b538      	push	{r3, r4, r5, lr}
10005ba6:	4604      	mov	r4, r0
10005ba8:	68c0      	ldr	r0, [r0, #12]
10005baa:	460d      	mov	r5, r1
10005bac:	b118      	cbz	r0, 10005bb6 <tu_fifo_set_overwritable+0x12>
10005bae:	f04f 31ff 	mov.w	r1, #4294967295
10005bb2:	f003 f975 	bl	10008ea0 <__mutex_enter_timeout_ms_veneer>
10005bb6:	6920      	ldr	r0, [r4, #16]
10005bb8:	b118      	cbz	r0, 10005bc2 <tu_fifo_set_overwritable+0x1e>
10005bba:	f04f 31ff 	mov.w	r1, #4294967295
10005bbe:	f003 f96f 	bl	10008ea0 <__mutex_enter_timeout_ms_veneer>
10005bc2:	79e3      	ldrb	r3, [r4, #7]
10005bc4:	68e0      	ldr	r0, [r4, #12]
10005bc6:	f365 13c7 	bfi	r3, r5, #7, #1
10005bca:	71e3      	strb	r3, [r4, #7]
10005bcc:	b108      	cbz	r0, 10005bd2 <tu_fifo_set_overwritable+0x2e>
10005bce:	f003 f977 	bl	10008ec0 <__mutex_exit_veneer>
10005bd2:	6920      	ldr	r0, [r4, #16]
10005bd4:	b108      	cbz	r0, 10005bda <tu_fifo_set_overwritable+0x36>
10005bd6:	f003 f973 	bl	10008ec0 <__mutex_exit_veneer>
10005bda:	2001      	movs	r0, #1
10005bdc:	bd38      	pop	{r3, r4, r5, pc}
10005bde:	bf00      	nop

10005be0 <i2c_read_blocking_internal.constprop.0>:
10005be0:	b570      	push	{r4, r5, r6, lr}
10005be2:	2500      	movs	r5, #0
10005be4:	2601      	movs	r6, #1
10005be6:	6804      	ldr	r4, [r0, #0]
10005be8:	2b00      	cmp	r3, #0
10005bea:	66e5      	str	r5, [r4, #108]	@ 0x6c
10005bec:	4684      	mov	ip, r0
10005bee:	6061      	str	r1, [r4, #4]
10005bf0:	4628      	mov	r0, r5
10005bf2:	f89d e010 	ldrb.w	lr, [sp, #16]
10005bf6:	66e6      	str	r6, [r4, #108]	@ 0x6c
10005bf8:	dd16      	ble.n	10005c28 <i2c_read_blocking_internal.constprop.0+0x48>
10005bfa:	1e5d      	subs	r5, r3, #1
10005bfc:	6f61      	ldr	r1, [r4, #116]	@ 0x74
10005bfe:	2910      	cmp	r1, #16
10005c00:	d0fc      	beq.n	10005bfc <i2c_read_blocking_internal.constprop.0+0x1c>
10005c02:	b300      	cbz	r0, 10005c46 <i2c_read_blocking_internal.constprop.0+0x66>
10005c04:	2100      	movs	r1, #0
10005c06:	42a8      	cmp	r0, r5
10005c08:	bf04      	itt	eq
10005c0a:	f08e 0601 	eoreq.w	r6, lr, #1
10005c0e:	ea41 2146 	orreq.w	r1, r1, r6, lsl #9
10005c12:	f441 7180 	orr.w	r1, r1, #256	@ 0x100
10005c16:	6121      	str	r1, [r4, #16]
10005c18:	f8d4 1080 	ldr.w	r1, [r4, #128]	@ 0x80
10005c1c:	6b61      	ldr	r1, [r4, #52]	@ 0x34
10005c1e:	0649      	lsls	r1, r1, #25
10005c20:	d505      	bpl.n	10005c2e <i2c_read_blocking_internal.constprop.0+0x4e>
10005c22:	f04f 30ff 	mov.w	r0, #4294967295
10005c26:	6d63      	ldr	r3, [r4, #84]	@ 0x54
10005c28:	f88c e004 	strb.w	lr, [ip, #4]
10005c2c:	bd70      	pop	{r4, r5, r6, pc}
10005c2e:	6fa1      	ldr	r1, [r4, #120]	@ 0x78
10005c30:	2900      	cmp	r1, #0
10005c32:	d0f1      	beq.n	10005c18 <i2c_read_blocking_internal.constprop.0+0x38>
10005c34:	6921      	ldr	r1, [r4, #16]
10005c36:	3001      	adds	r0, #1
10005c38:	4283      	cmp	r3, r0
10005c3a:	f802 1b01 	strb.w	r1, [r2], #1
10005c3e:	d0f3      	beq.n	10005c28 <i2c_read_blocking_internal.constprop.0+0x48>
10005c40:	f8dc 4000 	ldr.w	r4, [ip]
10005c44:	e7da      	b.n	10005bfc <i2c_read_blocking_internal.constprop.0+0x1c>
10005c46:	f89c 1004 	ldrb.w	r1, [ip, #4]
10005c4a:	0289      	lsls	r1, r1, #10
10005c4c:	e7db      	b.n	10005c06 <i2c_read_blocking_internal.constprop.0+0x26>
10005c4e:	bf00      	nop

10005c50 <i2c_write_blocking_internal.constprop.0>:
10005c50:	e92d 41f0 	stmdb	sp!, {r4, r5, r6, r7, r8, lr}
10005c54:	2700      	movs	r7, #0
10005c56:	2401      	movs	r4, #1
10005c58:	4694      	mov	ip, r2
10005c5a:	6802      	ldr	r2, [r0, #0]
10005c5c:	4605      	mov	r5, r0
10005c5e:	66d7      	str	r7, [r2, #108]	@ 0x6c
10005c60:	6051      	str	r1, [r2, #4]
10005c62:	66d4      	str	r4, [r2, #108]	@ 0x6c
10005c64:	1e1c      	subs	r4, r3, #0
10005c66:	4638      	mov	r0, r7
10005c68:	f89d 6018 	ldrb.w	r6, [sp, #24]
10005c6c:	dd1e      	ble.n	10005cac <i2c_write_blocking_internal.constprop.0+0x5c>
10005c6e:	7929      	ldrb	r1, [r5, #4]
10005c70:	f086 0701 	eor.w	r7, r6, #1
10005c74:	0289      	lsls	r1, r1, #10
10005c76:	027f      	lsls	r7, r7, #9
10005c78:	f104 3eff 	add.w	lr, r4, #4294967295
10005c7c:	4570      	cmp	r0, lr
10005c7e:	bf0c      	ite	eq
10005c80:	46b8      	moveq	r8, r7
10005c82:	f04f 0800 	movne.w	r8, #0
10005c86:	f81c 3b01 	ldrb.w	r3, [ip], #1
10005c8a:	430b      	orrs	r3, r1
10005c8c:	ea43 0308 	orr.w	r3, r3, r8
10005c90:	6113      	str	r3, [r2, #16]
10005c92:	6b53      	ldr	r3, [r2, #52]	@ 0x34
10005c94:	06d9      	lsls	r1, r3, #27
10005c96:	d5fc      	bpl.n	10005c92 <i2c_write_blocking_internal.constprop.0+0x42>
10005c98:	f8d2 1080 	ldr.w	r1, [r2, #128]	@ 0x80
10005c9c:	b949      	cbnz	r1, 10005cb2 <i2c_write_blocking_internal.constprop.0+0x62>
10005c9e:	4570      	cmp	r0, lr
10005ca0:	d01c      	beq.n	10005cdc <i2c_write_blocking_internal.constprop.0+0x8c>
10005ca2:	3001      	adds	r0, #1
10005ca4:	4284      	cmp	r4, r0
10005ca6:	f04f 0100 	mov.w	r1, #0
10005caa:	d1e7      	bne.n	10005c7c <i2c_write_blocking_internal.constprop.0+0x2c>
10005cac:	712e      	strb	r6, [r5, #4]
10005cae:	e8bd 81f0 	ldmia.w	sp!, {r4, r5, r6, r7, r8, pc}
10005cb2:	f04f 0801 	mov.w	r8, #1
10005cb6:	6d53      	ldr	r3, [r2, #84]	@ 0x54
10005cb8:	6b53      	ldr	r3, [r2, #52]	@ 0x34
10005cba:	059b      	lsls	r3, r3, #22
10005cbc:	d5fc      	bpl.n	10005cb8 <i2c_write_blocking_internal.constprop.0+0x68>
10005cbe:	6e13      	ldr	r3, [r2, #96]	@ 0x60
10005cc0:	f1b8 0f00 	cmp.w	r8, #0
10005cc4:	d0ed      	beq.n	10005ca2 <i2c_write_blocking_internal.constprop.0+0x52>
10005cc6:	b169      	cbz	r1, 10005ce4 <i2c_write_blocking_internal.constprop.0+0x94>
10005cc8:	07cb      	lsls	r3, r1, #31
10005cca:	d40b      	bmi.n	10005ce4 <i2c_write_blocking_internal.constprop.0+0x94>
10005ccc:	f011 0f08 	tst.w	r1, #8
10005cd0:	bf08      	it	eq
10005cd2:	f04f 30ff 	moveq.w	r0, #4294967295
10005cd6:	712e      	strb	r6, [r5, #4]
10005cd8:	e8bd 81f0 	ldmia.w	sp!, {r4, r5, r6, r7, r8, pc}
10005cdc:	2e00      	cmp	r6, #0
10005cde:	d1e0      	bne.n	10005ca2 <i2c_write_blocking_internal.constprop.0+0x52>
10005ce0:	46b0      	mov	r8, r6
10005ce2:	e7e9      	b.n	10005cb8 <i2c_write_blocking_internal.constprop.0+0x68>
10005ce4:	f04f 30ff 	mov.w	r0, #4294967295
10005ce8:	e7e0      	b.n	10005cac <i2c_write_blocking_internal.constprop.0+0x5c>
10005cea:	bf00      	nop

10005cec <i2c_set_baudrate>:
10005cec:	b5f8      	push	{r3, r4, r5, r6, r7, lr}
10005cee:	4604      	mov	r4, r0
10005cf0:	2005      	movs	r0, #5
10005cf2:	460f      	mov	r7, r1
10005cf4:	f7fb fb88 	bl	10001408 <clock_get_hz>
10005cf8:	eb00 0c57 	add.w	ip, r0, r7, lsr #1
10005cfc:	fbbc fcf7 	udiv	ip, ip, r7
10005d00:	4d20      	ldr	r5, [pc, #128]	@ (10005d84 <i2c_set_baudrate+0x98>)
10005d02:	eb0c 024c 	add.w	r2, ip, ip, lsl #1
10005d06:	fba5 6502 	umull	r6, r5, r5, r2
10005d0a:	491f      	ldr	r1, [pc, #124]	@ (10005d88 <i2c_set_baudrate+0x9c>)
10005d0c:	08ae      	lsrs	r6, r5, #2
10005d0e:	428f      	cmp	r7, r1
10005d10:	eb00 0340 	add.w	r3, r0, r0, lsl #1
10005d14:	ebac 0595 	sub.w	r5, ip, r5, lsr #2
10005d18:	d82e      	bhi.n	10005d78 <i2c_set_baudrate+0x8c>
10005d1a:	f101 41d6 	add.w	r1, r1, #1795162112	@ 0x6b000000
10005d1e:	f501 01a1 	add.w	r1, r1, #5275648	@ 0x508000
10005d22:	f601 012c 	addw	r1, r1, #2092	@ 0x82c
10005d26:	fba1 1303 	umull	r1, r3, r1, r3
10005d2a:	0d9b      	lsrs	r3, r3, #22
10005d2c:	3301      	adds	r3, #1
10005d2e:	2100      	movs	r1, #0
10005d30:	2a4f      	cmp	r2, #79	@ 0x4f
10005d32:	bf98      	it	ls
10005d34:	2201      	movls	r2, #1
10005d36:	6824      	ldr	r4, [r4, #0]
10005d38:	fbb0 f0fc 	udiv	r0, r0, ip
10005d3c:	66e1      	str	r1, [r4, #108]	@ 0x6c
10005d3e:	6821      	ldr	r1, [r4, #0]
10005d40:	f504 5780 	add.w	r7, r4, #4096	@ 0x1000
10005d44:	f081 0104 	eor.w	r1, r1, #4
10005d48:	f001 0106 	and.w	r1, r1, #6
10005d4c:	6039      	str	r1, [r7, #0]
10005d4e:	bf88      	it	hi
10005d50:	490c      	ldrhi	r1, [pc, #48]	@ (10005d84 <i2c_set_baudrate+0x98>)
10005d52:	61e5      	str	r5, [r4, #28]
10005d54:	bf84      	itt	hi
10005d56:	fba1 1202 	umullhi	r1, r2, r1, r2
10005d5a:	0992      	lsrhi	r2, r2, #6
10005d5c:	6226      	str	r6, [r4, #32]
10005d5e:	f8c4 20a0 	str.w	r2, [r4, #160]	@ 0xa0
10005d62:	4622      	mov	r2, r4
10005d64:	2101      	movs	r1, #1
10005d66:	f852 5f7c 	ldr.w	r5, [r2, #124]!
10005d6a:	406b      	eors	r3, r5
10005d6c:	b29b      	uxth	r3, r3
10005d6e:	f502 5280 	add.w	r2, r2, #4096	@ 0x1000
10005d72:	6013      	str	r3, [r2, #0]
10005d74:	66e1      	str	r1, [r4, #108]	@ 0x6c
10005d76:	bdf8      	pop	{r3, r4, r5, r6, r7, pc}
10005d78:	4904      	ldr	r1, [pc, #16]	@ (10005d8c <i2c_set_baudrate+0xa0>)
10005d7a:	fba1 1303 	umull	r1, r3, r1, r3
10005d7e:	0ddb      	lsrs	r3, r3, #23
10005d80:	3301      	adds	r3, #1
10005d82:	e7d4      	b.n	10005d2e <i2c_set_baudrate+0x42>
10005d84:	cccccccd 	.word	0xcccccccd
10005d88:	000f423f 	.word	0x000f423f
10005d8c:	55e63b89 	.word	0x55e63b89

10005d90 <i2c_init>:
10005d90:	4a0e      	ldr	r2, [pc, #56]	@ (10005dcc <i2c_init+0x3c>)
10005d92:	b430      	push	{r4, r5}
10005d94:	4290      	cmp	r0, r2
10005d96:	bf14      	ite	ne
10005d98:	2220      	movne	r2, #32
10005d9a:	2210      	moveq	r2, #16
10005d9c:	4d0c      	ldr	r5, [pc, #48]	@ (10005dd0 <i2c_init+0x40>)
10005d9e:	4b0d      	ldr	r3, [pc, #52]	@ (10005dd4 <i2c_init+0x44>)
10005da0:	4c0d      	ldr	r4, [pc, #52]	@ (10005dd8 <i2c_init+0x48>)
10005da2:	602a      	str	r2, [r5, #0]
10005da4:	601a      	str	r2, [r3, #0]
10005da6:	68a3      	ldr	r3, [r4, #8]
10005da8:	ea32 0303 	bics.w	r3, r2, r3
10005dac:	d1fb      	bne.n	10005da6 <i2c_init+0x16>
10005dae:	f240 1565 	movw	r5, #357	@ 0x165
10005db2:	2403      	movs	r4, #3
10005db4:	6802      	ldr	r2, [r0, #0]
10005db6:	7103      	strb	r3, [r0, #4]
10005db8:	66d3      	str	r3, [r2, #108]	@ 0x6c
10005dba:	6015      	str	r5, [r2, #0]
10005dbc:	63d3      	str	r3, [r2, #60]	@ 0x3c
10005dbe:	6393      	str	r3, [r2, #56]	@ 0x38
10005dc0:	f8c2 4088 	str.w	r4, [r2, #136]	@ 0x88
10005dc4:	bc30      	pop	{r4, r5}
10005dc6:	f7ff bf91 	b.w	10005cec <i2c_set_baudrate>
10005dca:	bf00      	nop
10005dcc:	20001594 	.word	0x20001594
10005dd0:	40022000 	.word	0x40022000
10005dd4:	40023000 	.word	0x40023000
10005dd8:	40020000 	.word	0x40020000

10005ddc <i2c_write_blocking>:
10005ddc:	b410      	push	{r4}
10005dde:	f89d 4004 	ldrb.w	r4, [sp, #4]
10005de2:	9401      	str	r4, [sp, #4]
10005de4:	f85d 4b04 	ldr.w	r4, [sp], #4
10005de8:	f7ff bf32 	b.w	10005c50 <i2c_write_blocking_internal.constprop.0>

10005dec <i2c_read_blocking>:
10005dec:	b410      	push	{r4}
10005dee:	f89d 4004 	ldrb.w	r4, [sp, #4]
10005df2:	9401      	str	r4, [sp, #4]
10005df4:	f85d 4b04 	ldr.w	r4, [sp], #4
10005df8:	f7ff bef2 	b.w	10005be0 <i2c_read_blocking_internal.constprop.0>

10005dfc <exception_set_exclusive_handler>:
10005dfc:	b5f8      	push	{r3, r4, r5, r6, r7, lr}
10005dfe:	4604      	mov	r4, r0
10005e00:	460d      	mov	r5, r1
10005e02:	f3ef 8710 	mrs	r7, PRIMASK
10005e06:	b672      	cpsid	i
10005e08:	4b0c      	ldr	r3, [pc, #48]	@ (10005e3c <exception_set_exclusive_handler+0x40>)
10005e0a:	689b      	ldr	r3, [r3, #8]
10005e0c:	f853 6020 	ldr.w	r6, [r3, r0, lsl #2]
10005e10:	42b1      	cmp	r1, r6
10005e12:	d004      	beq.n	10005e1e <exception_set_exclusive_handler+0x22>
10005e14:	4b0a      	ldr	r3, [pc, #40]	@ (10005e40 <exception_set_exclusive_handler+0x44>)
10005e16:	429e      	cmp	r6, r3
10005e18:	d20b      	bcs.n	10005e32 <exception_set_exclusive_handler+0x36>
10005e1a:	f7fb fbff 	bl	1000161c <hard_assertion_failure>
10005e1e:	4b07      	ldr	r3, [pc, #28]	@ (10005e3c <exception_set_exclusive_handler+0x40>)
10005e20:	689b      	ldr	r3, [r3, #8]
10005e22:	f843 5024 	str.w	r5, [r3, r4, lsl #2]
10005e26:	f3bf 8f5f 	dmb	sy
10005e2a:	f387 8810 	msr	PRIMASK, r7
10005e2e:	4630      	mov	r0, r6
10005e30:	bdf8      	pop	{r3, r4, r5, r6, r7, pc}
10005e32:	4b04      	ldr	r3, [pc, #16]	@ (10005e44 <exception_set_exclusive_handler+0x48>)
10005e34:	429e      	cmp	r6, r3
10005e36:	d3f2      	bcc.n	10005e1e <exception_set_exclusive_handler+0x22>
10005e38:	e7ef      	b.n	10005e1a <exception_set_exclusive_handler+0x1e>
10005e3a:	bf00      	nop
10005e3c:	e000ed00 	.word	0xe000ed00
10005e40:	10000110 	.word	0x10000110
10005e44:	1000011c 	.word	0x1000011c

10005e48 <lcd_send_byte>:
10005e48:	e92d 47f0 	stmdb	sp!, {r4, r5, r6, r7, r8, r9, sl, lr}
10005e4c:	4684      	mov	ip, r0
10005e4e:	460c      	mov	r4, r1
10005e50:	2500      	movs	r5, #0
10005e52:	f02c 080f 	bic.w	r8, ip, #15
10005e56:	b264      	sxtb	r4, r4
10005e58:	ea44 0808 	orr.w	r8, r4, r8
10005e5c:	4f38      	ldr	r7, [pc, #224]	@ (10005f40 <lcd_send_byte+0xf8>)
10005e5e:	4e39      	ldr	r6, [pc, #228]	@ (10005f44 <lcd_send_byte+0xfc>)
10005e60:	fa4f f888 	sxtb.w	r8, r8
10005e64:	b084      	sub	sp, #16
10005e66:	f048 0a08 	orr.w	sl, r8, #8
10005e6a:	7839      	ldrb	r1, [r7, #0]
10005e6c:	f10d 020f 	add.w	r2, sp, #15
10005e70:	2301      	movs	r3, #1
10005e72:	6830      	ldr	r0, [r6, #0]
10005e74:	fa5f fa8a 	uxtb.w	sl, sl
10005e78:	9500      	str	r5, [sp, #0]
10005e7a:	ea44 140c 	orr.w	r4, r4, ip, lsl #4
10005e7e:	f88d a00f 	strb.w	sl, [sp, #15]
10005e82:	f7ff ffab 	bl	10005ddc <i2c_write_blocking>
10005e86:	f44f 7016 	mov.w	r0, #600	@ 0x258
10005e8a:	2100      	movs	r1, #0
10005e8c:	f7fb f948 	bl	10001120 <sleep_us>
10005e90:	9500      	str	r5, [sp, #0]
10005e92:	f10d 020f 	add.w	r2, sp, #15
10005e96:	2301      	movs	r3, #1
10005e98:	7839      	ldrb	r1, [r7, #0]
10005e9a:	6830      	ldr	r0, [r6, #0]
10005e9c:	f048 080c 	orr.w	r8, r8, #12
10005ea0:	f88d 800f 	strb.w	r8, [sp, #15]
10005ea4:	f7ff ff9a 	bl	10005ddc <i2c_write_blocking>
10005ea8:	f44f 7016 	mov.w	r0, #600	@ 0x258
10005eac:	2100      	movs	r1, #0
10005eae:	f7fb f937 	bl	10001120 <sleep_us>
10005eb2:	9500      	str	r5, [sp, #0]
10005eb4:	f10d 020f 	add.w	r2, sp, #15
10005eb8:	2301      	movs	r3, #1
10005eba:	7839      	ldrb	r1, [r7, #0]
10005ebc:	6830      	ldr	r0, [r6, #0]
10005ebe:	b264      	sxtb	r4, r4
10005ec0:	f88d a00f 	strb.w	sl, [sp, #15]
10005ec4:	f7ff ff8a 	bl	10005ddc <i2c_write_blocking>
10005ec8:	f44f 7016 	mov.w	r0, #600	@ 0x258
10005ecc:	2100      	movs	r1, #0
10005ece:	f7fb f927 	bl	10001120 <sleep_us>
10005ed2:	f044 0908 	orr.w	r9, r4, #8
10005ed6:	9500      	str	r5, [sp, #0]
10005ed8:	f10d 020f 	add.w	r2, sp, #15
10005edc:	2301      	movs	r3, #1
10005ede:	7839      	ldrb	r1, [r7, #0]
10005ee0:	fa5f f989 	uxtb.w	r9, r9
10005ee4:	6830      	ldr	r0, [r6, #0]
10005ee6:	f88d 900f 	strb.w	r9, [sp, #15]
10005eea:	f7ff ff77 	bl	10005ddc <i2c_write_blocking>
10005eee:	f44f 7016 	mov.w	r0, #600	@ 0x258
10005ef2:	2100      	movs	r1, #0
10005ef4:	f7fb f914 	bl	10001120 <sleep_us>
10005ef8:	9500      	str	r5, [sp, #0]
10005efa:	f10d 020f 	add.w	r2, sp, #15
10005efe:	2301      	movs	r3, #1
10005f00:	7839      	ldrb	r1, [r7, #0]
10005f02:	6830      	ldr	r0, [r6, #0]
10005f04:	f044 040c 	orr.w	r4, r4, #12
10005f08:	f88d 400f 	strb.w	r4, [sp, #15]
10005f0c:	f7ff ff66 	bl	10005ddc <i2c_write_blocking>
10005f10:	f44f 7016 	mov.w	r0, #600	@ 0x258
10005f14:	2100      	movs	r1, #0
10005f16:	f7fb f903 	bl	10001120 <sleep_us>
10005f1a:	7839      	ldrb	r1, [r7, #0]
10005f1c:	6830      	ldr	r0, [r6, #0]
10005f1e:	2301      	movs	r3, #1
10005f20:	f10d 020f 	add.w	r2, sp, #15
10005f24:	9500      	str	r5, [sp, #0]
10005f26:	f88d 900f 	strb.w	r9, [sp, #15]
10005f2a:	f7ff ff57 	bl	10005ddc <i2c_write_blocking>
10005f2e:	f44f 7016 	mov.w	r0, #600	@ 0x258
10005f32:	2100      	movs	r1, #0
10005f34:	b004      	add	sp, #16
10005f36:	e8bd 47f0 	ldmia.w	sp!, {r4, r5, r6, r7, r8, r9, sl, lr}
10005f3a:	f7fb b8f1 	b.w	10001120 <sleep_us>
10005f3e:	bf00      	nop
10005f40:	20002a63 	.word	0x20002a63
10005f44:	20002888 	.word	0x20002888

10005f48 <lcd_clear>:
10005f48:	2100      	movs	r1, #0
10005f4a:	2001      	movs	r0, #1
10005f4c:	f7ff bf7c 	b.w	10005e48 <lcd_send_byte>

10005f50 <lcd_set_cursor>:
10005f50:	b510      	push	{r4, lr}
10005f52:	4684      	mov	ip, r0
10005f54:	b084      	sub	sp, #16
10005f56:	468e      	mov	lr, r1
10005f58:	4b08      	ldr	r3, [pc, #32]	@ (10005f7c <lcd_set_cursor+0x2c>)
10005f5a:	ac04      	add	r4, sp, #16
10005f5c:	cb0f      	ldmia	r3, {r0, r1, r2, r3}
10005f5e:	e904 000f 	stmdb	r4, {r0, r1, r2, r3}
10005f62:	2100      	movs	r1, #0
10005f64:	eb04 0c8c 	add.w	ip, r4, ip, lsl #2
10005f68:	f85c 0c10 	ldr.w	r0, [ip, #-16]
10005f6c:	3080      	adds	r0, #128	@ 0x80
10005f6e:	4470      	add	r0, lr
10005f70:	b2c0      	uxtb	r0, r0
10005f72:	b004      	add	sp, #16
10005f74:	e8bd 4010 	ldmia.w	sp!, {r4, lr}
10005f78:	f7ff bf66 	b.w	10005e48 <lcd_send_byte>
10005f7c:	10009394 	.word	0x10009394

10005f80 <lcd_string>:
10005f80:	b510      	push	{r4, lr}
10005f82:	4604      	mov	r4, r0
10005f84:	7800      	ldrb	r0, [r0, #0]
10005f86:	b130      	cbz	r0, 10005f96 <lcd_string+0x16>
10005f88:	2101      	movs	r1, #1
10005f8a:	f7ff ff5d 	bl	10005e48 <lcd_send_byte>
10005f8e:	f814 0f01 	ldrb.w	r0, [r4, #1]!
10005f92:	2800      	cmp	r0, #0
10005f94:	d1f8      	bne.n	10005f88 <lcd_string+0x8>
10005f96:	bd10      	pop	{r4, pc}

10005f98 <lcd_init>:
10005f98:	b538      	push	{r3, r4, r5, lr}
10005f9a:	460a      	mov	r2, r1
10005f9c:	4605      	mov	r5, r0
10005f9e:	4b13      	ldr	r3, [pc, #76]	@ (10005fec <lcd_init+0x54>)
10005fa0:	4c13      	ldr	r4, [pc, #76]	@ (10005ff0 <lcd_init+0x58>)
10005fa2:	2100      	movs	r1, #0
10005fa4:	2003      	movs	r0, #3
10005fa6:	701a      	strb	r2, [r3, #0]
10005fa8:	6025      	str	r5, [r4, #0]
10005faa:	f7ff ff4d 	bl	10005e48 <lcd_send_byte>
10005fae:	2100      	movs	r1, #0
10005fb0:	2003      	movs	r0, #3
10005fb2:	f7ff ff49 	bl	10005e48 <lcd_send_byte>
10005fb6:	2100      	movs	r1, #0
10005fb8:	2003      	movs	r0, #3
10005fba:	f7ff ff45 	bl	10005e48 <lcd_send_byte>
10005fbe:	2100      	movs	r1, #0
10005fc0:	2002      	movs	r0, #2
10005fc2:	f7ff ff41 	bl	10005e48 <lcd_send_byte>
10005fc6:	2100      	movs	r1, #0
10005fc8:	2006      	movs	r0, #6
10005fca:	f7ff ff3d 	bl	10005e48 <lcd_send_byte>
10005fce:	2100      	movs	r1, #0
10005fd0:	2028      	movs	r0, #40	@ 0x28
10005fd2:	f7ff ff39 	bl	10005e48 <lcd_send_byte>
10005fd6:	2100      	movs	r1, #0
10005fd8:	200c      	movs	r0, #12
10005fda:	f7ff ff35 	bl	10005e48 <lcd_send_byte>
10005fde:	e8bd 4038 	ldmia.w	sp!, {r3, r4, r5, lr}
10005fe2:	2100      	movs	r1, #0
10005fe4:	2001      	movs	r0, #1
10005fe6:	f7ff bf2f 	b.w	10005e48 <lcd_send_byte>
10005fea:	bf00      	nop
10005fec:	20002a63 	.word	0x20002a63
10005ff0:	20002888 	.word	0x20002888

10005ff4 <bmp280_init>:
10005ff4:	b530      	push	{r4, r5, lr}
10005ff6:	2400      	movs	r4, #0
10005ff8:	f249 4cf5 	movw	ip, #38133	@ 0x94f5
10005ffc:	4d0b      	ldr	r5, [pc, #44]	@ (1000602c <bmp280_init+0x38>)
10005ffe:	b085      	sub	sp, #20
10006000:	aa03      	add	r2, sp, #12
10006002:	9400      	str	r4, [sp, #0]
10006004:	2302      	movs	r3, #2
10006006:	2176      	movs	r1, #118	@ 0x76
10006008:	6028      	str	r0, [r5, #0]
1000600a:	f8ad c00c 	strh.w	ip, [sp, #12]
1000600e:	f7ff fee5 	bl	10005ddc <i2c_write_blocking>
10006012:	f642 7cf4 	movw	ip, #12276	@ 0x2ff4
10006016:	6828      	ldr	r0, [r5, #0]
10006018:	2302      	movs	r3, #2
1000601a:	2176      	movs	r1, #118	@ 0x76
1000601c:	aa03      	add	r2, sp, #12
1000601e:	9400      	str	r4, [sp, #0]
10006020:	f8ad c00c 	strh.w	ip, [sp, #12]
10006024:	f7ff feda 	bl	10005ddc <i2c_write_blocking>
10006028:	b005      	add	sp, #20
1000602a:	bd30      	pop	{r4, r5, pc}
1000602c:	20002880 	.word	0x20002880

10006030 <bmp280_get_calib_params>:
10006030:	2301      	movs	r3, #1
10006032:	2288      	movs	r2, #136	@ 0x88
10006034:	b570      	push	{r4, r5, r6, lr}
10006036:	2500      	movs	r5, #0
10006038:	b08a      	sub	sp, #40	@ 0x28
1000603a:	4e16      	ldr	r6, [pc, #88]	@ (10006094 <bmp280_get_calib_params+0x64>)
1000603c:	9300      	str	r3, [sp, #0]
1000603e:	4604      	mov	r4, r0
10006040:	f88d 200f 	strb.w	r2, [sp, #15]
10006044:	2176      	movs	r1, #118	@ 0x76
10006046:	f10d 020f 	add.w	r2, sp, #15
1000604a:	6830      	ldr	r0, [r6, #0]
1000604c:	e9cd 5504 	strd	r5, r5, [sp, #16]
10006050:	e9cd 5506 	strd	r5, r5, [sp, #24]
10006054:	e9cd 5508 	strd	r5, r5, [sp, #32]
10006058:	f7ff fec0 	bl	10005ddc <i2c_write_blocking>
1000605c:	6830      	ldr	r0, [r6, #0]
1000605e:	aa04      	add	r2, sp, #16
10006060:	2318      	movs	r3, #24
10006062:	2176      	movs	r1, #118	@ 0x76
10006064:	9500      	str	r5, [sp, #0]
10006066:	f7ff fec1 	bl	10005dec <i2c_read_blocking>
1000606a:	9907      	ldr	r1, [sp, #28]
1000606c:	f8bd 2010 	ldrh.w	r2, [sp, #16]
10006070:	f8dd 3012 	ldr.w	r3, [sp, #18]
10006074:	f8bd 0016 	ldrh.w	r0, [sp, #22]
10006078:	60e1      	str	r1, [r4, #12]
1000607a:	9906      	ldr	r1, [sp, #24]
1000607c:	8022      	strh	r2, [r4, #0]
1000607e:	f8c4 3002 	str.w	r3, [r4, #2]
10006082:	80e0      	strh	r0, [r4, #6]
10006084:	e9dd 2308 	ldrd	r2, r3, [sp, #32]
10006088:	60a1      	str	r1, [r4, #8]
1000608a:	6122      	str	r2, [r4, #16]
1000608c:	6163      	str	r3, [r4, #20]
1000608e:	b00a      	add	sp, #40	@ 0x28
10006090:	bd70      	pop	{r4, r5, r6, pc}
10006092:	bf00      	nop
10006094:	20002880 	.word	0x20002880

10006098 <bmp280_read_raw>:
10006098:	2301      	movs	r3, #1
1000609a:	f04f 0cf7 	mov.w	ip, #247	@ 0xf7
1000609e:	b570      	push	{r4, r5, r6, lr}
100060a0:	4e17      	ldr	r6, [pc, #92]	@ (10006100 <bmp280_read_raw+0x68>)
100060a2:	b086      	sub	sp, #24
100060a4:	4604      	mov	r4, r0
100060a6:	460d      	mov	r5, r1
100060a8:	6830      	ldr	r0, [r6, #0]
100060aa:	f10d 020f 	add.w	r2, sp, #15
100060ae:	9300      	str	r3, [sp, #0]
100060b0:	2176      	movs	r1, #118	@ 0x76
100060b2:	f88d c00f 	strb.w	ip, [sp, #15]
100060b6:	f7ff fe91 	bl	10005ddc <i2c_write_blocking>
100060ba:	2200      	movs	r2, #0
100060bc:	6830      	ldr	r0, [r6, #0]
100060be:	2306      	movs	r3, #6
100060c0:	9200      	str	r2, [sp, #0]
100060c2:	2176      	movs	r1, #118	@ 0x76
100060c4:	aa04      	add	r2, sp, #16
100060c6:	f7ff fe91 	bl	10005dec <i2c_read_blocking>
100060ca:	f89d 2011 	ldrb.w	r2, [sp, #17]
100060ce:	f89d 1010 	ldrb.w	r1, [sp, #16]
100060d2:	0112      	lsls	r2, r2, #4
100060d4:	ea42 3201 	orr.w	r2, r2, r1, lsl #12
100060d8:	f89d 1012 	ldrb.w	r1, [sp, #18]
100060dc:	f89d 3014 	ldrb.w	r3, [sp, #20]
100060e0:	ea42 1211 	orr.w	r2, r2, r1, lsr #4
100060e4:	f89d 1013 	ldrb.w	r1, [sp, #19]
100060e8:	011b      	lsls	r3, r3, #4
100060ea:	ea43 3301 	orr.w	r3, r3, r1, lsl #12
100060ee:	f89d 1015 	ldrb.w	r1, [sp, #21]
100060f2:	602a      	str	r2, [r5, #0]
100060f4:	ea43 1311 	orr.w	r3, r3, r1, lsr #4
100060f8:	6023      	str	r3, [r4, #0]
100060fa:	b006      	add	sp, #24
100060fc:	bd70      	pop	{r4, r5, r6, pc}
100060fe:	bf00      	nop
10006100:	20002880 	.word	0x20002880

10006104 <bmp280_convert_temp>:
10006104:	880a      	ldrh	r2, [r1, #0]
10006106:	b508      	push	{r3, lr}
10006108:	ebc2 1320 	rsb	r3, r2, r0, asr #4
1000610c:	fb03 f303 	mul.w	r3, r3, r3
10006110:	f9b1 c004 	ldrsh.w	ip, [r1, #4]
10006114:	0052      	lsls	r2, r2, #1
10006116:	f9b1 1002 	ldrsh.w	r1, [r1, #2]
1000611a:	ebc2 02e0 	rsb	r2, r2, r0, asr #3
1000611e:	1318      	asrs	r0, r3, #12
10006120:	fb0c f000 	mul.w	r0, ip, r0
10006124:	fb01 f202 	mul.w	r2, r1, r2
10006128:	1380      	asrs	r0, r0, #14
1000612a:	eb00 20e2 	add.w	r0, r0, r2, asr #11
1000612e:	eb00 0080 	add.w	r0, r0, r0, lsl #2
10006132:	3080      	adds	r0, #128	@ 0x80
10006134:	1200      	asrs	r0, r0, #8
10006136:	f7fb fc2d 	bl	10001994 <__wrap___aeabi_i2d>
1000613a:	2200      	movs	r2, #0
1000613c:	4b02      	ldr	r3, [pc, #8]	@ (10006148 <bmp280_convert_temp+0x44>)
1000613e:	f7fb fbcd 	bl	100018dc <__wrap___aeabi_ddiv>
10006142:	f7fb fc19 	bl	10001978 <__wrap___aeabi_d2f>
10006146:	bd08      	pop	{r3, pc}
10006148:	40590000 	.word	0x40590000

1000614c <bmp280_convert_pressure>:
1000614c:	4684      	mov	ip, r0
1000614e:	8810      	ldrh	r0, [r2, #0]
10006150:	b510      	push	{r4, lr}
10006152:	ebc0 1321 	rsb	r3, r0, r1, asr #4
10006156:	fb03 f303 	mul.w	r3, r3, r3
1000615a:	0040      	lsls	r0, r0, #1
1000615c:	ebc0 00e1 	rsb	r0, r0, r1, asr #3
10006160:	f9b2 1002 	ldrsh.w	r1, [r2, #2]
10006164:	131b      	asrs	r3, r3, #12
10006166:	fb01 f000 	mul.w	r0, r1, r0
1000616a:	f9b2 1004 	ldrsh.w	r1, [r2, #4]
1000616e:	f9b2 e00a 	ldrsh.w	lr, [r2, #10]
10006172:	fb01 f303 	mul.w	r3, r1, r3
10006176:	139b      	asrs	r3, r3, #14
10006178:	eb03 23e0 	add.w	r3, r3, r0, asr #11
1000617c:	105b      	asrs	r3, r3, #1
1000617e:	f5a3 417a 	sub.w	r1, r3, #64000	@ 0xfa00
10006182:	108b      	asrs	r3, r1, #2
10006184:	fb03 f403 	mul.w	r4, r3, r3
10006188:	f9b2 3008 	ldrsh.w	r3, [r2, #8]
1000618c:	1360      	asrs	r0, r4, #13
1000618e:	fb01 f303 	mul.w	r3, r1, r3
10006192:	fb00 f00e 	mul.w	r0, r0, lr
10006196:	105b      	asrs	r3, r3, #1
10006198:	eb03 03e0 	add.w	r3, r3, r0, asr #3
1000619c:	149b      	asrs	r3, r3, #18
1000619e:	88d0      	ldrh	r0, [r2, #6]
100061a0:	f503 4300 	add.w	r3, r3, #32768	@ 0x8000
100061a4:	fb00 f303 	mul.w	r3, r0, r3
100061a8:	13d8      	asrs	r0, r3, #15
100061aa:	d03a      	beq.n	10006222 <bmp280_convert_pressure+0xd6>
100061ac:	f9b2 300e 	ldrsh.w	r3, [r2, #14]
100061b0:	ea4f 2ee4 	mov.w	lr, r4, asr #11
100061b4:	fb01 f303 	mul.w	r3, r1, r3
100061b8:	f9b2 1010 	ldrsh.w	r1, [r2, #16]
100061bc:	005b      	lsls	r3, r3, #1
100061be:	fb01 330e 	mla	r3, r1, lr, r3
100061c2:	f9b2 100c 	ldrsh.w	r1, [r2, #12]
100061c6:	0409      	lsls	r1, r1, #16
100061c8:	eb01 03a3 	add.w	r3, r1, r3, asr #2
100061cc:	4915      	ldr	r1, [pc, #84]	@ (10006224 <bmp280_convert_pressure+0xd8>)
100061ce:	eb0c 3c23 	add.w	ip, ip, r3, asr #12
100061d2:	fb01 fc0c 	mul.w	ip, r1, ip
100061d6:	f10c 4c43 	add.w	ip, ip, #3271557120	@ 0xc3000000
100061da:	f50c 0ca0 	add.w	ip, ip, #5242880	@ 0x500000
100061de:	f1bc 0f00 	cmp.w	ip, #0
100061e2:	bfb3      	iteet	lt
100061e4:	fbbc fcf0 	udivlt	ip, ip, r0
100061e8:	ea4f 0c4c 	movge.w	ip, ip, lsl #1
100061ec:	fbbc fcf0 	udivge	ip, ip, r0
100061f0:	ea4f 0c4c 	movlt.w	ip, ip, lsl #1
100061f4:	ea4f 03dc 	mov.w	r3, ip, lsr #3
100061f8:	fb03 f303 	mul.w	r3, r3, r3
100061fc:	f9b2 0016 	ldrsh.w	r0, [r2, #22]
10006200:	f9b2 1014 	ldrsh.w	r1, [r2, #20]
10006204:	0b5b      	lsrs	r3, r3, #13
10006206:	fb00 f303 	mul.w	r3, r0, r3
1000620a:	ea4f 009c 	mov.w	r0, ip, lsr #2
1000620e:	fb01 f000 	mul.w	r0, r1, r0
10006212:	f9b2 2012 	ldrsh.w	r2, [r2, #18]
10006216:	1340      	asrs	r0, r0, #13
10006218:	eb00 3023 	add.w	r0, r0, r3, asr #12
1000621c:	4410      	add	r0, r2
1000621e:	eb0c 1020 	add.w	r0, ip, r0, asr #4
10006222:	bd10      	pop	{r4, pc}
10006224:	fffff3cb 	.word	0xfffff3cb

10006228 <prvCopyDataToQueue>:
10006228:	b570      	push	{r4, r5, r6, lr}
1000622a:	4616      	mov	r6, r2
1000622c:	6c02      	ldr	r2, [r0, #64]	@ 0x40
1000622e:	4604      	mov	r4, r0
10006230:	6b85      	ldr	r5, [r0, #56]	@ 0x38
10006232:	b92a      	cbnz	r2, 10006240 <prvCopyDataToQueue+0x18>
10006234:	6806      	ldr	r6, [r0, #0]
10006236:	3501      	adds	r5, #1
10006238:	b34e      	cbz	r6, 1000628e <prvCopyDataToQueue+0x66>
1000623a:	4610      	mov	r0, r2
1000623c:	63a5      	str	r5, [r4, #56]	@ 0x38
1000623e:	bd70      	pop	{r4, r5, r6, pc}
10006240:	b98e      	cbnz	r6, 10006266 <prvCopyDataToQueue+0x3e>
10006242:	6840      	ldr	r0, [r0, #4]
10006244:	f002 fc34 	bl	10008ab0 <memcpy>
10006248:	6863      	ldr	r3, [r4, #4]
1000624a:	6c21      	ldr	r1, [r4, #64]	@ 0x40
1000624c:	68a2      	ldr	r2, [r4, #8]
1000624e:	440b      	add	r3, r1
10006250:	4293      	cmp	r3, r2
10006252:	6063      	str	r3, [r4, #4]
10006254:	bf28      	it	cs
10006256:	6823      	ldrcs	r3, [r4, #0]
10006258:	f105 0501 	add.w	r5, r5, #1
1000625c:	bf28      	it	cs
1000625e:	6063      	strcs	r3, [r4, #4]
10006260:	2000      	movs	r0, #0
10006262:	63a5      	str	r5, [r4, #56]	@ 0x38
10006264:	bd70      	pop	{r4, r5, r6, pc}
10006266:	68c0      	ldr	r0, [r0, #12]
10006268:	f002 fc22 	bl	10008ab0 <memcpy>
1000626c:	6c22      	ldr	r2, [r4, #64]	@ 0x40
1000626e:	68e3      	ldr	r3, [r4, #12]
10006270:	4251      	negs	r1, r2
10006272:	1a9b      	subs	r3, r3, r2
10006274:	6822      	ldr	r2, [r4, #0]
10006276:	60e3      	str	r3, [r4, #12]
10006278:	4293      	cmp	r3, r2
1000627a:	d202      	bcs.n	10006282 <prvCopyDataToQueue+0x5a>
1000627c:	68a3      	ldr	r3, [r4, #8]
1000627e:	440b      	add	r3, r1
10006280:	60e3      	str	r3, [r4, #12]
10006282:	2e02      	cmp	r6, #2
10006284:	d008      	beq.n	10006298 <prvCopyDataToQueue+0x70>
10006286:	3501      	adds	r5, #1
10006288:	2000      	movs	r0, #0
1000628a:	63a5      	str	r5, [r4, #56]	@ 0x38
1000628c:	bd70      	pop	{r4, r5, r6, pc}
1000628e:	6880      	ldr	r0, [r0, #8]
10006290:	f001 fc3c 	bl	10007b0c <xTaskPriorityDisinherit>
10006294:	60a6      	str	r6, [r4, #8]
10006296:	e7d1      	b.n	1000623c <prvCopyDataToQueue+0x14>
10006298:	2d01      	cmp	r5, #1
1000629a:	bf38      	it	cc
1000629c:	2501      	movcc	r5, #1
1000629e:	e7df      	b.n	10006260 <prvCopyDataToQueue+0x38>

100062a0 <xQueueGenericCreate>:
100062a0:	b570      	push	{r4, r5, r6, lr}
100062a2:	b3a0      	cbz	r0, 1000630e <xQueueGenericCreate+0x6e>
100062a4:	fba1 2300 	umull	r2, r3, r1, r0
100062a8:	4605      	mov	r5, r0
100062aa:	460e      	mov	r6, r1
100062ac:	bb7b      	cbnz	r3, 1000630e <xQueueGenericCreate+0x6e>
100062ae:	fb01 f000 	mul.w	r0, r1, r0
100062b2:	f110 0f49 	cmn.w	r0, #73	@ 0x49
100062b6:	d82a      	bhi.n	1000630e <xQueueGenericCreate+0x6e>
100062b8:	3048      	adds	r0, #72	@ 0x48
100062ba:	f001 fe8d 	bl	10007fd8 <pvPortMalloc>
100062be:	4604      	mov	r4, r0
100062c0:	b328      	cbz	r0, 1000630e <xQueueGenericCreate+0x6e>
100062c2:	b33e      	cbz	r6, 10006314 <xQueueGenericCreate+0x74>
100062c4:	f100 0348 	add.w	r3, r0, #72	@ 0x48
100062c8:	6023      	str	r3, [r4, #0]
100062ca:	e9c4 560f 	strd	r5, r6, [r4, #60]	@ 0x3c
100062ce:	f001 fedd 	bl	1000808c <vPortEnterCritical>
100062d2:	2300      	movs	r3, #0
100062d4:	20ff      	movs	r0, #255	@ 0xff
100062d6:	63a3      	str	r3, [r4, #56]	@ 0x38
100062d8:	6c21      	ldr	r1, [r4, #64]	@ 0x40
100062da:	6be3      	ldr	r3, [r4, #60]	@ 0x3c
100062dc:	6822      	ldr	r2, [r4, #0]
100062de:	fb01 f303 	mul.w	r3, r1, r3
100062e2:	1a59      	subs	r1, r3, r1
100062e4:	6062      	str	r2, [r4, #4]
100062e6:	4413      	add	r3, r2
100062e8:	440a      	add	r2, r1
100062ea:	e9c4 3202 	strd	r3, r2, [r4, #8]
100062ee:	f884 0044 	strb.w	r0, [r4, #68]	@ 0x44
100062f2:	f884 0045 	strb.w	r0, [r4, #69]	@ 0x45
100062f6:	f104 0010 	add.w	r0, r4, #16
100062fa:	f002 f83f 	bl	1000837c <vListInitialise>
100062fe:	f104 0024 	add.w	r0, r4, #36	@ 0x24
10006302:	f002 f83b 	bl	1000837c <vListInitialise>
10006306:	f001 fecf 	bl	100080a8 <vPortExitCritical>
1000630a:	4620      	mov	r0, r4
1000630c:	bd70      	pop	{r4, r5, r6, pc}
1000630e:	2400      	movs	r4, #0
10006310:	4620      	mov	r0, r4
10006312:	bd70      	pop	{r4, r5, r6, pc}
10006314:	4603      	mov	r3, r0
10006316:	e7d7      	b.n	100062c8 <xQueueGenericCreate+0x28>

10006318 <xQueueGenericSend>:
10006318:	e92d 43f0 	stmdb	sp!, {r4, r5, r6, r7, r8, r9, lr}
1000631c:	4604      	mov	r4, r0
1000631e:	b085      	sub	sp, #20
10006320:	461f      	mov	r7, r3
10006322:	9201      	str	r2, [sp, #4]
10006324:	4688      	mov	r8, r1
10006326:	f001 feb1 	bl	1000808c <vPortEnterCritical>
1000632a:	6ba2      	ldr	r2, [r4, #56]	@ 0x38
1000632c:	6be3      	ldr	r3, [r4, #60]	@ 0x3c
1000632e:	429a      	cmp	r2, r3
10006330:	d379      	bcc.n	10006426 <xQueueGenericSend+0x10e>
10006332:	2f02      	cmp	r7, #2
10006334:	d077      	beq.n	10006426 <xQueueGenericSend+0x10e>
10006336:	2200      	movs	r2, #0
10006338:	f104 0624 	add.w	r6, r4, #36	@ 0x24
1000633c:	9b01      	ldr	r3, [sp, #4]
1000633e:	2b00      	cmp	r3, #0
10006340:	f000 80d4 	beq.w	100064ec <xQueueGenericSend+0x1d4>
10006344:	2a00      	cmp	r2, #0
10006346:	f000 80cd 	beq.w	100064e4 <xQueueGenericSend+0x1cc>
1000634a:	f001 fead 	bl	100080a8 <vPortExitCritical>
1000634e:	f001 f909 	bl	10007564 <vTaskSuspendAll>
10006352:	f001 fe9b 	bl	1000808c <vPortEnterCritical>
10006356:	f894 3044 	ldrb.w	r3, [r4, #68]	@ 0x44
1000635a:	2bff      	cmp	r3, #255	@ 0xff
1000635c:	bf04      	itt	eq
1000635e:	2300      	moveq	r3, #0
10006360:	f884 3044 	strbeq.w	r3, [r4, #68]	@ 0x44
10006364:	f894 3045 	ldrb.w	r3, [r4, #69]	@ 0x45
10006368:	2bff      	cmp	r3, #255	@ 0xff
1000636a:	bf04      	itt	eq
1000636c:	2300      	moveq	r3, #0
1000636e:	f884 3045 	strbeq.w	r3, [r4, #69]	@ 0x45
10006372:	f001 fe99 	bl	100080a8 <vPortExitCritical>
10006376:	a802      	add	r0, sp, #8
10006378:	a901      	add	r1, sp, #4
1000637a:	f001 fb49 	bl	10007a10 <xTaskCheckForTimeOut>
1000637e:	2800      	cmp	r0, #0
10006380:	f040 80ba 	bne.w	100064f8 <xQueueGenericSend+0x1e0>
10006384:	f001 fe82 	bl	1000808c <vPortEnterCritical>
10006388:	6ba2      	ldr	r2, [r4, #56]	@ 0x38
1000638a:	6be3      	ldr	r3, [r4, #60]	@ 0x3c
1000638c:	429a      	cmp	r2, r3
1000638e:	d05c      	beq.n	1000644a <xQueueGenericSend+0x132>
10006390:	f001 fe8a 	bl	100080a8 <vPortExitCritical>
10006394:	f001 fe7a 	bl	1000808c <vPortEnterCritical>
10006398:	f894 2045 	ldrb.w	r2, [r4, #69]	@ 0x45
1000639c:	b255      	sxtb	r5, r2
1000639e:	2d00      	cmp	r5, #0
100063a0:	dc04      	bgt.n	100063ac <xQueueGenericSend+0x94>
100063a2:	e011      	b.n	100063c8 <xQueueGenericSend+0xb0>
100063a4:	1e6a      	subs	r2, r5, #1
100063a6:	b2d3      	uxtb	r3, r2
100063a8:	b255      	sxtb	r5, r2
100063aa:	b16b      	cbz	r3, 100063c8 <xQueueGenericSend+0xb0>
100063ac:	6a63      	ldr	r3, [r4, #36]	@ 0x24
100063ae:	b15b      	cbz	r3, 100063c8 <xQueueGenericSend+0xb0>
100063b0:	4630      	mov	r0, r6
100063b2:	f001 fab9 	bl	10007928 <xTaskRemoveFromEventList>
100063b6:	2800      	cmp	r0, #0
100063b8:	d0f4      	beq.n	100063a4 <xQueueGenericSend+0x8c>
100063ba:	f001 fb59 	bl	10007a70 <vTaskMissedYield>
100063be:	1e6a      	subs	r2, r5, #1
100063c0:	b2d3      	uxtb	r3, r2
100063c2:	b255      	sxtb	r5, r2
100063c4:	2b00      	cmp	r3, #0
100063c6:	d1f1      	bne.n	100063ac <xQueueGenericSend+0x94>
100063c8:	23ff      	movs	r3, #255	@ 0xff
100063ca:	f884 3045 	strb.w	r3, [r4, #69]	@ 0x45
100063ce:	f001 fe6b 	bl	100080a8 <vPortExitCritical>
100063d2:	f001 fe5b 	bl	1000808c <vPortEnterCritical>
100063d6:	f894 2044 	ldrb.w	r2, [r4, #68]	@ 0x44
100063da:	b255      	sxtb	r5, r2
100063dc:	2d00      	cmp	r5, #0
100063de:	dd14      	ble.n	1000640a <xQueueGenericSend+0xf2>
100063e0:	f104 0910 	add.w	r9, r4, #16
100063e4:	e003      	b.n	100063ee <xQueueGenericSend+0xd6>
100063e6:	1e6a      	subs	r2, r5, #1
100063e8:	b2d3      	uxtb	r3, r2
100063ea:	b255      	sxtb	r5, r2
100063ec:	b16b      	cbz	r3, 1000640a <xQueueGenericSend+0xf2>
100063ee:	6923      	ldr	r3, [r4, #16]
100063f0:	b15b      	cbz	r3, 1000640a <xQueueGenericSend+0xf2>
100063f2:	4648      	mov	r0, r9
100063f4:	f001 fa98 	bl	10007928 <xTaskRemoveFromEventList>
100063f8:	2800      	cmp	r0, #0
100063fa:	d0f4      	beq.n	100063e6 <xQueueGenericSend+0xce>
100063fc:	f001 fb38 	bl	10007a70 <vTaskMissedYield>
10006400:	1e6a      	subs	r2, r5, #1
10006402:	b2d3      	uxtb	r3, r2
10006404:	b255      	sxtb	r5, r2
10006406:	2b00      	cmp	r3, #0
10006408:	d1f1      	bne.n	100063ee <xQueueGenericSend+0xd6>
1000640a:	23ff      	movs	r3, #255	@ 0xff
1000640c:	f884 3044 	strb.w	r3, [r4, #68]	@ 0x44
10006410:	f001 fe4a 	bl	100080a8 <vPortExitCritical>
10006414:	f001 f8ae 	bl	10007574 <xTaskResumeAll>
10006418:	f001 fe38 	bl	1000808c <vPortEnterCritical>
1000641c:	6ba1      	ldr	r1, [r4, #56]	@ 0x38
1000641e:	6be3      	ldr	r3, [r4, #60]	@ 0x3c
10006420:	2201      	movs	r2, #1
10006422:	4299      	cmp	r1, r3
10006424:	d28a      	bcs.n	1000633c <xQueueGenericSend+0x24>
10006426:	463a      	mov	r2, r7
10006428:	4641      	mov	r1, r8
1000642a:	4620      	mov	r0, r4
1000642c:	f7ff fefc 	bl	10006228 <prvCopyDataToQueue>
10006430:	6a63      	ldr	r3, [r4, #36]	@ 0x24
10006432:	2b00      	cmp	r3, #0
10006434:	f040 80a8 	bne.w	10006588 <xQueueGenericSend+0x270>
10006438:	2800      	cmp	r0, #0
1000643a:	f040 80a2 	bne.w	10006582 <xQueueGenericSend+0x26a>
1000643e:	f001 fe33 	bl	100080a8 <vPortExitCritical>
10006442:	2001      	movs	r0, #1
10006444:	b005      	add	sp, #20
10006446:	e8bd 83f0 	ldmia.w	sp!, {r4, r5, r6, r7, r8, r9, pc}
1000644a:	f104 0910 	add.w	r9, r4, #16
1000644e:	f001 fe2b 	bl	100080a8 <vPortExitCritical>
10006452:	4648      	mov	r0, r9
10006454:	9901      	ldr	r1, [sp, #4]
10006456:	f001 f9b5 	bl	100077c4 <vTaskPlaceOnEventList>
1000645a:	f001 fe17 	bl	1000808c <vPortEnterCritical>
1000645e:	f894 3045 	ldrb.w	r3, [r4, #69]	@ 0x45
10006462:	b25d      	sxtb	r5, r3
10006464:	2d00      	cmp	r5, #0
10006466:	dc04      	bgt.n	10006472 <xQueueGenericSend+0x15a>
10006468:	e011      	b.n	1000648e <xQueueGenericSend+0x176>
1000646a:	1e6b      	subs	r3, r5, #1
1000646c:	b2da      	uxtb	r2, r3
1000646e:	b25d      	sxtb	r5, r3
10006470:	b16a      	cbz	r2, 1000648e <xQueueGenericSend+0x176>
10006472:	6a63      	ldr	r3, [r4, #36]	@ 0x24
10006474:	b15b      	cbz	r3, 1000648e <xQueueGenericSend+0x176>
10006476:	4630      	mov	r0, r6
10006478:	f001 fa56 	bl	10007928 <xTaskRemoveFromEventList>
1000647c:	2800      	cmp	r0, #0
1000647e:	d0f4      	beq.n	1000646a <xQueueGenericSend+0x152>
10006480:	f001 faf6 	bl	10007a70 <vTaskMissedYield>
10006484:	1e6b      	subs	r3, r5, #1
10006486:	b2da      	uxtb	r2, r3
10006488:	b25d      	sxtb	r5, r3
1000648a:	2a00      	cmp	r2, #0
1000648c:	d1f1      	bne.n	10006472 <xQueueGenericSend+0x15a>
1000648e:	23ff      	movs	r3, #255	@ 0xff
10006490:	f884 3045 	strb.w	r3, [r4, #69]	@ 0x45
10006494:	f001 fe08 	bl	100080a8 <vPortExitCritical>
10006498:	f001 fdf8 	bl	1000808c <vPortEnterCritical>
1000649c:	f894 3044 	ldrb.w	r3, [r4, #68]	@ 0x44
100064a0:	b25d      	sxtb	r5, r3
100064a2:	2d00      	cmp	r5, #0
100064a4:	dc04      	bgt.n	100064b0 <xQueueGenericSend+0x198>
100064a6:	e011      	b.n	100064cc <xQueueGenericSend+0x1b4>
100064a8:	1e6b      	subs	r3, r5, #1
100064aa:	b2da      	uxtb	r2, r3
100064ac:	b25d      	sxtb	r5, r3
100064ae:	b16a      	cbz	r2, 100064cc <xQueueGenericSend+0x1b4>
100064b0:	6923      	ldr	r3, [r4, #16]
100064b2:	b15b      	cbz	r3, 100064cc <xQueueGenericSend+0x1b4>
100064b4:	4648      	mov	r0, r9
100064b6:	f001 fa37 	bl	10007928 <xTaskRemoveFromEventList>
100064ba:	2800      	cmp	r0, #0
100064bc:	d0f4      	beq.n	100064a8 <xQueueGenericSend+0x190>
100064be:	f001 fad7 	bl	10007a70 <vTaskMissedYield>
100064c2:	1e6b      	subs	r3, r5, #1
100064c4:	b2da      	uxtb	r2, r3
100064c6:	b25d      	sxtb	r5, r3
100064c8:	2a00      	cmp	r2, #0
100064ca:	d1f1      	bne.n	100064b0 <xQueueGenericSend+0x198>
100064cc:	23ff      	movs	r3, #255	@ 0xff
100064ce:	f884 3044 	strb.w	r3, [r4, #68]	@ 0x44
100064d2:	f001 fde9 	bl	100080a8 <vPortExitCritical>
100064d6:	f001 f84d 	bl	10007574 <xTaskResumeAll>
100064da:	2800      	cmp	r0, #0
100064dc:	d19c      	bne.n	10006418 <xQueueGenericSend+0x100>
100064de:	f001 fdc9 	bl	10008074 <vPortYield>
100064e2:	e799      	b.n	10006418 <xQueueGenericSend+0x100>
100064e4:	a802      	add	r0, sp, #8
100064e6:	f001 fa87 	bl	100079f8 <vTaskInternalSetTimeOutState>
100064ea:	e72e      	b.n	1000634a <xQueueGenericSend+0x32>
100064ec:	f001 fddc 	bl	100080a8 <vPortExitCritical>
100064f0:	2000      	movs	r0, #0
100064f2:	b005      	add	sp, #20
100064f4:	e8bd 83f0 	ldmia.w	sp!, {r4, r5, r6, r7, r8, r9, pc}
100064f8:	f001 fdc8 	bl	1000808c <vPortEnterCritical>
100064fc:	f894 3045 	ldrb.w	r3, [r4, #69]	@ 0x45
10006500:	b25d      	sxtb	r5, r3
10006502:	2d00      	cmp	r5, #0
10006504:	dd14      	ble.n	10006530 <xQueueGenericSend+0x218>
10006506:	f104 0624 	add.w	r6, r4, #36	@ 0x24
1000650a:	e003      	b.n	10006514 <xQueueGenericSend+0x1fc>
1000650c:	1e6b      	subs	r3, r5, #1
1000650e:	b2da      	uxtb	r2, r3
10006510:	b25d      	sxtb	r5, r3
10006512:	b16a      	cbz	r2, 10006530 <xQueueGenericSend+0x218>
10006514:	6a63      	ldr	r3, [r4, #36]	@ 0x24
10006516:	b15b      	cbz	r3, 10006530 <xQueueGenericSend+0x218>
10006518:	4630      	mov	r0, r6
1000651a:	f001 fa05 	bl	10007928 <xTaskRemoveFromEventList>
1000651e:	2800      	cmp	r0, #0
10006520:	d0f4      	beq.n	1000650c <xQueueGenericSend+0x1f4>
10006522:	f001 faa5 	bl	10007a70 <vTaskMissedYield>
10006526:	1e6b      	subs	r3, r5, #1
10006528:	b2da      	uxtb	r2, r3
1000652a:	b25d      	sxtb	r5, r3
1000652c:	2a00      	cmp	r2, #0
1000652e:	d1f1      	bne.n	10006514 <xQueueGenericSend+0x1fc>
10006530:	23ff      	movs	r3, #255	@ 0xff
10006532:	f884 3045 	strb.w	r3, [r4, #69]	@ 0x45
10006536:	f001 fdb7 	bl	100080a8 <vPortExitCritical>
1000653a:	f001 fda7 	bl	1000808c <vPortEnterCritical>
1000653e:	f894 3044 	ldrb.w	r3, [r4, #68]	@ 0x44
10006542:	b25d      	sxtb	r5, r3
10006544:	2d00      	cmp	r5, #0
10006546:	dd14      	ble.n	10006572 <xQueueGenericSend+0x25a>
10006548:	f104 0610 	add.w	r6, r4, #16
1000654c:	e003      	b.n	10006556 <xQueueGenericSend+0x23e>
1000654e:	1e6b      	subs	r3, r5, #1
10006550:	b2da      	uxtb	r2, r3
10006552:	b25d      	sxtb	r5, r3
10006554:	b16a      	cbz	r2, 10006572 <xQueueGenericSend+0x25a>
10006556:	6923      	ldr	r3, [r4, #16]
10006558:	b15b      	cbz	r3, 10006572 <xQueueGenericSend+0x25a>
1000655a:	4630      	mov	r0, r6
1000655c:	f001 f9e4 	bl	10007928 <xTaskRemoveFromEventList>
10006560:	2800      	cmp	r0, #0
10006562:	d0f4      	beq.n	1000654e <xQueueGenericSend+0x236>
10006564:	f001 fa84 	bl	10007a70 <vTaskMissedYield>
10006568:	1e6b      	subs	r3, r5, #1
1000656a:	b2da      	uxtb	r2, r3
1000656c:	b25d      	sxtb	r5, r3
1000656e:	2a00      	cmp	r2, #0
10006570:	d1f1      	bne.n	10006556 <xQueueGenericSend+0x23e>
10006572:	23ff      	movs	r3, #255	@ 0xff
10006574:	f884 3044 	strb.w	r3, [r4, #68]	@ 0x44
10006578:	f001 fd96 	bl	100080a8 <vPortExitCritical>
1000657c:	f000 fffa 	bl	10007574 <xTaskResumeAll>
10006580:	e7b6      	b.n	100064f0 <xQueueGenericSend+0x1d8>
10006582:	f001 fd77 	bl	10008074 <vPortYield>
10006586:	e75a      	b.n	1000643e <xQueueGenericSend+0x126>
10006588:	f104 0024 	add.w	r0, r4, #36	@ 0x24
1000658c:	f001 f9cc 	bl	10007928 <xTaskRemoveFromEventList>
10006590:	2800      	cmp	r0, #0
10006592:	f43f af54 	beq.w	1000643e <xQueueGenericSend+0x126>
10006596:	e7f4      	b.n	10006582 <xQueueGenericSend+0x26a>

10006598 <xQueueCreateMutex>:
10006598:	b538      	push	{r3, r4, r5, lr}
1000659a:	2048      	movs	r0, #72	@ 0x48
1000659c:	f001 fd1c 	bl	10007fd8 <pvPortMalloc>
100065a0:	4604      	mov	r4, r0
100065a2:	b350      	cbz	r0, 100065fa <xQueueCreateMutex+0x62>
100065a4:	2500      	movs	r5, #0
100065a6:	2301      	movs	r3, #1
100065a8:	6020      	str	r0, [r4, #0]
100065aa:	e9c0 350f 	strd	r3, r5, [r0, #60]	@ 0x3c
100065ae:	f001 fd6d 	bl	1000808c <vPortEnterCritical>
100065b2:	e9d4 310f 	ldrd	r3, r1, [r4, #60]	@ 0x3c
100065b6:	20ff      	movs	r0, #255	@ 0xff
100065b8:	fb01 f303 	mul.w	r3, r1, r3
100065bc:	6822      	ldr	r2, [r4, #0]
100065be:	1a59      	subs	r1, r3, r1
100065c0:	6062      	str	r2, [r4, #4]
100065c2:	4413      	add	r3, r2
100065c4:	440a      	add	r2, r1
100065c6:	e9c4 3202 	strd	r3, r2, [r4, #8]
100065ca:	63a5      	str	r5, [r4, #56]	@ 0x38
100065cc:	f884 0044 	strb.w	r0, [r4, #68]	@ 0x44
100065d0:	f884 0045 	strb.w	r0, [r4, #69]	@ 0x45
100065d4:	f104 0010 	add.w	r0, r4, #16
100065d8:	f001 fed0 	bl	1000837c <vListInitialise>
100065dc:	f104 0024 	add.w	r0, r4, #36	@ 0x24
100065e0:	f001 fecc 	bl	1000837c <vListInitialise>
100065e4:	f001 fd60 	bl	100080a8 <vPortExitCritical>
100065e8:	462b      	mov	r3, r5
100065ea:	462a      	mov	r2, r5
100065ec:	4629      	mov	r1, r5
100065ee:	4620      	mov	r0, r4
100065f0:	60a5      	str	r5, [r4, #8]
100065f2:	6025      	str	r5, [r4, #0]
100065f4:	60e5      	str	r5, [r4, #12]
100065f6:	f7ff fe8f 	bl	10006318 <xQueueGenericSend>
100065fa:	4620      	mov	r0, r4
100065fc:	bd38      	pop	{r3, r4, r5, pc}
100065fe:	bf00      	nop

10006600 <xQueueReceive>:
10006600:	e92d 43f0 	stmdb	sp!, {r4, r5, r6, r7, r8, r9, lr}
10006604:	4604      	mov	r4, r0
10006606:	b085      	sub	sp, #20
10006608:	4688      	mov	r8, r1
1000660a:	9201      	str	r2, [sp, #4]
1000660c:	f001 fd3e 	bl	1000808c <vPortEnterCritical>
10006610:	6ba5      	ldr	r5, [r4, #56]	@ 0x38
10006612:	2d00      	cmp	r5, #0
10006614:	f040 8117 	bne.w	10006846 <xQueueReceive+0x246>
10006618:	9b01      	ldr	r3, [sp, #4]
1000661a:	2b00      	cmp	r3, #0
1000661c:	f000 80c6 	beq.w	100067ac <xQueueReceive+0x1ac>
10006620:	a802      	add	r0, sp, #8
10006622:	f001 f9e9 	bl	100079f8 <vTaskInternalSetTimeOutState>
10006626:	462f      	mov	r7, r5
10006628:	f104 0624 	add.w	r6, r4, #36	@ 0x24
1000662c:	f001 fd3c 	bl	100080a8 <vPortExitCritical>
10006630:	f000 ff98 	bl	10007564 <vTaskSuspendAll>
10006634:	f001 fd2a 	bl	1000808c <vPortEnterCritical>
10006638:	f894 3044 	ldrb.w	r3, [r4, #68]	@ 0x44
1000663c:	2bff      	cmp	r3, #255	@ 0xff
1000663e:	bf08      	it	eq
10006640:	f884 7044 	strbeq.w	r7, [r4, #68]	@ 0x44
10006644:	f894 3045 	ldrb.w	r3, [r4, #69]	@ 0x45
10006648:	2bff      	cmp	r3, #255	@ 0xff
1000664a:	bf08      	it	eq
1000664c:	f884 7045 	strbeq.w	r7, [r4, #69]	@ 0x45
10006650:	f001 fd2a 	bl	100080a8 <vPortExitCritical>
10006654:	a901      	add	r1, sp, #4
10006656:	a802      	add	r0, sp, #8
10006658:	f001 f9da 	bl	10007a10 <xTaskCheckForTimeOut>
1000665c:	2800      	cmp	r0, #0
1000665e:	d154      	bne.n	1000670a <xQueueReceive+0x10a>
10006660:	f001 fd14 	bl	1000808c <vPortEnterCritical>
10006664:	6ba3      	ldr	r3, [r4, #56]	@ 0x38
10006666:	2b00      	cmp	r3, #0
10006668:	f040 80a6 	bne.w	100067b8 <xQueueReceive+0x1b8>
1000666c:	f104 0924 	add.w	r9, r4, #36	@ 0x24
10006670:	f001 fd1a 	bl	100080a8 <vPortExitCritical>
10006674:	4648      	mov	r0, r9
10006676:	9901      	ldr	r1, [sp, #4]
10006678:	f001 f8a4 	bl	100077c4 <vTaskPlaceOnEventList>
1000667c:	f001 fd06 	bl	1000808c <vPortEnterCritical>
10006680:	f894 3045 	ldrb.w	r3, [r4, #69]	@ 0x45
10006684:	b25d      	sxtb	r5, r3
10006686:	2d00      	cmp	r5, #0
10006688:	dc04      	bgt.n	10006694 <xQueueReceive+0x94>
1000668a:	e011      	b.n	100066b0 <xQueueReceive+0xb0>
1000668c:	1e6b      	subs	r3, r5, #1
1000668e:	b2da      	uxtb	r2, r3
10006690:	b25d      	sxtb	r5, r3
10006692:	b16a      	cbz	r2, 100066b0 <xQueueReceive+0xb0>
10006694:	6a63      	ldr	r3, [r4, #36]	@ 0x24
10006696:	b15b      	cbz	r3, 100066b0 <xQueueReceive+0xb0>
10006698:	4648      	mov	r0, r9
1000669a:	f001 f945 	bl	10007928 <xTaskRemoveFromEventList>
1000669e:	2800      	cmp	r0, #0
100066a0:	d0f4      	beq.n	1000668c <xQueueReceive+0x8c>
100066a2:	f001 f9e5 	bl	10007a70 <vTaskMissedYield>
100066a6:	1e6b      	subs	r3, r5, #1
100066a8:	b2da      	uxtb	r2, r3
100066aa:	b25d      	sxtb	r5, r3
100066ac:	2a00      	cmp	r2, #0
100066ae:	d1f1      	bne.n	10006694 <xQueueReceive+0x94>
100066b0:	23ff      	movs	r3, #255	@ 0xff
100066b2:	f884 3045 	strb.w	r3, [r4, #69]	@ 0x45
100066b6:	f001 fcf7 	bl	100080a8 <vPortExitCritical>
100066ba:	f001 fce7 	bl	1000808c <vPortEnterCritical>
100066be:	f894 3044 	ldrb.w	r3, [r4, #68]	@ 0x44
100066c2:	b25d      	sxtb	r5, r3
100066c4:	2d00      	cmp	r5, #0
100066c6:	dd14      	ble.n	100066f2 <xQueueReceive+0xf2>
100066c8:	f104 0910 	add.w	r9, r4, #16
100066cc:	e003      	b.n	100066d6 <xQueueReceive+0xd6>
100066ce:	1e6b      	subs	r3, r5, #1
100066d0:	b2da      	uxtb	r2, r3
100066d2:	b25d      	sxtb	r5, r3
100066d4:	b16a      	cbz	r2, 100066f2 <xQueueReceive+0xf2>
100066d6:	6923      	ldr	r3, [r4, #16]
100066d8:	b15b      	cbz	r3, 100066f2 <xQueueReceive+0xf2>
100066da:	4648      	mov	r0, r9
100066dc:	f001 f924 	bl	10007928 <xTaskRemoveFromEventList>
100066e0:	2800      	cmp	r0, #0
100066e2:	d0f4      	beq.n	100066ce <xQueueReceive+0xce>
100066e4:	f001 f9c4 	bl	10007a70 <vTaskMissedYield>
100066e8:	1e6b      	subs	r3, r5, #1
100066ea:	b2da      	uxtb	r2, r3
100066ec:	b25d      	sxtb	r5, r3
100066ee:	2a00      	cmp	r2, #0
100066f0:	d1f1      	bne.n	100066d6 <xQueueReceive+0xd6>
100066f2:	23ff      	movs	r3, #255	@ 0xff
100066f4:	f884 3044 	strb.w	r3, [r4, #68]	@ 0x44
100066f8:	f001 fcd6 	bl	100080a8 <vPortExitCritical>
100066fc:	f000 ff3a 	bl	10007574 <xTaskResumeAll>
10006700:	2800      	cmp	r0, #0
10006702:	d14a      	bne.n	1000679a <xQueueReceive+0x19a>
10006704:	f001 fcb6 	bl	10008074 <vPortYield>
10006708:	e047      	b.n	1000679a <xQueueReceive+0x19a>
1000670a:	f001 fcbf 	bl	1000808c <vPortEnterCritical>
1000670e:	f894 3045 	ldrb.w	r3, [r4, #69]	@ 0x45
10006712:	b25d      	sxtb	r5, r3
10006714:	2d00      	cmp	r5, #0
10006716:	dc04      	bgt.n	10006722 <xQueueReceive+0x122>
10006718:	e011      	b.n	1000673e <xQueueReceive+0x13e>
1000671a:	1e6b      	subs	r3, r5, #1
1000671c:	b2da      	uxtb	r2, r3
1000671e:	b25d      	sxtb	r5, r3
10006720:	b16a      	cbz	r2, 1000673e <xQueueReceive+0x13e>
10006722:	6a63      	ldr	r3, [r4, #36]	@ 0x24
10006724:	b15b      	cbz	r3, 1000673e <xQueueReceive+0x13e>
10006726:	4630      	mov	r0, r6
10006728:	f001 f8fe 	bl	10007928 <xTaskRemoveFromEventList>
1000672c:	2800      	cmp	r0, #0
1000672e:	d0f4      	beq.n	1000671a <xQueueReceive+0x11a>
10006730:	f001 f99e 	bl	10007a70 <vTaskMissedYield>
10006734:	1e6b      	subs	r3, r5, #1
10006736:	b2da      	uxtb	r2, r3
10006738:	b25d      	sxtb	r5, r3
1000673a:	2a00      	cmp	r2, #0
1000673c:	d1f1      	bne.n	10006722 <xQueueReceive+0x122>
1000673e:	23ff      	movs	r3, #255	@ 0xff
10006740:	f884 3045 	strb.w	r3, [r4, #69]	@ 0x45
10006744:	f001 fcb0 	bl	100080a8 <vPortExitCritical>
10006748:	f001 fca0 	bl	1000808c <vPortEnterCritical>
1000674c:	f894 3044 	ldrb.w	r3, [r4, #68]	@ 0x44
10006750:	b25d      	sxtb	r5, r3
10006752:	2d00      	cmp	r5, #0
10006754:	dd14      	ble.n	10006780 <xQueueReceive+0x180>
10006756:	f104 0910 	add.w	r9, r4, #16
1000675a:	e003      	b.n	10006764 <xQueueReceive+0x164>
1000675c:	1e6b      	subs	r3, r5, #1
1000675e:	b2da      	uxtb	r2, r3
10006760:	b25d      	sxtb	r5, r3
10006762:	b16a      	cbz	r2, 10006780 <xQueueReceive+0x180>
10006764:	6923      	ldr	r3, [r4, #16]
10006766:	b15b      	cbz	r3, 10006780 <xQueueReceive+0x180>
10006768:	4648      	mov	r0, r9
1000676a:	f001 f8dd 	bl	10007928 <xTaskRemoveFromEventList>
1000676e:	2800      	cmp	r0, #0
10006770:	d0f4      	beq.n	1000675c <xQueueReceive+0x15c>
10006772:	f001 f97d 	bl	10007a70 <vTaskMissedYield>
10006776:	1e6b      	subs	r3, r5, #1
10006778:	b2da      	uxtb	r2, r3
1000677a:	b25d      	sxtb	r5, r3
1000677c:	2a00      	cmp	r2, #0
1000677e:	d1f1      	bne.n	10006764 <xQueueReceive+0x164>
10006780:	23ff      	movs	r3, #255	@ 0xff
10006782:	f884 3044 	strb.w	r3, [r4, #68]	@ 0x44
10006786:	f001 fc8f 	bl	100080a8 <vPortExitCritical>
1000678a:	f000 fef3 	bl	10007574 <xTaskResumeAll>
1000678e:	f001 fc7d 	bl	1000808c <vPortEnterCritical>
10006792:	6ba3      	ldr	r3, [r4, #56]	@ 0x38
10006794:	b153      	cbz	r3, 100067ac <xQueueReceive+0x1ac>
10006796:	f001 fc87 	bl	100080a8 <vPortExitCritical>
1000679a:	f001 fc77 	bl	1000808c <vPortEnterCritical>
1000679e:	6ba5      	ldr	r5, [r4, #56]	@ 0x38
100067a0:	2d00      	cmp	r5, #0
100067a2:	d150      	bne.n	10006846 <xQueueReceive+0x246>
100067a4:	9b01      	ldr	r3, [sp, #4]
100067a6:	2b00      	cmp	r3, #0
100067a8:	f47f af40 	bne.w	1000662c <xQueueReceive+0x2c>
100067ac:	f001 fc7c 	bl	100080a8 <vPortExitCritical>
100067b0:	2000      	movs	r0, #0
100067b2:	b005      	add	sp, #20
100067b4:	e8bd 83f0 	ldmia.w	sp!, {r4, r5, r6, r7, r8, r9, pc}
100067b8:	f001 fc76 	bl	100080a8 <vPortExitCritical>
100067bc:	f001 fc66 	bl	1000808c <vPortEnterCritical>
100067c0:	f894 3045 	ldrb.w	r3, [r4, #69]	@ 0x45
100067c4:	b25d      	sxtb	r5, r3
100067c6:	2d00      	cmp	r5, #0
100067c8:	dd14      	ble.n	100067f4 <xQueueReceive+0x1f4>
100067ca:	f104 0924 	add.w	r9, r4, #36	@ 0x24
100067ce:	e003      	b.n	100067d8 <xQueueReceive+0x1d8>
100067d0:	1e6b      	subs	r3, r5, #1
100067d2:	b2da      	uxtb	r2, r3
100067d4:	b25d      	sxtb	r5, r3
100067d6:	b16a      	cbz	r2, 100067f4 <xQueueReceive+0x1f4>
100067d8:	6a63      	ldr	r3, [r4, #36]	@ 0x24
100067da:	b15b      	cbz	r3, 100067f4 <xQueueReceive+0x1f4>
100067dc:	4648      	mov	r0, r9
100067de:	f001 f8a3 	bl	10007928 <xTaskRemoveFromEventList>
100067e2:	2800      	cmp	r0, #0
100067e4:	d0f4      	beq.n	100067d0 <xQueueReceive+0x1d0>
100067e6:	f001 f943 	bl	10007a70 <vTaskMissedYield>
100067ea:	1e6b      	subs	r3, r5, #1
100067ec:	b2da      	uxtb	r2, r3
100067ee:	b25d      	sxtb	r5, r3
100067f0:	2a00      	cmp	r2, #0
100067f2:	d1f1      	bne.n	100067d8 <xQueueReceive+0x1d8>
100067f4:	23ff      	movs	r3, #255	@ 0xff
100067f6:	f884 3045 	strb.w	r3, [r4, #69]	@ 0x45
100067fa:	f001 fc55 	bl	100080a8 <vPortExitCritical>
100067fe:	f001 fc45 	bl	1000808c <vPortEnterCritical>
10006802:	f894 3044 	ldrb.w	r3, [r4, #68]	@ 0x44
10006806:	b25d      	sxtb	r5, r3
10006808:	2d00      	cmp	r5, #0
1000680a:	dd14      	ble.n	10006836 <xQueueReceive+0x236>
1000680c:	f104 0910 	add.w	r9, r4, #16
10006810:	e003      	b.n	1000681a <xQueueReceive+0x21a>
10006812:	1e6b      	subs	r3, r5, #1
10006814:	b2da      	uxtb	r2, r3
10006816:	b25d      	sxtb	r5, r3
10006818:	b16a      	cbz	r2, 10006836 <xQueueReceive+0x236>
1000681a:	6923      	ldr	r3, [r4, #16]
1000681c:	b15b      	cbz	r3, 10006836 <xQueueReceive+0x236>
1000681e:	4648      	mov	r0, r9
10006820:	f001 f882 	bl	10007928 <xTaskRemoveFromEventList>
10006824:	2800      	cmp	r0, #0
10006826:	d0f4      	beq.n	10006812 <xQueueReceive+0x212>
10006828:	f001 f922 	bl	10007a70 <vTaskMissedYield>
1000682c:	1e6b      	subs	r3, r5, #1
1000682e:	b2da      	uxtb	r2, r3
10006830:	b25d      	sxtb	r5, r3
10006832:	2a00      	cmp	r2, #0
10006834:	d1f1      	bne.n	1000681a <xQueueReceive+0x21a>
10006836:	23ff      	movs	r3, #255	@ 0xff
10006838:	f884 3044 	strb.w	r3, [r4, #68]	@ 0x44
1000683c:	f001 fc34 	bl	100080a8 <vPortExitCritical>
10006840:	f000 fe98 	bl	10007574 <xTaskResumeAll>
10006844:	e7a9      	b.n	1000679a <xQueueReceive+0x19a>
10006846:	6c22      	ldr	r2, [r4, #64]	@ 0x40
10006848:	b15a      	cbz	r2, 10006862 <xQueueReceive+0x262>
1000684a:	68e1      	ldr	r1, [r4, #12]
1000684c:	68a3      	ldr	r3, [r4, #8]
1000684e:	4411      	add	r1, r2
10006850:	4299      	cmp	r1, r3
10006852:	60e1      	str	r1, [r4, #12]
10006854:	bf28      	it	cs
10006856:	6821      	ldrcs	r1, [r4, #0]
10006858:	4640      	mov	r0, r8
1000685a:	bf28      	it	cs
1000685c:	60e1      	strcs	r1, [r4, #12]
1000685e:	f002 f927 	bl	10008ab0 <memcpy>
10006862:	6923      	ldr	r3, [r4, #16]
10006864:	3d01      	subs	r5, #1
10006866:	63a5      	str	r5, [r4, #56]	@ 0x38
10006868:	b92b      	cbnz	r3, 10006876 <xQueueReceive+0x276>
1000686a:	f001 fc1d 	bl	100080a8 <vPortExitCritical>
1000686e:	2001      	movs	r0, #1
10006870:	b005      	add	sp, #20
10006872:	e8bd 83f0 	ldmia.w	sp!, {r4, r5, r6, r7, r8, r9, pc}
10006876:	f104 0010 	add.w	r0, r4, #16
1000687a:	f001 f855 	bl	10007928 <xTaskRemoveFromEventList>
1000687e:	2800      	cmp	r0, #0
10006880:	d0f3      	beq.n	1000686a <xQueueReceive+0x26a>
10006882:	f001 fbf7 	bl	10008074 <vPortYield>
10006886:	e7f0      	b.n	1000686a <xQueueReceive+0x26a>

10006888 <xQueueSemaphoreTake>:
10006888:	e92d 43f0 	stmdb	sp!, {r4, r5, r6, r7, r8, r9, lr}
1000688c:	4604      	mov	r4, r0
1000688e:	b085      	sub	sp, #20
10006890:	9101      	str	r1, [sp, #4]
10006892:	f001 fbfb 	bl	1000808c <vPortEnterCritical>
10006896:	6ba5      	ldr	r5, [r4, #56]	@ 0x38
10006898:	2d00      	cmp	r5, #0
1000689a:	f040 813b 	bne.w	10006b14 <xQueueSemaphoreTake+0x28c>
1000689e:	9b01      	ldr	r3, [sp, #4]
100068a0:	2b00      	cmp	r3, #0
100068a2:	f000 8081 	beq.w	100069a8 <xQueueSemaphoreTake+0x120>
100068a6:	a802      	add	r0, sp, #8
100068a8:	f001 f8a6 	bl	100079f8 <vTaskInternalSetTimeOutState>
100068ac:	462f      	mov	r7, r5
100068ae:	46a8      	mov	r8, r5
100068b0:	f104 0624 	add.w	r6, r4, #36	@ 0x24
100068b4:	f001 fbf8 	bl	100080a8 <vPortExitCritical>
100068b8:	f000 fe54 	bl	10007564 <vTaskSuspendAll>
100068bc:	f001 fbe6 	bl	1000808c <vPortEnterCritical>
100068c0:	f894 3044 	ldrb.w	r3, [r4, #68]	@ 0x44
100068c4:	2bff      	cmp	r3, #255	@ 0xff
100068c6:	bf08      	it	eq
100068c8:	f884 8044 	strbeq.w	r8, [r4, #68]	@ 0x44
100068cc:	f894 3045 	ldrb.w	r3, [r4, #69]	@ 0x45
100068d0:	2bff      	cmp	r3, #255	@ 0xff
100068d2:	bf08      	it	eq
100068d4:	f884 8045 	strbeq.w	r8, [r4, #69]	@ 0x45
100068d8:	f001 fbe6 	bl	100080a8 <vPortExitCritical>
100068dc:	a901      	add	r1, sp, #4
100068de:	a802      	add	r0, sp, #8
100068e0:	f001 f896 	bl	10007a10 <xTaskCheckForTimeOut>
100068e4:	2800      	cmp	r0, #0
100068e6:	d162      	bne.n	100069ae <xQueueSemaphoreTake+0x126>
100068e8:	f001 fbd0 	bl	1000808c <vPortEnterCritical>
100068ec:	6ba3      	ldr	r3, [r4, #56]	@ 0x38
100068ee:	2b00      	cmp	r3, #0
100068f0:	f040 80ac 	bne.w	10006a4c <xQueueSemaphoreTake+0x1c4>
100068f4:	f001 fbd8 	bl	100080a8 <vPortExitCritical>
100068f8:	6823      	ldr	r3, [r4, #0]
100068fa:	2b00      	cmp	r3, #0
100068fc:	f000 8101 	beq.w	10006b02 <xQueueSemaphoreTake+0x27a>
10006900:	f104 0924 	add.w	r9, r4, #36	@ 0x24
10006904:	4648      	mov	r0, r9
10006906:	9901      	ldr	r1, [sp, #4]
10006908:	f000 ff5c 	bl	100077c4 <vTaskPlaceOnEventList>
1000690c:	f001 fbbe 	bl	1000808c <vPortEnterCritical>
10006910:	f894 3045 	ldrb.w	r3, [r4, #69]	@ 0x45
10006914:	b25d      	sxtb	r5, r3
10006916:	2d00      	cmp	r5, #0
10006918:	dc04      	bgt.n	10006924 <xQueueSemaphoreTake+0x9c>
1000691a:	e011      	b.n	10006940 <xQueueSemaphoreTake+0xb8>
1000691c:	1e6b      	subs	r3, r5, #1
1000691e:	b2da      	uxtb	r2, r3
10006920:	b25d      	sxtb	r5, r3
10006922:	b16a      	cbz	r2, 10006940 <xQueueSemaphoreTake+0xb8>
10006924:	6a63      	ldr	r3, [r4, #36]	@ 0x24
10006926:	b15b      	cbz	r3, 10006940 <xQueueSemaphoreTake+0xb8>
10006928:	4648      	mov	r0, r9
1000692a:	f000 fffd 	bl	10007928 <xTaskRemoveFromEventList>
1000692e:	2800      	cmp	r0, #0
10006930:	d0f4      	beq.n	1000691c <xQueueSemaphoreTake+0x94>
10006932:	f001 f89d 	bl	10007a70 <vTaskMissedYield>
10006936:	1e6b      	subs	r3, r5, #1
10006938:	b2da      	uxtb	r2, r3
1000693a:	b25d      	sxtb	r5, r3
1000693c:	2a00      	cmp	r2, #0
1000693e:	d1f1      	bne.n	10006924 <xQueueSemaphoreTake+0x9c>
10006940:	23ff      	movs	r3, #255	@ 0xff
10006942:	f884 3045 	strb.w	r3, [r4, #69]	@ 0x45
10006946:	f001 fbaf 	bl	100080a8 <vPortExitCritical>
1000694a:	f001 fb9f 	bl	1000808c <vPortEnterCritical>
1000694e:	f894 3044 	ldrb.w	r3, [r4, #68]	@ 0x44
10006952:	b25d      	sxtb	r5, r3
10006954:	2d00      	cmp	r5, #0
10006956:	dd14      	ble.n	10006982 <xQueueSemaphoreTake+0xfa>
10006958:	f104 0910 	add.w	r9, r4, #16
1000695c:	e003      	b.n	10006966 <xQueueSemaphoreTake+0xde>
1000695e:	1e6b      	subs	r3, r5, #1
10006960:	b2da      	uxtb	r2, r3
10006962:	b25d      	sxtb	r5, r3
10006964:	b16a      	cbz	r2, 10006982 <xQueueSemaphoreTake+0xfa>
10006966:	6923      	ldr	r3, [r4, #16]
10006968:	b15b      	cbz	r3, 10006982 <xQueueSemaphoreTake+0xfa>
1000696a:	4648      	mov	r0, r9
1000696c:	f000 ffdc 	bl	10007928 <xTaskRemoveFromEventList>
10006970:	2800      	cmp	r0, #0
10006972:	d0f4      	beq.n	1000695e <xQueueSemaphoreTake+0xd6>
10006974:	f001 f87c 	bl	10007a70 <vTaskMissedYield>
10006978:	1e6b      	subs	r3, r5, #1
1000697a:	b2da      	uxtb	r2, r3
1000697c:	b25d      	sxtb	r5, r3
1000697e:	2a00      	cmp	r2, #0
10006980:	d1f1      	bne.n	10006966 <xQueueSemaphoreTake+0xde>
10006982:	23ff      	movs	r3, #255	@ 0xff
10006984:	f884 3044 	strb.w	r3, [r4, #68]	@ 0x44
10006988:	f001 fb8e 	bl	100080a8 <vPortExitCritical>
1000698c:	f000 fdf2 	bl	10007574 <xTaskResumeAll>
10006990:	2800      	cmp	r0, #0
10006992:	f000 80a5 	beq.w	10006ae0 <xQueueSemaphoreTake+0x258>
10006996:	f001 fb79 	bl	1000808c <vPortEnterCritical>
1000699a:	6ba5      	ldr	r5, [r4, #56]	@ 0x38
1000699c:	2d00      	cmp	r5, #0
1000699e:	f040 80b9 	bne.w	10006b14 <xQueueSemaphoreTake+0x28c>
100069a2:	9b01      	ldr	r3, [sp, #4]
100069a4:	2b00      	cmp	r3, #0
100069a6:	d185      	bne.n	100068b4 <xQueueSemaphoreTake+0x2c>
100069a8:	f001 fb7e 	bl	100080a8 <vPortExitCritical>
100069ac:	e04a      	b.n	10006a44 <xQueueSemaphoreTake+0x1bc>
100069ae:	f001 fb6d 	bl	1000808c <vPortEnterCritical>
100069b2:	f894 3045 	ldrb.w	r3, [r4, #69]	@ 0x45
100069b6:	b25d      	sxtb	r5, r3
100069b8:	2d00      	cmp	r5, #0
100069ba:	dc04      	bgt.n	100069c6 <xQueueSemaphoreTake+0x13e>
100069bc:	e011      	b.n	100069e2 <xQueueSemaphoreTake+0x15a>
100069be:	1e6b      	subs	r3, r5, #1
100069c0:	b2da      	uxtb	r2, r3
100069c2:	b25d      	sxtb	r5, r3
100069c4:	b16a      	cbz	r2, 100069e2 <xQueueSemaphoreTake+0x15a>
100069c6:	6a63      	ldr	r3, [r4, #36]	@ 0x24
100069c8:	b15b      	cbz	r3, 100069e2 <xQueueSemaphoreTake+0x15a>
100069ca:	4630      	mov	r0, r6
100069cc:	f000 ffac 	bl	10007928 <xTaskRemoveFromEventList>
100069d0:	2800      	cmp	r0, #0
100069d2:	d0f4      	beq.n	100069be <xQueueSemaphoreTake+0x136>
100069d4:	f001 f84c 	bl	10007a70 <vTaskMissedYield>
100069d8:	1e6b      	subs	r3, r5, #1
100069da:	b2da      	uxtb	r2, r3
100069dc:	b25d      	sxtb	r5, r3
100069de:	2a00      	cmp	r2, #0
100069e0:	d1f1      	bne.n	100069c6 <xQueueSemaphoreTake+0x13e>
100069e2:	23ff      	movs	r3, #255	@ 0xff
100069e4:	f884 3045 	strb.w	r3, [r4, #69]	@ 0x45
100069e8:	f001 fb5e 	bl	100080a8 <vPortExitCritical>
100069ec:	f001 fb4e 	bl	1000808c <vPortEnterCritical>
100069f0:	f894 3044 	ldrb.w	r3, [r4, #68]	@ 0x44
100069f4:	b25d      	sxtb	r5, r3
100069f6:	2d00      	cmp	r5, #0
100069f8:	dd14      	ble.n	10006a24 <xQueueSemaphoreTake+0x19c>
100069fa:	f104 0910 	add.w	r9, r4, #16
100069fe:	e003      	b.n	10006a08 <xQueueSemaphoreTake+0x180>
10006a00:	1e6b      	subs	r3, r5, #1
10006a02:	b2da      	uxtb	r2, r3
10006a04:	b25d      	sxtb	r5, r3
10006a06:	b16a      	cbz	r2, 10006a24 <xQueueSemaphoreTake+0x19c>
10006a08:	6923      	ldr	r3, [r4, #16]
10006a0a:	b15b      	cbz	r3, 10006a24 <xQueueSemaphoreTake+0x19c>
10006a0c:	4648      	mov	r0, r9
10006a0e:	f000 ff8b 	bl	10007928 <xTaskRemoveFromEventList>
10006a12:	2800      	cmp	r0, #0
10006a14:	d0f4      	beq.n	10006a00 <xQueueSemaphoreTake+0x178>
10006a16:	f001 f82b 	bl	10007a70 <vTaskMissedYield>
10006a1a:	1e6b      	subs	r3, r5, #1
10006a1c:	b2da      	uxtb	r2, r3
10006a1e:	b25d      	sxtb	r5, r3
10006a20:	2a00      	cmp	r2, #0
10006a22:	d1f1      	bne.n	10006a08 <xQueueSemaphoreTake+0x180>
10006a24:	23ff      	movs	r3, #255	@ 0xff
10006a26:	f884 3044 	strb.w	r3, [r4, #68]	@ 0x44
10006a2a:	f001 fb3d 	bl	100080a8 <vPortExitCritical>
10006a2e:	f000 fda1 	bl	10007574 <xTaskResumeAll>
10006a32:	f001 fb2b 	bl	1000808c <vPortEnterCritical>
10006a36:	6ba3      	ldr	r3, [r4, #56]	@ 0x38
10006a38:	2b00      	cmp	r3, #0
10006a3a:	d14e      	bne.n	10006ada <xQueueSemaphoreTake+0x252>
10006a3c:	f001 fb34 	bl	100080a8 <vPortExitCritical>
10006a40:	2f00      	cmp	r7, #0
10006a42:	d150      	bne.n	10006ae6 <xQueueSemaphoreTake+0x25e>
10006a44:	2000      	movs	r0, #0
10006a46:	b005      	add	sp, #20
10006a48:	e8bd 83f0 	ldmia.w	sp!, {r4, r5, r6, r7, r8, r9, pc}
10006a4c:	f001 fb2c 	bl	100080a8 <vPortExitCritical>
10006a50:	f001 fb1c 	bl	1000808c <vPortEnterCritical>
10006a54:	f894 3045 	ldrb.w	r3, [r4, #69]	@ 0x45
10006a58:	b25d      	sxtb	r5, r3
10006a5a:	2d00      	cmp	r5, #0
10006a5c:	dd14      	ble.n	10006a88 <xQueueSemaphoreTake+0x200>
10006a5e:	f104 0924 	add.w	r9, r4, #36	@ 0x24
10006a62:	e003      	b.n	10006a6c <xQueueSemaphoreTake+0x1e4>
10006a64:	1e6b      	subs	r3, r5, #1
10006a66:	b2da      	uxtb	r2, r3
10006a68:	b25d      	sxtb	r5, r3
10006a6a:	b16a      	cbz	r2, 10006a88 <xQueueSemaphoreTake+0x200>
10006a6c:	6a63      	ldr	r3, [r4, #36]	@ 0x24
10006a6e:	b15b      	cbz	r3, 10006a88 <xQueueSemaphoreTake+0x200>
10006a70:	4648      	mov	r0, r9
10006a72:	f000 ff59 	bl	10007928 <xTaskRemoveFromEventList>
10006a76:	2800      	cmp	r0, #0
10006a78:	d0f4      	beq.n	10006a64 <xQueueSemaphoreTake+0x1dc>
10006a7a:	f000 fff9 	bl	10007a70 <vTaskMissedYield>
10006a7e:	1e6b      	subs	r3, r5, #1
10006a80:	b2da      	uxtb	r2, r3
10006a82:	b25d      	sxtb	r5, r3
10006a84:	2a00      	cmp	r2, #0
10006a86:	d1f1      	bne.n	10006a6c <xQueueSemaphoreTake+0x1e4>
10006a88:	23ff      	movs	r3, #255	@ 0xff
10006a8a:	f884 3045 	strb.w	r3, [r4, #69]	@ 0x45
10006a8e:	f001 fb0b 	bl	100080a8 <vPortExitCritical>
10006a92:	f001 fafb 	bl	1000808c <vPortEnterCritical>
10006a96:	f894 3044 	ldrb.w	r3, [r4, #68]	@ 0x44
10006a9a:	b25d      	sxtb	r5, r3
10006a9c:	2d00      	cmp	r5, #0
10006a9e:	dd14      	ble.n	10006aca <xQueueSemaphoreTake+0x242>
10006aa0:	f104 0910 	add.w	r9, r4, #16
10006aa4:	e003      	b.n	10006aae <xQueueSemaphoreTake+0x226>
10006aa6:	1e6b      	subs	r3, r5, #1
10006aa8:	b2da      	uxtb	r2, r3
10006aaa:	b25d      	sxtb	r5, r3
10006aac:	b16a      	cbz	r2, 10006aca <xQueueSemaphoreTake+0x242>
10006aae:	6923      	ldr	r3, [r4, #16]
10006ab0:	b15b      	cbz	r3, 10006aca <xQueueSemaphoreTake+0x242>
10006ab2:	4648      	mov	r0, r9
10006ab4:	f000 ff38 	bl	10007928 <xTaskRemoveFromEventList>
10006ab8:	2800      	cmp	r0, #0
10006aba:	d0f4      	beq.n	10006aa6 <xQueueSemaphoreTake+0x21e>
10006abc:	f000 ffd8 	bl	10007a70 <vTaskMissedYield>
10006ac0:	1e6b      	subs	r3, r5, #1
10006ac2:	b2da      	uxtb	r2, r3
10006ac4:	b25d      	sxtb	r5, r3
10006ac6:	2a00      	cmp	r2, #0
10006ac8:	d1f1      	bne.n	10006aae <xQueueSemaphoreTake+0x226>
10006aca:	23ff      	movs	r3, #255	@ 0xff
10006acc:	f884 3044 	strb.w	r3, [r4, #68]	@ 0x44
10006ad0:	f001 faea 	bl	100080a8 <vPortExitCritical>
10006ad4:	f000 fd4e 	bl	10007574 <xTaskResumeAll>
10006ad8:	e75d      	b.n	10006996 <xQueueSemaphoreTake+0x10e>
10006ada:	f001 fae5 	bl	100080a8 <vPortExitCritical>
10006ade:	e75a      	b.n	10006996 <xQueueSemaphoreTake+0x10e>
10006ae0:	f001 fac8 	bl	10008074 <vPortYield>
10006ae4:	e757      	b.n	10006996 <xQueueSemaphoreTake+0x10e>
10006ae6:	f001 fad1 	bl	1000808c <vPortEnterCritical>
10006aea:	6a61      	ldr	r1, [r4, #36]	@ 0x24
10006aec:	b119      	cbz	r1, 10006af6 <xQueueSemaphoreTake+0x26e>
10006aee:	6b23      	ldr	r3, [r4, #48]	@ 0x30
10006af0:	6819      	ldr	r1, [r3, #0]
10006af2:	f1c1 0106 	rsb	r1, r1, #6
10006af6:	68a0      	ldr	r0, [r4, #8]
10006af8:	f001 f83e 	bl	10007b78 <vTaskPriorityDisinheritAfterTimeout>
10006afc:	f001 fad4 	bl	100080a8 <vPortExitCritical>
10006b00:	e7a0      	b.n	10006a44 <xQueueSemaphoreTake+0x1bc>
10006b02:	f001 fac3 	bl	1000808c <vPortEnterCritical>
10006b06:	68a0      	ldr	r0, [r4, #8]
10006b08:	f000 ffb8 	bl	10007a7c <xTaskPriorityInherit>
10006b0c:	4607      	mov	r7, r0
10006b0e:	f001 facb 	bl	100080a8 <vPortExitCritical>
10006b12:	e6f5      	b.n	10006900 <xQueueSemaphoreTake+0x78>
10006b14:	6823      	ldr	r3, [r4, #0]
10006b16:	3d01      	subs	r5, #1
10006b18:	63a5      	str	r5, [r4, #56]	@ 0x38
10006b1a:	b183      	cbz	r3, 10006b3e <xQueueSemaphoreTake+0x2b6>
10006b1c:	6923      	ldr	r3, [r4, #16]
10006b1e:	b92b      	cbnz	r3, 10006b2c <xQueueSemaphoreTake+0x2a4>
10006b20:	f001 fac2 	bl	100080a8 <vPortExitCritical>
10006b24:	2001      	movs	r0, #1
10006b26:	b005      	add	sp, #20
10006b28:	e8bd 83f0 	ldmia.w	sp!, {r4, r5, r6, r7, r8, r9, pc}
10006b2c:	f104 0010 	add.w	r0, r4, #16
10006b30:	f000 fefa 	bl	10007928 <xTaskRemoveFromEventList>
10006b34:	2800      	cmp	r0, #0
10006b36:	d0f3      	beq.n	10006b20 <xQueueSemaphoreTake+0x298>
10006b38:	f001 fa9c 	bl	10008074 <vPortYield>
10006b3c:	e7f0      	b.n	10006b20 <xQueueSemaphoreTake+0x298>
10006b3e:	f001 f857 	bl	10007bf0 <pvTaskIncrementMutexHeldCount>
10006b42:	60a0      	str	r0, [r4, #8]
10006b44:	e7ea      	b.n	10006b1c <xQueueSemaphoreTake+0x294>
10006b46:	bf00      	nop

10006b48 <xQueuePeek>:
10006b48:	e92d 43f0 	stmdb	sp!, {r4, r5, r6, r7, r8, r9, lr}
10006b4c:	4604      	mov	r4, r0
10006b4e:	b085      	sub	sp, #20
10006b50:	4688      	mov	r8, r1
10006b52:	9201      	str	r2, [sp, #4]
10006b54:	f001 fa9a 	bl	1000808c <vPortEnterCritical>
10006b58:	6ba7      	ldr	r7, [r4, #56]	@ 0x38
10006b5a:	2f00      	cmp	r7, #0
10006b5c:	f040 8116 	bne.w	10006d8c <xQueuePeek+0x244>
10006b60:	9b01      	ldr	r3, [sp, #4]
10006b62:	2b00      	cmp	r3, #0
10006b64:	f000 80c5 	beq.w	10006cf2 <xQueuePeek+0x1aa>
10006b68:	a802      	add	r0, sp, #8
10006b6a:	f000 ff45 	bl	100079f8 <vTaskInternalSetTimeOutState>
10006b6e:	f104 0624 	add.w	r6, r4, #36	@ 0x24
10006b72:	f001 fa99 	bl	100080a8 <vPortExitCritical>
10006b76:	f000 fcf5 	bl	10007564 <vTaskSuspendAll>
10006b7a:	f001 fa87 	bl	1000808c <vPortEnterCritical>
10006b7e:	f894 3044 	ldrb.w	r3, [r4, #68]	@ 0x44
10006b82:	2bff      	cmp	r3, #255	@ 0xff
10006b84:	bf08      	it	eq
10006b86:	f884 7044 	strbeq.w	r7, [r4, #68]	@ 0x44
10006b8a:	f894 3045 	ldrb.w	r3, [r4, #69]	@ 0x45
10006b8e:	2bff      	cmp	r3, #255	@ 0xff
10006b90:	bf08      	it	eq
10006b92:	f884 7045 	strbeq.w	r7, [r4, #69]	@ 0x45
10006b96:	f001 fa87 	bl	100080a8 <vPortExitCritical>
10006b9a:	a901      	add	r1, sp, #4
10006b9c:	a802      	add	r0, sp, #8
10006b9e:	f000 ff37 	bl	10007a10 <xTaskCheckForTimeOut>
10006ba2:	2800      	cmp	r0, #0
10006ba4:	d154      	bne.n	10006c50 <xQueuePeek+0x108>
10006ba6:	f001 fa71 	bl	1000808c <vPortEnterCritical>
10006baa:	6ba3      	ldr	r3, [r4, #56]	@ 0x38
10006bac:	2b00      	cmp	r3, #0
10006bae:	f040 80a6 	bne.w	10006cfe <xQueuePeek+0x1b6>
10006bb2:	f104 0924 	add.w	r9, r4, #36	@ 0x24
10006bb6:	f001 fa77 	bl	100080a8 <vPortExitCritical>
10006bba:	4648      	mov	r0, r9
10006bbc:	9901      	ldr	r1, [sp, #4]
10006bbe:	f000 fe01 	bl	100077c4 <vTaskPlaceOnEventList>
10006bc2:	f001 fa63 	bl	1000808c <vPortEnterCritical>
10006bc6:	f894 3045 	ldrb.w	r3, [r4, #69]	@ 0x45
10006bca:	b25d      	sxtb	r5, r3
10006bcc:	2d00      	cmp	r5, #0
10006bce:	dc04      	bgt.n	10006bda <xQueuePeek+0x92>
10006bd0:	e011      	b.n	10006bf6 <xQueuePeek+0xae>
10006bd2:	1e6b      	subs	r3, r5, #1
10006bd4:	b2da      	uxtb	r2, r3
10006bd6:	b25d      	sxtb	r5, r3
10006bd8:	b16a      	cbz	r2, 10006bf6 <xQueuePeek+0xae>
10006bda:	6a63      	ldr	r3, [r4, #36]	@ 0x24
10006bdc:	b15b      	cbz	r3, 10006bf6 <xQueuePeek+0xae>
10006bde:	4648      	mov	r0, r9
10006be0:	f000 fea2 	bl	10007928 <xTaskRemoveFromEventList>
10006be4:	2800      	cmp	r0, #0
10006be6:	d0f4      	beq.n	10006bd2 <xQueuePeek+0x8a>
10006be8:	f000 ff42 	bl	10007a70 <vTaskMissedYield>
10006bec:	1e6b      	subs	r3, r5, #1
10006bee:	b2da      	uxtb	r2, r3
10006bf0:	b25d      	sxtb	r5, r3
10006bf2:	2a00      	cmp	r2, #0
10006bf4:	d1f1      	bne.n	10006bda <xQueuePeek+0x92>
10006bf6:	23ff      	movs	r3, #255	@ 0xff
10006bf8:	f884 3045 	strb.w	r3, [r4, #69]	@ 0x45
10006bfc:	f001 fa54 	bl	100080a8 <vPortExitCritical>
10006c00:	f001 fa44 	bl	1000808c <vPortEnterCritical>
10006c04:	f894 3044 	ldrb.w	r3, [r4, #68]	@ 0x44
10006c08:	b25d      	sxtb	r5, r3
10006c0a:	2d00      	cmp	r5, #0
10006c0c:	dd14      	ble.n	10006c38 <xQueuePeek+0xf0>
10006c0e:	f104 0910 	add.w	r9, r4, #16
10006c12:	e003      	b.n	10006c1c <xQueuePeek+0xd4>
10006c14:	1e6b      	subs	r3, r5, #1
10006c16:	b2da      	uxtb	r2, r3
10006c18:	b25d      	sxtb	r5, r3
10006c1a:	b16a      	cbz	r2, 10006c38 <xQueuePeek+0xf0>
10006c1c:	6923      	ldr	r3, [r4, #16]
10006c1e:	b15b      	cbz	r3, 10006c38 <xQueuePeek+0xf0>
10006c20:	4648      	mov	r0, r9
10006c22:	f000 fe81 	bl	10007928 <xTaskRemoveFromEventList>
10006c26:	2800      	cmp	r0, #0
10006c28:	d0f4      	beq.n	10006c14 <xQueuePeek+0xcc>
10006c2a:	f000 ff21 	bl	10007a70 <vTaskMissedYield>
10006c2e:	1e6b      	subs	r3, r5, #1
10006c30:	b2da      	uxtb	r2, r3
10006c32:	b25d      	sxtb	r5, r3
10006c34:	2a00      	cmp	r2, #0
10006c36:	d1f1      	bne.n	10006c1c <xQueuePeek+0xd4>
10006c38:	23ff      	movs	r3, #255	@ 0xff
10006c3a:	f884 3044 	strb.w	r3, [r4, #68]	@ 0x44
10006c3e:	f001 fa33 	bl	100080a8 <vPortExitCritical>
10006c42:	f000 fc97 	bl	10007574 <xTaskResumeAll>
10006c46:	2800      	cmp	r0, #0
10006c48:	d14a      	bne.n	10006ce0 <xQueuePeek+0x198>
10006c4a:	f001 fa13 	bl	10008074 <vPortYield>
10006c4e:	e047      	b.n	10006ce0 <xQueuePeek+0x198>
10006c50:	f001 fa1c 	bl	1000808c <vPortEnterCritical>
10006c54:	f894 3045 	ldrb.w	r3, [r4, #69]	@ 0x45
10006c58:	b25d      	sxtb	r5, r3
10006c5a:	2d00      	cmp	r5, #0
10006c5c:	dc04      	bgt.n	10006c68 <xQueuePeek+0x120>
10006c5e:	e011      	b.n	10006c84 <xQueuePeek+0x13c>
10006c60:	1e6b      	subs	r3, r5, #1
10006c62:	b2da      	uxtb	r2, r3
10006c64:	b25d      	sxtb	r5, r3
10006c66:	b16a      	cbz	r2, 10006c84 <xQueuePeek+0x13c>
10006c68:	6a63      	ldr	r3, [r4, #36]	@ 0x24
10006c6a:	b15b      	cbz	r3, 10006c84 <xQueuePeek+0x13c>
10006c6c:	4630      	mov	r0, r6
10006c6e:	f000 fe5b 	bl	10007928 <xTaskRemoveFromEventList>
10006c72:	2800      	cmp	r0, #0
10006c74:	d0f4      	beq.n	10006c60 <xQueuePeek+0x118>
10006c76:	f000 fefb 	bl	10007a70 <vTaskMissedYield>
10006c7a:	1e6b      	subs	r3, r5, #1
10006c7c:	b2da      	uxtb	r2, r3
10006c7e:	b25d      	sxtb	r5, r3
10006c80:	2a00      	cmp	r2, #0
10006c82:	d1f1      	bne.n	10006c68 <xQueuePeek+0x120>
10006c84:	23ff      	movs	r3, #255	@ 0xff
10006c86:	f884 3045 	strb.w	r3, [r4, #69]	@ 0x45
10006c8a:	f001 fa0d 	bl	100080a8 <vPortExitCritical>
10006c8e:	f001 f9fd 	bl	1000808c <vPortEnterCritical>
10006c92:	f894 3044 	ldrb.w	r3, [r4, #68]	@ 0x44
10006c96:	b25d      	sxtb	r5, r3
10006c98:	2d00      	cmp	r5, #0
10006c9a:	dd14      	ble.n	10006cc6 <xQueuePeek+0x17e>
10006c9c:	f104 0910 	add.w	r9, r4, #16
10006ca0:	e003      	b.n	10006caa <xQueuePeek+0x162>
10006ca2:	1e6b      	subs	r3, r5, #1
10006ca4:	b2da      	uxtb	r2, r3
10006ca6:	b25d      	sxtb	r5, r3
10006ca8:	b16a      	cbz	r2, 10006cc6 <xQueuePeek+0x17e>
10006caa:	6923      	ldr	r3, [r4, #16]
10006cac:	b15b      	cbz	r3, 10006cc6 <xQueuePeek+0x17e>
10006cae:	4648      	mov	r0, r9
10006cb0:	f000 fe3a 	bl	10007928 <xTaskRemoveFromEventList>
10006cb4:	2800      	cmp	r0, #0
10006cb6:	d0f4      	beq.n	10006ca2 <xQueuePeek+0x15a>
10006cb8:	f000 feda 	bl	10007a70 <vTaskMissedYield>
10006cbc:	1e6b      	subs	r3, r5, #1
10006cbe:	b2da      	uxtb	r2, r3
10006cc0:	b25d      	sxtb	r5, r3
10006cc2:	2a00      	cmp	r2, #0
10006cc4:	d1f1      	bne.n	10006caa <xQueuePeek+0x162>
10006cc6:	23ff      	movs	r3, #255	@ 0xff
10006cc8:	f884 3044 	strb.w	r3, [r4, #68]	@ 0x44
10006ccc:	f001 f9ec 	bl	100080a8 <vPortExitCritical>
10006cd0:	f000 fc50 	bl	10007574 <xTaskResumeAll>
10006cd4:	f001 f9da 	bl	1000808c <vPortEnterCritical>
10006cd8:	6ba3      	ldr	r3, [r4, #56]	@ 0x38
10006cda:	b153      	cbz	r3, 10006cf2 <xQueuePeek+0x1aa>
10006cdc:	f001 f9e4 	bl	100080a8 <vPortExitCritical>
10006ce0:	f001 f9d4 	bl	1000808c <vPortEnterCritical>
10006ce4:	6ba3      	ldr	r3, [r4, #56]	@ 0x38
10006ce6:	2b00      	cmp	r3, #0
10006ce8:	d150      	bne.n	10006d8c <xQueuePeek+0x244>
10006cea:	9b01      	ldr	r3, [sp, #4]
10006cec:	2b00      	cmp	r3, #0
10006cee:	f47f af40 	bne.w	10006b72 <xQueuePeek+0x2a>
10006cf2:	f001 f9d9 	bl	100080a8 <vPortExitCritical>
10006cf6:	2000      	movs	r0, #0
10006cf8:	b005      	add	sp, #20
10006cfa:	e8bd 83f0 	ldmia.w	sp!, {r4, r5, r6, r7, r8, r9, pc}
10006cfe:	f001 f9d3 	bl	100080a8 <vPortExitCritical>
10006d02:	f001 f9c3 	bl	1000808c <vPortEnterCritical>
10006d06:	f894 3045 	ldrb.w	r3, [r4, #69]	@ 0x45
10006d0a:	b25d      	sxtb	r5, r3
10006d0c:	2d00      	cmp	r5, #0
10006d0e:	dd14      	ble.n	10006d3a <xQueuePeek+0x1f2>
10006d10:	f104 0924 	add.w	r9, r4, #36	@ 0x24
10006d14:	e003      	b.n	10006d1e <xQueuePeek+0x1d6>
10006d16:	1e6b      	subs	r3, r5, #1
10006d18:	b2da      	uxtb	r2, r3
10006d1a:	b25d      	sxtb	r5, r3
10006d1c:	b16a      	cbz	r2, 10006d3a <xQueuePeek+0x1f2>
10006d1e:	6a63      	ldr	r3, [r4, #36]	@ 0x24
10006d20:	b15b      	cbz	r3, 10006d3a <xQueuePeek+0x1f2>
10006d22:	4648      	mov	r0, r9
10006d24:	f000 fe00 	bl	10007928 <xTaskRemoveFromEventList>
10006d28:	2800      	cmp	r0, #0
10006d2a:	d0f4      	beq.n	10006d16 <xQueuePeek+0x1ce>
10006d2c:	f000 fea0 	bl	10007a70 <vTaskMissedYield>
10006d30:	1e6b      	subs	r3, r5, #1
10006d32:	b2da      	uxtb	r2, r3
10006d34:	b25d      	sxtb	r5, r3
10006d36:	2a00      	cmp	r2, #0
10006d38:	d1f1      	bne.n	10006d1e <xQueuePeek+0x1d6>
10006d3a:	23ff      	movs	r3, #255	@ 0xff
10006d3c:	f884 3045 	strb.w	r3, [r4, #69]	@ 0x45
10006d40:	f001 f9b2 	bl	100080a8 <vPortExitCritical>
10006d44:	f001 f9a2 	bl	1000808c <vPortEnterCritical>
10006d48:	f894 3044 	ldrb.w	r3, [r4, #68]	@ 0x44
10006d4c:	b25d      	sxtb	r5, r3
10006d4e:	2d00      	cmp	r5, #0
10006d50:	dd14      	ble.n	10006d7c <xQueuePeek+0x234>
10006d52:	f104 0910 	add.w	r9, r4, #16
10006d56:	e003      	b.n	10006d60 <xQueuePeek+0x218>
10006d58:	1e6b      	subs	r3, r5, #1
10006d5a:	b2da      	uxtb	r2, r3
10006d5c:	b25d      	sxtb	r5, r3
10006d5e:	b16a      	cbz	r2, 10006d7c <xQueuePeek+0x234>
10006d60:	6923      	ldr	r3, [r4, #16]
10006d62:	b15b      	cbz	r3, 10006d7c <xQueuePeek+0x234>
10006d64:	4648      	mov	r0, r9
10006d66:	f000 fddf 	bl	10007928 <xTaskRemoveFromEventList>
10006d6a:	2800      	cmp	r0, #0
10006d6c:	d0f4      	beq.n	10006d58 <xQueuePeek+0x210>
10006d6e:	f000 fe7f 	bl	10007a70 <vTaskMissedYield>
10006d72:	1e6b      	subs	r3, r5, #1
10006d74:	b2da      	uxtb	r2, r3
10006d76:	b25d      	sxtb	r5, r3
10006d78:	2a00      	cmp	r2, #0
10006d7a:	d1f1      	bne.n	10006d60 <xQueuePeek+0x218>
10006d7c:	23ff      	movs	r3, #255	@ 0xff
10006d7e:	f884 3044 	strb.w	r3, [r4, #68]	@ 0x44
10006d82:	f001 f991 	bl	100080a8 <vPortExitCritical>
10006d86:	f000 fbf5 	bl	10007574 <xTaskResumeAll>
10006d8a:	e7a9      	b.n	10006ce0 <xQueuePeek+0x198>
10006d8c:	6c22      	ldr	r2, [r4, #64]	@ 0x40
10006d8e:	68e5      	ldr	r5, [r4, #12]
10006d90:	b152      	cbz	r2, 10006da8 <xQueuePeek+0x260>
10006d92:	68a3      	ldr	r3, [r4, #8]
10006d94:	18a9      	adds	r1, r5, r2
10006d96:	4299      	cmp	r1, r3
10006d98:	60e1      	str	r1, [r4, #12]
10006d9a:	bf28      	it	cs
10006d9c:	6821      	ldrcs	r1, [r4, #0]
10006d9e:	4640      	mov	r0, r8
10006da0:	bf28      	it	cs
10006da2:	60e1      	strcs	r1, [r4, #12]
10006da4:	f001 fe84 	bl	10008ab0 <memcpy>
10006da8:	6a63      	ldr	r3, [r4, #36]	@ 0x24
10006daa:	60e5      	str	r5, [r4, #12]
10006dac:	b92b      	cbnz	r3, 10006dba <xQueuePeek+0x272>
10006dae:	f001 f97b 	bl	100080a8 <vPortExitCritical>
10006db2:	2001      	movs	r0, #1
10006db4:	b005      	add	sp, #20
10006db6:	e8bd 83f0 	ldmia.w	sp!, {r4, r5, r6, r7, r8, r9, pc}
10006dba:	f104 0024 	add.w	r0, r4, #36	@ 0x24
10006dbe:	f000 fdb3 	bl	10007928 <xTaskRemoveFromEventList>
10006dc2:	2800      	cmp	r0, #0
10006dc4:	d0f3      	beq.n	10006dae <xQueuePeek+0x266>
10006dc6:	f001 f955 	bl	10008074 <vPortYield>
10006dca:	e7f0      	b.n	10006dae <xQueuePeek+0x266>

10006dcc <vQueueAddToRegistry>:
10006dcc:	2900      	cmp	r1, #0
10006dce:	d06b      	beq.n	10006ea8 <vQueueAddToRegistry+0xdc>
10006dd0:	4b56      	ldr	r3, [pc, #344]	@ (10006f2c <vQueueAddToRegistry+0x160>)
10006dd2:	685a      	ldr	r2, [r3, #4]
10006dd4:	4290      	cmp	r0, r2
10006dd6:	f000 808b 	beq.w	10006ef0 <vQueueAddToRegistry+0x124>
10006dda:	681a      	ldr	r2, [r3, #0]
10006ddc:	b410      	push	{r4}
10006dde:	2a00      	cmp	r2, #0
10006de0:	d03b      	beq.n	10006e5a <vQueueAddToRegistry+0x8e>
10006de2:	68da      	ldr	r2, [r3, #12]
10006de4:	4290      	cmp	r0, r2
10006de6:	f000 809e 	beq.w	10006f26 <vQueueAddToRegistry+0x15a>
10006dea:	689a      	ldr	r2, [r3, #8]
10006dec:	2a00      	cmp	r2, #0
10006dee:	d055      	beq.n	10006e9c <vQueueAddToRegistry+0xd0>
10006df0:	695a      	ldr	r2, [r3, #20]
10006df2:	4290      	cmp	r0, r2
10006df4:	f000 8095 	beq.w	10006f22 <vQueueAddToRegistry+0x156>
10006df8:	691a      	ldr	r2, [r3, #16]
10006dfa:	2a00      	cmp	r2, #0
10006dfc:	d055      	beq.n	10006eaa <vQueueAddToRegistry+0xde>
10006dfe:	69da      	ldr	r2, [r3, #28]
10006e00:	4290      	cmp	r0, r2
10006e02:	f000 8082 	beq.w	10006f0a <vQueueAddToRegistry+0x13e>
10006e06:	699a      	ldr	r2, [r3, #24]
10006e08:	2a00      	cmp	r2, #0
10006e0a:	d054      	beq.n	10006eb6 <vQueueAddToRegistry+0xea>
10006e0c:	6a5a      	ldr	r2, [r3, #36]	@ 0x24
10006e0e:	4290      	cmp	r0, r2
10006e10:	d056      	beq.n	10006ec0 <vQueueAddToRegistry+0xf4>
10006e12:	6a1a      	ldr	r2, [r3, #32]
10006e14:	2a00      	cmp	r2, #0
10006e16:	d057      	beq.n	10006ec8 <vQueueAddToRegistry+0xfc>
10006e18:	6ada      	ldr	r2, [r3, #44]	@ 0x2c
10006e1a:	4290      	cmp	r0, r2
10006e1c:	d077      	beq.n	10006f0e <vQueueAddToRegistry+0x142>
10006e1e:	6a9a      	ldr	r2, [r3, #40]	@ 0x28
10006e20:	2a00      	cmp	r2, #0
10006e22:	d056      	beq.n	10006ed2 <vQueueAddToRegistry+0x106>
10006e24:	6b5a      	ldr	r2, [r3, #52]	@ 0x34
10006e26:	4290      	cmp	r0, r2
10006e28:	d073      	beq.n	10006f12 <vQueueAddToRegistry+0x146>
10006e2a:	6b1a      	ldr	r2, [r3, #48]	@ 0x30
10006e2c:	2a00      	cmp	r2, #0
10006e2e:	d055      	beq.n	10006edc <vQueueAddToRegistry+0x110>
10006e30:	6bda      	ldr	r2, [r3, #60]	@ 0x3c
10006e32:	4290      	cmp	r0, r2
10006e34:	d06f      	beq.n	10006f16 <vQueueAddToRegistry+0x14a>
10006e36:	6b9a      	ldr	r2, [r3, #56]	@ 0x38
10006e38:	2a00      	cmp	r2, #0
10006e3a:	d054      	beq.n	10006ee6 <vQueueAddToRegistry+0x11a>
10006e3c:	6c5a      	ldr	r2, [r3, #68]	@ 0x44
10006e3e:	4290      	cmp	r0, r2
10006e40:	d06b      	beq.n	10006f1a <vQueueAddToRegistry+0x14e>
10006e42:	6c1a      	ldr	r2, [r3, #64]	@ 0x40
10006e44:	2a00      	cmp	r2, #0
10006e46:	d059      	beq.n	10006efc <vQueueAddToRegistry+0x130>
10006e48:	6cda      	ldr	r2, [r3, #76]	@ 0x4c
10006e4a:	4290      	cmp	r0, r2
10006e4c:	d067      	beq.n	10006f1e <vQueueAddToRegistry+0x152>
10006e4e:	6c9b      	ldr	r3, [r3, #72]	@ 0x48
10006e50:	2b00      	cmp	r3, #0
10006e52:	d058      	beq.n	10006f06 <vQueueAddToRegistry+0x13a>
10006e54:	f85d 4b04 	ldr.w	r4, [sp], #4
10006e58:	4770      	bx	lr
10006e5a:	68da      	ldr	r2, [r3, #12]
10006e5c:	4290      	cmp	r0, r2
10006e5e:	d062      	beq.n	10006f26 <vQueueAddToRegistry+0x15a>
10006e60:	695a      	ldr	r2, [r3, #20]
10006e62:	4290      	cmp	r0, r2
10006e64:	d05d      	beq.n	10006f22 <vQueueAddToRegistry+0x156>
10006e66:	461a      	mov	r2, r3
10006e68:	69dc      	ldr	r4, [r3, #28]
10006e6a:	42a0      	cmp	r0, r4
10006e6c:	d04d      	beq.n	10006f0a <vQueueAddToRegistry+0x13e>
10006e6e:	6a5c      	ldr	r4, [r3, #36]	@ 0x24
10006e70:	42a0      	cmp	r0, r4
10006e72:	d025      	beq.n	10006ec0 <vQueueAddToRegistry+0xf4>
10006e74:	6adc      	ldr	r4, [r3, #44]	@ 0x2c
10006e76:	42a0      	cmp	r0, r4
10006e78:	d049      	beq.n	10006f0e <vQueueAddToRegistry+0x142>
10006e7a:	6b5c      	ldr	r4, [r3, #52]	@ 0x34
10006e7c:	42a0      	cmp	r0, r4
10006e7e:	d048      	beq.n	10006f12 <vQueueAddToRegistry+0x146>
10006e80:	6bdc      	ldr	r4, [r3, #60]	@ 0x3c
10006e82:	42a0      	cmp	r0, r4
10006e84:	d047      	beq.n	10006f16 <vQueueAddToRegistry+0x14a>
10006e86:	6c5c      	ldr	r4, [r3, #68]	@ 0x44
10006e88:	42a0      	cmp	r0, r4
10006e8a:	d046      	beq.n	10006f1a <vQueueAddToRegistry+0x14e>
10006e8c:	6cdc      	ldr	r4, [r3, #76]	@ 0x4c
10006e8e:	42a0      	cmp	r0, r4
10006e90:	d045      	beq.n	10006f1e <vQueueAddToRegistry+0x152>
10006e92:	e9c2 1000 	strd	r1, r0, [r2]
10006e96:	f85d 4b04 	ldr.w	r4, [sp], #4
10006e9a:	4770      	bx	lr
10006e9c:	695a      	ldr	r2, [r3, #20]
10006e9e:	4290      	cmp	r0, r2
10006ea0:	d03f      	beq.n	10006f22 <vQueueAddToRegistry+0x156>
10006ea2:	f103 0208 	add.w	r2, r3, #8
10006ea6:	e7df      	b.n	10006e68 <vQueueAddToRegistry+0x9c>
10006ea8:	4770      	bx	lr
10006eaa:	69da      	ldr	r2, [r3, #28]
10006eac:	4290      	cmp	r0, r2
10006eae:	d02c      	beq.n	10006f0a <vQueueAddToRegistry+0x13e>
10006eb0:	f103 0210 	add.w	r2, r3, #16
10006eb4:	e7db      	b.n	10006e6e <vQueueAddToRegistry+0xa2>
10006eb6:	6a5a      	ldr	r2, [r3, #36]	@ 0x24
10006eb8:	4290      	cmp	r0, r2
10006eba:	d001      	beq.n	10006ec0 <vQueueAddToRegistry+0xf4>
10006ebc:	4a1c      	ldr	r2, [pc, #112]	@ (10006f30 <vQueueAddToRegistry+0x164>)
10006ebe:	e7d9      	b.n	10006e74 <vQueueAddToRegistry+0xa8>
10006ec0:	2204      	movs	r2, #4
10006ec2:	eb03 02c2 	add.w	r2, r3, r2, lsl #3
10006ec6:	e7e4      	b.n	10006e92 <vQueueAddToRegistry+0xc6>
10006ec8:	6ada      	ldr	r2, [r3, #44]	@ 0x2c
10006eca:	4290      	cmp	r0, r2
10006ecc:	d01f      	beq.n	10006f0e <vQueueAddToRegistry+0x142>
10006ece:	4a19      	ldr	r2, [pc, #100]	@ (10006f34 <vQueueAddToRegistry+0x168>)
10006ed0:	e7d3      	b.n	10006e7a <vQueueAddToRegistry+0xae>
10006ed2:	6b5a      	ldr	r2, [r3, #52]	@ 0x34
10006ed4:	4290      	cmp	r0, r2
10006ed6:	d01c      	beq.n	10006f12 <vQueueAddToRegistry+0x146>
10006ed8:	4a17      	ldr	r2, [pc, #92]	@ (10006f38 <vQueueAddToRegistry+0x16c>)
10006eda:	e7d1      	b.n	10006e80 <vQueueAddToRegistry+0xb4>
10006edc:	6bda      	ldr	r2, [r3, #60]	@ 0x3c
10006ede:	4290      	cmp	r0, r2
10006ee0:	d019      	beq.n	10006f16 <vQueueAddToRegistry+0x14a>
10006ee2:	4a16      	ldr	r2, [pc, #88]	@ (10006f3c <vQueueAddToRegistry+0x170>)
10006ee4:	e7cf      	b.n	10006e86 <vQueueAddToRegistry+0xba>
10006ee6:	6c5a      	ldr	r2, [r3, #68]	@ 0x44
10006ee8:	4290      	cmp	r0, r2
10006eea:	d016      	beq.n	10006f1a <vQueueAddToRegistry+0x14e>
10006eec:	4a14      	ldr	r2, [pc, #80]	@ (10006f40 <vQueueAddToRegistry+0x174>)
10006eee:	e7cd      	b.n	10006e8c <vQueueAddToRegistry+0xc0>
10006ef0:	2200      	movs	r2, #0
10006ef2:	eb03 02c2 	add.w	r2, r3, r2, lsl #3
10006ef6:	e9c2 1000 	strd	r1, r0, [r2]
10006efa:	4770      	bx	lr
10006efc:	6cda      	ldr	r2, [r3, #76]	@ 0x4c
10006efe:	4290      	cmp	r0, r2
10006f00:	d00d      	beq.n	10006f1e <vQueueAddToRegistry+0x152>
10006f02:	4a10      	ldr	r2, [pc, #64]	@ (10006f44 <vQueueAddToRegistry+0x178>)
10006f04:	e7c5      	b.n	10006e92 <vQueueAddToRegistry+0xc6>
10006f06:	4a10      	ldr	r2, [pc, #64]	@ (10006f48 <vQueueAddToRegistry+0x17c>)
10006f08:	e7c3      	b.n	10006e92 <vQueueAddToRegistry+0xc6>
10006f0a:	2203      	movs	r2, #3
10006f0c:	e7d9      	b.n	10006ec2 <vQueueAddToRegistry+0xf6>
10006f0e:	2205      	movs	r2, #5
10006f10:	e7d7      	b.n	10006ec2 <vQueueAddToRegistry+0xf6>
10006f12:	2206      	movs	r2, #6
10006f14:	e7d5      	b.n	10006ec2 <vQueueAddToRegistry+0xf6>
10006f16:	2207      	movs	r2, #7
10006f18:	e7d3      	b.n	10006ec2 <vQueueAddToRegistry+0xf6>
10006f1a:	2208      	movs	r2, #8
10006f1c:	e7d1      	b.n	10006ec2 <vQueueAddToRegistry+0xf6>
10006f1e:	2209      	movs	r2, #9
10006f20:	e7cf      	b.n	10006ec2 <vQueueAddToRegistry+0xf6>
10006f22:	2202      	movs	r2, #2
10006f24:	e7cd      	b.n	10006ec2 <vQueueAddToRegistry+0xf6>
10006f26:	2201      	movs	r2, #1
10006f28:	e7cb      	b.n	10006ec2 <vQueueAddToRegistry+0xf6>
10006f2a:	bf00      	nop
10006f2c:	20001c90 	.word	0x20001c90
10006f30:	20001ca8 	.word	0x20001ca8
10006f34:	20001cb0 	.word	0x20001cb0
10006f38:	20001cb8 	.word	0x20001cb8
10006f3c:	20001cc0 	.word	0x20001cc0
10006f40:	20001cc8 	.word	0x20001cc8
10006f44:	20001cd0 	.word	0x20001cd0
10006f48:	20001cd8 	.word	0x20001cd8

10006f4c <vQueueWaitForMessageRestricted>:
10006f4c:	b570      	push	{r4, r5, r6, lr}
10006f4e:	4605      	mov	r5, r0
10006f50:	460e      	mov	r6, r1
10006f52:	4614      	mov	r4, r2
10006f54:	f001 f89a 	bl	1000808c <vPortEnterCritical>
10006f58:	f895 3044 	ldrb.w	r3, [r5, #68]	@ 0x44
10006f5c:	2bff      	cmp	r3, #255	@ 0xff
10006f5e:	bf04      	itt	eq
10006f60:	2300      	moveq	r3, #0
10006f62:	f885 3044 	strbeq.w	r3, [r5, #68]	@ 0x44
10006f66:	f895 3045 	ldrb.w	r3, [r5, #69]	@ 0x45
10006f6a:	2bff      	cmp	r3, #255	@ 0xff
10006f6c:	bf04      	itt	eq
10006f6e:	2300      	moveq	r3, #0
10006f70:	f885 3045 	strbeq.w	r3, [r5, #69]	@ 0x45
10006f74:	f001 f898 	bl	100080a8 <vPortExitCritical>
10006f78:	6bab      	ldr	r3, [r5, #56]	@ 0x38
10006f7a:	2b00      	cmp	r3, #0
10006f7c:	d043      	beq.n	10007006 <vQueueWaitForMessageRestricted+0xba>
10006f7e:	f001 f885 	bl	1000808c <vPortEnterCritical>
10006f82:	f895 3045 	ldrb.w	r3, [r5, #69]	@ 0x45
10006f86:	b25c      	sxtb	r4, r3
10006f88:	2c00      	cmp	r4, #0
10006f8a:	dd14      	ble.n	10006fb6 <vQueueWaitForMessageRestricted+0x6a>
10006f8c:	f105 0624 	add.w	r6, r5, #36	@ 0x24
10006f90:	e003      	b.n	10006f9a <vQueueWaitForMessageRestricted+0x4e>
10006f92:	1e63      	subs	r3, r4, #1
10006f94:	b2da      	uxtb	r2, r3
10006f96:	b25c      	sxtb	r4, r3
10006f98:	b16a      	cbz	r2, 10006fb6 <vQueueWaitForMessageRestricted+0x6a>
10006f9a:	6a6b      	ldr	r3, [r5, #36]	@ 0x24
10006f9c:	b15b      	cbz	r3, 10006fb6 <vQueueWaitForMessageRestricted+0x6a>
10006f9e:	4630      	mov	r0, r6
10006fa0:	f000 fcc2 	bl	10007928 <xTaskRemoveFromEventList>
10006fa4:	2800      	cmp	r0, #0
10006fa6:	d0f4      	beq.n	10006f92 <vQueueWaitForMessageRestricted+0x46>
10006fa8:	f000 fd62 	bl	10007a70 <vTaskMissedYield>
10006fac:	1e63      	subs	r3, r4, #1
10006fae:	b2da      	uxtb	r2, r3
10006fb0:	b25c      	sxtb	r4, r3
10006fb2:	2a00      	cmp	r2, #0
10006fb4:	d1f1      	bne.n	10006f9a <vQueueWaitForMessageRestricted+0x4e>
10006fb6:	23ff      	movs	r3, #255	@ 0xff
10006fb8:	f885 3045 	strb.w	r3, [r5, #69]	@ 0x45
10006fbc:	f001 f874 	bl	100080a8 <vPortExitCritical>
10006fc0:	f001 f864 	bl	1000808c <vPortEnterCritical>
10006fc4:	f895 3044 	ldrb.w	r3, [r5, #68]	@ 0x44
10006fc8:	b25c      	sxtb	r4, r3
10006fca:	2c00      	cmp	r4, #0
10006fcc:	dd14      	ble.n	10006ff8 <vQueueWaitForMessageRestricted+0xac>
10006fce:	f105 0610 	add.w	r6, r5, #16
10006fd2:	e003      	b.n	10006fdc <vQueueWaitForMessageRestricted+0x90>
10006fd4:	1e63      	subs	r3, r4, #1
10006fd6:	b2da      	uxtb	r2, r3
10006fd8:	b25c      	sxtb	r4, r3
10006fda:	b16a      	cbz	r2, 10006ff8 <vQueueWaitForMessageRestricted+0xac>
10006fdc:	692b      	ldr	r3, [r5, #16]
10006fde:	b15b      	cbz	r3, 10006ff8 <vQueueWaitForMessageRestricted+0xac>
10006fe0:	4630      	mov	r0, r6
10006fe2:	f000 fca1 	bl	10007928 <xTaskRemoveFromEventList>
10006fe6:	2800      	cmp	r0, #0
10006fe8:	d0f4      	beq.n	10006fd4 <vQueueWaitForMessageRestricted+0x88>
10006fea:	f000 fd41 	bl	10007a70 <vTaskMissedYield>
10006fee:	1e63      	subs	r3, r4, #1
10006ff0:	b2da      	uxtb	r2, r3
10006ff2:	b25c      	sxtb	r4, r3
10006ff4:	2a00      	cmp	r2, #0
10006ff6:	d1f1      	bne.n	10006fdc <vQueueWaitForMessageRestricted+0x90>
10006ff8:	23ff      	movs	r3, #255	@ 0xff
10006ffa:	f885 3044 	strb.w	r3, [r5, #68]	@ 0x44
10006ffe:	e8bd 4070 	ldmia.w	sp!, {r4, r5, r6, lr}
10007002:	f001 b851 	b.w	100080a8 <vPortExitCritical>
10007006:	4622      	mov	r2, r4
10007008:	4631      	mov	r1, r6
1000700a:	f105 0024 	add.w	r0, r5, #36	@ 0x24
1000700e:	f000 fc25 	bl	1000785c <vTaskPlaceOnEventListRestricted>
10007012:	e7b4      	b.n	10006f7e <vQueueWaitForMessageRestricted+0x32>

10007014 <prvAddNewTaskToReadyList>:
10007014:	e92d 41f0 	stmdb	sp!, {r4, r5, r6, r7, r8, lr}
10007018:	4604      	mov	r4, r0
1000701a:	f001 f837 	bl	1000808c <vPortEnterCritical>
1000701e:	4a36      	ldr	r2, [pc, #216]	@ (100070f8 <prvAddNewTaskToReadyList+0xe4>)
10007020:	4e36      	ldr	r6, [pc, #216]	@ (100070fc <prvAddNewTaskToReadyList+0xe8>)
10007022:	6813      	ldr	r3, [r2, #0]
10007024:	3301      	adds	r3, #1
10007026:	6013      	str	r3, [r2, #0]
10007028:	6833      	ldr	r3, [r6, #0]
1000702a:	2b00      	cmp	r3, #0
1000702c:	d034      	beq.n	10007098 <prvAddNewTaskToReadyList+0x84>
1000702e:	4f34      	ldr	r7, [pc, #208]	@ (10007100 <prvAddNewTaskToReadyList+0xec>)
10007030:	6ae3      	ldr	r3, [r4, #44]	@ 0x2c
10007032:	683a      	ldr	r2, [r7, #0]
10007034:	b34a      	cbz	r2, 1000708a <prvAddNewTaskToReadyList+0x76>
10007036:	4d33      	ldr	r5, [pc, #204]	@ (10007104 <prvAddNewTaskToReadyList+0xf0>)
10007038:	4933      	ldr	r1, [pc, #204]	@ (10007108 <prvAddNewTaskToReadyList+0xf4>)
1000703a:	4834      	ldr	r0, [pc, #208]	@ (1000710c <prvAddNewTaskToReadyList+0xf8>)
1000703c:	680a      	ldr	r2, [r1, #0]
1000703e:	f104 0c04 	add.w	ip, r4, #4
10007042:	3201      	adds	r2, #1
10007044:	600a      	str	r2, [r1, #0]
10007046:	6802      	ldr	r2, [r0, #0]
10007048:	429a      	cmp	r2, r3
1000704a:	bf38      	it	cc
1000704c:	6003      	strcc	r3, [r0, #0]
1000704e:	eb03 0383 	add.w	r3, r3, r3, lsl #2
10007052:	eb05 0083 	add.w	r0, r5, r3, lsl #2
10007056:	6841      	ldr	r1, [r0, #4]
10007058:	009b      	lsls	r3, r3, #2
1000705a:	58ea      	ldr	r2, [r5, r3]
1000705c:	f8d1 e008 	ldr.w	lr, [r1, #8]
10007060:	60a1      	str	r1, [r4, #8]
10007062:	f8c4 e00c 	str.w	lr, [r4, #12]
10007066:	3201      	adds	r2, #1
10007068:	f8ce c004 	str.w	ip, [lr, #4]
1000706c:	f8c1 c008 	str.w	ip, [r1, #8]
10007070:	6160      	str	r0, [r4, #20]
10007072:	50ea      	str	r2, [r5, r3]
10007074:	f001 f818 	bl	100080a8 <vPortExitCritical>
10007078:	683b      	ldr	r3, [r7, #0]
1000707a:	b123      	cbz	r3, 10007086 <prvAddNewTaskToReadyList+0x72>
1000707c:	6832      	ldr	r2, [r6, #0]
1000707e:	6ae3      	ldr	r3, [r4, #44]	@ 0x2c
10007080:	6ad2      	ldr	r2, [r2, #44]	@ 0x2c
10007082:	429a      	cmp	r2, r3
10007084:	d310      	bcc.n	100070a8 <prvAddNewTaskToReadyList+0x94>
10007086:	e8bd 81f0 	ldmia.w	sp!, {r4, r5, r6, r7, r8, pc}
1000708a:	6832      	ldr	r2, [r6, #0]
1000708c:	4d1d      	ldr	r5, [pc, #116]	@ (10007104 <prvAddNewTaskToReadyList+0xf0>)
1000708e:	6ad2      	ldr	r2, [r2, #44]	@ 0x2c
10007090:	429a      	cmp	r2, r3
10007092:	bf98      	it	ls
10007094:	6034      	strls	r4, [r6, #0]
10007096:	e7cf      	b.n	10007038 <prvAddNewTaskToReadyList+0x24>
10007098:	6034      	str	r4, [r6, #0]
1000709a:	6813      	ldr	r3, [r2, #0]
1000709c:	2b01      	cmp	r3, #1
1000709e:	d007      	beq.n	100070b0 <prvAddNewTaskToReadyList+0x9c>
100070a0:	6ae3      	ldr	r3, [r4, #44]	@ 0x2c
100070a2:	4d18      	ldr	r5, [pc, #96]	@ (10007104 <prvAddNewTaskToReadyList+0xf0>)
100070a4:	4f16      	ldr	r7, [pc, #88]	@ (10007100 <prvAddNewTaskToReadyList+0xec>)
100070a6:	e7c7      	b.n	10007038 <prvAddNewTaskToReadyList+0x24>
100070a8:	e8bd 41f0 	ldmia.w	sp!, {r4, r5, r6, r7, r8, lr}
100070ac:	f000 bfe2 	b.w	10008074 <vPortYield>
100070b0:	4d14      	ldr	r5, [pc, #80]	@ (10007104 <prvAddNewTaskToReadyList+0xf0>)
100070b2:	462f      	mov	r7, r5
100070b4:	f105 0878 	add.w	r8, r5, #120	@ 0x78
100070b8:	4638      	mov	r0, r7
100070ba:	3714      	adds	r7, #20
100070bc:	f001 f95e 	bl	1000837c <vListInitialise>
100070c0:	4547      	cmp	r7, r8
100070c2:	d1f9      	bne.n	100070b8 <prvAddNewTaskToReadyList+0xa4>
100070c4:	f8df 8060 	ldr.w	r8, [pc, #96]	@ 10007128 <prvAddNewTaskToReadyList+0x114>
100070c8:	4f11      	ldr	r7, [pc, #68]	@ (10007110 <prvAddNewTaskToReadyList+0xfc>)
100070ca:	4640      	mov	r0, r8
100070cc:	f001 f956 	bl	1000837c <vListInitialise>
100070d0:	4638      	mov	r0, r7
100070d2:	f001 f953 	bl	1000837c <vListInitialise>
100070d6:	480f      	ldr	r0, [pc, #60]	@ (10007114 <prvAddNewTaskToReadyList+0x100>)
100070d8:	f001 f950 	bl	1000837c <vListInitialise>
100070dc:	480e      	ldr	r0, [pc, #56]	@ (10007118 <prvAddNewTaskToReadyList+0x104>)
100070de:	f001 f94d 	bl	1000837c <vListInitialise>
100070e2:	480e      	ldr	r0, [pc, #56]	@ (1000711c <prvAddNewTaskToReadyList+0x108>)
100070e4:	f001 f94a 	bl	1000837c <vListInitialise>
100070e8:	4b0d      	ldr	r3, [pc, #52]	@ (10007120 <prvAddNewTaskToReadyList+0x10c>)
100070ea:	f8c3 8000 	str.w	r8, [r3]
100070ee:	4b0d      	ldr	r3, [pc, #52]	@ (10007124 <prvAddNewTaskToReadyList+0x110>)
100070f0:	601f      	str	r7, [r3, #0]
100070f2:	6ae3      	ldr	r3, [r4, #44]	@ 0x2c
100070f4:	4f02      	ldr	r7, [pc, #8]	@ (10007100 <prvAddNewTaskToReadyList+0xec>)
100070f6:	e79f      	b.n	10007038 <prvAddNewTaskToReadyList+0x24>
100070f8:	20002994 	.word	0x20002994
100070fc:	200028d8 	.word	0x200028d8
10007100:	20002a24 	.word	0x20002a24
10007104:	200028ec 	.word	0x200028ec
10007108:	200029a0 	.word	0x200029a0
1000710c:	200029a4 	.word	0x200029a4
10007110:	200029e4 	.word	0x200029e4
10007114:	20002a10 	.word	0x20002a10
10007118:	20002a3c 	.word	0x20002a3c
1000711c:	20002a28 	.word	0x20002a28
10007120:	200028e0 	.word	0x200028e0
10007124:	200028e4 	.word	0x200028e4
10007128:	200029d0 	.word	0x200029d0

1000712c <prvIdleTask>:
1000712c:	b580      	push	{r7, lr}
1000712e:	4d12      	ldr	r5, [pc, #72]	@ (10007178 <prvIdleTask+0x4c>)
10007130:	4f12      	ldr	r7, [pc, #72]	@ (1000717c <prvIdleTask+0x50>)
10007132:	4e13      	ldr	r6, [pc, #76]	@ (10007180 <prvIdleTask+0x54>)
10007134:	f8df 804c 	ldr.w	r8, [pc, #76]	@ 10007184 <prvIdleTask+0x58>
10007138:	e014      	b.n	10007164 <prvIdleTask+0x38>
1000713a:	f000 ffa7 	bl	1000808c <vPortEnterCritical>
1000713e:	68fb      	ldr	r3, [r7, #12]
10007140:	68dc      	ldr	r4, [r3, #12]
10007142:	1d20      	adds	r0, r4, #4
10007144:	f001 f950 	bl	100083e8 <uxListRemove>
10007148:	6833      	ldr	r3, [r6, #0]
1000714a:	3b01      	subs	r3, #1
1000714c:	6033      	str	r3, [r6, #0]
1000714e:	682b      	ldr	r3, [r5, #0]
10007150:	3b01      	subs	r3, #1
10007152:	602b      	str	r3, [r5, #0]
10007154:	f000 ffa8 	bl	100080a8 <vPortExitCritical>
10007158:	6b20      	ldr	r0, [r4, #48]	@ 0x30
1000715a:	f000 ff49 	bl	10007ff0 <vPortFree>
1000715e:	4620      	mov	r0, r4
10007160:	f000 ff46 	bl	10007ff0 <vPortFree>
10007164:	682b      	ldr	r3, [r5, #0]
10007166:	2b00      	cmp	r3, #0
10007168:	d1e7      	bne.n	1000713a <prvIdleTask+0xe>
1000716a:	f8d8 3000 	ldr.w	r3, [r8]
1000716e:	2b01      	cmp	r3, #1
10007170:	d9f8      	bls.n	10007164 <prvIdleTask+0x38>
10007172:	f000 ff7f 	bl	10008074 <vPortYield>
10007176:	e7f5      	b.n	10007164 <prvIdleTask+0x38>
10007178:	20002998 	.word	0x20002998
1000717c:	20002a3c 	.word	0x20002a3c
10007180:	20002994 	.word	0x20002994
10007184:	200028ec 	.word	0x200028ec

10007188 <xTaskIncrementTick.part.0>:
10007188:	e92d 4ff0 	stmdb	sp!, {r4, r5, r6, r7, r8, r9, sl, fp, lr}
1000718c:	4b4c      	ldr	r3, [pc, #304]	@ (100072c0 <xTaskIncrementTick.part.0+0x138>)
1000718e:	b083      	sub	sp, #12
10007190:	681d      	ldr	r5, [r3, #0]
10007192:	3501      	adds	r5, #1
10007194:	601d      	str	r5, [r3, #0]
10007196:	2d00      	cmp	r5, #0
10007198:	d067      	beq.n	1000726a <xTaskIncrementTick.part.0+0xe2>
1000719a:	494a      	ldr	r1, [pc, #296]	@ (100072c4 <xTaskIncrementTick.part.0+0x13c>)
1000719c:	680b      	ldr	r3, [r1, #0]
1000719e:	429d      	cmp	r5, r3
100071a0:	d377      	bcc.n	10007292 <xTaskIncrementTick.part.0+0x10a>
100071a2:	4e49      	ldr	r6, [pc, #292]	@ (100072c8 <xTaskIncrementTick.part.0+0x140>)
100071a4:	6833      	ldr	r3, [r6, #0]
100071a6:	6818      	ldr	r0, [r3, #0]
100071a8:	2800      	cmp	r0, #0
100071aa:	f000 8084 	beq.w	100072b6 <xTaskIncrementTick.part.0+0x12e>
100071ae:	2000      	movs	r0, #0
100071b0:	46aa      	mov	sl, r5
100071b2:	4607      	mov	r7, r0
100071b4:	4681      	mov	r9, r0
100071b6:	f8df e128 	ldr.w	lr, [pc, #296]	@ 100072e0 <xTaskIncrementTick.part.0+0x158>
100071ba:	4c44      	ldr	r4, [pc, #272]	@ (100072cc <xTaskIncrementTick.part.0+0x144>)
100071bc:	9101      	str	r1, [sp, #4]
100071be:	e047      	b.n	10007250 <xTaskIncrementTick.part.0+0xc8>
100071c0:	6958      	ldr	r0, [r3, #20]
100071c2:	e9d3 2c02 	ldrd	r2, ip, [r3, #8]
100071c6:	f8c2 c008 	str.w	ip, [r2, #8]
100071ca:	f8cc 2004 	str.w	r2, [ip, #4]
100071ce:	6842      	ldr	r2, [r0, #4]
100071d0:	428a      	cmp	r2, r1
100071d2:	6802      	ldr	r2, [r0, #0]
100071d4:	bf08      	it	eq
100071d6:	f8c0 c004 	streq.w	ip, [r0, #4]
100071da:	3a01      	subs	r2, #1
100071dc:	615f      	str	r7, [r3, #20]
100071de:	6002      	str	r2, [r0, #0]
100071e0:	6a98      	ldr	r0, [r3, #40]	@ 0x28
100071e2:	b170      	cbz	r0, 10007202 <xTaskIncrementTick.part.0+0x7a>
100071e4:	e9d3 2c07 	ldrd	r2, ip, [r3, #28]
100071e8:	f8c2 c008 	str.w	ip, [r2, #8]
100071ec:	f8cc 2004 	str.w	r2, [ip, #4]
100071f0:	6842      	ldr	r2, [r0, #4]
100071f2:	42aa      	cmp	r2, r5
100071f4:	6802      	ldr	r2, [r0, #0]
100071f6:	bf08      	it	eq
100071f8:	f8c0 c004 	streq.w	ip, [r0, #4]
100071fc:	3a01      	subs	r2, #1
100071fe:	629f      	str	r7, [r3, #40]	@ 0x28
10007200:	6002      	str	r2, [r0, #0]
10007202:	6ada      	ldr	r2, [r3, #44]	@ 0x2c
10007204:	f8de 0000 	ldr.w	r0, [lr]
10007208:	eb02 0c82 	add.w	ip, r2, r2, lsl #2
1000720c:	eb04 088c 	add.w	r8, r4, ip, lsl #2
10007210:	4282      	cmp	r2, r0
10007212:	f8d8 0004 	ldr.w	r0, [r8, #4]
10007216:	f854 502c 	ldr.w	r5, [r4, ip, lsl #2]
1000721a:	f8d0 b008 	ldr.w	fp, [r0, #8]
1000721e:	6098      	str	r0, [r3, #8]
10007220:	f8c3 b00c 	str.w	fp, [r3, #12]
10007224:	f8cb 1004 	str.w	r1, [fp, #4]
10007228:	6081      	str	r1, [r0, #8]
1000722a:	f8c3 8014 	str.w	r8, [r3, #20]
1000722e:	4b28      	ldr	r3, [pc, #160]	@ (100072d0 <xTaskIncrementTick.part.0+0x148>)
10007230:	bf88      	it	hi
10007232:	f8ce 2000 	strhi.w	r2, [lr]
10007236:	6819      	ldr	r1, [r3, #0]
10007238:	3501      	adds	r5, #1
1000723a:	6833      	ldr	r3, [r6, #0]
1000723c:	f844 502c 	str.w	r5, [r4, ip, lsl #2]
10007240:	6ac9      	ldr	r1, [r1, #44]	@ 0x2c
10007242:	681b      	ldr	r3, [r3, #0]
10007244:	428a      	cmp	r2, r1
10007246:	bf88      	it	hi
10007248:	f049 0901 	orrhi.w	r9, r9, #1
1000724c:	2b00      	cmp	r3, #0
1000724e:	d030      	beq.n	100072b2 <xTaskIncrementTick.part.0+0x12a>
10007250:	6833      	ldr	r3, [r6, #0]
10007252:	68db      	ldr	r3, [r3, #12]
10007254:	68db      	ldr	r3, [r3, #12]
10007256:	685a      	ldr	r2, [r3, #4]
10007258:	1d19      	adds	r1, r3, #4
1000725a:	4592      	cmp	sl, r2
1000725c:	f103 0518 	add.w	r5, r3, #24
10007260:	d2ae      	bcs.n	100071c0 <xTaskIncrementTick.part.0+0x38>
10007262:	9901      	ldr	r1, [sp, #4]
10007264:	4648      	mov	r0, r9
10007266:	600a      	str	r2, [r1, #0]
10007268:	e014      	b.n	10007294 <xTaskIncrementTick.part.0+0x10c>
1000726a:	4b17      	ldr	r3, [pc, #92]	@ (100072c8 <xTaskIncrementTick.part.0+0x140>)
1000726c:	4a19      	ldr	r2, [pc, #100]	@ (100072d4 <xTaskIncrementTick.part.0+0x14c>)
1000726e:	6818      	ldr	r0, [r3, #0]
10007270:	6811      	ldr	r1, [r2, #0]
10007272:	6019      	str	r1, [r3, #0]
10007274:	4918      	ldr	r1, [pc, #96]	@ (100072d8 <xTaskIncrementTick.part.0+0x150>)
10007276:	6010      	str	r0, [r2, #0]
10007278:	680a      	ldr	r2, [r1, #0]
1000727a:	3201      	adds	r2, #1
1000727c:	600a      	str	r2, [r1, #0]
1000727e:	681a      	ldr	r2, [r3, #0]
10007280:	6812      	ldr	r2, [r2, #0]
10007282:	b982      	cbnz	r2, 100072a6 <xTaskIncrementTick.part.0+0x11e>
10007284:	f04f 33ff 	mov.w	r3, #4294967295
10007288:	490e      	ldr	r1, [pc, #56]	@ (100072c4 <xTaskIncrementTick.part.0+0x13c>)
1000728a:	600b      	str	r3, [r1, #0]
1000728c:	680b      	ldr	r3, [r1, #0]
1000728e:	429d      	cmp	r5, r3
10007290:	d287      	bcs.n	100071a2 <xTaskIncrementTick.part.0+0x1a>
10007292:	2000      	movs	r0, #0
10007294:	4b11      	ldr	r3, [pc, #68]	@ (100072dc <xTaskIncrementTick.part.0+0x154>)
10007296:	681b      	ldr	r3, [r3, #0]
10007298:	2b00      	cmp	r3, #0
1000729a:	bf18      	it	ne
1000729c:	f040 0001 	orrne.w	r0, r0, #1
100072a0:	b003      	add	sp, #12
100072a2:	e8bd 8ff0 	ldmia.w	sp!, {r4, r5, r6, r7, r8, r9, sl, fp, pc}
100072a6:	681b      	ldr	r3, [r3, #0]
100072a8:	4906      	ldr	r1, [pc, #24]	@ (100072c4 <xTaskIncrementTick.part.0+0x13c>)
100072aa:	68db      	ldr	r3, [r3, #12]
100072ac:	681b      	ldr	r3, [r3, #0]
100072ae:	600b      	str	r3, [r1, #0]
100072b0:	e774      	b.n	1000719c <xTaskIncrementTick.part.0+0x14>
100072b2:	4648      	mov	r0, r9
100072b4:	9901      	ldr	r1, [sp, #4]
100072b6:	f04f 33ff 	mov.w	r3, #4294967295
100072ba:	600b      	str	r3, [r1, #0]
100072bc:	e7ea      	b.n	10007294 <xTaskIncrementTick.part.0+0x10c>
100072be:	bf00      	nop
100072c0:	20002a50 	.word	0x20002a50
100072c4:	20002a04 	.word	0x20002a04
100072c8:	200028e0 	.word	0x200028e0
100072cc:	200028ec 	.word	0x200028ec
100072d0:	200028d8 	.word	0x200028d8
100072d4:	200028e4 	.word	0x200028e4
100072d8:	20002a08 	.word	0x20002a08
100072dc:	20002a5c 	.word	0x20002a5c
100072e0:	200029a4 	.word	0x200029a4

100072e4 <xTaskCreate>:
100072e4:	e92d 43f8 	stmdb	sp!, {r3, r4, r5, r6, r7, r8, r9, lr}
100072e8:	0095      	lsls	r5, r2, #2
100072ea:	4680      	mov	r8, r0
100072ec:	4628      	mov	r0, r5
100072ee:	460f      	mov	r7, r1
100072f0:	4699      	mov	r9, r3
100072f2:	f000 fe71 	bl	10007fd8 <pvPortMalloc>
100072f6:	2800      	cmp	r0, #0
100072f8:	d072      	beq.n	100073e0 <xTaskCreate+0xfc>
100072fa:	4606      	mov	r6, r0
100072fc:	2070      	movs	r0, #112	@ 0x70
100072fe:	f000 fe6b 	bl	10007fd8 <pvPortMalloc>
10007302:	4604      	mov	r4, r0
10007304:	2800      	cmp	r0, #0
10007306:	d068      	beq.n	100073da <xTaskCreate+0xf6>
10007308:	3d04      	subs	r5, #4
1000730a:	2270      	movs	r2, #112	@ 0x70
1000730c:	2100      	movs	r1, #0
1000730e:	4435      	add	r5, r6
10007310:	f001 fb56 	bl	100089c0 <memset>
10007314:	f025 0507 	bic.w	r5, r5, #7
10007318:	6326      	str	r6, [r4, #48]	@ 0x30
1000731a:	2f00      	cmp	r7, #0
1000731c:	d03b      	beq.n	10007396 <xTaskCreate+0xb2>
1000731e:	783b      	ldrb	r3, [r7, #0]
10007320:	f884 3034 	strb.w	r3, [r4, #52]	@ 0x34
10007324:	2b00      	cmp	r3, #0
10007326:	d036      	beq.n	10007396 <xTaskCreate+0xb2>
10007328:	787b      	ldrb	r3, [r7, #1]
1000732a:	f884 3035 	strb.w	r3, [r4, #53]	@ 0x35
1000732e:	b393      	cbz	r3, 10007396 <xTaskCreate+0xb2>
10007330:	78bb      	ldrb	r3, [r7, #2]
10007332:	f884 3036 	strb.w	r3, [r4, #54]	@ 0x36
10007336:	b373      	cbz	r3, 10007396 <xTaskCreate+0xb2>
10007338:	78fb      	ldrb	r3, [r7, #3]
1000733a:	f884 3037 	strb.w	r3, [r4, #55]	@ 0x37
1000733e:	b353      	cbz	r3, 10007396 <xTaskCreate+0xb2>
10007340:	793b      	ldrb	r3, [r7, #4]
10007342:	f884 3038 	strb.w	r3, [r4, #56]	@ 0x38
10007346:	b333      	cbz	r3, 10007396 <xTaskCreate+0xb2>
10007348:	797b      	ldrb	r3, [r7, #5]
1000734a:	f884 3039 	strb.w	r3, [r4, #57]	@ 0x39
1000734e:	b313      	cbz	r3, 10007396 <xTaskCreate+0xb2>
10007350:	79bb      	ldrb	r3, [r7, #6]
10007352:	f884 303a 	strb.w	r3, [r4, #58]	@ 0x3a
10007356:	b1f3      	cbz	r3, 10007396 <xTaskCreate+0xb2>
10007358:	79fb      	ldrb	r3, [r7, #7]
1000735a:	f884 303b 	strb.w	r3, [r4, #59]	@ 0x3b
1000735e:	b1d3      	cbz	r3, 10007396 <xTaskCreate+0xb2>
10007360:	7a3b      	ldrb	r3, [r7, #8]
10007362:	f884 303c 	strb.w	r3, [r4, #60]	@ 0x3c
10007366:	b1b3      	cbz	r3, 10007396 <xTaskCreate+0xb2>
10007368:	7a7b      	ldrb	r3, [r7, #9]
1000736a:	f884 303d 	strb.w	r3, [r4, #61]	@ 0x3d
1000736e:	b193      	cbz	r3, 10007396 <xTaskCreate+0xb2>
10007370:	7abb      	ldrb	r3, [r7, #10]
10007372:	f884 303e 	strb.w	r3, [r4, #62]	@ 0x3e
10007376:	b173      	cbz	r3, 10007396 <xTaskCreate+0xb2>
10007378:	7afb      	ldrb	r3, [r7, #11]
1000737a:	f884 303f 	strb.w	r3, [r4, #63]	@ 0x3f
1000737e:	b153      	cbz	r3, 10007396 <xTaskCreate+0xb2>
10007380:	7b3b      	ldrb	r3, [r7, #12]
10007382:	f884 3040 	strb.w	r3, [r4, #64]	@ 0x40
10007386:	b133      	cbz	r3, 10007396 <xTaskCreate+0xb2>
10007388:	7b7b      	ldrb	r3, [r7, #13]
1000738a:	f884 3041 	strb.w	r3, [r4, #65]	@ 0x41
1000738e:	b113      	cbz	r3, 10007396 <xTaskCreate+0xb2>
10007390:	7bbb      	ldrb	r3, [r7, #14]
10007392:	f884 3042 	strb.w	r3, [r4, #66]	@ 0x42
10007396:	9f08      	ldr	r7, [sp, #32]
10007398:	1d20      	adds	r0, r4, #4
1000739a:	2f05      	cmp	r7, #5
1000739c:	bf28      	it	cs
1000739e:	2705      	movcs	r7, #5
100073a0:	62e7      	str	r7, [r4, #44]	@ 0x2c
100073a2:	6467      	str	r7, [r4, #68]	@ 0x44
100073a4:	f000 fff6 	bl	10008394 <vListInitialiseItem>
100073a8:	f1c7 0706 	rsb	r7, r7, #6
100073ac:	f104 0018 	add.w	r0, r4, #24
100073b0:	f000 fff0 	bl	10008394 <vListInitialiseItem>
100073b4:	464b      	mov	r3, r9
100073b6:	4642      	mov	r2, r8
100073b8:	4628      	mov	r0, r5
100073ba:	6b21      	ldr	r1, [r4, #48]	@ 0x30
100073bc:	61a7      	str	r7, [r4, #24]
100073be:	6124      	str	r4, [r4, #16]
100073c0:	6264      	str	r4, [r4, #36]	@ 0x24
100073c2:	f000 fe93 	bl	100080ec <pxPortInitialiseStack>
100073c6:	9b09      	ldr	r3, [sp, #36]	@ 0x24
100073c8:	6020      	str	r0, [r4, #0]
100073ca:	b103      	cbz	r3, 100073ce <xTaskCreate+0xea>
100073cc:	601c      	str	r4, [r3, #0]
100073ce:	4620      	mov	r0, r4
100073d0:	f7ff fe20 	bl	10007014 <prvAddNewTaskToReadyList>
100073d4:	2001      	movs	r0, #1
100073d6:	e8bd 83f8 	ldmia.w	sp!, {r3, r4, r5, r6, r7, r8, r9, pc}
100073da:	4630      	mov	r0, r6
100073dc:	f000 fe08 	bl	10007ff0 <vPortFree>
100073e0:	f04f 30ff 	mov.w	r0, #4294967295
100073e4:	e8bd 83f8 	ldmia.w	sp!, {r3, r4, r5, r6, r7, r8, r9, pc}

100073e8 <vTaskDelete>:
100073e8:	b5f8      	push	{r3, r4, r5, r6, r7, lr}
100073ea:	4604      	mov	r4, r0
100073ec:	4e25      	ldr	r6, [pc, #148]	@ (10007484 <vTaskDelete+0x9c>)
100073ee:	f000 fe4d 	bl	1000808c <vPortEnterCritical>
100073f2:	2c00      	cmp	r4, #0
100073f4:	d03f      	beq.n	10007476 <vTaskDelete+0x8e>
100073f6:	1d27      	adds	r7, r4, #4
100073f8:	4638      	mov	r0, r7
100073fa:	f000 fff5 	bl	100083e8 <uxListRemove>
100073fe:	6aa3      	ldr	r3, [r4, #40]	@ 0x28
10007400:	b11b      	cbz	r3, 1000740a <vTaskDelete+0x22>
10007402:	f104 0018 	add.w	r0, r4, #24
10007406:	f000 ffef 	bl	100083e8 <uxListRemove>
1000740a:	4a1f      	ldr	r2, [pc, #124]	@ (10007488 <vTaskDelete+0xa0>)
1000740c:	4d1f      	ldr	r5, [pc, #124]	@ (1000748c <vTaskDelete+0xa4>)
1000740e:	6813      	ldr	r3, [r2, #0]
10007410:	3301      	adds	r3, #1
10007412:	6013      	str	r3, [r2, #0]
10007414:	6833      	ldr	r3, [r6, #0]
10007416:	42a3      	cmp	r3, r4
10007418:	682b      	ldr	r3, [r5, #0]
1000741a:	d01f      	beq.n	1000745c <vTaskDelete+0x74>
1000741c:	4a1c      	ldr	r2, [pc, #112]	@ (10007490 <vTaskDelete+0xa8>)
1000741e:	6813      	ldr	r3, [r2, #0]
10007420:	3b01      	subs	r3, #1
10007422:	6013      	str	r3, [r2, #0]
10007424:	4b1b      	ldr	r3, [pc, #108]	@ (10007494 <vTaskDelete+0xac>)
10007426:	681a      	ldr	r2, [r3, #0]
10007428:	6812      	ldr	r2, [r2, #0]
1000742a:	b192      	cbz	r2, 10007452 <vTaskDelete+0x6a>
1000742c:	681a      	ldr	r2, [r3, #0]
1000742e:	4b1a      	ldr	r3, [pc, #104]	@ (10007498 <vTaskDelete+0xb0>)
10007430:	68d2      	ldr	r2, [r2, #12]
10007432:	6812      	ldr	r2, [r2, #0]
10007434:	601a      	str	r2, [r3, #0]
10007436:	f000 fe37 	bl	100080a8 <vPortExitCritical>
1000743a:	6b20      	ldr	r0, [r4, #48]	@ 0x30
1000743c:	f000 fdd8 	bl	10007ff0 <vPortFree>
10007440:	4620      	mov	r0, r4
10007442:	f000 fdd5 	bl	10007ff0 <vPortFree>
10007446:	682b      	ldr	r3, [r5, #0]
10007448:	b113      	cbz	r3, 10007450 <vTaskDelete+0x68>
1000744a:	6833      	ldr	r3, [r6, #0]
1000744c:	42a3      	cmp	r3, r4
1000744e:	d014      	beq.n	1000747a <vTaskDelete+0x92>
10007450:	bdf8      	pop	{r3, r4, r5, r6, r7, pc}
10007452:	f04f 32ff 	mov.w	r2, #4294967295
10007456:	4b10      	ldr	r3, [pc, #64]	@ (10007498 <vTaskDelete+0xb0>)
10007458:	601a      	str	r2, [r3, #0]
1000745a:	e7ec      	b.n	10007436 <vTaskDelete+0x4e>
1000745c:	2b00      	cmp	r3, #0
1000745e:	d0dd      	beq.n	1000741c <vTaskDelete+0x34>
10007460:	4639      	mov	r1, r7
10007462:	480e      	ldr	r0, [pc, #56]	@ (1000749c <vTaskDelete+0xb4>)
10007464:	f000 ff9a 	bl	1000839c <vListInsertEnd>
10007468:	4a0d      	ldr	r2, [pc, #52]	@ (100074a0 <vTaskDelete+0xb8>)
1000746a:	6813      	ldr	r3, [r2, #0]
1000746c:	3301      	adds	r3, #1
1000746e:	6013      	str	r3, [r2, #0]
10007470:	f000 fe1a 	bl	100080a8 <vPortExitCritical>
10007474:	e7e7      	b.n	10007446 <vTaskDelete+0x5e>
10007476:	6834      	ldr	r4, [r6, #0]
10007478:	e7bd      	b.n	100073f6 <vTaskDelete+0xe>
1000747a:	e8bd 40f8 	ldmia.w	sp!, {r3, r4, r5, r6, r7, lr}
1000747e:	f000 bdf9 	b.w	10008074 <vPortYield>
10007482:	bf00      	nop
10007484:	200028d8 	.word	0x200028d8
10007488:	200029a0 	.word	0x200029a0
1000748c:	20002a24 	.word	0x20002a24
10007490:	20002994 	.word	0x20002994
10007494:	200028e0 	.word	0x200028e0
10007498:	20002a04 	.word	0x20002a04
1000749c:	20002a3c 	.word	0x20002a3c
100074a0:	20002998 	.word	0x20002998

100074a4 <vTaskStartScheduler>:
100074a4:	e92d 43f8 	stmdb	sp!, {r3, r4, r5, r6, r7, r8, r9, lr}
100074a8:	f44f 7000 	mov.w	r0, #512	@ 0x200
100074ac:	f000 fd94 	bl	10007fd8 <pvPortMalloc>
100074b0:	b388      	cbz	r0, 10007516 <vTaskStartScheduler+0x72>
100074b2:	4606      	mov	r6, r0
100074b4:	2070      	movs	r0, #112	@ 0x70
100074b6:	f000 fd8f 	bl	10007fd8 <pvPortMalloc>
100074ba:	4604      	mov	r4, r0
100074bc:	b378      	cbz	r0, 1000751e <vTaskStartScheduler+0x7a>
100074be:	2700      	movs	r7, #0
100074c0:	f8df 9098 	ldr.w	r9, [pc, #152]	@ 1000755c <vTaskStartScheduler+0xb8>
100074c4:	4639      	mov	r1, r7
100074c6:	2270      	movs	r2, #112	@ 0x70
100074c8:	f001 fa7a 	bl	100089c0 <memset>
100074cc:	f506 75fe 	add.w	r5, r6, #508	@ 0x1fc
100074d0:	e9c4 690c 	strd	r6, r9, [r4, #48]	@ 0x30
100074d4:	2606      	movs	r6, #6
100074d6:	1d20      	adds	r0, r4, #4
100074d8:	f000 ff5c 	bl	10008394 <vListInitialiseItem>
100074dc:	f025 0507 	bic.w	r5, r5, #7
100074e0:	f104 0018 	add.w	r0, r4, #24
100074e4:	f000 ff56 	bl	10008394 <vListInitialiseItem>
100074e8:	463b      	mov	r3, r7
100074ea:	4a17      	ldr	r2, [pc, #92]	@ (10007548 <vTaskStartScheduler+0xa4>)
100074ec:	6b21      	ldr	r1, [r4, #48]	@ 0x30
100074ee:	4628      	mov	r0, r5
100074f0:	6124      	str	r4, [r4, #16]
100074f2:	61a6      	str	r6, [r4, #24]
100074f4:	6264      	str	r4, [r4, #36]	@ 0x24
100074f6:	f000 fdf9 	bl	100080ec <pxPortInitialiseStack>
100074fa:	4603      	mov	r3, r0
100074fc:	f8df 8060 	ldr.w	r8, [pc, #96]	@ 10007560 <vTaskStartScheduler+0xbc>
10007500:	6023      	str	r3, [r4, #0]
10007502:	4620      	mov	r0, r4
10007504:	2701      	movs	r7, #1
10007506:	f8c8 4000 	str.w	r4, [r8]
1000750a:	f7ff fd83 	bl	10007014 <prvAddNewTaskToReadyList>
1000750e:	f000 fd21 	bl	10007f54 <xTimerCreateTimerTask>
10007512:	42b8      	cmp	r0, r7
10007514:	d00a      	beq.n	1000752c <vTaskStartScheduler+0x88>
10007516:	4b0d      	ldr	r3, [pc, #52]	@ (1000754c <vTaskStartScheduler+0xa8>)
10007518:	681b      	ldr	r3, [r3, #0]
1000751a:	e8bd 83f8 	ldmia.w	sp!, {r3, r4, r5, r6, r7, r8, r9, pc}
1000751e:	4630      	mov	r0, r6
10007520:	f000 fd66 	bl	10007ff0 <vPortFree>
10007524:	4b09      	ldr	r3, [pc, #36]	@ (1000754c <vTaskStartScheduler+0xa8>)
10007526:	681b      	ldr	r3, [r3, #0]
10007528:	e8bd 83f8 	ldmia.w	sp!, {r3, r4, r5, r6, r7, r8, r9, pc}
1000752c:	f000 feb8 	bl	100082a0 <ulSetInterruptMask>
10007530:	f04f 34ff 	mov.w	r4, #4294967295
10007534:	2200      	movs	r2, #0
10007536:	4906      	ldr	r1, [pc, #24]	@ (10007550 <vTaskStartScheduler+0xac>)
10007538:	4b06      	ldr	r3, [pc, #24]	@ (10007554 <vTaskStartScheduler+0xb0>)
1000753a:	4807      	ldr	r0, [pc, #28]	@ (10007558 <vTaskStartScheduler+0xb4>)
1000753c:	6004      	str	r4, [r0, #0]
1000753e:	600f      	str	r7, [r1, #0]
10007540:	601a      	str	r2, [r3, #0]
10007542:	f000 fe0f 	bl	10008164 <xPortStartScheduler>
10007546:	e7e6      	b.n	10007516 <vTaskStartScheduler+0x72>
10007548:	1000712d 	.word	0x1000712d
1000754c:	100093a4 	.word	0x100093a4
10007550:	20002a24 	.word	0x20002a24
10007554:	20002a50 	.word	0x20002a50
10007558:	20002a04 	.word	0x20002a04
1000755c:	454c4449 	.word	0x454c4449
10007560:	200029fc 	.word	0x200029fc

10007564 <vTaskSuspendAll>:
10007564:	4a02      	ldr	r2, [pc, #8]	@ (10007570 <vTaskSuspendAll+0xc>)
10007566:	6813      	ldr	r3, [r2, #0]
10007568:	3301      	adds	r3, #1
1000756a:	6013      	str	r3, [r2, #0]
1000756c:	4770      	bx	lr
1000756e:	bf00      	nop
10007570:	2000299c 	.word	0x2000299c

10007574 <xTaskResumeAll>:
10007574:	e92d 4ff0 	stmdb	sp!, {r4, r5, r6, r7, r8, r9, sl, fp, lr}
10007578:	f8df 816c 	ldr.w	r8, [pc, #364]	@ 100076e8 <xTaskResumeAll+0x174>
1000757c:	b083      	sub	sp, #12
1000757e:	f000 fd85 	bl	1000808c <vPortEnterCritical>
10007582:	f8d8 3000 	ldr.w	r3, [r8]
10007586:	3b01      	subs	r3, #1
10007588:	f8c8 3000 	str.w	r3, [r8]
1000758c:	f8d8 e000 	ldr.w	lr, [r8]
10007590:	f1be 0f00 	cmp.w	lr, #0
10007594:	f040 8081 	bne.w	1000769a <xTaskResumeAll+0x126>
10007598:	4b4c      	ldr	r3, [pc, #304]	@ (100076cc <xTaskResumeAll+0x158>)
1000759a:	681b      	ldr	r3, [r3, #0]
1000759c:	2b00      	cmp	r3, #0
1000759e:	d07c      	beq.n	1000769a <xTaskResumeAll+0x126>
100075a0:	f8df c148 	ldr.w	ip, [pc, #328]	@ 100076ec <xTaskResumeAll+0x178>
100075a4:	f8dc 3000 	ldr.w	r3, [ip]
100075a8:	2b00      	cmp	r3, #0
100075aa:	f000 808b 	beq.w	100076c4 <xTaskResumeAll+0x150>
100075ae:	4b48      	ldr	r3, [pc, #288]	@ (100076d0 <xTaskResumeAll+0x15c>)
100075b0:	f8df 913c 	ldr.w	r9, [pc, #316]	@ 100076f0 <xTaskResumeAll+0x17c>
100075b4:	4e47      	ldr	r6, [pc, #284]	@ (100076d4 <xTaskResumeAll+0x160>)
100075b6:	9301      	str	r3, [sp, #4]
100075b8:	f8dc 300c 	ldr.w	r3, [ip, #12]
100075bc:	68db      	ldr	r3, [r3, #12]
100075be:	6a9a      	ldr	r2, [r3, #40]	@ 0x28
100075c0:	e9d3 0107 	ldrd	r0, r1, [r3, #28]
100075c4:	6854      	ldr	r4, [r2, #4]
100075c6:	6081      	str	r1, [r0, #8]
100075c8:	6048      	str	r0, [r1, #4]
100075ca:	f103 0018 	add.w	r0, r3, #24
100075ce:	4284      	cmp	r4, r0
100075d0:	bf08      	it	eq
100075d2:	6051      	streq	r1, [r2, #4]
100075d4:	6811      	ldr	r1, [r2, #0]
100075d6:	f8c3 e028 	str.w	lr, [r3, #40]	@ 0x28
100075da:	3901      	subs	r1, #1
100075dc:	6011      	str	r1, [r2, #0]
100075de:	695a      	ldr	r2, [r3, #20]
100075e0:	e9d3 4102 	ldrd	r4, r1, [r3, #8]
100075e4:	60a1      	str	r1, [r4, #8]
100075e6:	604c      	str	r4, [r1, #4]
100075e8:	6854      	ldr	r4, [r2, #4]
100075ea:	1d1d      	adds	r5, r3, #4
100075ec:	42ac      	cmp	r4, r5
100075ee:	bf08      	it	eq
100075f0:	6051      	streq	r1, [r2, #4]
100075f2:	6811      	ldr	r1, [r2, #0]
100075f4:	f8d9 0000 	ldr.w	r0, [r9]
100075f8:	3901      	subs	r1, #1
100075fa:	6011      	str	r1, [r2, #0]
100075fc:	6ada      	ldr	r2, [r3, #44]	@ 0x2c
100075fe:	4282      	cmp	r2, r0
10007600:	4835      	ldr	r0, [pc, #212]	@ (100076d8 <xTaskResumeAll+0x164>)
10007602:	eb02 0182 	add.w	r1, r2, r2, lsl #2
10007606:	bf88      	it	hi
10007608:	f8c9 2000 	strhi.w	r2, [r9]
1000760c:	6800      	ldr	r0, [r0, #0]
1000760e:	eb06 0781 	add.w	r7, r6, r1, lsl #2
10007612:	687c      	ldr	r4, [r7, #4]
10007614:	f8d0 a02c 	ldr.w	sl, [r0, #44]	@ 0x2c
10007618:	f856 0021 	ldr.w	r0, [r6, r1, lsl #2]
1000761c:	f8d4 b008 	ldr.w	fp, [r4, #8]
10007620:	3001      	adds	r0, #1
10007622:	4552      	cmp	r2, sl
10007624:	609c      	str	r4, [r3, #8]
10007626:	f8c3 b00c 	str.w	fp, [r3, #12]
1000762a:	f8cb 5004 	str.w	r5, [fp, #4]
1000762e:	60a5      	str	r5, [r4, #8]
10007630:	615f      	str	r7, [r3, #20]
10007632:	f846 0021 	str.w	r0, [r6, r1, lsl #2]
10007636:	d937      	bls.n	100076a8 <xTaskResumeAll+0x134>
10007638:	2201      	movs	r2, #1
1000763a:	9b01      	ldr	r3, [sp, #4]
1000763c:	601a      	str	r2, [r3, #0]
1000763e:	f8dc 3000 	ldr.w	r3, [ip]
10007642:	2b00      	cmp	r3, #0
10007644:	d1b8      	bne.n	100075b8 <xTaskResumeAll+0x44>
10007646:	4b25      	ldr	r3, [pc, #148]	@ (100076dc <xTaskResumeAll+0x168>)
10007648:	681a      	ldr	r2, [r3, #0]
1000764a:	6812      	ldr	r2, [r2, #0]
1000764c:	2a00      	cmp	r2, #0
1000764e:	d034      	beq.n	100076ba <xTaskResumeAll+0x146>
10007650:	681a      	ldr	r2, [r3, #0]
10007652:	4b23      	ldr	r3, [pc, #140]	@ (100076e0 <xTaskResumeAll+0x16c>)
10007654:	68d2      	ldr	r2, [r2, #12]
10007656:	6812      	ldr	r2, [r2, #0]
10007658:	601a      	str	r2, [r3, #0]
1000765a:	4d22      	ldr	r5, [pc, #136]	@ (100076e4 <xTaskResumeAll+0x170>)
1000765c:	682c      	ldr	r4, [r5, #0]
1000765e:	b19c      	cbz	r4, 10007688 <xTaskResumeAll+0x114>
10007660:	2601      	movs	r6, #1
10007662:	9f01      	ldr	r7, [sp, #4]
10007664:	e005      	b.n	10007672 <xTaskResumeAll+0xfe>
10007666:	f7ff fd8f 	bl	10007188 <xTaskIncrementTick.part.0>
1000766a:	b100      	cbz	r0, 1000766e <xTaskResumeAll+0xfa>
1000766c:	603e      	str	r6, [r7, #0]
1000766e:	3c01      	subs	r4, #1
10007670:	d009      	beq.n	10007686 <xTaskResumeAll+0x112>
10007672:	f8d8 3000 	ldr.w	r3, [r8]
10007676:	2b00      	cmp	r3, #0
10007678:	d0f5      	beq.n	10007666 <xTaskResumeAll+0xf2>
1000767a:	682b      	ldr	r3, [r5, #0]
1000767c:	3c01      	subs	r4, #1
1000767e:	f103 0301 	add.w	r3, r3, #1
10007682:	602b      	str	r3, [r5, #0]
10007684:	d1f5      	bne.n	10007672 <xTaskResumeAll+0xfe>
10007686:	602c      	str	r4, [r5, #0]
10007688:	9b01      	ldr	r3, [sp, #4]
1000768a:	681b      	ldr	r3, [r3, #0]
1000768c:	b12b      	cbz	r3, 1000769a <xTaskResumeAll+0x126>
1000768e:	4b12      	ldr	r3, [pc, #72]	@ (100076d8 <xTaskResumeAll+0x164>)
10007690:	2401      	movs	r4, #1
10007692:	681b      	ldr	r3, [r3, #0]
10007694:	f000 fcee 	bl	10008074 <vPortYield>
10007698:	e000      	b.n	1000769c <xTaskResumeAll+0x128>
1000769a:	2400      	movs	r4, #0
1000769c:	f000 fd04 	bl	100080a8 <vPortExitCritical>
100076a0:	4620      	mov	r0, r4
100076a2:	b003      	add	sp, #12
100076a4:	e8bd 8ff0 	ldmia.w	sp!, {r4, r5, r6, r7, r8, r9, sl, fp, pc}
100076a8:	f8dc 3000 	ldr.w	r3, [ip]
100076ac:	2b00      	cmp	r3, #0
100076ae:	d183      	bne.n	100075b8 <xTaskResumeAll+0x44>
100076b0:	4b0a      	ldr	r3, [pc, #40]	@ (100076dc <xTaskResumeAll+0x168>)
100076b2:	681a      	ldr	r2, [r3, #0]
100076b4:	6812      	ldr	r2, [r2, #0]
100076b6:	2a00      	cmp	r2, #0
100076b8:	d1ca      	bne.n	10007650 <xTaskResumeAll+0xdc>
100076ba:	f04f 32ff 	mov.w	r2, #4294967295
100076be:	4b08      	ldr	r3, [pc, #32]	@ (100076e0 <xTaskResumeAll+0x16c>)
100076c0:	601a      	str	r2, [r3, #0]
100076c2:	e7ca      	b.n	1000765a <xTaskResumeAll+0xe6>
100076c4:	4b02      	ldr	r3, [pc, #8]	@ (100076d0 <xTaskResumeAll+0x15c>)
100076c6:	9301      	str	r3, [sp, #4]
100076c8:	e7c7      	b.n	1000765a <xTaskResumeAll+0xe6>
100076ca:	bf00      	nop
100076cc:	20002994 	.word	0x20002994
100076d0:	20002a5c 	.word	0x20002a5c
100076d4:	200028ec 	.word	0x200028ec
100076d8:	200028d8 	.word	0x200028d8
100076dc:	200028e0 	.word	0x200028e0
100076e0:	20002a04 	.word	0x20002a04
100076e4:	20002a0c 	.word	0x20002a0c
100076e8:	2000299c 	.word	0x2000299c
100076ec:	20002a10 	.word	0x20002a10
100076f0:	200029a4 	.word	0x200029a4

100076f4 <xTaskGetTickCount>:
100076f4:	4b01      	ldr	r3, [pc, #4]	@ (100076fc <xTaskGetTickCount+0x8>)
100076f6:	6818      	ldr	r0, [r3, #0]
100076f8:	4770      	bx	lr
100076fa:	bf00      	nop
100076fc:	20002a50 	.word	0x20002a50

10007700 <xTaskIncrementTick>:
10007700:	4b05      	ldr	r3, [pc, #20]	@ (10007718 <xTaskIncrementTick+0x18>)
10007702:	681b      	ldr	r3, [r3, #0]
10007704:	b90b      	cbnz	r3, 1000770a <xTaskIncrementTick+0xa>
10007706:	f7ff bd3f 	b.w	10007188 <xTaskIncrementTick.part.0>
1000770a:	4a04      	ldr	r2, [pc, #16]	@ (1000771c <xTaskIncrementTick+0x1c>)
1000770c:	2000      	movs	r0, #0
1000770e:	6813      	ldr	r3, [r2, #0]
10007710:	3301      	adds	r3, #1
10007712:	6013      	str	r3, [r2, #0]
10007714:	4770      	bx	lr
10007716:	bf00      	nop
10007718:	2000299c 	.word	0x2000299c
1000771c:	20002a0c 	.word	0x20002a0c

10007720 <vTaskSwitchContext>:
10007720:	4b23      	ldr	r3, [pc, #140]	@ (100077b0 <vTaskSwitchContext+0x90>)
10007722:	681b      	ldr	r3, [r3, #0]
10007724:	b11b      	cbz	r3, 1000772e <vTaskSwitchContext+0xe>
10007726:	2201      	movs	r2, #1
10007728:	4b22      	ldr	r3, [pc, #136]	@ (100077b4 <vTaskSwitchContext+0x94>)
1000772a:	601a      	str	r2, [r3, #0]
1000772c:	4770      	bx	lr
1000772e:	4a21      	ldr	r2, [pc, #132]	@ (100077b4 <vTaskSwitchContext+0x94>)
10007730:	b430      	push	{r4, r5}
10007732:	4c21      	ldr	r4, [pc, #132]	@ (100077b8 <vTaskSwitchContext+0x98>)
10007734:	6013      	str	r3, [r2, #0]
10007736:	6820      	ldr	r0, [r4, #0]
10007738:	4a20      	ldr	r2, [pc, #128]	@ (100077bc <vTaskSwitchContext+0x9c>)
1000773a:	eb00 0380 	add.w	r3, r0, r0, lsl #2
1000773e:	f852 3023 	ldr.w	r3, [r2, r3, lsl #2]
10007742:	0081      	lsls	r1, r0, #2
10007744:	bb8b      	cbnz	r3, 100077aa <vTaskSwitchContext+0x8a>
10007746:	1e43      	subs	r3, r0, #1
10007748:	eb03 0583 	add.w	r5, r3, r3, lsl #2
1000774c:	f852 5025 	ldr.w	r5, [r2, r5, lsl #2]
10007750:	0099      	lsls	r1, r3, #2
10007752:	b9b5      	cbnz	r5, 10007782 <vTaskSwitchContext+0x62>
10007754:	1e83      	subs	r3, r0, #2
10007756:	eb03 0583 	add.w	r5, r3, r3, lsl #2
1000775a:	f852 5025 	ldr.w	r5, [r2, r5, lsl #2]
1000775e:	0099      	lsls	r1, r3, #2
10007760:	b97d      	cbnz	r5, 10007782 <vTaskSwitchContext+0x62>
10007762:	1ec3      	subs	r3, r0, #3
10007764:	eb03 0583 	add.w	r5, r3, r3, lsl #2
10007768:	f852 5025 	ldr.w	r5, [r2, r5, lsl #2]
1000776c:	0099      	lsls	r1, r3, #2
1000776e:	b945      	cbnz	r5, 10007782 <vTaskSwitchContext+0x62>
10007770:	1f03      	subs	r3, r0, #4
10007772:	eb03 0583 	add.w	r5, r3, r3, lsl #2
10007776:	f852 5025 	ldr.w	r5, [r2, r5, lsl #2]
1000777a:	0099      	lsls	r1, r3, #2
1000777c:	b90d      	cbnz	r5, 10007782 <vTaskSwitchContext+0x62>
1000777e:	1f43      	subs	r3, r0, #5
10007780:	0099      	lsls	r1, r3, #2
10007782:	4419      	add	r1, r3
10007784:	eb02 0081 	add.w	r0, r2, r1, lsl #2
10007788:	4602      	mov	r2, r0
1000778a:	6841      	ldr	r1, [r0, #4]
1000778c:	3208      	adds	r2, #8
1000778e:	6849      	ldr	r1, [r1, #4]
10007790:	4291      	cmp	r1, r2
10007792:	6041      	str	r1, [r0, #4]
10007794:	bf08      	it	eq
10007796:	68c1      	ldreq	r1, [r0, #12]
10007798:	4a09      	ldr	r2, [pc, #36]	@ (100077c0 <vTaskSwitchContext+0xa0>)
1000779a:	bf08      	it	eq
1000779c:	6041      	streq	r1, [r0, #4]
1000779e:	68c9      	ldr	r1, [r1, #12]
100077a0:	6011      	str	r1, [r2, #0]
100077a2:	6023      	str	r3, [r4, #0]
100077a4:	6813      	ldr	r3, [r2, #0]
100077a6:	bc30      	pop	{r4, r5}
100077a8:	4770      	bx	lr
100077aa:	4603      	mov	r3, r0
100077ac:	e7e9      	b.n	10007782 <vTaskSwitchContext+0x62>
100077ae:	bf00      	nop
100077b0:	2000299c 	.word	0x2000299c
100077b4:	20002a5c 	.word	0x20002a5c
100077b8:	200029a4 	.word	0x200029a4
100077bc:	200028ec 	.word	0x200028ec
100077c0:	200028d8 	.word	0x200028d8

100077c4 <vTaskPlaceOnEventList>:
100077c4:	e92d 41f0 	stmdb	sp!, {r4, r5, r6, r7, r8, lr}
100077c8:	460c      	mov	r4, r1
100077ca:	4d1e      	ldr	r5, [pc, #120]	@ (10007844 <vTaskPlaceOnEventList+0x80>)
100077cc:	6829      	ldr	r1, [r5, #0]
100077ce:	3118      	adds	r1, #24
100077d0:	f000 fdf2 	bl	100083b8 <vListInsert>
100077d4:	4b1c      	ldr	r3, [pc, #112]	@ (10007848 <vTaskPlaceOnEventList+0x84>)
100077d6:	491d      	ldr	r1, [pc, #116]	@ (1000784c <vTaskPlaceOnEventList+0x88>)
100077d8:	4a1d      	ldr	r2, [pc, #116]	@ (10007850 <vTaskPlaceOnEventList+0x8c>)
100077da:	680e      	ldr	r6, [r1, #0]
100077dc:	6817      	ldr	r7, [r2, #0]
100077de:	f8d3 8000 	ldr.w	r8, [r3]
100077e2:	6828      	ldr	r0, [r5, #0]
100077e4:	3004      	adds	r0, #4
100077e6:	f000 fdff 	bl	100083e8 <uxListRemove>
100077ea:	1c63      	adds	r3, r4, #1
100077ec:	d015      	beq.n	1000781a <vTaskPlaceOnEventList+0x56>
100077ee:	682b      	ldr	r3, [r5, #0]
100077f0:	19a4      	adds	r4, r4, r6
100077f2:	6829      	ldr	r1, [r5, #0]
100077f4:	605c      	str	r4, [r3, #4]
100077f6:	d20a      	bcs.n	1000780e <vTaskPlaceOnEventList+0x4a>
100077f8:	4638      	mov	r0, r7
100077fa:	3104      	adds	r1, #4
100077fc:	f000 fddc 	bl	100083b8 <vListInsert>
10007800:	4b14      	ldr	r3, [pc, #80]	@ (10007854 <vTaskPlaceOnEventList+0x90>)
10007802:	681a      	ldr	r2, [r3, #0]
10007804:	4294      	cmp	r4, r2
10007806:	bf38      	it	cc
10007808:	601c      	strcc	r4, [r3, #0]
1000780a:	e8bd 81f0 	ldmia.w	sp!, {r4, r5, r6, r7, r8, pc}
1000780e:	4640      	mov	r0, r8
10007810:	e8bd 41f0 	ldmia.w	sp!, {r4, r5, r6, r7, r8, lr}
10007814:	3104      	adds	r1, #4
10007816:	f000 bdcf 	b.w	100083b8 <vListInsert>
1000781a:	4b0f      	ldr	r3, [pc, #60]	@ (10007858 <vTaskPlaceOnEventList+0x94>)
1000781c:	6829      	ldr	r1, [r5, #0]
1000781e:	685a      	ldr	r2, [r3, #4]
10007820:	681c      	ldr	r4, [r3, #0]
10007822:	608a      	str	r2, [r1, #8]
10007824:	682e      	ldr	r6, [r5, #0]
10007826:	3401      	adds	r4, #1
10007828:	6828      	ldr	r0, [r5, #0]
1000782a:	6829      	ldr	r1, [r5, #0]
1000782c:	601c      	str	r4, [r3, #0]
1000782e:	682d      	ldr	r5, [r5, #0]
10007830:	6894      	ldr	r4, [r2, #8]
10007832:	3004      	adds	r0, #4
10007834:	3104      	adds	r1, #4
10007836:	60f4      	str	r4, [r6, #12]
10007838:	6060      	str	r0, [r4, #4]
1000783a:	6091      	str	r1, [r2, #8]
1000783c:	616b      	str	r3, [r5, #20]
1000783e:	e8bd 81f0 	ldmia.w	sp!, {r4, r5, r6, r7, r8, pc}
10007842:	bf00      	nop
10007844:	200028d8 	.word	0x200028d8
10007848:	200028e4 	.word	0x200028e4
1000784c:	20002a50 	.word	0x20002a50
10007850:	200028e0 	.word	0x200028e0
10007854:	20002a04 	.word	0x20002a04
10007858:	20002a28 	.word	0x20002a28

1000785c <vTaskPlaceOnEventListRestricted>:
1000785c:	4694      	mov	ip, r2
1000785e:	e92d 41f0 	stmdb	sp!, {r4, r5, r6, r7, r8, lr}
10007862:	4c2b      	ldr	r4, [pc, #172]	@ (10007910 <vTaskPlaceOnEventListRestricted+0xb4>)
10007864:	460d      	mov	r5, r1
10007866:	6823      	ldr	r3, [r4, #0]
10007868:	6841      	ldr	r1, [r0, #4]
1000786a:	f8d4 8000 	ldr.w	r8, [r4]
1000786e:	61d9      	str	r1, [r3, #28]
10007870:	6827      	ldr	r7, [r4, #0]
10007872:	6803      	ldr	r3, [r0, #0]
10007874:	6826      	ldr	r6, [r4, #0]
10007876:	688a      	ldr	r2, [r1, #8]
10007878:	f8d4 e000 	ldr.w	lr, [r4]
1000787c:	3301      	adds	r3, #1
1000787e:	3718      	adds	r7, #24
10007880:	3618      	adds	r6, #24
10007882:	f8c8 2020 	str.w	r2, [r8, #32]
10007886:	6057      	str	r7, [r2, #4]
10007888:	608e      	str	r6, [r1, #8]
1000788a:	4a22      	ldr	r2, [pc, #136]	@ (10007914 <vTaskPlaceOnEventListRestricted+0xb8>)
1000788c:	f8ce 0028 	str.w	r0, [lr, #40]	@ 0x28
10007890:	4921      	ldr	r1, [pc, #132]	@ (10007918 <vTaskPlaceOnEventListRestricted+0xbc>)
10007892:	6003      	str	r3, [r0, #0]
10007894:	4b21      	ldr	r3, [pc, #132]	@ (1000791c <vTaskPlaceOnEventListRestricted+0xc0>)
10007896:	f1bc 0f00 	cmp.w	ip, #0
1000789a:	d01a      	beq.n	100078d2 <vTaskPlaceOnEventListRestricted+0x76>
1000789c:	6809      	ldr	r1, [r1, #0]
1000789e:	6812      	ldr	r2, [r2, #0]
100078a0:	681b      	ldr	r3, [r3, #0]
100078a2:	6820      	ldr	r0, [r4, #0]
100078a4:	3004      	adds	r0, #4
100078a6:	f000 fd9f 	bl	100083e8 <uxListRemove>
100078aa:	4b1d      	ldr	r3, [pc, #116]	@ (10007920 <vTaskPlaceOnEventListRestricted+0xc4>)
100078ac:	6819      	ldr	r1, [r3, #0]
100078ae:	685a      	ldr	r2, [r3, #4]
100078b0:	3101      	adds	r1, #1
100078b2:	6019      	str	r1, [r3, #0]
100078b4:	6821      	ldr	r1, [r4, #0]
100078b6:	6890      	ldr	r0, [r2, #8]
100078b8:	608a      	str	r2, [r1, #8]
100078ba:	6821      	ldr	r1, [r4, #0]
100078bc:	60c8      	str	r0, [r1, #12]
100078be:	6821      	ldr	r1, [r4, #0]
100078c0:	3104      	adds	r1, #4
100078c2:	6041      	str	r1, [r0, #4]
100078c4:	6821      	ldr	r1, [r4, #0]
100078c6:	6820      	ldr	r0, [r4, #0]
100078c8:	3104      	adds	r1, #4
100078ca:	6091      	str	r1, [r2, #8]
100078cc:	6143      	str	r3, [r0, #20]
100078ce:	e8bd 81f0 	ldmia.w	sp!, {r4, r5, r6, r7, r8, pc}
100078d2:	680e      	ldr	r6, [r1, #0]
100078d4:	6817      	ldr	r7, [r2, #0]
100078d6:	f8d3 8000 	ldr.w	r8, [r3]
100078da:	6820      	ldr	r0, [r4, #0]
100078dc:	3004      	adds	r0, #4
100078de:	f000 fd83 	bl	100083e8 <uxListRemove>
100078e2:	6823      	ldr	r3, [r4, #0]
100078e4:	19ad      	adds	r5, r5, r6
100078e6:	6821      	ldr	r1, [r4, #0]
100078e8:	605d      	str	r5, [r3, #4]
100078ea:	d305      	bcc.n	100078f8 <vTaskPlaceOnEventListRestricted+0x9c>
100078ec:	4640      	mov	r0, r8
100078ee:	e8bd 41f0 	ldmia.w	sp!, {r4, r5, r6, r7, r8, lr}
100078f2:	3104      	adds	r1, #4
100078f4:	f000 bd60 	b.w	100083b8 <vListInsert>
100078f8:	4638      	mov	r0, r7
100078fa:	3104      	adds	r1, #4
100078fc:	f000 fd5c 	bl	100083b8 <vListInsert>
10007900:	4b08      	ldr	r3, [pc, #32]	@ (10007924 <vTaskPlaceOnEventListRestricted+0xc8>)
10007902:	681a      	ldr	r2, [r3, #0]
10007904:	4295      	cmp	r5, r2
10007906:	bf38      	it	cc
10007908:	601d      	strcc	r5, [r3, #0]
1000790a:	e8bd 81f0 	ldmia.w	sp!, {r4, r5, r6, r7, r8, pc}
1000790e:	bf00      	nop
10007910:	200028d8 	.word	0x200028d8
10007914:	200028e0 	.word	0x200028e0
10007918:	20002a50 	.word	0x20002a50
1000791c:	200028e4 	.word	0x200028e4
10007920:	20002a28 	.word	0x20002a28
10007924:	20002a04 	.word	0x20002a04

10007928 <xTaskRemoveFromEventList>:
10007928:	b4f0      	push	{r4, r5, r6, r7}
1000792a:	2600      	movs	r6, #0
1000792c:	68c3      	ldr	r3, [r0, #12]
1000792e:	68db      	ldr	r3, [r3, #12]
10007930:	6a9a      	ldr	r2, [r3, #40]	@ 0x28
10007932:	e9d3 0107 	ldrd	r0, r1, [r3, #28]
10007936:	6081      	str	r1, [r0, #8]
10007938:	6048      	str	r0, [r1, #4]
1000793a:	6850      	ldr	r0, [r2, #4]
1000793c:	f103 0418 	add.w	r4, r3, #24
10007940:	42a0      	cmp	r0, r4
10007942:	4827      	ldr	r0, [pc, #156]	@ (100079e0 <xTaskRemoveFromEventList+0xb8>)
10007944:	bf08      	it	eq
10007946:	6051      	streq	r1, [r2, #4]
10007948:	6811      	ldr	r1, [r2, #0]
1000794a:	6805      	ldr	r5, [r0, #0]
1000794c:	3901      	subs	r1, #1
1000794e:	6ad8      	ldr	r0, [r3, #44]	@ 0x2c
10007950:	629e      	str	r6, [r3, #40]	@ 0x28
10007952:	6011      	str	r1, [r2, #0]
10007954:	2d00      	cmp	r5, #0
10007956:	d12f      	bne.n	100079b8 <xTaskRemoveFromEventList+0x90>
10007958:	e9d3 4102 	ldrd	r4, r1, [r3, #8]
1000795c:	695a      	ldr	r2, [r3, #20]
1000795e:	60a1      	str	r1, [r4, #8]
10007960:	604c      	str	r4, [r1, #4]
10007962:	6854      	ldr	r4, [r2, #4]
10007964:	1d1e      	adds	r6, r3, #4
10007966:	42b4      	cmp	r4, r6
10007968:	bf08      	it	eq
1000796a:	6051      	streq	r1, [r2, #4]
1000796c:	6811      	ldr	r1, [r2, #0]
1000796e:	3901      	subs	r1, #1
10007970:	6011      	str	r1, [r2, #0]
10007972:	4a1c      	ldr	r2, [pc, #112]	@ (100079e4 <xTaskRemoveFromEventList+0xbc>)
10007974:	6811      	ldr	r1, [r2, #0]
10007976:	4281      	cmp	r1, r0
10007978:	491b      	ldr	r1, [pc, #108]	@ (100079e8 <xTaskRemoveFromEventList+0xc0>)
1000797a:	bf38      	it	cc
1000797c:	6010      	strcc	r0, [r2, #0]
1000797e:	eb00 0280 	add.w	r2, r0, r0, lsl #2
10007982:	eb01 0782 	add.w	r7, r1, r2, lsl #2
10007986:	687d      	ldr	r5, [r7, #4]
10007988:	0092      	lsls	r2, r2, #2
1000798a:	f8d5 c008 	ldr.w	ip, [r5, #8]
1000798e:	588c      	ldr	r4, [r1, r2]
10007990:	609d      	str	r5, [r3, #8]
10007992:	f8c3 c00c 	str.w	ip, [r3, #12]
10007996:	f8cc 6004 	str.w	r6, [ip, #4]
1000799a:	60ae      	str	r6, [r5, #8]
1000799c:	615f      	str	r7, [r3, #20]
1000799e:	4b13      	ldr	r3, [pc, #76]	@ (100079ec <xTaskRemoveFromEventList+0xc4>)
100079a0:	3401      	adds	r4, #1
100079a2:	681b      	ldr	r3, [r3, #0]
100079a4:	508c      	str	r4, [r1, r2]
100079a6:	6adb      	ldr	r3, [r3, #44]	@ 0x2c
100079a8:	4283      	cmp	r3, r0
100079aa:	d215      	bcs.n	100079d8 <xTaskRemoveFromEventList+0xb0>
100079ac:	bcf0      	pop	{r4, r5, r6, r7}
100079ae:	2301      	movs	r3, #1
100079b0:	4a0f      	ldr	r2, [pc, #60]	@ (100079f0 <xTaskRemoveFromEventList+0xc8>)
100079b2:	4618      	mov	r0, r3
100079b4:	6013      	str	r3, [r2, #0]
100079b6:	4770      	bx	lr
100079b8:	4a0e      	ldr	r2, [pc, #56]	@ (100079f4 <xTaskRemoveFromEventList+0xcc>)
100079ba:	6815      	ldr	r5, [r2, #0]
100079bc:	6851      	ldr	r1, [r2, #4]
100079be:	3501      	adds	r5, #1
100079c0:	6015      	str	r5, [r2, #0]
100079c2:	688d      	ldr	r5, [r1, #8]
100079c4:	61d9      	str	r1, [r3, #28]
100079c6:	621d      	str	r5, [r3, #32]
100079c8:	606c      	str	r4, [r5, #4]
100079ca:	608c      	str	r4, [r1, #8]
100079cc:	629a      	str	r2, [r3, #40]	@ 0x28
100079ce:	4b07      	ldr	r3, [pc, #28]	@ (100079ec <xTaskRemoveFromEventList+0xc4>)
100079d0:	681b      	ldr	r3, [r3, #0]
100079d2:	6adb      	ldr	r3, [r3, #44]	@ 0x2c
100079d4:	4283      	cmp	r3, r0
100079d6:	d3e9      	bcc.n	100079ac <xTaskRemoveFromEventList+0x84>
100079d8:	bcf0      	pop	{r4, r5, r6, r7}
100079da:	2000      	movs	r0, #0
100079dc:	4770      	bx	lr
100079de:	bf00      	nop
100079e0:	2000299c 	.word	0x2000299c
100079e4:	200029a4 	.word	0x200029a4
100079e8:	200028ec 	.word	0x200028ec
100079ec:	200028d8 	.word	0x200028d8
100079f0:	20002a5c 	.word	0x20002a5c
100079f4:	20002a10 	.word	0x20002a10

100079f8 <vTaskInternalSetTimeOutState>:
100079f8:	4a03      	ldr	r2, [pc, #12]	@ (10007a08 <vTaskInternalSetTimeOutState+0x10>)
100079fa:	4b04      	ldr	r3, [pc, #16]	@ (10007a0c <vTaskInternalSetTimeOutState+0x14>)
100079fc:	6812      	ldr	r2, [r2, #0]
100079fe:	681b      	ldr	r3, [r3, #0]
10007a00:	e9c0 2300 	strd	r2, r3, [r0]
10007a04:	4770      	bx	lr
10007a06:	bf00      	nop
10007a08:	20002a08 	.word	0x20002a08
10007a0c:	20002a50 	.word	0x20002a50

10007a10 <xTaskCheckForTimeOut>:
10007a10:	b5f8      	push	{r3, r4, r5, r6, r7, lr}
10007a12:	460d      	mov	r5, r1
10007a14:	4604      	mov	r4, r0
10007a16:	f000 fb39 	bl	1000808c <vPortEnterCritical>
10007a1a:	682b      	ldr	r3, [r5, #0]
10007a1c:	4a12      	ldr	r2, [pc, #72]	@ (10007a68 <xTaskCheckForTimeOut+0x58>)
10007a1e:	1c58      	adds	r0, r3, #1
10007a20:	6811      	ldr	r1, [r2, #0]
10007a22:	d01b      	beq.n	10007a5c <xTaskCheckForTimeOut+0x4c>
10007a24:	e9d4 6000 	ldrd	r6, r0, [r4]
10007a28:	f8df c040 	ldr.w	ip, [pc, #64]	@ 10007a6c <xTaskCheckForTimeOut+0x5c>
10007a2c:	f8dc 7000 	ldr.w	r7, [ip]
10007a30:	42be      	cmp	r6, r7
10007a32:	d008      	beq.n	10007a46 <xTaskCheckForTimeOut+0x36>
10007a34:	4288      	cmp	r0, r1
10007a36:	d806      	bhi.n	10007a46 <xTaskCheckForTimeOut+0x36>
10007a38:	2300      	movs	r3, #0
10007a3a:	2401      	movs	r4, #1
10007a3c:	602b      	str	r3, [r5, #0]
10007a3e:	f000 fb33 	bl	100080a8 <vPortExitCritical>
10007a42:	4620      	mov	r0, r4
10007a44:	bdf8      	pop	{r3, r4, r5, r6, r7, pc}
10007a46:	1a0f      	subs	r7, r1, r0
10007a48:	42bb      	cmp	r3, r7
10007a4a:	d9f5      	bls.n	10007a38 <xTaskCheckForTimeOut+0x28>
10007a4c:	1a5b      	subs	r3, r3, r1
10007a4e:	f8dc 1000 	ldr.w	r1, [ip]
10007a52:	6812      	ldr	r2, [r2, #0]
10007a54:	4403      	add	r3, r0
10007a56:	602b      	str	r3, [r5, #0]
10007a58:	e9c4 1200 	strd	r1, r2, [r4]
10007a5c:	2400      	movs	r4, #0
10007a5e:	f000 fb23 	bl	100080a8 <vPortExitCritical>
10007a62:	4620      	mov	r0, r4
10007a64:	bdf8      	pop	{r3, r4, r5, r6, r7, pc}
10007a66:	bf00      	nop
10007a68:	20002a50 	.word	0x20002a50
10007a6c:	20002a08 	.word	0x20002a08

10007a70 <vTaskMissedYield>:
10007a70:	2201      	movs	r2, #1
10007a72:	4b01      	ldr	r3, [pc, #4]	@ (10007a78 <vTaskMissedYield+0x8>)
10007a74:	601a      	str	r2, [r3, #0]
10007a76:	4770      	bx	lr
10007a78:	20002a5c 	.word	0x20002a5c

10007a7c <xTaskPriorityInherit>:
10007a7c:	b5f8      	push	{r3, r4, r5, r6, r7, lr}
10007a7e:	4604      	mov	r4, r0
10007a80:	b1c8      	cbz	r0, 10007ab6 <xTaskPriorityInherit+0x3a>
10007a82:	4d1f      	ldr	r5, [pc, #124]	@ (10007b00 <xTaskPriorityInherit+0x84>)
10007a84:	6ac3      	ldr	r3, [r0, #44]	@ 0x2c
10007a86:	682a      	ldr	r2, [r5, #0]
10007a88:	6ad2      	ldr	r2, [r2, #44]	@ 0x2c
10007a8a:	4293      	cmp	r3, r2
10007a8c:	d214      	bcs.n	10007ab8 <xTaskPriorityInherit+0x3c>
10007a8e:	6982      	ldr	r2, [r0, #24]
10007a90:	2a00      	cmp	r2, #0
10007a92:	db04      	blt.n	10007a9e <xTaskPriorityInherit+0x22>
10007a94:	682a      	ldr	r2, [r5, #0]
10007a96:	6ad2      	ldr	r2, [r2, #44]	@ 0x2c
10007a98:	f1c2 0206 	rsb	r2, r2, #6
10007a9c:	6182      	str	r2, [r0, #24]
10007a9e:	4e19      	ldr	r6, [pc, #100]	@ (10007b04 <xTaskPriorityInherit+0x88>)
10007aa0:	6962      	ldr	r2, [r4, #20]
10007aa2:	eb03 0383 	add.w	r3, r3, r3, lsl #2
10007aa6:	eb06 0383 	add.w	r3, r6, r3, lsl #2
10007aaa:	429a      	cmp	r2, r3
10007aac:	d00c      	beq.n	10007ac8 <xTaskPriorityInherit+0x4c>
10007aae:	682b      	ldr	r3, [r5, #0]
10007ab0:	6adb      	ldr	r3, [r3, #44]	@ 0x2c
10007ab2:	62e3      	str	r3, [r4, #44]	@ 0x2c
10007ab4:	2001      	movs	r0, #1
10007ab6:	bdf8      	pop	{r3, r4, r5, r6, r7, pc}
10007ab8:	682b      	ldr	r3, [r5, #0]
10007aba:	6c40      	ldr	r0, [r0, #68]	@ 0x44
10007abc:	6adb      	ldr	r3, [r3, #44]	@ 0x2c
10007abe:	4298      	cmp	r0, r3
10007ac0:	bf2c      	ite	cs
10007ac2:	2000      	movcs	r0, #0
10007ac4:	2001      	movcc	r0, #1
10007ac6:	bdf8      	pop	{r3, r4, r5, r6, r7, pc}
10007ac8:	1d27      	adds	r7, r4, #4
10007aca:	4638      	mov	r0, r7
10007acc:	f000 fc8c 	bl	100083e8 <uxListRemove>
10007ad0:	682b      	ldr	r3, [r5, #0]
10007ad2:	4a0d      	ldr	r2, [pc, #52]	@ (10007b08 <xTaskPriorityInherit+0x8c>)
10007ad4:	6adb      	ldr	r3, [r3, #44]	@ 0x2c
10007ad6:	6811      	ldr	r1, [r2, #0]
10007ad8:	62e3      	str	r3, [r4, #44]	@ 0x2c
10007ada:	428b      	cmp	r3, r1
10007adc:	bf88      	it	hi
10007ade:	6013      	strhi	r3, [r2, #0]
10007ae0:	eb03 0383 	add.w	r3, r3, r3, lsl #2
10007ae4:	0098      	lsls	r0, r3, #2
10007ae6:	eb06 0383 	add.w	r3, r6, r3, lsl #2
10007aea:	6859      	ldr	r1, [r3, #4]
10007aec:	5832      	ldr	r2, [r6, r0]
10007aee:	688d      	ldr	r5, [r1, #8]
10007af0:	3201      	adds	r2, #1
10007af2:	60a1      	str	r1, [r4, #8]
10007af4:	60e5      	str	r5, [r4, #12]
10007af6:	606f      	str	r7, [r5, #4]
10007af8:	608f      	str	r7, [r1, #8]
10007afa:	6163      	str	r3, [r4, #20]
10007afc:	5032      	str	r2, [r6, r0]
10007afe:	e7d9      	b.n	10007ab4 <xTaskPriorityInherit+0x38>
10007b00:	200028d8 	.word	0x200028d8
10007b04:	200028ec 	.word	0x200028ec
10007b08:	200029a4 	.word	0x200029a4

10007b0c <xTaskPriorityDisinherit>:
10007b0c:	b158      	cbz	r0, 10007b26 <xTaskPriorityDisinherit+0x1a>
10007b0e:	b5f8      	push	{r3, r4, r5, r6, r7, lr}
10007b10:	6ac1      	ldr	r1, [r0, #44]	@ 0x2c
10007b12:	6c83      	ldr	r3, [r0, #72]	@ 0x48
10007b14:	6c42      	ldr	r2, [r0, #68]	@ 0x44
10007b16:	3b01      	subs	r3, #1
10007b18:	4291      	cmp	r1, r2
10007b1a:	4604      	mov	r4, r0
10007b1c:	6483      	str	r3, [r0, #72]	@ 0x48
10007b1e:	d000      	beq.n	10007b22 <xTaskPriorityDisinherit+0x16>
10007b20:	b11b      	cbz	r3, 10007b2a <xTaskPriorityDisinherit+0x1e>
10007b22:	2000      	movs	r0, #0
10007b24:	bdf8      	pop	{r3, r4, r5, r6, r7, pc}
10007b26:	2000      	movs	r0, #0
10007b28:	4770      	bx	lr
10007b2a:	1d06      	adds	r6, r0, #4
10007b2c:	4630      	mov	r0, r6
10007b2e:	f000 fc5b 	bl	100083e8 <uxListRemove>
10007b32:	6c63      	ldr	r3, [r4, #68]	@ 0x44
10007b34:	4a0e      	ldr	r2, [pc, #56]	@ (10007b70 <xTaskPriorityDisinherit+0x64>)
10007b36:	f1c3 0006 	rsb	r0, r3, #6
10007b3a:	61a0      	str	r0, [r4, #24]
10007b3c:	2001      	movs	r0, #1
10007b3e:	6811      	ldr	r1, [r2, #0]
10007b40:	62e3      	str	r3, [r4, #44]	@ 0x2c
10007b42:	428b      	cmp	r3, r1
10007b44:	bf88      	it	hi
10007b46:	6013      	strhi	r3, [r2, #0]
10007b48:	4a0a      	ldr	r2, [pc, #40]	@ (10007b74 <xTaskPriorityDisinherit+0x68>)
10007b4a:	eb03 0383 	add.w	r3, r3, r3, lsl #2
10007b4e:	ea4f 0c83 	mov.w	ip, r3, lsl #2
10007b52:	eb02 0383 	add.w	r3, r2, r3, lsl #2
10007b56:	685d      	ldr	r5, [r3, #4]
10007b58:	f852 100c 	ldr.w	r1, [r2, ip]
10007b5c:	68af      	ldr	r7, [r5, #8]
10007b5e:	4401      	add	r1, r0
10007b60:	60a5      	str	r5, [r4, #8]
10007b62:	60e7      	str	r7, [r4, #12]
10007b64:	607e      	str	r6, [r7, #4]
10007b66:	60ae      	str	r6, [r5, #8]
10007b68:	6163      	str	r3, [r4, #20]
10007b6a:	f842 100c 	str.w	r1, [r2, ip]
10007b6e:	bdf8      	pop	{r3, r4, r5, r6, r7, pc}
10007b70:	200029a4 	.word	0x200029a4
10007b74:	200028ec 	.word	0x200028ec

10007b78 <vTaskPriorityDisinheritAfterTimeout>:
10007b78:	b160      	cbz	r0, 10007b94 <vTaskPriorityDisinheritAfterTimeout+0x1c>
10007b7a:	6c42      	ldr	r2, [r0, #68]	@ 0x44
10007b7c:	b5f8      	push	{r3, r4, r5, r6, r7, lr}
10007b7e:	4291      	cmp	r1, r2
10007b80:	bf38      	it	cc
10007b82:	4611      	movcc	r1, r2
10007b84:	6ac3      	ldr	r3, [r0, #44]	@ 0x2c
10007b86:	4604      	mov	r4, r0
10007b88:	428b      	cmp	r3, r1
10007b8a:	d002      	beq.n	10007b92 <vTaskPriorityDisinheritAfterTimeout+0x1a>
10007b8c:	6c82      	ldr	r2, [r0, #72]	@ 0x48
10007b8e:	2a01      	cmp	r2, #1
10007b90:	d001      	beq.n	10007b96 <vTaskPriorityDisinheritAfterTimeout+0x1e>
10007b92:	bdf8      	pop	{r3, r4, r5, r6, r7, pc}
10007b94:	4770      	bx	lr
10007b96:	6982      	ldr	r2, [r0, #24]
10007b98:	4d13      	ldr	r5, [pc, #76]	@ (10007be8 <vTaskPriorityDisinheritAfterTimeout+0x70>)
10007b9a:	2a00      	cmp	r2, #0
10007b9c:	eb03 0383 	add.w	r3, r3, r3, lsl #2
10007ba0:	6942      	ldr	r2, [r0, #20]
10007ba2:	62c1      	str	r1, [r0, #44]	@ 0x2c
10007ba4:	eb05 0383 	add.w	r3, r5, r3, lsl #2
10007ba8:	bfa4      	itt	ge
10007baa:	f1c1 0106 	rsbge	r1, r1, #6
10007bae:	6181      	strge	r1, [r0, #24]
10007bb0:	429a      	cmp	r2, r3
10007bb2:	d1ee      	bne.n	10007b92 <vTaskPriorityDisinheritAfterTimeout+0x1a>
10007bb4:	1d06      	adds	r6, r0, #4
10007bb6:	4630      	mov	r0, r6
10007bb8:	f000 fc16 	bl	100083e8 <uxListRemove>
10007bbc:	4a0b      	ldr	r2, [pc, #44]	@ (10007bec <vTaskPriorityDisinheritAfterTimeout+0x74>)
10007bbe:	6ae3      	ldr	r3, [r4, #44]	@ 0x2c
10007bc0:	6811      	ldr	r1, [r2, #0]
10007bc2:	428b      	cmp	r3, r1
10007bc4:	bf88      	it	hi
10007bc6:	6013      	strhi	r3, [r2, #0]
10007bc8:	eb03 0383 	add.w	r3, r3, r3, lsl #2
10007bcc:	0098      	lsls	r0, r3, #2
10007bce:	eb05 0383 	add.w	r3, r5, r3, lsl #2
10007bd2:	6859      	ldr	r1, [r3, #4]
10007bd4:	582a      	ldr	r2, [r5, r0]
10007bd6:	688f      	ldr	r7, [r1, #8]
10007bd8:	3201      	adds	r2, #1
10007bda:	60a1      	str	r1, [r4, #8]
10007bdc:	60e7      	str	r7, [r4, #12]
10007bde:	607e      	str	r6, [r7, #4]
10007be0:	608e      	str	r6, [r1, #8]
10007be2:	6163      	str	r3, [r4, #20]
10007be4:	502a      	str	r2, [r5, r0]
10007be6:	bdf8      	pop	{r3, r4, r5, r6, r7, pc}
10007be8:	200028ec 	.word	0x200028ec
10007bec:	200029a4 	.word	0x200029a4

10007bf0 <pvTaskIncrementMutexHeldCount>:
10007bf0:	4b03      	ldr	r3, [pc, #12]	@ (10007c00 <pvTaskIncrementMutexHeldCount+0x10>)
10007bf2:	6818      	ldr	r0, [r3, #0]
10007bf4:	b110      	cbz	r0, 10007bfc <pvTaskIncrementMutexHeldCount+0xc>
10007bf6:	6c83      	ldr	r3, [r0, #72]	@ 0x48
10007bf8:	3301      	adds	r3, #1
10007bfa:	6483      	str	r3, [r0, #72]	@ 0x48
10007bfc:	4770      	bx	lr
10007bfe:	bf00      	nop
10007c00:	200028d8 	.word	0x200028d8

10007c04 <prvTimerTask>:
10007c04:	e92d 4ff0 	stmdb	sp!, {r4, r5, r6, r7, r8, r9, sl, fp, lr}
10007c08:	4fb7      	ldr	r7, [pc, #732]	@ (10007ee8 <prvTimerTask+0x2e4>)
10007c0a:	f8df b2e4 	ldr.w	fp, [pc, #740]	@ 10007ef0 <prvTimerTask+0x2ec>
10007c0e:	f8df 82e4 	ldr.w	r8, [pc, #740]	@ 10007ef4 <prvTimerTask+0x2f0>
10007c12:	4db6      	ldr	r5, [pc, #728]	@ (10007eec <prvTimerTask+0x2e8>)
10007c14:	b087      	sub	sp, #28
10007c16:	683b      	ldr	r3, [r7, #0]
10007c18:	681c      	ldr	r4, [r3, #0]
10007c1a:	2c00      	cmp	r4, #0
10007c1c:	f040 811d 	bne.w	10007e5a <prvTimerTask+0x256>
10007c20:	f7ff fca0 	bl	10007564 <vTaskSuspendAll>
10007c24:	f7ff fd66 	bl	100076f4 <xTaskGetTickCount>
10007c28:	f8db 3000 	ldr.w	r3, [fp]
10007c2c:	4681      	mov	r9, r0
10007c2e:	4283      	cmp	r3, r0
10007c30:	d848      	bhi.n	10007cc4 <prvTimerTask+0xc0>
10007c32:	f8d8 3000 	ldr.w	r3, [r8]
10007c36:	f8cb 0000 	str.w	r0, [fp]
10007c3a:	681a      	ldr	r2, [r3, #0]
10007c3c:	fab2 f282 	clz	r2, r2
10007c40:	0952      	lsrs	r2, r2, #5
10007c42:	6828      	ldr	r0, [r5, #0]
10007c44:	eba4 0109 	sub.w	r1, r4, r9
10007c48:	f7ff f980 	bl	10006f4c <vQueueWaitForMessageRestricted>
10007c4c:	f7ff fc92 	bl	10007574 <xTaskResumeAll>
10007c50:	2800      	cmp	r0, #0
10007c52:	f000 8124 	beq.w	10007e9e <prvTimerTask+0x29a>
10007c56:	2300      	movs	r3, #0
10007c58:	e9cd 3302 	strd	r3, r3, [sp, #8]
10007c5c:	e9cd 3304 	strd	r3, r3, [sp, #16]
10007c60:	2200      	movs	r2, #0
10007c62:	6828      	ldr	r0, [r5, #0]
10007c64:	a902      	add	r1, sp, #8
10007c66:	f7fe fccb 	bl	10006600 <xQueueReceive>
10007c6a:	2800      	cmp	r0, #0
10007c6c:	d0d3      	beq.n	10007c16 <prvTimerTask+0x12>
10007c6e:	9b02      	ldr	r3, [sp, #8]
10007c70:	9804      	ldr	r0, [sp, #16]
10007c72:	2b00      	cmp	r3, #0
10007c74:	f2c0 80e9 	blt.w	10007e4a <prvTimerTask+0x246>
10007c78:	f8dd a010 	ldr.w	sl, [sp, #16]
10007c7c:	f8da 3014 	ldr.w	r3, [sl, #20]
10007c80:	b11b      	cbz	r3, 10007c8a <prvTimerTask+0x86>
10007c82:	f10a 0004 	add.w	r0, sl, #4
10007c86:	f000 fbaf 	bl	100083e8 <uxListRemove>
10007c8a:	f7ff fd33 	bl	100076f4 <xTaskGetTickCount>
10007c8e:	f8db 3000 	ldr.w	r3, [fp]
10007c92:	9001      	str	r0, [sp, #4]
10007c94:	4298      	cmp	r0, r3
10007c96:	d343      	bcc.n	10007d20 <prvTimerTask+0x11c>
10007c98:	e9dd 2301 	ldrd	r2, r3, [sp, #4]
10007c9c:	3b01      	subs	r3, #1
10007c9e:	f8cb 2000 	str.w	r2, [fp]
10007ca2:	2b08      	cmp	r3, #8
10007ca4:	d8dc      	bhi.n	10007c60 <prvTimerTask+0x5c>
10007ca6:	e8df f003 	tbb	[pc, r3]
10007caa:	6161      	.short	0x6161
10007cac:	61c7a5c0 	.word	0x61c7a5c0
10007cb0:	c061      	.short	0xc061
10007cb2:	a5          	.byte	0xa5
10007cb3:	00          	.byte	0x00
10007cb4:	f022 0201 	bic.w	r2, r2, #1
10007cb8:	f88a 2024 	strb.w	r2, [sl, #36]	@ 0x24
10007cbc:	4650      	mov	r0, sl
10007cbe:	f8da 3020 	ldr.w	r3, [sl, #32]
10007cc2:	4798      	blx	r3
10007cc4:	683b      	ldr	r3, [r7, #0]
10007cc6:	681a      	ldr	r2, [r3, #0]
10007cc8:	2a00      	cmp	r2, #0
10007cca:	f000 80d8 	beq.w	10007e7e <prvTimerTask+0x27a>
10007cce:	68da      	ldr	r2, [r3, #12]
10007cd0:	f8d2 a00c 	ldr.w	sl, [r2, #12]
10007cd4:	6814      	ldr	r4, [r2, #0]
10007cd6:	f10a 0604 	add.w	r6, sl, #4
10007cda:	4630      	mov	r0, r6
10007cdc:	f000 fb84 	bl	100083e8 <uxListRemove>
10007ce0:	f89a 2024 	ldrb.w	r2, [sl, #36]	@ 0x24
10007ce4:	0751      	lsls	r1, r2, #29
10007ce6:	d5e5      	bpl.n	10007cb4 <prvTimerTask+0xb0>
10007ce8:	e003      	b.n	10007cf2 <prvTimerTask+0xee>
10007cea:	4650      	mov	r0, sl
10007cec:	f8da 2020 	ldr.w	r2, [sl, #32]
10007cf0:	4790      	blx	r2
10007cf2:	f8da 2018 	ldr.w	r2, [sl, #24]
10007cf6:	f8ca a010 	str.w	sl, [sl, #16]
10007cfa:	1911      	adds	r1, r2, r4
10007cfc:	18a4      	adds	r4, r4, r2
10007cfe:	f8ca 1004 	str.w	r1, [sl, #4]
10007d02:	d3f2      	bcc.n	10007cea <prvTimerTask+0xe6>
10007d04:	4631      	mov	r1, r6
10007d06:	f8d8 0000 	ldr.w	r0, [r8]
10007d0a:	f000 fb55 	bl	100083b8 <vListInsert>
10007d0e:	e7d5      	b.n	10007cbc <prvTimerTask+0xb8>
10007d10:	f021 0101 	bic.w	r1, r1, #1
10007d14:	f889 1024 	strb.w	r1, [r9, #36]	@ 0x24
10007d18:	4648      	mov	r0, r9
10007d1a:	f8d9 3020 	ldr.w	r3, [r9, #32]
10007d1e:	4798      	blx	r3
10007d20:	683b      	ldr	r3, [r7, #0]
10007d22:	6819      	ldr	r1, [r3, #0]
10007d24:	2900      	cmp	r1, #0
10007d26:	f000 80b4 	beq.w	10007e92 <prvTimerTask+0x28e>
10007d2a:	68d9      	ldr	r1, [r3, #12]
10007d2c:	f8d1 900c 	ldr.w	r9, [r1, #12]
10007d30:	680c      	ldr	r4, [r1, #0]
10007d32:	f109 0604 	add.w	r6, r9, #4
10007d36:	4630      	mov	r0, r6
10007d38:	f000 fb56 	bl	100083e8 <uxListRemove>
10007d3c:	f899 1024 	ldrb.w	r1, [r9, #36]	@ 0x24
10007d40:	0748      	lsls	r0, r1, #29
10007d42:	d5e5      	bpl.n	10007d10 <prvTimerTask+0x10c>
10007d44:	e003      	b.n	10007d4e <prvTimerTask+0x14a>
10007d46:	4648      	mov	r0, r9
10007d48:	f8d9 1020 	ldr.w	r1, [r9, #32]
10007d4c:	4788      	blx	r1
10007d4e:	f8d9 1018 	ldr.w	r1, [r9, #24]
10007d52:	f8c9 9010 	str.w	r9, [r9, #16]
10007d56:	1908      	adds	r0, r1, r4
10007d58:	1864      	adds	r4, r4, r1
10007d5a:	f8c9 0004 	str.w	r0, [r9, #4]
10007d5e:	d3f2      	bcc.n	10007d46 <prvTimerTask+0x142>
10007d60:	4631      	mov	r1, r6
10007d62:	f8d8 0000 	ldr.w	r0, [r8]
10007d66:	f000 fb27 	bl	100083b8 <vListInsert>
10007d6a:	e7d5      	b.n	10007d18 <prvTimerTask+0x114>
10007d6c:	f89a 0024 	ldrb.w	r0, [sl, #36]	@ 0x24
10007d70:	9903      	ldr	r1, [sp, #12]
10007d72:	f8da 4018 	ldr.w	r4, [sl, #24]
10007d76:	9a01      	ldr	r2, [sp, #4]
10007d78:	190b      	adds	r3, r1, r4
10007d7a:	f040 0601 	orr.w	r6, r0, #1
10007d7e:	f88a 6024 	strb.w	r6, [sl, #36]	@ 0x24
10007d82:	bf2c      	ite	cs
10007d84:	2601      	movcs	r6, #1
10007d86:	2600      	movcc	r6, #0
10007d88:	4293      	cmp	r3, r2
10007d8a:	f8ca 3004 	str.w	r3, [sl, #4]
10007d8e:	f8ca a010 	str.w	sl, [sl, #16]
10007d92:	f200 8087 	bhi.w	10007ea4 <prvTimerTask+0x2a0>
10007d96:	1a51      	subs	r1, r2, r1
10007d98:	428c      	cmp	r4, r1
10007d9a:	d83f      	bhi.n	10007e1c <prvTimerTask+0x218>
10007d9c:	0741      	lsls	r1, r0, #29
10007d9e:	d412      	bmi.n	10007dc6 <prvTimerTask+0x1c2>
10007da0:	f020 0001 	bic.w	r0, r0, #1
10007da4:	f88a 0024 	strb.w	r0, [sl, #36]	@ 0x24
10007da8:	4650      	mov	r0, sl
10007daa:	f8da 3020 	ldr.w	r3, [sl, #32]
10007dae:	4798      	blx	r3
10007db0:	e756      	b.n	10007c60 <prvTimerTask+0x5c>
10007db2:	428c      	cmp	r4, r1
10007db4:	f200 80c6 	bhi.w	10007f44 <prvTimerTask+0x340>
10007db8:	f8da 3020 	ldr.w	r3, [sl, #32]
10007dbc:	4650      	mov	r0, sl
10007dbe:	4798      	blx	r3
10007dc0:	4633      	mov	r3, r6
10007dc2:	f8da 4018 	ldr.w	r4, [sl, #24]
10007dc6:	9a01      	ldr	r2, [sp, #4]
10007dc8:	18e6      	adds	r6, r4, r3
10007dca:	bf2c      	ite	cs
10007dcc:	2001      	movcs	r0, #1
10007dce:	2000      	movcc	r0, #0
10007dd0:	42b2      	cmp	r2, r6
10007dd2:	eba2 0103 	sub.w	r1, r2, r3
10007dd6:	f8ca 6004 	str.w	r6, [sl, #4]
10007dda:	f8ca a010 	str.w	sl, [sl, #16]
10007dde:	d2e8      	bcs.n	10007db2 <prvTimerTask+0x1ae>
10007de0:	429a      	cmp	r2, r3
10007de2:	d201      	bcs.n	10007de8 <prvTimerTask+0x1e4>
10007de4:	2800      	cmp	r0, #0
10007de6:	d0e7      	beq.n	10007db8 <prvTimerTask+0x1b4>
10007de8:	6838      	ldr	r0, [r7, #0]
10007dea:	f10a 0104 	add.w	r1, sl, #4
10007dee:	f000 fae3 	bl	100083b8 <vListInsert>
10007df2:	e7d9      	b.n	10007da8 <prvTimerTask+0x1a4>
10007df4:	9903      	ldr	r1, [sp, #12]
10007df6:	9a01      	ldr	r2, [sp, #4]
10007df8:	f89a 3024 	ldrb.w	r3, [sl, #36]	@ 0x24
10007dfc:	1888      	adds	r0, r1, r2
10007dfe:	f043 0301 	orr.w	r3, r3, #1
10007e02:	4290      	cmp	r0, r2
10007e04:	f88a 3024 	strb.w	r3, [sl, #36]	@ 0x24
10007e08:	f8ca 1018 	str.w	r1, [sl, #24]
10007e0c:	f8ca 0004 	str.w	r0, [sl, #4]
10007e10:	f8ca a010 	str.w	sl, [sl, #16]
10007e14:	d84b      	bhi.n	10007eae <prvTimerTask+0x2aa>
10007e16:	2900      	cmp	r1, #0
10007e18:	f43f af22 	beq.w	10007c60 <prvTimerTask+0x5c>
10007e1c:	f8d8 0000 	ldr.w	r0, [r8]
10007e20:	f10a 0104 	add.w	r1, sl, #4
10007e24:	f000 fac8 	bl	100083b8 <vListInsert>
10007e28:	e71a      	b.n	10007c60 <prvTimerTask+0x5c>
10007e2a:	f89a 3024 	ldrb.w	r3, [sl, #36]	@ 0x24
10007e2e:	f023 0301 	bic.w	r3, r3, #1
10007e32:	f88a 3024 	strb.w	r3, [sl, #36]	@ 0x24
10007e36:	e713      	b.n	10007c60 <prvTimerTask+0x5c>
10007e38:	f89a 3024 	ldrb.w	r3, [sl, #36]	@ 0x24
10007e3c:	079a      	lsls	r2, r3, #30
10007e3e:	d577      	bpl.n	10007f30 <prvTimerTask+0x32c>
10007e40:	f023 0301 	bic.w	r3, r3, #1
10007e44:	f88a 3024 	strb.w	r3, [sl, #36]	@ 0x24
10007e48:	e70a      	b.n	10007c60 <prvTimerTask+0x5c>
10007e4a:	9b03      	ldr	r3, [sp, #12]
10007e4c:	9905      	ldr	r1, [sp, #20]
10007e4e:	4798      	blx	r3
10007e50:	9b02      	ldr	r3, [sp, #8]
10007e52:	2b00      	cmp	r3, #0
10007e54:	f6ff af04 	blt.w	10007c60 <prvTimerTask+0x5c>
10007e58:	e70e      	b.n	10007c78 <prvTimerTask+0x74>
10007e5a:	68db      	ldr	r3, [r3, #12]
10007e5c:	681c      	ldr	r4, [r3, #0]
10007e5e:	f7ff fb81 	bl	10007564 <vTaskSuspendAll>
10007e62:	f7ff fc47 	bl	100076f4 <xTaskGetTickCount>
10007e66:	f8db 3000 	ldr.w	r3, [fp]
10007e6a:	4681      	mov	r9, r0
10007e6c:	4283      	cmp	r3, r0
10007e6e:	f63f af29 	bhi.w	10007cc4 <prvTimerTask+0xc0>
10007e72:	4284      	cmp	r4, r0
10007e74:	f8cb 0000 	str.w	r0, [fp]
10007e78:	d91f      	bls.n	10007eba <prvTimerTask+0x2b6>
10007e7a:	2200      	movs	r2, #0
10007e7c:	e6e1      	b.n	10007c42 <prvTimerTask+0x3e>
10007e7e:	f8d8 2000 	ldr.w	r2, [r8]
10007e82:	f8cb 9000 	str.w	r9, [fp]
10007e86:	603a      	str	r2, [r7, #0]
10007e88:	f8c8 3000 	str.w	r3, [r8]
10007e8c:	f7ff fb72 	bl	10007574 <xTaskResumeAll>
10007e90:	e6e1      	b.n	10007c56 <prvTimerTask+0x52>
10007e92:	f8d8 1000 	ldr.w	r1, [r8]
10007e96:	f8c8 3000 	str.w	r3, [r8]
10007e9a:	6039      	str	r1, [r7, #0]
10007e9c:	e6fc      	b.n	10007c98 <prvTimerTask+0x94>
10007e9e:	f000 f8e9 	bl	10008074 <vPortYield>
10007ea2:	e6d8      	b.n	10007c56 <prvTimerTask+0x52>
10007ea4:	4291      	cmp	r1, r2
10007ea6:	d902      	bls.n	10007eae <prvTimerTask+0x2aa>
10007ea8:	2e00      	cmp	r6, #0
10007eaa:	f43f af77 	beq.w	10007d9c <prvTimerTask+0x198>
10007eae:	6838      	ldr	r0, [r7, #0]
10007eb0:	f10a 0104 	add.w	r1, sl, #4
10007eb4:	f000 fa80 	bl	100083b8 <vListInsert>
10007eb8:	e6d2      	b.n	10007c60 <prvTimerTask+0x5c>
10007eba:	f7ff fb5b 	bl	10007574 <xTaskResumeAll>
10007ebe:	683b      	ldr	r3, [r7, #0]
10007ec0:	68db      	ldr	r3, [r3, #12]
10007ec2:	68de      	ldr	r6, [r3, #12]
10007ec4:	1d33      	adds	r3, r6, #4
10007ec6:	4618      	mov	r0, r3
10007ec8:	9301      	str	r3, [sp, #4]
10007eca:	f000 fa8d 	bl	100083e8 <uxListRemove>
10007ece:	f896 2024 	ldrb.w	r2, [r6, #36]	@ 0x24
10007ed2:	0753      	lsls	r3, r2, #29
10007ed4:	d416      	bmi.n	10007f04 <prvTimerTask+0x300>
10007ed6:	f022 0201 	bic.w	r2, r2, #1
10007eda:	f886 2024 	strb.w	r2, [r6, #36]	@ 0x24
10007ede:	4630      	mov	r0, r6
10007ee0:	6a33      	ldr	r3, [r6, #32]
10007ee2:	4798      	blx	r3
10007ee4:	e6b7      	b.n	10007c56 <prvTimerTask+0x52>
10007ee6:	bf00      	nop
10007ee8:	200028dc 	.word	0x200028dc
10007eec:	20002a54 	.word	0x20002a54
10007ef0:	20002a00 	.word	0x20002a00
10007ef4:	200028e8 	.word	0x200028e8
10007ef8:	4281      	cmp	r1, r0
10007efa:	d81d      	bhi.n	10007f38 <prvTimerTask+0x334>
10007efc:	4630      	mov	r0, r6
10007efe:	6a31      	ldr	r1, [r6, #32]
10007f00:	4788      	blx	r1
10007f02:	4654      	mov	r4, sl
10007f04:	69b1      	ldr	r1, [r6, #24]
10007f06:	eba9 0004 	sub.w	r0, r9, r4
10007f0a:	eb14 0a01 	adds.w	sl, r4, r1
10007f0e:	bf2c      	ite	cs
10007f10:	2301      	movcs	r3, #1
10007f12:	2300      	movcc	r3, #0
10007f14:	45ca      	cmp	sl, r9
10007f16:	f8c6 a004 	str.w	sl, [r6, #4]
10007f1a:	6136      	str	r6, [r6, #16]
10007f1c:	d9ec      	bls.n	10007ef8 <prvTimerTask+0x2f4>
10007f1e:	454c      	cmp	r4, r9
10007f20:	d901      	bls.n	10007f26 <prvTimerTask+0x322>
10007f22:	2b00      	cmp	r3, #0
10007f24:	d0ea      	beq.n	10007efc <prvTimerTask+0x2f8>
10007f26:	9901      	ldr	r1, [sp, #4]
10007f28:	6838      	ldr	r0, [r7, #0]
10007f2a:	f000 fa45 	bl	100083b8 <vListInsert>
10007f2e:	e7d6      	b.n	10007ede <prvTimerTask+0x2da>
10007f30:	4650      	mov	r0, sl
10007f32:	f000 f85d 	bl	10007ff0 <vPortFree>
10007f36:	e693      	b.n	10007c60 <prvTimerTask+0x5c>
10007f38:	9901      	ldr	r1, [sp, #4]
10007f3a:	f8d8 0000 	ldr.w	r0, [r8]
10007f3e:	f000 fa3b 	bl	100083b8 <vListInsert>
10007f42:	e7cc      	b.n	10007ede <prvTimerTask+0x2da>
10007f44:	f8d8 0000 	ldr.w	r0, [r8]
10007f48:	f10a 0104 	add.w	r1, sl, #4
10007f4c:	f000 fa34 	bl	100083b8 <vListInsert>
10007f50:	e72a      	b.n	10007da8 <prvTimerTask+0x1a4>
10007f52:	bf00      	nop

10007f54 <xTimerCreateTimerTask>:
10007f54:	b5f0      	push	{r4, r5, r6, r7, lr}
10007f56:	4c17      	ldr	r4, [pc, #92]	@ (10007fb4 <xTimerCreateTimerTask+0x60>)
10007f58:	b083      	sub	sp, #12
10007f5a:	f000 f897 	bl	1000808c <vPortEnterCritical>
10007f5e:	6825      	ldr	r5, [r4, #0]
10007f60:	b17d      	cbz	r5, 10007f82 <xTimerCreateTimerTask+0x2e>
10007f62:	f000 f8a1 	bl	100080a8 <vPortExitCritical>
10007f66:	6820      	ldr	r0, [r4, #0]
10007f68:	b148      	cbz	r0, 10007f7e <xTimerCreateTimerTask+0x2a>
10007f6a:	2403      	movs	r4, #3
10007f6c:	4812      	ldr	r0, [pc, #72]	@ (10007fb8 <xTimerCreateTimerTask+0x64>)
10007f6e:	2300      	movs	r3, #0
10007f70:	9001      	str	r0, [sp, #4]
10007f72:	2280      	movs	r2, #128	@ 0x80
10007f74:	4911      	ldr	r1, [pc, #68]	@ (10007fbc <xTimerCreateTimerTask+0x68>)
10007f76:	4812      	ldr	r0, [pc, #72]	@ (10007fc0 <xTimerCreateTimerTask+0x6c>)
10007f78:	9400      	str	r4, [sp, #0]
10007f7a:	f7ff f9b3 	bl	100072e4 <xTaskCreate>
10007f7e:	b003      	add	sp, #12
10007f80:	bdf0      	pop	{r4, r5, r6, r7, pc}
10007f82:	4e10      	ldr	r6, [pc, #64]	@ (10007fc4 <xTimerCreateTimerTask+0x70>)
10007f84:	4f10      	ldr	r7, [pc, #64]	@ (10007fc8 <xTimerCreateTimerTask+0x74>)
10007f86:	4630      	mov	r0, r6
10007f88:	f000 f9f8 	bl	1000837c <vListInitialise>
10007f8c:	4638      	mov	r0, r7
10007f8e:	f000 f9f5 	bl	1000837c <vListInitialise>
10007f92:	4a0e      	ldr	r2, [pc, #56]	@ (10007fcc <xTimerCreateTimerTask+0x78>)
10007f94:	4b0e      	ldr	r3, [pc, #56]	@ (10007fd0 <xTimerCreateTimerTask+0x7c>)
10007f96:	6017      	str	r7, [r2, #0]
10007f98:	2110      	movs	r1, #16
10007f9a:	462a      	mov	r2, r5
10007f9c:	200a      	movs	r0, #10
10007f9e:	601e      	str	r6, [r3, #0]
10007fa0:	f7fe f97e 	bl	100062a0 <xQueueGenericCreate>
10007fa4:	6020      	str	r0, [r4, #0]
10007fa6:	2800      	cmp	r0, #0
10007fa8:	d0db      	beq.n	10007f62 <xTimerCreateTimerTask+0xe>
10007faa:	490a      	ldr	r1, [pc, #40]	@ (10007fd4 <xTimerCreateTimerTask+0x80>)
10007fac:	f7fe ff0e 	bl	10006dcc <vQueueAddToRegistry>
10007fb0:	e7d7      	b.n	10007f62 <xTimerCreateTimerTask+0xe>
10007fb2:	bf00      	nop
10007fb4:	20002a54 	.word	0x20002a54
10007fb8:	20002a58 	.word	0x20002a58
10007fbc:	1000911c 	.word	0x1000911c
10007fc0:	10007c05 	.word	0x10007c05
10007fc4:	200029a8 	.word	0x200029a8
10007fc8:	200029bc 	.word	0x200029bc
10007fcc:	200028e8 	.word	0x200028e8
10007fd0:	200028dc 	.word	0x200028dc
10007fd4:	10009114 	.word	0x10009114

10007fd8 <pvPortMalloc>:
10007fd8:	b510      	push	{r4, lr}
10007fda:	4604      	mov	r4, r0
10007fdc:	f7ff fac2 	bl	10007564 <vTaskSuspendAll>
10007fe0:	4620      	mov	r0, r4
10007fe2:	f7f9 fd7d 	bl	10001ae0 <__wrap_malloc>
10007fe6:	4604      	mov	r4, r0
10007fe8:	f7ff fac4 	bl	10007574 <xTaskResumeAll>
10007fec:	4620      	mov	r0, r4
10007fee:	bd10      	pop	{r4, pc}

10007ff0 <vPortFree>:
10007ff0:	b150      	cbz	r0, 10008008 <vPortFree+0x18>
10007ff2:	b510      	push	{r4, lr}
10007ff4:	4604      	mov	r4, r0
10007ff6:	f7ff fab5 	bl	10007564 <vTaskSuspendAll>
10007ffa:	4620      	mov	r0, r4
10007ffc:	f7f9 fd82 	bl	10001b04 <__wrap_free>
10008000:	e8bd 4010 	ldmia.w	sp!, {r4, lr}
10008004:	f7ff bab6 	b.w	10007574 <xTaskResumeAll>
10008008:	4770      	bx	lr
1000800a:	bf00      	nop

1000800c <prvTaskExitError>:
1000800c:	2300      	movs	r3, #0
1000800e:	b500      	push	{lr}
10008010:	b083      	sub	sp, #12
10008012:	9301      	str	r3, [sp, #4]
10008014:	f000 f944 	bl	100082a0 <ulSetInterruptMask>
10008018:	9b01      	ldr	r3, [sp, #4]
1000801a:	2b00      	cmp	r3, #0
1000801c:	d0fc      	beq.n	10008018 <prvTaskExitError+0xc>
1000801e:	b003      	add	sp, #12
10008020:	f85d fb04 	ldr.w	pc, [sp], #4

10008024 <isr_systick>:
10008024:	b510      	push	{r4, lr}
10008026:	f000 f93b 	bl	100082a0 <ulSetInterruptMask>
1000802a:	4604      	mov	r4, r0
1000802c:	f7ff fb68 	bl	10007700 <xTaskIncrementTick>
10008030:	b128      	cbz	r0, 1000803e <isr_systick+0x1a>
10008032:	f04f 23e0 	mov.w	r3, #3758153728	@ 0xe000e000
10008036:	f04f 5280 	mov.w	r2, #268435456	@ 0x10000000
1000803a:	f8c3 2d04 	str.w	r2, [r3, #3332]	@ 0xd04
1000803e:	4620      	mov	r0, r4
10008040:	e8bd 4010 	ldmia.w	sp!, {r4, lr}
10008044:	f000 b938 	b.w	100082b8 <vClearInterruptMask>

10008048 <vPortSetupTimerInterrupt>:
10008048:	b510      	push	{r4, lr}
1000804a:	2204      	movs	r2, #4
1000804c:	f04f 24e0 	mov.w	r4, #3758153728	@ 0xe000e000
10008050:	2300      	movs	r3, #0
10008052:	6122      	str	r2, [r4, #16]
10008054:	2005      	movs	r0, #5
10008056:	61a3      	str	r3, [r4, #24]
10008058:	f7f9 f9d6 	bl	10001408 <clock_get_hz>
1000805c:	2107      	movs	r1, #7
1000805e:	4b04      	ldr	r3, [pc, #16]	@ (10008070 <vPortSetupTimerInterrupt+0x28>)
10008060:	fba3 2300 	umull	r2, r3, r3, r0
10008064:	099b      	lsrs	r3, r3, #6
10008066:	3b01      	subs	r3, #1
10008068:	6163      	str	r3, [r4, #20]
1000806a:	6121      	str	r1, [r4, #16]
1000806c:	bd10      	pop	{r4, pc}
1000806e:	bf00      	nop
10008070:	10624dd3 	.word	0x10624dd3

10008074 <vPortYield>:
10008074:	f04f 23e0 	mov.w	r3, #3758153728	@ 0xe000e000
10008078:	f04f 5280 	mov.w	r2, #268435456	@ 0x10000000
1000807c:	f8c3 2d04 	str.w	r2, [r3, #3332]	@ 0xd04
10008080:	f3bf 8f4f 	dsb	sy
10008084:	f3bf 8f6f 	isb	sy
10008088:	4770      	bx	lr
1000808a:	bf00      	nop

1000808c <vPortEnterCritical>:
1000808c:	b508      	push	{r3, lr}
1000808e:	f000 f907 	bl	100082a0 <ulSetInterruptMask>
10008092:	4a04      	ldr	r2, [pc, #16]	@ (100080a4 <vPortEnterCritical+0x18>)
10008094:	6813      	ldr	r3, [r2, #0]
10008096:	3301      	adds	r3, #1
10008098:	6013      	str	r3, [r2, #0]
1000809a:	f3bf 8f4f 	dsb	sy
1000809e:	f3bf 8f6f 	isb	sy
100080a2:	bd08      	pop	{r3, pc}
100080a4:	200015a0 	.word	0x200015a0

100080a8 <vPortExitCritical>:
100080a8:	4b04      	ldr	r3, [pc, #16]	@ (100080bc <vPortExitCritical+0x14>)
100080aa:	681a      	ldr	r2, [r3, #0]
100080ac:	3a01      	subs	r2, #1
100080ae:	601a      	str	r2, [r3, #0]
100080b0:	6818      	ldr	r0, [r3, #0]
100080b2:	b100      	cbz	r0, 100080b6 <vPortExitCritical+0xe>
100080b4:	4770      	bx	lr
100080b6:	f000 b8ff 	b.w	100082b8 <vClearInterruptMask>
100080ba:	bf00      	nop
100080bc:	200015a0 	.word	0x200015a0

100080c0 <vPortSVCHandler_C>:
100080c0:	6983      	ldr	r3, [r0, #24]
100080c2:	f813 3c02 	ldrb.w	r3, [r3, #-2]
100080c6:	2b66      	cmp	r3, #102	@ 0x66
100080c8:	d000      	beq.n	100080cc <vPortSVCHandler_C+0xc>
100080ca:	4770      	bx	lr
100080cc:	f04f 23e0 	mov.w	r3, #3758153728	@ 0xe000e000
100080d0:	f8d3 2d88 	ldr.w	r2, [r3, #3464]	@ 0xd88
100080d4:	f442 0270 	orr.w	r2, r2, #15728640	@ 0xf00000
100080d8:	f8c3 2d88 	str.w	r2, [r3, #3464]	@ 0xd88
100080dc:	f8d3 2f34 	ldr.w	r2, [r3, #3892]	@ 0xf34
100080e0:	f042 4240 	orr.w	r2, r2, #3221225472	@ 0xc0000000
100080e4:	f8c3 2f34 	str.w	r2, [r3, #3892]	@ 0xf34
100080e8:	f000 b8bc 	b.w	10008264 <vRestoreContextOfFirstTask>

100080ec <pxPortInitialiseStack>:
100080ec:	e92d 4ff0 	stmdb	sp!, {r4, r5, r6, r7, r8, r9, sl, fp, lr}
100080f0:	f04f 3e11 	mov.w	lr, #286331153	@ 0x11111111
100080f4:	f04f 7480 	mov.w	r4, #16777216	@ 0x1000000
100080f8:	e940 e309 	strd	lr, r3, [r0, #-36]	@ 0x24
100080fc:	f04f 3307 	mov.w	r3, #117901063	@ 0x7070707
10008100:	f840 4c04 	str.w	r4, [r0, #-4]
10008104:	4c16      	ldr	r4, [pc, #88]	@ (10008160 <pxPortInitialiseStack+0x74>)
10008106:	f840 3c34 	str.w	r3, [r0, #-52]
1000810a:	e940 4203 	strd	r4, r2, [r0, #-12]
1000810e:	f04f 3305 	mov.w	r3, #84215045	@ 0x5050505
10008112:	f04f 3206 	mov.w	r2, #101058054	@ 0x6060606
10008116:	f04f 3b12 	mov.w	fp, #303174162	@ 0x12121212
1000811a:	e940 320f 	strd	r3, r2, [r0, #-60]	@ 0x3c
1000811e:	f04f 3a03 	mov.w	sl, #50529027	@ 0x3030303
10008122:	f04f 3902 	mov.w	r9, #33686018	@ 0x2020202
10008126:	f04f 3801 	mov.w	r8, #16843009	@ 0x1010101
1000812a:	f04f 3710 	mov.w	r7, #269488144	@ 0x10101010
1000812e:	f04f 3609 	mov.w	r6, #151587081	@ 0x9090909
10008132:	f04f 3508 	mov.w	r5, #134744072	@ 0x8080808
10008136:	f04f 3404 	mov.w	r4, #67372036	@ 0x4040404
1000813a:	f06f 0302 	mvn.w	r3, #2
1000813e:	e940 ab05 	strd	sl, fp, [r0, #-20]
10008142:	e940 8907 	strd	r8, r9, [r0, #-28]
10008146:	e940 670b 	strd	r6, r7, [r0, #-44]	@ 0x2c
1000814a:	f840 5c30 	str.w	r5, [r0, #-48]
1000814e:	f840 4c40 	str.w	r4, [r0, #-64]
10008152:	f840 3c44 	str.w	r3, [r0, #-68]
10008156:	f840 1d48 	str.w	r1, [r0, #-72]!
1000815a:	e8bd 8ff0 	ldmia.w	sp!, {r4, r5, r6, r7, r8, r9, sl, fp, pc}
1000815e:	bf00      	nop
10008160:	1000800d 	.word	0x1000800d

10008164 <xPortStartScheduler>:
10008164:	f04f 23e0 	mov.w	r3, #3758153728	@ 0xe000e000
10008168:	f04f 427f 	mov.w	r2, #4278190080	@ 0xff000000
1000816c:	2100      	movs	r1, #0
1000816e:	b510      	push	{r4, lr}
10008170:	b084      	sub	sp, #16
10008172:	9102      	str	r1, [sp, #8]
10008174:	f8c3 2d1c 	str.w	r2, [r3, #3356]	@ 0xd1c
10008178:	f8d3 3d1c 	ldr.w	r3, [r3, #3356]	@ 0xd1c
1000817c:	0e1b      	lsrs	r3, r3, #24
1000817e:	f88d 3007 	strb.w	r3, [sp, #7]
10008182:	f89d 3007 	ldrb.w	r3, [sp, #7]
10008186:	f89d 3007 	ldrb.w	r3, [sp, #7]
1000818a:	061a      	lsls	r2, r3, #24
1000818c:	d50c      	bpl.n	100081a8 <xPortStartScheduler+0x44>
1000818e:	9b02      	ldr	r3, [sp, #8]
10008190:	3301      	adds	r3, #1
10008192:	9302      	str	r3, [sp, #8]
10008194:	f89d 3007 	ldrb.w	r3, [sp, #7]
10008198:	005b      	lsls	r3, r3, #1
1000819a:	b2db      	uxtb	r3, r3
1000819c:	f88d 3007 	strb.w	r3, [sp, #7]
100081a0:	f89d 3007 	ldrb.w	r3, [sp, #7]
100081a4:	061b      	lsls	r3, r3, #24
100081a6:	d4f2      	bmi.n	1000818e <xPortStartScheduler+0x2a>
100081a8:	9b02      	ldr	r3, [sp, #8]
100081aa:	2b08      	cmp	r3, #8
100081ac:	d03a      	beq.n	10008224 <xPortStartScheduler+0xc0>
100081ae:	9a02      	ldr	r2, [sp, #8]
100081b0:	f1c2 0207 	rsb	r2, r2, #7
100081b4:	0212      	lsls	r2, r2, #8
100081b6:	f402 62e0 	and.w	r2, r2, #1792	@ 0x700
100081ba:	f04f 23e0 	mov.w	r3, #3758153728	@ 0xe000e000
100081be:	2400      	movs	r4, #0
100081c0:	4919      	ldr	r1, [pc, #100]	@ (10008228 <xPortStartScheduler+0xc4>)
100081c2:	200e      	movs	r0, #14
100081c4:	600a      	str	r2, [r1, #0]
100081c6:	f8d3 2d20 	ldr.w	r2, [r3, #3360]	@ 0xd20
100081ca:	4918      	ldr	r1, [pc, #96]	@ (1000822c <xPortStartScheduler+0xc8>)
100081cc:	f442 027f 	orr.w	r2, r2, #16711680	@ 0xff0000
100081d0:	f8c3 2d20 	str.w	r2, [r3, #3360]	@ 0xd20
100081d4:	f8d3 2d20 	ldr.w	r2, [r3, #3360]	@ 0xd20
100081d8:	f042 427f 	orr.w	r2, r2, #4278190080	@ 0xff000000
100081dc:	f8c3 2d20 	str.w	r2, [r3, #3360]	@ 0xd20
100081e0:	f8c3 4d1c 	str.w	r4, [r3, #3356]	@ 0xd1c
100081e4:	f7fd fe0a 	bl	10005dfc <exception_set_exclusive_handler>
100081e8:	4911      	ldr	r1, [pc, #68]	@ (10008230 <xPortStartScheduler+0xcc>)
100081ea:	200f      	movs	r0, #15
100081ec:	f7fd fe06 	bl	10005dfc <exception_set_exclusive_handler>
100081f0:	4910      	ldr	r1, [pc, #64]	@ (10008234 <xPortStartScheduler+0xd0>)
100081f2:	200b      	movs	r0, #11
100081f4:	f7fd fe02 	bl	10005dfc <exception_set_exclusive_handler>
100081f8:	f7ff ff26 	bl	10008048 <vPortSetupTimerInterrupt>
100081fc:	f04f 4250 	mov.w	r2, #3489660928	@ 0xd0000000
10008200:	490d      	ldr	r1, [pc, #52]	@ (10008238 <xPortStartScheduler+0xd4>)
10008202:	4b0e      	ldr	r3, [pc, #56]	@ (1000823c <xPortStartScheduler+0xd8>)
10008204:	600c      	str	r4, [r1, #0]
10008206:	6812      	ldr	r2, [r2, #0]
10008208:	701a      	strb	r2, [r3, #0]
1000820a:	f000 f841 	bl	10008290 <vStartFirstTask>
1000820e:	f7ff fa87 	bl	10007720 <vTaskSwitchContext>
10008212:	9403      	str	r4, [sp, #12]
10008214:	f000 f844 	bl	100082a0 <ulSetInterruptMask>
10008218:	9b03      	ldr	r3, [sp, #12]
1000821a:	2b00      	cmp	r3, #0
1000821c:	d0fc      	beq.n	10008218 <xPortStartScheduler+0xb4>
1000821e:	2000      	movs	r0, #0
10008220:	b004      	add	sp, #16
10008222:	bd10      	pop	{r4, pc}
10008224:	2200      	movs	r2, #0
10008226:	e7c8      	b.n	100081ba <xPortStartScheduler+0x56>
10008228:	2000297c 	.word	0x2000297c
1000822c:	100082c9 	.word	0x100082c9
10008230:	10008025 	.word	0x10008025
10008234:	10008349 	.word	0x10008349
10008238:	200015a0 	.word	0x200015a0
1000823c:	2000159c 	.word	0x2000159c

10008240 <prvRuntimeInitializer>:
10008240:	b508      	push	{r3, lr}
10008242:	f7f8 f9c7 	bl	100005d4 <next_striped_spin_lock_num>
10008246:	4b04      	ldr	r3, [pc, #16]	@ (10008258 <prvRuntimeInitializer+0x18>)
10008248:	4a04      	ldr	r2, [pc, #16]	@ (1000825c <prvRuntimeInitializer+0x1c>)
1000824a:	4403      	add	r3, r0
1000824c:	6013      	str	r3, [r2, #0]
1000824e:	f000 f887 	bl	10008360 <xEventGroupCreate>
10008252:	4b03      	ldr	r3, [pc, #12]	@ (10008260 <prvRuntimeInitializer+0x20>)
10008254:	6018      	str	r0, [r3, #0]
10008256:	bd08      	pop	{r3, pc}
10008258:	20001ff4 	.word	0x20001ff4
1000825c:	200028d4 	.word	0x200028d4
10008260:	200029f8 	.word	0x200029f8

10008264 <vRestoreContextOfFirstTask>:
10008264:	4a09      	ldr	r2, [pc, #36]	@ (1000828c <vRestoreContextOfFirstTask+0x28>)
10008266:	6811      	ldr	r1, [r2, #0]
10008268:	6808      	ldr	r0, [r1, #0]
1000826a:	c806      	ldmia	r0!, {r1, r2}
1000826c:	f381 880b 	msr	PSPLIM, r1
10008270:	2102      	movs	r1, #2
10008272:	f381 8814 	msr	CONTROL, r1
10008276:	3020      	adds	r0, #32
10008278:	f380 8809 	msr	PSP, r0
1000827c:	f3bf 8f6f 	isb	sy
10008280:	f04f 0000 	mov.w	r0, #0
10008284:	f380 8811 	msr	BASEPRI, r0
10008288:	4710      	bx	r2
1000828a:	0000      	.short	0x0000
1000828c:	200028d8 	.word	0x200028d8

10008290 <vStartFirstTask>:
10008290:	b662      	cpsie	i
10008292:	b661      	cpsie	f
10008294:	f3bf 8f4f 	dsb	sy
10008298:	f3bf 8f6f 	isb	sy
1000829c:	df66      	svc	102	@ 0x66
1000829e:	bf00      	nop

100082a0 <ulSetInterruptMask>:
100082a0:	f3ef 8011 	mrs	r0, BASEPRI
100082a4:	f04f 0110 	mov.w	r1, #16
100082a8:	f381 8811 	msr	BASEPRI, r1
100082ac:	f3bf 8f4f 	dsb	sy
100082b0:	f3bf 8f6f 	isb	sy
100082b4:	4770      	bx	lr
100082b6:	bf00      	nop

100082b8 <vClearInterruptMask>:
100082b8:	f380 8811 	msr	BASEPRI, r0
100082bc:	f3bf 8f4f 	dsb	sy
100082c0:	f3bf 8f6f 	isb	sy
100082c4:	4770      	bx	lr
100082c6:	bf00      	nop

100082c8 <isr_pendsv>:
100082c8:	f3ef 8109 	mrs	r1, PSP
100082cc:	f01e 0f10 	tst.w	lr, #16
100082d0:	bf08      	it	eq
100082d2:	ed21 8a10 	vstmdbeq	r1!, {s16-s31}
100082d6:	f3ef 820b 	mrs	r2, PSPLIM
100082da:	4673      	mov	r3, lr
100082dc:	e921 0ffc 	stmdb	r1!, {r2, r3, r4, r5, r6, r7, r8, r9, sl, fp}
100082e0:	fc55 4408 	dcp_pxmd r4, r5
100082e4:	fc57 6409 	dcp_pymd r6, r7
100082e8:	fc59 840a 	dcp_pefd r8, r9
100082ec:	e901 03f0 	stmdb	r1, {r4, r5, r6, r7, r8, r9}
100082f0:	4a14      	ldr	r2, [pc, #80]	@ (10008344 <isr_pendsv+0x7c>)
100082f2:	6813      	ldr	r3, [r2, #0]
100082f4:	6019      	str	r1, [r3, #0]
100082f6:	f04f 0110 	mov.w	r1, #16
100082fa:	f381 8811 	msr	BASEPRI, r1
100082fe:	f3bf 8f4f 	dsb	sy
10008302:	f3bf 8f6f 	isb	sy
10008306:	f7ff fa0b 	bl	10007720 <vTaskSwitchContext>
1000830a:	f04f 0000 	mov.w	r0, #0
1000830e:	f380 8811 	msr	BASEPRI, r0
10008312:	4a0c      	ldr	r2, [pc, #48]	@ (10008344 <isr_pendsv+0x7c>)
10008314:	6811      	ldr	r1, [r2, #0]
10008316:	6808      	ldr	r0, [r1, #0]
10008318:	3818      	subs	r0, #24
1000831a:	e8b0 03f0 	ldmia.w	r0!, {r4, r5, r6, r7, r8, r9}
1000831e:	ec45 4400 	dcp_wxmd r4, r5
10008322:	ec47 6401 	dcp_wymd r6, r7
10008326:	ec49 8402 	dcp_wefd r8, r9
1000832a:	e8b0 0ffc 	ldmia.w	r0!, {r2, r3, r4, r5, r6, r7, r8, r9, sl, fp}
1000832e:	f013 0f10 	tst.w	r3, #16
10008332:	bf08      	it	eq
10008334:	ecb0 8a10 	vldmiaeq	r0!, {s16-s31}
10008338:	f382 880b 	msr	PSPLIM, r2
1000833c:	f380 8809 	msr	PSP, r0
10008340:	4718      	bx	r3
10008342:	0000      	.short	0x0000
10008344:	200028d8 	.word	0x200028d8

10008348 <isr_svcall>:
10008348:	f01e 0f04 	tst.w	lr, #4
1000834c:	bf0c      	ite	eq
1000834e:	f3ef 8008 	mrseq	r0, MSP
10008352:	f3ef 8009 	mrsne	r0, PSP
10008356:	4901      	ldr	r1, [pc, #4]	@ (1000835c <isr_svcall+0x14>)
10008358:	4708      	bx	r1
1000835a:	0000      	.short	0x0000
1000835c:	100080c1 	.word	0x100080c1

10008360 <xEventGroupCreate>:
10008360:	b510      	push	{r4, lr}
10008362:	2018      	movs	r0, #24
10008364:	f7ff fe38 	bl	10007fd8 <pvPortMalloc>
10008368:	4604      	mov	r4, r0
1000836a:	b120      	cbz	r0, 10008376 <xEventGroupCreate+0x16>
1000836c:	2300      	movs	r3, #0
1000836e:	f840 3b04 	str.w	r3, [r0], #4
10008372:	f000 f803 	bl	1000837c <vListInitialise>
10008376:	4620      	mov	r0, r4
10008378:	bd10      	pop	{r4, pc}
1000837a:	bf00      	nop

1000837c <vListInitialise>:
1000837c:	f04f 31ff 	mov.w	r1, #4294967295
10008380:	2200      	movs	r2, #0
10008382:	f100 0308 	add.w	r3, r0, #8
10008386:	e9c0 3101 	strd	r3, r1, [r0, #4]
1000838a:	e9c0 3303 	strd	r3, r3, [r0, #12]
1000838e:	6002      	str	r2, [r0, #0]
10008390:	4770      	bx	lr
10008392:	bf00      	nop

10008394 <vListInitialiseItem>:
10008394:	2300      	movs	r3, #0
10008396:	6103      	str	r3, [r0, #16]
10008398:	4770      	bx	lr
1000839a:	bf00      	nop

1000839c <vListInsertEnd>:
1000839c:	b410      	push	{r4}
1000839e:	e9d0 3200 	ldrd	r3, r2, [r0]
100083a2:	6894      	ldr	r4, [r2, #8]
100083a4:	3301      	adds	r3, #1
100083a6:	e9c1 2401 	strd	r2, r4, [r1, #4]
100083aa:	6061      	str	r1, [r4, #4]
100083ac:	6091      	str	r1, [r2, #8]
100083ae:	f85d 4b04 	ldr.w	r4, [sp], #4
100083b2:	6108      	str	r0, [r1, #16]
100083b4:	6003      	str	r3, [r0, #0]
100083b6:	4770      	bx	lr

100083b8 <vListInsert>:
100083b8:	b430      	push	{r4, r5}
100083ba:	680d      	ldr	r5, [r1, #0]
100083bc:	1c6b      	adds	r3, r5, #1
100083be:	d010      	beq.n	100083e2 <vListInsert+0x2a>
100083c0:	f100 0308 	add.w	r3, r0, #8
100083c4:	461c      	mov	r4, r3
100083c6:	685b      	ldr	r3, [r3, #4]
100083c8:	681a      	ldr	r2, [r3, #0]
100083ca:	42aa      	cmp	r2, r5
100083cc:	d9fa      	bls.n	100083c4 <vListInsert+0xc>
100083ce:	6802      	ldr	r2, [r0, #0]
100083d0:	604b      	str	r3, [r1, #4]
100083d2:	3201      	adds	r2, #1
100083d4:	6099      	str	r1, [r3, #8]
100083d6:	608c      	str	r4, [r1, #8]
100083d8:	6061      	str	r1, [r4, #4]
100083da:	6108      	str	r0, [r1, #16]
100083dc:	bc30      	pop	{r4, r5}
100083de:	6002      	str	r2, [r0, #0]
100083e0:	4770      	bx	lr
100083e2:	6904      	ldr	r4, [r0, #16]
100083e4:	6863      	ldr	r3, [r4, #4]
100083e6:	e7f2      	b.n	100083ce <vListInsert+0x16>

100083e8 <uxListRemove>:
100083e8:	4603      	mov	r3, r0
100083ea:	6902      	ldr	r2, [r0, #16]
100083ec:	b410      	push	{r4}
100083ee:	6854      	ldr	r4, [r2, #4]
100083f0:	6840      	ldr	r0, [r0, #4]
100083f2:	6899      	ldr	r1, [r3, #8]
100083f4:	429c      	cmp	r4, r3
100083f6:	6081      	str	r1, [r0, #8]
100083f8:	6048      	str	r0, [r1, #4]
100083fa:	bf08      	it	eq
100083fc:	6051      	streq	r1, [r2, #4]
100083fe:	2100      	movs	r1, #0
10008400:	6810      	ldr	r0, [r2, #0]
10008402:	f85d 4b04 	ldr.w	r4, [sp], #4
10008406:	3801      	subs	r0, #1
10008408:	6119      	str	r1, [r3, #16]
1000840a:	6010      	str	r0, [r2, #0]
1000840c:	4770      	bx	lr
1000840e:	bf00      	nop

10008410 <malloc>:
10008410:	4b02      	ldr	r3, [pc, #8]	@ (1000841c <malloc+0xc>)
10008412:	4601      	mov	r1, r0
10008414:	6818      	ldr	r0, [r3, #0]
10008416:	f000 b80b 	b.w	10008430 <_malloc_r>
1000841a:	bf00      	nop
1000841c:	200019b8 	.word	0x200019b8

10008420 <free>:
10008420:	4b02      	ldr	r3, [pc, #8]	@ (1000842c <free+0xc>)
10008422:	4601      	mov	r1, r0
10008424:	6818      	ldr	r0, [r3, #0]
10008426:	f000 bc43 	b.w	10008cb0 <_free_r>
1000842a:	bf00      	nop
1000842c:	200019b8 	.word	0x200019b8

10008430 <_malloc_r>:
10008430:	f101 030b 	add.w	r3, r1, #11
10008434:	2b16      	cmp	r3, #22
10008436:	e92d 4ff0 	stmdb	sp!, {r4, r5, r6, r7, r8, r9, sl, fp, lr}
1000843a:	4607      	mov	r7, r0
1000843c:	b083      	sub	sp, #12
1000843e:	d823      	bhi.n	10008488 <_malloc_r+0x58>
10008440:	2910      	cmp	r1, #16
10008442:	f200 80af 	bhi.w	100085a4 <_malloc_r+0x174>
10008446:	f000 faaf 	bl	100089a8 <__malloc_lock>
1000844a:	2510      	movs	r5, #16
1000844c:	2318      	movs	r3, #24
1000844e:	2002      	movs	r0, #2
10008450:	4eba      	ldr	r6, [pc, #744]	@ (1000873c <_malloc_r+0x30c>)
10008452:	4433      	add	r3, r6
10008454:	685c      	ldr	r4, [r3, #4]
10008456:	f1a3 0208 	sub.w	r2, r3, #8
1000845a:	4294      	cmp	r4, r2
1000845c:	f000 8156 	beq.w	1000870c <_malloc_r+0x2dc>
10008460:	6863      	ldr	r3, [r4, #4]
10008462:	4638      	mov	r0, r7
10008464:	f023 0303 	bic.w	r3, r3, #3
10008468:	e9d4 1202 	ldrd	r1, r2, [r4, #8]
1000846c:	4423      	add	r3, r4
1000846e:	60ca      	str	r2, [r1, #12]
10008470:	6091      	str	r1, [r2, #8]
10008472:	685a      	ldr	r2, [r3, #4]
10008474:	3408      	adds	r4, #8
10008476:	f042 0201 	orr.w	r2, r2, #1
1000847a:	605a      	str	r2, [r3, #4]
1000847c:	f000 fa9a 	bl	100089b4 <__malloc_unlock>
10008480:	4620      	mov	r0, r4
10008482:	b003      	add	sp, #12
10008484:	e8bd 8ff0 	ldmia.w	sp!, {r4, r5, r6, r7, r8, r9, sl, fp, pc}
10008488:	2b00      	cmp	r3, #0
1000848a:	f023 0507 	bic.w	r5, r3, #7
1000848e:	f2c0 8089 	blt.w	100085a4 <_malloc_r+0x174>
10008492:	42a9      	cmp	r1, r5
10008494:	f200 8086 	bhi.w	100085a4 <_malloc_r+0x174>
10008498:	f000 fa86 	bl	100089a8 <__malloc_lock>
1000849c:	f5b5 7ffc 	cmp.w	r5, #504	@ 0x1f8
100084a0:	f0c0 827b 	bcc.w	1000899a <_malloc_r+0x56a>
100084a4:	0a6b      	lsrs	r3, r5, #9
100084a6:	f000 8084 	beq.w	100085b2 <_malloc_r+0x182>
100084aa:	2b04      	cmp	r3, #4
100084ac:	f200 8162 	bhi.w	10008774 <_malloc_r+0x344>
100084b0:	09ab      	lsrs	r3, r5, #6
100084b2:	f103 0039 	add.w	r0, r3, #57	@ 0x39
100084b6:	f103 0e38 	add.w	lr, r3, #56	@ 0x38
100084ba:	00c3      	lsls	r3, r0, #3
100084bc:	4e9f      	ldr	r6, [pc, #636]	@ (1000873c <_malloc_r+0x30c>)
100084be:	4433      	add	r3, r6
100084c0:	f1a3 0c08 	sub.w	ip, r3, #8
100084c4:	685c      	ldr	r4, [r3, #4]
100084c6:	45a4      	cmp	ip, r4
100084c8:	d107      	bne.n	100084da <_malloc_r+0xaa>
100084ca:	e00d      	b.n	100084e8 <_malloc_r+0xb8>
100084cc:	2a00      	cmp	r2, #0
100084ce:	68e1      	ldr	r1, [r4, #12]
100084d0:	f280 8116 	bge.w	10008700 <_malloc_r+0x2d0>
100084d4:	458c      	cmp	ip, r1
100084d6:	460c      	mov	r4, r1
100084d8:	d006      	beq.n	100084e8 <_malloc_r+0xb8>
100084da:	6863      	ldr	r3, [r4, #4]
100084dc:	f023 0303 	bic.w	r3, r3, #3
100084e0:	1b5a      	subs	r2, r3, r5
100084e2:	2a0f      	cmp	r2, #15
100084e4:	ddf2      	ble.n	100084cc <_malloc_r+0x9c>
100084e6:	4670      	mov	r0, lr
100084e8:	f8df 8268 	ldr.w	r8, [pc, #616]	@ 10008754 <_malloc_r+0x324>
100084ec:	6934      	ldr	r4, [r6, #16]
100084ee:	4544      	cmp	r4, r8
100084f0:	f000 80f2 	beq.w	100086d8 <_malloc_r+0x2a8>
100084f4:	6863      	ldr	r3, [r4, #4]
100084f6:	f023 0c03 	bic.w	ip, r3, #3
100084fa:	ebac 0305 	sub.w	r3, ip, r5
100084fe:	2b0f      	cmp	r3, #15
10008500:	f300 8174 	bgt.w	100087ec <_malloc_r+0x3bc>
10008504:	2b00      	cmp	r3, #0
10008506:	e9c6 8804 	strd	r8, r8, [r6, #16]
1000850a:	f280 8163 	bge.w	100087d4 <_malloc_r+0x3a4>
1000850e:	f5bc 7f00 	cmp.w	ip, #512	@ 0x200
10008512:	f8d6 e004 	ldr.w	lr, [r6, #4]
10008516:	f080 80ff 	bcs.w	10008718 <_malloc_r+0x2e8>
1000851a:	ea4f 03dc 	mov.w	r3, ip, lsr #3
1000851e:	2201      	movs	r2, #1
10008520:	ea4f 1c5c 	mov.w	ip, ip, lsr #5
10008524:	3301      	adds	r3, #1
10008526:	fa02 f20c 	lsl.w	r2, r2, ip
1000852a:	f856 1033 	ldr.w	r1, [r6, r3, lsl #3]
1000852e:	ea4e 0e02 	orr.w	lr, lr, r2
10008532:	eb06 02c3 	add.w	r2, r6, r3, lsl #3
10008536:	3a08      	subs	r2, #8
10008538:	f8c6 e004 	str.w	lr, [r6, #4]
1000853c:	e9c4 1202 	strd	r1, r2, [r4, #8]
10008540:	f846 4033 	str.w	r4, [r6, r3, lsl #3]
10008544:	60cc      	str	r4, [r1, #12]
10008546:	1083      	asrs	r3, r0, #2
10008548:	f04f 0c01 	mov.w	ip, #1
1000854c:	fa0c fc03 	lsl.w	ip, ip, r3
10008550:	45f4      	cmp	ip, lr
10008552:	d834      	bhi.n	100085be <_malloc_r+0x18e>
10008554:	ea1c 0f0e 	tst.w	ip, lr
10008558:	d107      	bne.n	1000856a <_malloc_r+0x13a>
1000855a:	f020 0003 	bic.w	r0, r0, #3
1000855e:	ea4f 0c4c 	mov.w	ip, ip, lsl #1
10008562:	3004      	adds	r0, #4
10008564:	ea1c 0f0e 	tst.w	ip, lr
10008568:	d0f9      	beq.n	1000855e <_malloc_r+0x12e>
1000856a:	eb06 0ac0 	add.w	sl, r6, r0, lsl #3
1000856e:	4681      	mov	r9, r0
10008570:	46d6      	mov	lr, sl
10008572:	f8de 300c 	ldr.w	r3, [lr, #12]
10008576:	e00b      	b.n	10008590 <_malloc_r+0x160>
10008578:	685a      	ldr	r2, [r3, #4]
1000857a:	461c      	mov	r4, r3
1000857c:	68db      	ldr	r3, [r3, #12]
1000857e:	f022 0203 	bic.w	r2, r2, #3
10008582:	1b51      	subs	r1, r2, r5
10008584:	290f      	cmp	r1, #15
10008586:	f300 8101 	bgt.w	1000878c <_malloc_r+0x35c>
1000858a:	2900      	cmp	r1, #0
1000858c:	f280 8115 	bge.w	100087ba <_malloc_r+0x38a>
10008590:	459e      	cmp	lr, r3
10008592:	d1f1      	bne.n	10008578 <_malloc_r+0x148>
10008594:	f109 0901 	add.w	r9, r9, #1
10008598:	f10e 0e08 	add.w	lr, lr, #8
1000859c:	f019 0f03 	tst.w	r9, #3
100085a0:	d1e7      	bne.n	10008572 <_malloc_r+0x142>
100085a2:	e158      	b.n	10008856 <_malloc_r+0x426>
100085a4:	230c      	movs	r3, #12
100085a6:	603b      	str	r3, [r7, #0]
100085a8:	2400      	movs	r4, #0
100085aa:	4620      	mov	r0, r4
100085ac:	b003      	add	sp, #12
100085ae:	e8bd 8ff0 	ldmia.w	sp!, {r4, r5, r6, r7, r8, r9, sl, fp, pc}
100085b2:	f44f 7300 	mov.w	r3, #512	@ 0x200
100085b6:	2040      	movs	r0, #64	@ 0x40
100085b8:	f04f 0e3f 	mov.w	lr, #63	@ 0x3f
100085bc:	e77e      	b.n	100084bc <_malloc_r+0x8c>
100085be:	68b4      	ldr	r4, [r6, #8]
100085c0:	6863      	ldr	r3, [r4, #4]
100085c2:	f023 0903 	bic.w	r9, r3, #3
100085c6:	45a9      	cmp	r9, r5
100085c8:	eba9 0305 	sub.w	r3, r9, r5
100085cc:	d302      	bcc.n	100085d4 <_malloc_r+0x1a4>
100085ce:	2b0f      	cmp	r3, #15
100085d0:	f300 8085 	bgt.w	100086de <_malloc_r+0x2ae>
100085d4:	4b5a      	ldr	r3, [pc, #360]	@ (10008740 <_malloc_r+0x310>)
100085d6:	2008      	movs	r0, #8
100085d8:	681b      	ldr	r3, [r3, #0]
100085da:	f103 0810 	add.w	r8, r3, #16
100085de:	eb04 0309 	add.w	r3, r4, r9
100085e2:	9300      	str	r3, [sp, #0]
100085e4:	f000 fa56 	bl	10008a94 <sysconf>
100085e8:	4a56      	ldr	r2, [pc, #344]	@ (10008744 <_malloc_r+0x314>)
100085ea:	44a8      	add	r8, r5
100085ec:	4683      	mov	fp, r0
100085ee:	6813      	ldr	r3, [r2, #0]
100085f0:	3301      	adds	r3, #1
100085f2:	d005      	beq.n	10008600 <_malloc_r+0x1d0>
100085f4:	f108 38ff 	add.w	r8, r8, #4294967295
100085f8:	4243      	negs	r3, r0
100085fa:	4480      	add	r8, r0
100085fc:	ea03 0808 	and.w	r8, r3, r8
10008600:	4641      	mov	r1, r8
10008602:	4638      	mov	r0, r7
10008604:	f000 fa2a 	bl	10008a5c <_sbrk_r>
10008608:	f1b0 3fff 	cmp.w	r0, #4294967295
1000860c:	4682      	mov	sl, r0
1000860e:	4a4d      	ldr	r2, [pc, #308]	@ (10008744 <_malloc_r+0x314>)
10008610:	f000 8107 	beq.w	10008822 <_malloc_r+0x3f2>
10008614:	eb04 0309 	add.w	r3, r4, r9
10008618:	4283      	cmp	r3, r0
1000861a:	f200 8100 	bhi.w	1000881e <_malloc_r+0x3ee>
1000861e:	4b4a      	ldr	r3, [pc, #296]	@ (10008748 <_malloc_r+0x318>)
10008620:	f10b 3cff 	add.w	ip, fp, #4294967295
10008624:	6818      	ldr	r0, [r3, #0]
10008626:	4440      	add	r0, r8
10008628:	6018      	str	r0, [r3, #0]
1000862a:	f000 8164 	beq.w	100088f6 <_malloc_r+0x4c6>
1000862e:	6811      	ldr	r1, [r2, #0]
10008630:	3101      	adds	r1, #1
10008632:	f000 816c 	beq.w	1000890e <_malloc_r+0x4de>
10008636:	eb04 0209 	add.w	r2, r4, r9
1000863a:	ebaa 0202 	sub.w	r2, sl, r2
1000863e:	4402      	add	r2, r0
10008640:	601a      	str	r2, [r3, #0]
10008642:	f01a 0207 	ands.w	r2, sl, #7
10008646:	e9cd 2300 	strd	r2, r3, [sp]
1000864a:	f000 8127 	beq.w	1000889c <_malloc_r+0x46c>
1000864e:	f1c2 0208 	rsb	r2, r2, #8
10008652:	4638      	mov	r0, r7
10008654:	4492      	add	sl, r2
10008656:	445a      	add	r2, fp
10008658:	44d0      	add	r8, sl
1000865a:	ea08 010c 	and.w	r1, r8, ip
1000865e:	1a52      	subs	r2, r2, r1
10008660:	ea02 0b0c 	and.w	fp, r2, ip
10008664:	4659      	mov	r1, fp
10008666:	f000 f9f9 	bl	10008a5c <_sbrk_r>
1000866a:	1c42      	adds	r2, r0, #1
1000866c:	9b01      	ldr	r3, [sp, #4]
1000866e:	f000 816a 	beq.w	10008946 <_malloc_r+0x516>
10008672:	eba0 000a 	sub.w	r0, r0, sl
10008676:	eb00 080b 	add.w	r8, r0, fp
1000867a:	6818      	ldr	r0, [r3, #0]
1000867c:	f048 0201 	orr.w	r2, r8, #1
10008680:	42b4      	cmp	r4, r6
10008682:	f8c6 a008 	str.w	sl, [r6, #8]
10008686:	4458      	add	r0, fp
10008688:	f8ca 2004 	str.w	r2, [sl, #4]
1000868c:	6018      	str	r0, [r3, #0]
1000868e:	d017      	beq.n	100086c0 <_malloc_r+0x290>
10008690:	f1b9 0f0f 	cmp.w	r9, #15
10008694:	f240 813e 	bls.w	10008914 <_malloc_r+0x4e4>
10008698:	6861      	ldr	r1, [r4, #4]
1000869a:	f1a9 020c 	sub.w	r2, r9, #12
1000869e:	f04f 0c05 	mov.w	ip, #5
100086a2:	f022 0207 	bic.w	r2, r2, #7
100086a6:	f001 0101 	and.w	r1, r1, #1
100086aa:	4311      	orrs	r1, r2
100086ac:	2a0f      	cmp	r2, #15
100086ae:	6061      	str	r1, [r4, #4]
100086b0:	eb04 0102 	add.w	r1, r4, r2
100086b4:	e9c1 cc01 	strd	ip, ip, [r1, #4]
100086b8:	f200 814d 	bhi.w	10008956 <_malloc_r+0x526>
100086bc:	f8da 2004 	ldr.w	r2, [sl, #4]
100086c0:	4b22      	ldr	r3, [pc, #136]	@ (1000874c <_malloc_r+0x31c>)
100086c2:	4654      	mov	r4, sl
100086c4:	6819      	ldr	r1, [r3, #0]
100086c6:	4281      	cmp	r1, r0
100086c8:	bf38      	it	cc
100086ca:	6018      	strcc	r0, [r3, #0]
100086cc:	4b20      	ldr	r3, [pc, #128]	@ (10008750 <_malloc_r+0x320>)
100086ce:	6819      	ldr	r1, [r3, #0]
100086d0:	4281      	cmp	r1, r0
100086d2:	bf38      	it	cc
100086d4:	6018      	strcc	r0, [r3, #0]
100086d6:	e0a6      	b.n	10008826 <_malloc_r+0x3f6>
100086d8:	f8d6 e004 	ldr.w	lr, [r6, #4]
100086dc:	e733      	b.n	10008546 <_malloc_r+0x116>
100086de:	1962      	adds	r2, r4, r5
100086e0:	f045 0501 	orr.w	r5, r5, #1
100086e4:	f043 0301 	orr.w	r3, r3, #1
100086e8:	3408      	adds	r4, #8
100086ea:	f844 5c04 	str.w	r5, [r4, #-4]
100086ee:	4638      	mov	r0, r7
100086f0:	60b2      	str	r2, [r6, #8]
100086f2:	6053      	str	r3, [r2, #4]
100086f4:	f000 f95e 	bl	100089b4 <__malloc_unlock>
100086f8:	4620      	mov	r0, r4
100086fa:	b003      	add	sp, #12
100086fc:	e8bd 8ff0 	ldmia.w	sp!, {r4, r5, r6, r7, r8, r9, sl, fp, pc}
10008700:	68a2      	ldr	r2, [r4, #8]
10008702:	4423      	add	r3, r4
10008704:	4638      	mov	r0, r7
10008706:	60d1      	str	r1, [r2, #12]
10008708:	608a      	str	r2, [r1, #8]
1000870a:	e6b2      	b.n	10008472 <_malloc_r+0x42>
1000870c:	68dc      	ldr	r4, [r3, #12]
1000870e:	42a3      	cmp	r3, r4
10008710:	f47f aea6 	bne.w	10008460 <_malloc_r+0x30>
10008714:	3002      	adds	r0, #2
10008716:	e6e7      	b.n	100084e8 <_malloc_r+0xb8>
10008718:	f5bc 6f20 	cmp.w	ip, #2560	@ 0xa00
1000871c:	ea4f 225c 	mov.w	r2, ip, lsr #9
10008720:	d376      	bcc.n	10008810 <_malloc_r+0x3e0>
10008722:	2a14      	cmp	r2, #20
10008724:	f200 80cd 	bhi.w	100088c2 <_malloc_r+0x492>
10008728:	f102 035c 	add.w	r3, r2, #92	@ 0x5c
1000872c:	325b      	adds	r2, #91	@ 0x5b
1000872e:	00db      	lsls	r3, r3, #3
10008730:	18f1      	adds	r1, r6, r3
10008732:	58f3      	ldr	r3, [r6, r3]
10008734:	3908      	subs	r1, #8
10008736:	4299      	cmp	r1, r3
10008738:	d111      	bne.n	1000875e <_malloc_r+0x32e>
1000873a:	e0a5      	b.n	10008888 <_malloc_r+0x458>
1000873c:	200015b0 	.word	0x200015b0
10008740:	20001d14 	.word	0x20001d14
10008744:	200015a4 	.word	0x200015a4
10008748:	20001ce4 	.word	0x20001ce4
1000874c:	20001d0c 	.word	0x20001d0c
10008750:	20001d10 	.word	0x20001d10
10008754:	200015b8 	.word	0x200015b8
10008758:	689b      	ldr	r3, [r3, #8]
1000875a:	4299      	cmp	r1, r3
1000875c:	d004      	beq.n	10008768 <_malloc_r+0x338>
1000875e:	685a      	ldr	r2, [r3, #4]
10008760:	f022 0203 	bic.w	r2, r2, #3
10008764:	4562      	cmp	r2, ip
10008766:	d8f7      	bhi.n	10008758 <_malloc_r+0x328>
10008768:	68d9      	ldr	r1, [r3, #12]
1000876a:	e9c4 3102 	strd	r3, r1, [r4, #8]
1000876e:	608c      	str	r4, [r1, #8]
10008770:	60dc      	str	r4, [r3, #12]
10008772:	e6e8      	b.n	10008546 <_malloc_r+0x116>
10008774:	2b14      	cmp	r3, #20
10008776:	d963      	bls.n	10008840 <_malloc_r+0x410>
10008778:	2b54      	cmp	r3, #84	@ 0x54
1000877a:	f200 80ab 	bhi.w	100088d4 <_malloc_r+0x4a4>
1000877e:	0b2b      	lsrs	r3, r5, #12
10008780:	f103 006f 	add.w	r0, r3, #111	@ 0x6f
10008784:	f103 0e6e 	add.w	lr, r3, #110	@ 0x6e
10008788:	00c3      	lsls	r3, r0, #3
1000878a:	e697      	b.n	100084bc <_malloc_r+0x8c>
1000878c:	f8d4 c008 	ldr.w	ip, [r4, #8]
10008790:	4638      	mov	r0, r7
10008792:	1967      	adds	r7, r4, r5
10008794:	f045 0501 	orr.w	r5, r5, #1
10008798:	6065      	str	r5, [r4, #4]
1000879a:	f8cc 300c 	str.w	r3, [ip, #12]
1000879e:	f8c3 c008 	str.w	ip, [r3, #8]
100087a2:	f041 0301 	orr.w	r3, r1, #1
100087a6:	e9c6 7704 	strd	r7, r7, [r6, #16]
100087aa:	e9c7 8802 	strd	r8, r8, [r7, #8]
100087ae:	607b      	str	r3, [r7, #4]
100087b0:	50a1      	str	r1, [r4, r2]
100087b2:	3408      	adds	r4, #8
100087b4:	f000 f8fe 	bl	100089b4 <__malloc_unlock>
100087b8:	e6f7      	b.n	100085aa <_malloc_r+0x17a>
100087ba:	4422      	add	r2, r4
100087bc:	4638      	mov	r0, r7
100087be:	6851      	ldr	r1, [r2, #4]
100087c0:	f041 0101 	orr.w	r1, r1, #1
100087c4:	6051      	str	r1, [r2, #4]
100087c6:	f854 2f08 	ldr.w	r2, [r4, #8]!
100087ca:	60d3      	str	r3, [r2, #12]
100087cc:	609a      	str	r2, [r3, #8]
100087ce:	f000 f8f1 	bl	100089b4 <__malloc_unlock>
100087d2:	e6ea      	b.n	100085aa <_malloc_r+0x17a>
100087d4:	44a4      	add	ip, r4
100087d6:	4638      	mov	r0, r7
100087d8:	3408      	adds	r4, #8
100087da:	f8dc 3004 	ldr.w	r3, [ip, #4]
100087de:	f043 0301 	orr.w	r3, r3, #1
100087e2:	f8cc 3004 	str.w	r3, [ip, #4]
100087e6:	f000 f8e5 	bl	100089b4 <__malloc_unlock>
100087ea:	e6de      	b.n	100085aa <_malloc_r+0x17a>
100087ec:	1962      	adds	r2, r4, r5
100087ee:	f043 0101 	orr.w	r1, r3, #1
100087f2:	f045 0501 	orr.w	r5, r5, #1
100087f6:	4638      	mov	r0, r7
100087f8:	6065      	str	r5, [r4, #4]
100087fa:	e9c6 2204 	strd	r2, r2, [r6, #16]
100087fe:	e9c2 8802 	strd	r8, r8, [r2, #8]
10008802:	6051      	str	r1, [r2, #4]
10008804:	f844 300c 	str.w	r3, [r4, ip]
10008808:	3408      	adds	r4, #8
1000880a:	f000 f8d3 	bl	100089b4 <__malloc_unlock>
1000880e:	e6cc      	b.n	100085aa <_malloc_r+0x17a>
10008810:	ea4f 129c 	mov.w	r2, ip, lsr #6
10008814:	f102 0339 	add.w	r3, r2, #57	@ 0x39
10008818:	3238      	adds	r2, #56	@ 0x38
1000881a:	00db      	lsls	r3, r3, #3
1000881c:	e788      	b.n	10008730 <_malloc_r+0x300>
1000881e:	42b4      	cmp	r4, r6
10008820:	d062      	beq.n	100088e8 <_malloc_r+0x4b8>
10008822:	68b4      	ldr	r4, [r6, #8]
10008824:	6862      	ldr	r2, [r4, #4]
10008826:	f022 0803 	bic.w	r8, r2, #3
1000882a:	45a8      	cmp	r8, r5
1000882c:	eba8 0305 	sub.w	r3, r8, r5
10008830:	d302      	bcc.n	10008838 <_malloc_r+0x408>
10008832:	2b0f      	cmp	r3, #15
10008834:	f73f af53 	bgt.w	100086de <_malloc_r+0x2ae>
10008838:	4638      	mov	r0, r7
1000883a:	f000 f8bb 	bl	100089b4 <__malloc_unlock>
1000883e:	e6b3      	b.n	100085a8 <_malloc_r+0x178>
10008840:	f103 005c 	add.w	r0, r3, #92	@ 0x5c
10008844:	f103 0e5b 	add.w	lr, r3, #91	@ 0x5b
10008848:	00c3      	lsls	r3, r0, #3
1000884a:	e637      	b.n	100084bc <_malloc_r+0x8c>
1000884c:	f85a 3908 	ldr.w	r3, [sl], #-8
10008850:	4553      	cmp	r3, sl
10008852:	f040 80a0 	bne.w	10008996 <_malloc_r+0x566>
10008856:	f010 0f03 	tst.w	r0, #3
1000885a:	f100 30ff 	add.w	r0, r0, #4294967295
1000885e:	d1f5      	bne.n	1000884c <_malloc_r+0x41c>
10008860:	6873      	ldr	r3, [r6, #4]
10008862:	ea23 030c 	bic.w	r3, r3, ip
10008866:	6073      	str	r3, [r6, #4]
10008868:	ea4f 0c4c 	mov.w	ip, ip, lsl #1
1000886c:	f10c 32ff 	add.w	r2, ip, #4294967295
10008870:	429a      	cmp	r2, r3
10008872:	d304      	bcc.n	1000887e <_malloc_r+0x44e>
10008874:	e6a3      	b.n	100085be <_malloc_r+0x18e>
10008876:	ea4f 0c4c 	mov.w	ip, ip, lsl #1
1000887a:	f109 0904 	add.w	r9, r9, #4
1000887e:	ea1c 0f03 	tst.w	ip, r3
10008882:	d0f8      	beq.n	10008876 <_malloc_r+0x446>
10008884:	4648      	mov	r0, r9
10008886:	e670      	b.n	1000856a <_malloc_r+0x13a>
10008888:	1092      	asrs	r2, r2, #2
1000888a:	f04f 0c01 	mov.w	ip, #1
1000888e:	fa0c f202 	lsl.w	r2, ip, r2
10008892:	ea4e 0e02 	orr.w	lr, lr, r2
10008896:	f8c6 e004 	str.w	lr, [r6, #4]
1000889a:	e766      	b.n	1000876a <_malloc_r+0x33a>
1000889c:	eb0a 0208 	add.w	r2, sl, r8
100088a0:	4638      	mov	r0, r7
100088a2:	ea02 020c 	and.w	r2, r2, ip
100088a6:	ebab 0b02 	sub.w	fp, fp, r2
100088aa:	ea0b 0b0c 	and.w	fp, fp, ip
100088ae:	4659      	mov	r1, fp
100088b0:	f000 f8d4 	bl	10008a5c <_sbrk_r>
100088b4:	1c43      	adds	r3, r0, #1
100088b6:	9b01      	ldr	r3, [sp, #4]
100088b8:	f47f aedb 	bne.w	10008672 <_malloc_r+0x242>
100088bc:	f8dd b000 	ldr.w	fp, [sp]
100088c0:	e6db      	b.n	1000867a <_malloc_r+0x24a>
100088c2:	2a54      	cmp	r2, #84	@ 0x54
100088c4:	d82a      	bhi.n	1000891c <_malloc_r+0x4ec>
100088c6:	ea4f 321c 	mov.w	r2, ip, lsr #12
100088ca:	f102 036f 	add.w	r3, r2, #111	@ 0x6f
100088ce:	326e      	adds	r2, #110	@ 0x6e
100088d0:	00db      	lsls	r3, r3, #3
100088d2:	e72d      	b.n	10008730 <_malloc_r+0x300>
100088d4:	f5b3 7faa 	cmp.w	r3, #340	@ 0x154
100088d8:	d82a      	bhi.n	10008930 <_malloc_r+0x500>
100088da:	0beb      	lsrs	r3, r5, #15
100088dc:	f103 0078 	add.w	r0, r3, #120	@ 0x78
100088e0:	f103 0e77 	add.w	lr, r3, #119	@ 0x77
100088e4:	00c3      	lsls	r3, r0, #3
100088e6:	e5e9      	b.n	100084bc <_malloc_r+0x8c>
100088e8:	4b2e      	ldr	r3, [pc, #184]	@ (100089a4 <_malloc_r+0x574>)
100088ea:	f10b 3cff 	add.w	ip, fp, #4294967295
100088ee:	6818      	ldr	r0, [r3, #0]
100088f0:	4440      	add	r0, r8
100088f2:	6018      	str	r0, [r3, #0]
100088f4:	e69b      	b.n	1000862e <_malloc_r+0x1fe>
100088f6:	ea1a 0f0c 	tst.w	sl, ip
100088fa:	f47f ae98 	bne.w	1000862e <_malloc_r+0x1fe>
100088fe:	44c8      	add	r8, r9
10008900:	f8d6 a008 	ldr.w	sl, [r6, #8]
10008904:	f048 0201 	orr.w	r2, r8, #1
10008908:	f8ca 2004 	str.w	r2, [sl, #4]
1000890c:	e6d8      	b.n	100086c0 <_malloc_r+0x290>
1000890e:	f8c2 a000 	str.w	sl, [r2]
10008912:	e696      	b.n	10008642 <_malloc_r+0x212>
10008914:	2301      	movs	r3, #1
10008916:	f8ca 3004 	str.w	r3, [sl, #4]
1000891a:	e78d      	b.n	10008838 <_malloc_r+0x408>
1000891c:	f5b2 7faa 	cmp.w	r2, #340	@ 0x154
10008920:	d824      	bhi.n	1000896c <_malloc_r+0x53c>
10008922:	ea4f 32dc 	mov.w	r2, ip, lsr #15
10008926:	f102 0378 	add.w	r3, r2, #120	@ 0x78
1000892a:	3277      	adds	r2, #119	@ 0x77
1000892c:	00db      	lsls	r3, r3, #3
1000892e:	e6ff      	b.n	10008730 <_malloc_r+0x300>
10008930:	f240 5254 	movw	r2, #1364	@ 0x554
10008934:	4293      	cmp	r3, r2
10008936:	d824      	bhi.n	10008982 <_malloc_r+0x552>
10008938:	0cab      	lsrs	r3, r5, #18
1000893a:	f103 007d 	add.w	r0, r3, #125	@ 0x7d
1000893e:	f103 0e7c 	add.w	lr, r3, #124	@ 0x7c
10008942:	00c3      	lsls	r3, r0, #3
10008944:	e5ba      	b.n	100084bc <_malloc_r+0x8c>
10008946:	9a00      	ldr	r2, [sp, #0]
10008948:	f04f 0b00 	mov.w	fp, #0
1000894c:	3a08      	subs	r2, #8
1000894e:	4490      	add	r8, r2
10008950:	eba8 080a 	sub.w	r8, r8, sl
10008954:	e691      	b.n	1000867a <_malloc_r+0x24a>
10008956:	4638      	mov	r0, r7
10008958:	f104 0108 	add.w	r1, r4, #8
1000895c:	9300      	str	r3, [sp, #0]
1000895e:	f000 f9a7 	bl	10008cb0 <_free_r>
10008962:	9b00      	ldr	r3, [sp, #0]
10008964:	f8d6 a008 	ldr.w	sl, [r6, #8]
10008968:	6818      	ldr	r0, [r3, #0]
1000896a:	e6a7      	b.n	100086bc <_malloc_r+0x28c>
1000896c:	f240 5354 	movw	r3, #1364	@ 0x554
10008970:	429a      	cmp	r2, r3
10008972:	d80c      	bhi.n	1000898e <_malloc_r+0x55e>
10008974:	ea4f 429c 	mov.w	r2, ip, lsr #18
10008978:	f102 037d 	add.w	r3, r2, #125	@ 0x7d
1000897c:	327c      	adds	r2, #124	@ 0x7c
1000897e:	00db      	lsls	r3, r3, #3
10008980:	e6d6      	b.n	10008730 <_malloc_r+0x300>
10008982:	f44f 737e 	mov.w	r3, #1016	@ 0x3f8
10008986:	207f      	movs	r0, #127	@ 0x7f
10008988:	f04f 0e7e 	mov.w	lr, #126	@ 0x7e
1000898c:	e596      	b.n	100084bc <_malloc_r+0x8c>
1000898e:	f44f 737e 	mov.w	r3, #1016	@ 0x3f8
10008992:	227e      	movs	r2, #126	@ 0x7e
10008994:	e6cc      	b.n	10008730 <_malloc_r+0x300>
10008996:	6873      	ldr	r3, [r6, #4]
10008998:	e766      	b.n	10008868 <_malloc_r+0x438>
1000899a:	08e8      	lsrs	r0, r5, #3
1000899c:	f105 0308 	add.w	r3, r5, #8
100089a0:	e556      	b.n	10008450 <_malloc_r+0x20>
100089a2:	bf00      	nop
100089a4:	20001ce4 	.word	0x20001ce4

100089a8 <__malloc_lock>:
100089a8:	4801      	ldr	r0, [pc, #4]	@ (100089b0 <__malloc_lock+0x8>)
100089aa:	f000 b86f 	b.w	10008a8c <__retarget_lock_acquire_recursive>
100089ae:	bf00      	nop
100089b0:	20001ce0 	.word	0x20001ce0

100089b4 <__malloc_unlock>:
100089b4:	4801      	ldr	r0, [pc, #4]	@ (100089bc <__malloc_unlock+0x8>)
100089b6:	f000 b86b 	b.w	10008a90 <__retarget_lock_release_recursive>
100089ba:	bf00      	nop
100089bc:	20001ce0 	.word	0x20001ce0

100089c0 <memset>:
100089c0:	0783      	lsls	r3, r0, #30
100089c2:	b530      	push	{r4, r5, lr}
100089c4:	d046      	beq.n	10008a54 <memset+0x94>
100089c6:	1884      	adds	r4, r0, r2
100089c8:	4684      	mov	ip, r0
100089ca:	e004      	b.n	100089d6 <memset+0x16>
100089cc:	f803 1b01 	strb.w	r1, [r3], #1
100089d0:	079d      	lsls	r5, r3, #30
100089d2:	d004      	beq.n	100089de <memset+0x1e>
100089d4:	469c      	mov	ip, r3
100089d6:	45a4      	cmp	ip, r4
100089d8:	4663      	mov	r3, ip
100089da:	d1f7      	bne.n	100089cc <memset+0xc>
100089dc:	bd30      	pop	{r4, r5, pc}
100089de:	3a01      	subs	r2, #1
100089e0:	4402      	add	r2, r0
100089e2:	eba2 020c 	sub.w	r2, r2, ip
100089e6:	2a03      	cmp	r2, #3
100089e8:	d929      	bls.n	10008a3e <memset+0x7e>
100089ea:	b2cc      	uxtb	r4, r1
100089ec:	2a0f      	cmp	r2, #15
100089ee:	eb04 2404 	add.w	r4, r4, r4, lsl #8
100089f2:	eb04 4404 	add.w	r4, r4, r4, lsl #16
100089f6:	d92f      	bls.n	10008a58 <memset+0x98>
100089f8:	f1a2 0c10 	sub.w	ip, r2, #16
100089fc:	f103 0510 	add.w	r5, r3, #16
10008a00:	f02c 0c0f 	bic.w	ip, ip, #15
10008a04:	44ac      	add	ip, r5
10008a06:	e9c3 4400 	strd	r4, r4, [r3]
10008a0a:	e9c3 4402 	strd	r4, r4, [r3, #8]
10008a0e:	3310      	adds	r3, #16
10008a10:	4563      	cmp	r3, ip
10008a12:	d1f8      	bne.n	10008a06 <memset+0x46>
10008a14:	f012 0f0c 	tst.w	r2, #12
10008a18:	f002 0e0f 	and.w	lr, r2, #15
10008a1c:	d018      	beq.n	10008a50 <memset+0x90>
10008a1e:	f02e 0c03 	bic.w	ip, lr, #3
10008a22:	f1ae 0504 	sub.w	r5, lr, #4
10008a26:	461a      	mov	r2, r3
10008a28:	449c      	add	ip, r3
10008a2a:	f842 4b04 	str.w	r4, [r2], #4
10008a2e:	4562      	cmp	r2, ip
10008a30:	d1fb      	bne.n	10008a2a <memset+0x6a>
10008a32:	f025 0403 	bic.w	r4, r5, #3
10008a36:	3304      	adds	r3, #4
10008a38:	f00e 0203 	and.w	r2, lr, #3
10008a3c:	4423      	add	r3, r4
10008a3e:	2a00      	cmp	r2, #0
10008a40:	d0cc      	beq.n	100089dc <memset+0x1c>
10008a42:	b2c9      	uxtb	r1, r1
10008a44:	441a      	add	r2, r3
10008a46:	f803 1b01 	strb.w	r1, [r3], #1
10008a4a:	4293      	cmp	r3, r2
10008a4c:	d1fb      	bne.n	10008a46 <memset+0x86>
10008a4e:	bd30      	pop	{r4, r5, pc}
10008a50:	4672      	mov	r2, lr
10008a52:	e7f4      	b.n	10008a3e <memset+0x7e>
10008a54:	4603      	mov	r3, r0
10008a56:	e7c6      	b.n	100089e6 <memset+0x26>
10008a58:	4696      	mov	lr, r2
10008a5a:	e7e0      	b.n	10008a1e <memset+0x5e>

10008a5c <_sbrk_r>:
10008a5c:	b538      	push	{r3, r4, r5, lr}
10008a5e:	2200      	movs	r2, #0
10008a60:	4d06      	ldr	r5, [pc, #24]	@ (10008a7c <_sbrk_r+0x20>)
10008a62:	4604      	mov	r4, r0
10008a64:	4608      	mov	r0, r1
10008a66:	602a      	str	r2, [r5, #0]
10008a68:	f7fa fbce 	bl	10003208 <_sbrk>
10008a6c:	1c43      	adds	r3, r0, #1
10008a6e:	d000      	beq.n	10008a72 <_sbrk_r+0x16>
10008a70:	bd38      	pop	{r3, r4, r5, pc}
10008a72:	682b      	ldr	r3, [r5, #0]
10008a74:	2b00      	cmp	r3, #0
10008a76:	d0fb      	beq.n	10008a70 <_sbrk_r+0x14>
10008a78:	6023      	str	r3, [r4, #0]
10008a7a:	bd38      	pop	{r3, r4, r5, pc}
10008a7c:	20002474 	.word	0x20002474

10008a80 <__errno>:
10008a80:	4b01      	ldr	r3, [pc, #4]	@ (10008a88 <__errno+0x8>)
10008a82:	6818      	ldr	r0, [r3, #0]
10008a84:	4770      	bx	lr
10008a86:	bf00      	nop
10008a88:	200019b8 	.word	0x200019b8

10008a8c <__retarget_lock_acquire_recursive>:
10008a8c:	4770      	bx	lr
10008a8e:	bf00      	nop

10008a90 <__retarget_lock_release_recursive>:
10008a90:	4770      	bx	lr
10008a92:	bf00      	nop

10008a94 <sysconf>:
10008a94:	2808      	cmp	r0, #8
10008a96:	d102      	bne.n	10008a9e <sysconf+0xa>
10008a98:	f44f 5080 	mov.w	r0, #4096	@ 0x1000
10008a9c:	4770      	bx	lr
10008a9e:	b508      	push	{r3, lr}
10008aa0:	f7ff ffee 	bl	10008a80 <__errno>
10008aa4:	2216      	movs	r2, #22
10008aa6:	4603      	mov	r3, r0
10008aa8:	f04f 30ff 	mov.w	r0, #4294967295
10008aac:	601a      	str	r2, [r3, #0]
10008aae:	bd08      	pop	{r3, pc}

10008ab0 <memcpy>:
10008ab0:	4684      	mov	ip, r0
10008ab2:	ea41 0300 	orr.w	r3, r1, r0
10008ab6:	f013 0303 	ands.w	r3, r3, #3
10008aba:	d149      	bne.n	10008b50 <memcpy+0xa0>
10008abc:	3a40      	subs	r2, #64	@ 0x40
10008abe:	d323      	bcc.n	10008b08 <memcpy+0x58>
10008ac0:	680b      	ldr	r3, [r1, #0]
10008ac2:	6003      	str	r3, [r0, #0]
10008ac4:	684b      	ldr	r3, [r1, #4]
10008ac6:	6043      	str	r3, [r0, #4]
10008ac8:	688b      	ldr	r3, [r1, #8]
10008aca:	6083      	str	r3, [r0, #8]
10008acc:	68cb      	ldr	r3, [r1, #12]
10008ace:	60c3      	str	r3, [r0, #12]
10008ad0:	690b      	ldr	r3, [r1, #16]
10008ad2:	6103      	str	r3, [r0, #16]
10008ad4:	694b      	ldr	r3, [r1, #20]
10008ad6:	6143      	str	r3, [r0, #20]
10008ad8:	698b      	ldr	r3, [r1, #24]
10008ada:	6183      	str	r3, [r0, #24]
10008adc:	69cb      	ldr	r3, [r1, #28]
10008ade:	61c3      	str	r3, [r0, #28]
10008ae0:	6a0b      	ldr	r3, [r1, #32]
10008ae2:	6203      	str	r3, [r0, #32]
10008ae4:	6a4b      	ldr	r3, [r1, #36]	@ 0x24
10008ae6:	6243      	str	r3, [r0, #36]	@ 0x24
10008ae8:	6a8b      	ldr	r3, [r1, #40]	@ 0x28
10008aea:	6283      	str	r3, [r0, #40]	@ 0x28
10008aec:	6acb      	ldr	r3, [r1, #44]	@ 0x2c
10008aee:	62c3      	str	r3, [r0, #44]	@ 0x2c
10008af0:	6b0b      	ldr	r3, [r1, #48]	@ 0x30
10008af2:	6303      	str	r3, [r0, #48]	@ 0x30
10008af4:	6b4b      	ldr	r3, [r1, #52]	@ 0x34
10008af6:	6343      	str	r3, [r0, #52]	@ 0x34
10008af8:	6b8b      	ldr	r3, [r1, #56]	@ 0x38
10008afa:	6383      	str	r3, [r0, #56]	@ 0x38
10008afc:	6bcb      	ldr	r3, [r1, #60]	@ 0x3c
10008afe:	63c3      	str	r3, [r0, #60]	@ 0x3c
10008b00:	3040      	adds	r0, #64	@ 0x40
10008b02:	3140      	adds	r1, #64	@ 0x40
10008b04:	3a40      	subs	r2, #64	@ 0x40
10008b06:	d2db      	bcs.n	10008ac0 <memcpy+0x10>
10008b08:	3230      	adds	r2, #48	@ 0x30
10008b0a:	d30b      	bcc.n	10008b24 <memcpy+0x74>
10008b0c:	680b      	ldr	r3, [r1, #0]
10008b0e:	6003      	str	r3, [r0, #0]
10008b10:	684b      	ldr	r3, [r1, #4]
10008b12:	6043      	str	r3, [r0, #4]
10008b14:	688b      	ldr	r3, [r1, #8]
10008b16:	6083      	str	r3, [r0, #8]
10008b18:	68cb      	ldr	r3, [r1, #12]
10008b1a:	60c3      	str	r3, [r0, #12]
10008b1c:	3010      	adds	r0, #16
10008b1e:	3110      	adds	r1, #16
10008b20:	3a10      	subs	r2, #16
10008b22:	d2f3      	bcs.n	10008b0c <memcpy+0x5c>
10008b24:	320c      	adds	r2, #12
10008b26:	d305      	bcc.n	10008b34 <memcpy+0x84>
10008b28:	f851 3b04 	ldr.w	r3, [r1], #4
10008b2c:	f840 3b04 	str.w	r3, [r0], #4
10008b30:	3a04      	subs	r2, #4
10008b32:	d2f9      	bcs.n	10008b28 <memcpy+0x78>
10008b34:	3204      	adds	r2, #4
10008b36:	d008      	beq.n	10008b4a <memcpy+0x9a>
10008b38:	07d2      	lsls	r2, r2, #31
10008b3a:	bf1c      	itt	ne
10008b3c:	f811 3b01 	ldrbne.w	r3, [r1], #1
10008b40:	f800 3b01 	strbne.w	r3, [r0], #1
10008b44:	d301      	bcc.n	10008b4a <memcpy+0x9a>
10008b46:	880b      	ldrh	r3, [r1, #0]
10008b48:	8003      	strh	r3, [r0, #0]
10008b4a:	4660      	mov	r0, ip
10008b4c:	4770      	bx	lr
10008b4e:	bf00      	nop
10008b50:	2a08      	cmp	r2, #8
10008b52:	d313      	bcc.n	10008b7c <memcpy+0xcc>
10008b54:	078b      	lsls	r3, r1, #30
10008b56:	d0b1      	beq.n	10008abc <memcpy+0xc>
10008b58:	f010 0303 	ands.w	r3, r0, #3
10008b5c:	d0ae      	beq.n	10008abc <memcpy+0xc>
10008b5e:	f1c3 0304 	rsb	r3, r3, #4
10008b62:	1ad2      	subs	r2, r2, r3
10008b64:	07db      	lsls	r3, r3, #31
10008b66:	bf1c      	itt	ne
10008b68:	f811 3b01 	ldrbne.w	r3, [r1], #1
10008b6c:	f800 3b01 	strbne.w	r3, [r0], #1
10008b70:	d3a4      	bcc.n	10008abc <memcpy+0xc>
10008b72:	f831 3b02 	ldrh.w	r3, [r1], #2
10008b76:	f820 3b02 	strh.w	r3, [r0], #2
10008b7a:	e79f      	b.n	10008abc <memcpy+0xc>
10008b7c:	3a04      	subs	r2, #4
10008b7e:	d3d9      	bcc.n	10008b34 <memcpy+0x84>
10008b80:	3a01      	subs	r2, #1
10008b82:	f811 3b01 	ldrb.w	r3, [r1], #1
10008b86:	f800 3b01 	strb.w	r3, [r0], #1
10008b8a:	d2f9      	bcs.n	10008b80 <memcpy+0xd0>
10008b8c:	780b      	ldrb	r3, [r1, #0]
10008b8e:	7003      	strb	r3, [r0, #0]
10008b90:	784b      	ldrb	r3, [r1, #1]
10008b92:	7043      	strb	r3, [r0, #1]
10008b94:	788b      	ldrb	r3, [r1, #2]
10008b96:	7083      	strb	r3, [r0, #2]
10008b98:	4660      	mov	r0, ip
10008b9a:	4770      	bx	lr

10008b9c <strlen>:
10008b9c:	f020 0103 	bic.w	r1, r0, #3
10008ba0:	f010 0003 	ands.w	r0, r0, #3
10008ba4:	f1c0 0000 	rsb	r0, r0, #0
10008ba8:	f851 3b04 	ldr.w	r3, [r1], #4
10008bac:	f100 0c04 	add.w	ip, r0, #4
10008bb0:	ea4f 0ccc 	mov.w	ip, ip, lsl #3
10008bb4:	f06f 0200 	mvn.w	r2, #0
10008bb8:	bf1c      	itt	ne
10008bba:	fa22 f20c 	lsrne.w	r2, r2, ip
10008bbe:	4313      	orrne	r3, r2
10008bc0:	f04f 0c01 	mov.w	ip, #1
10008bc4:	ea4c 2c0c 	orr.w	ip, ip, ip, lsl #8
10008bc8:	ea4c 4c0c 	orr.w	ip, ip, ip, lsl #16
10008bcc:	eba3 020c 	sub.w	r2, r3, ip
10008bd0:	ea22 0203 	bic.w	r2, r2, r3
10008bd4:	ea12 12cc 	ands.w	r2, r2, ip, lsl #7
10008bd8:	bf04      	itt	eq
10008bda:	f851 3b04 	ldreq.w	r3, [r1], #4
10008bde:	3004      	addeq	r0, #4
10008be0:	d0f4      	beq.n	10008bcc <strlen+0x30>
10008be2:	f1c2 0100 	rsb	r1, r2, #0
10008be6:	ea02 0201 	and.w	r2, r2, r1
10008bea:	fab2 f282 	clz	r2, r2
10008bee:	f1c2 021f 	rsb	r2, r2, #31
10008bf2:	eb00 00d2 	add.w	r0, r0, r2, lsr #3
10008bf6:	4770      	bx	lr

10008bf8 <_malloc_trim_r>:
10008bf8:	e92d 43f8 	stmdb	sp!, {r3, r4, r5, r6, r7, r8, r9, lr}
10008bfc:	4606      	mov	r6, r0
10008bfe:	f8df 80ac 	ldr.w	r8, [pc, #172]	@ 10008cac <_malloc_trim_r+0xb4>
10008c02:	2008      	movs	r0, #8
10008c04:	4689      	mov	r9, r1
10008c06:	f7ff ff45 	bl	10008a94 <sysconf>
10008c0a:	4605      	mov	r5, r0
10008c0c:	4630      	mov	r0, r6
10008c0e:	f7ff fecb 	bl	100089a8 <__malloc_lock>
10008c12:	f8d8 3008 	ldr.w	r3, [r8, #8]
10008c16:	685f      	ldr	r7, [r3, #4]
10008c18:	f027 0703 	bic.w	r7, r7, #3
10008c1c:	f1a7 0411 	sub.w	r4, r7, #17
10008c20:	eba4 0409 	sub.w	r4, r4, r9
10008c24:	442c      	add	r4, r5
10008c26:	fbb4 f4f5 	udiv	r4, r4, r5
10008c2a:	3c01      	subs	r4, #1
10008c2c:	fb05 f404 	mul.w	r4, r5, r4
10008c30:	42a5      	cmp	r5, r4
10008c32:	dc08      	bgt.n	10008c46 <_malloc_trim_r+0x4e>
10008c34:	2100      	movs	r1, #0
10008c36:	4630      	mov	r0, r6
10008c38:	f7ff ff10 	bl	10008a5c <_sbrk_r>
10008c3c:	f8d8 3008 	ldr.w	r3, [r8, #8]
10008c40:	443b      	add	r3, r7
10008c42:	4298      	cmp	r0, r3
10008c44:	d005      	beq.n	10008c52 <_malloc_trim_r+0x5a>
10008c46:	4630      	mov	r0, r6
10008c48:	f7ff feb4 	bl	100089b4 <__malloc_unlock>
10008c4c:	2000      	movs	r0, #0
10008c4e:	e8bd 83f8 	ldmia.w	sp!, {r3, r4, r5, r6, r7, r8, r9, pc}
10008c52:	4261      	negs	r1, r4
10008c54:	4630      	mov	r0, r6
10008c56:	f7ff ff01 	bl	10008a5c <_sbrk_r>
10008c5a:	3001      	adds	r0, #1
10008c5c:	d00f      	beq.n	10008c7e <_malloc_trim_r+0x86>
10008c5e:	1b3f      	subs	r7, r7, r4
10008c60:	4a10      	ldr	r2, [pc, #64]	@ (10008ca4 <_malloc_trim_r+0xac>)
10008c62:	f8d8 3008 	ldr.w	r3, [r8, #8]
10008c66:	4630      	mov	r0, r6
10008c68:	f047 0701 	orr.w	r7, r7, #1
10008c6c:	605f      	str	r7, [r3, #4]
10008c6e:	6813      	ldr	r3, [r2, #0]
10008c70:	1b1b      	subs	r3, r3, r4
10008c72:	6013      	str	r3, [r2, #0]
10008c74:	f7ff fe9e 	bl	100089b4 <__malloc_unlock>
10008c78:	2001      	movs	r0, #1
10008c7a:	e8bd 83f8 	ldmia.w	sp!, {r3, r4, r5, r6, r7, r8, r9, pc}
10008c7e:	2100      	movs	r1, #0
10008c80:	4630      	mov	r0, r6
10008c82:	f7ff feeb 	bl	10008a5c <_sbrk_r>
10008c86:	f8d8 2008 	ldr.w	r2, [r8, #8]
10008c8a:	1a83      	subs	r3, r0, r2
10008c8c:	2b0f      	cmp	r3, #15
10008c8e:	ddda      	ble.n	10008c46 <_malloc_trim_r+0x4e>
10008c90:	f043 0301 	orr.w	r3, r3, #1
10008c94:	4903      	ldr	r1, [pc, #12]	@ (10008ca4 <_malloc_trim_r+0xac>)
10008c96:	6053      	str	r3, [r2, #4]
10008c98:	4b03      	ldr	r3, [pc, #12]	@ (10008ca8 <_malloc_trim_r+0xb0>)
10008c9a:	681b      	ldr	r3, [r3, #0]
10008c9c:	1ac0      	subs	r0, r0, r3
10008c9e:	6008      	str	r0, [r1, #0]
10008ca0:	e7d1      	b.n	10008c46 <_malloc_trim_r+0x4e>
10008ca2:	bf00      	nop
10008ca4:	20001ce4 	.word	0x20001ce4
10008ca8:	200015a4 	.word	0x200015a4
10008cac:	200015b0 	.word	0x200015b0

10008cb0 <_free_r>:
10008cb0:	2900      	cmp	r1, #0
10008cb2:	d05a      	beq.n	10008d6a <_free_r+0xba>
10008cb4:	b5f8      	push	{r3, r4, r5, r6, r7, lr}
10008cb6:	460c      	mov	r4, r1
10008cb8:	4607      	mov	r7, r0
10008cba:	f7ff fe75 	bl	100089a8 <__malloc_lock>
10008cbe:	4d73      	ldr	r5, [pc, #460]	@ (10008e8c <_free_r+0x1dc>)
10008cc0:	f854 cc04 	ldr.w	ip, [r4, #-4]
10008cc4:	f1a4 0208 	sub.w	r2, r4, #8
10008cc8:	68a8      	ldr	r0, [r5, #8]
10008cca:	f02c 0301 	bic.w	r3, ip, #1
10008cce:	f00c 0e01 	and.w	lr, ip, #1
10008cd2:	18d1      	adds	r1, r2, r3
10008cd4:	684e      	ldr	r6, [r1, #4]
10008cd6:	4288      	cmp	r0, r1
10008cd8:	f026 0603 	bic.w	r6, r6, #3
10008cdc:	d07c      	beq.n	10008dd8 <_free_r+0x128>
10008cde:	1988      	adds	r0, r1, r6
10008ce0:	604e      	str	r6, [r1, #4]
10008ce2:	6840      	ldr	r0, [r0, #4]
10008ce4:	f000 0001 	and.w	r0, r0, #1
10008ce8:	f1be 0f00 	cmp.w	lr, #0
10008cec:	d12e      	bne.n	10008d4c <_free_r+0x9c>
10008cee:	f854 4c08 	ldr.w	r4, [r4, #-8]
10008cf2:	f105 0c08 	add.w	ip, r5, #8
10008cf6:	1b12      	subs	r2, r2, r4
10008cf8:	4423      	add	r3, r4
10008cfa:	6894      	ldr	r4, [r2, #8]
10008cfc:	4564      	cmp	r4, ip
10008cfe:	d060      	beq.n	10008dc2 <_free_r+0x112>
10008d00:	f8d2 e00c 	ldr.w	lr, [r2, #12]
10008d04:	f8c4 e00c 	str.w	lr, [r4, #12]
10008d08:	f8ce 4008 	str.w	r4, [lr, #8]
10008d0c:	2800      	cmp	r0, #0
10008d0e:	d07d      	beq.n	10008e0c <_free_r+0x15c>
10008d10:	f043 0001 	orr.w	r0, r3, #1
10008d14:	6050      	str	r0, [r2, #4]
10008d16:	600b      	str	r3, [r1, #0]
10008d18:	f5b3 7f00 	cmp.w	r3, #512	@ 0x200
10008d1c:	d22e      	bcs.n	10008d7c <_free_r+0xcc>
10008d1e:	0958      	lsrs	r0, r3, #5
10008d20:	08d9      	lsrs	r1, r3, #3
10008d22:	2301      	movs	r3, #1
10008d24:	4083      	lsls	r3, r0
10008d26:	6868      	ldr	r0, [r5, #4]
10008d28:	3101      	adds	r1, #1
10008d2a:	4303      	orrs	r3, r0
10008d2c:	f855 0031 	ldr.w	r0, [r5, r1, lsl #3]
10008d30:	606b      	str	r3, [r5, #4]
10008d32:	eb05 03c1 	add.w	r3, r5, r1, lsl #3
10008d36:	3b08      	subs	r3, #8
10008d38:	e9c2 0302 	strd	r0, r3, [r2, #8]
10008d3c:	f845 2031 	str.w	r2, [r5, r1, lsl #3]
10008d40:	60c2      	str	r2, [r0, #12]
10008d42:	4638      	mov	r0, r7
10008d44:	e8bd 40f8 	ldmia.w	sp!, {r3, r4, r5, r6, r7, lr}
10008d48:	f7ff be34 	b.w	100089b4 <__malloc_unlock>
10008d4c:	b970      	cbnz	r0, 10008d6c <_free_r+0xbc>
10008d4e:	4433      	add	r3, r6
10008d50:	f105 0c08 	add.w	ip, r5, #8
10008d54:	6888      	ldr	r0, [r1, #8]
10008d56:	f043 0401 	orr.w	r4, r3, #1
10008d5a:	4560      	cmp	r0, ip
10008d5c:	d06e      	beq.n	10008e3c <_free_r+0x18c>
10008d5e:	68c9      	ldr	r1, [r1, #12]
10008d60:	60c1      	str	r1, [r0, #12]
10008d62:	6088      	str	r0, [r1, #8]
10008d64:	6054      	str	r4, [r2, #4]
10008d66:	50d3      	str	r3, [r2, r3]
10008d68:	e7d6      	b.n	10008d18 <_free_r+0x68>
10008d6a:	4770      	bx	lr
10008d6c:	f04c 0101 	orr.w	r1, ip, #1
10008d70:	f5b3 7f00 	cmp.w	r3, #512	@ 0x200
10008d74:	f844 1c04 	str.w	r1, [r4, #-4]
10008d78:	50d3      	str	r3, [r2, r3]
10008d7a:	d3d0      	bcc.n	10008d1e <_free_r+0x6e>
10008d7c:	f5b3 6f20 	cmp.w	r3, #2560	@ 0xa00
10008d80:	ea4f 2153 	mov.w	r1, r3, lsr #9
10008d84:	d244      	bcs.n	10008e10 <_free_r+0x160>
10008d86:	0999      	lsrs	r1, r3, #6
10008d88:	f101 0039 	add.w	r0, r1, #57	@ 0x39
10008d8c:	f101 0438 	add.w	r4, r1, #56	@ 0x38
10008d90:	00c1      	lsls	r1, r0, #3
10008d92:	1868      	adds	r0, r5, r1
10008d94:	5869      	ldr	r1, [r5, r1]
10008d96:	3808      	subs	r0, #8
10008d98:	4288      	cmp	r0, r1
10008d9a:	d103      	bne.n	10008da4 <_free_r+0xf4>
10008d9c:	e055      	b.n	10008e4a <_free_r+0x19a>
10008d9e:	6889      	ldr	r1, [r1, #8]
10008da0:	4288      	cmp	r0, r1
10008da2:	d004      	beq.n	10008dae <_free_r+0xfe>
10008da4:	684c      	ldr	r4, [r1, #4]
10008da6:	f024 0403 	bic.w	r4, r4, #3
10008daa:	429c      	cmp	r4, r3
10008dac:	d8f7      	bhi.n	10008d9e <_free_r+0xee>
10008dae:	68c8      	ldr	r0, [r1, #12]
10008db0:	e9c2 1002 	strd	r1, r0, [r2, #8]
10008db4:	6082      	str	r2, [r0, #8]
10008db6:	4638      	mov	r0, r7
10008db8:	60ca      	str	r2, [r1, #12]
10008dba:	e8bd 40f8 	ldmia.w	sp!, {r3, r4, r5, r6, r7, lr}
10008dbe:	f7ff bdf9 	b.w	100089b4 <__malloc_unlock>
10008dc2:	bb80      	cbnz	r0, 10008e26 <_free_r+0x176>
10008dc4:	441e      	add	r6, r3
10008dc6:	e9d1 1302 	ldrd	r1, r3, [r1, #8]
10008dca:	60cb      	str	r3, [r1, #12]
10008dcc:	6099      	str	r1, [r3, #8]
10008dce:	f046 0301 	orr.w	r3, r6, #1
10008dd2:	6053      	str	r3, [r2, #4]
10008dd4:	5196      	str	r6, [r2, r6]
10008dd6:	e7b4      	b.n	10008d42 <_free_r+0x92>
10008dd8:	441e      	add	r6, r3
10008dda:	f1be 0f00 	cmp.w	lr, #0
10008dde:	d107      	bne.n	10008df0 <_free_r+0x140>
10008de0:	f854 3c08 	ldr.w	r3, [r4, #-8]
10008de4:	1ad2      	subs	r2, r2, r3
10008de6:	441e      	add	r6, r3
10008de8:	e9d2 1302 	ldrd	r1, r3, [r2, #8]
10008dec:	60cb      	str	r3, [r1, #12]
10008dee:	6099      	str	r1, [r3, #8]
10008df0:	f046 0301 	orr.w	r3, r6, #1
10008df4:	6053      	str	r3, [r2, #4]
10008df6:	4b26      	ldr	r3, [pc, #152]	@ (10008e90 <_free_r+0x1e0>)
10008df8:	60aa      	str	r2, [r5, #8]
10008dfa:	681b      	ldr	r3, [r3, #0]
10008dfc:	42b3      	cmp	r3, r6
10008dfe:	d8a0      	bhi.n	10008d42 <_free_r+0x92>
10008e00:	4b24      	ldr	r3, [pc, #144]	@ (10008e94 <_free_r+0x1e4>)
10008e02:	4638      	mov	r0, r7
10008e04:	6819      	ldr	r1, [r3, #0]
10008e06:	f7ff fef7 	bl	10008bf8 <_malloc_trim_r>
10008e0a:	e79a      	b.n	10008d42 <_free_r+0x92>
10008e0c:	4433      	add	r3, r6
10008e0e:	e7a1      	b.n	10008d54 <_free_r+0xa4>
10008e10:	2914      	cmp	r1, #20
10008e12:	d90d      	bls.n	10008e30 <_free_r+0x180>
10008e14:	2954      	cmp	r1, #84	@ 0x54
10008e16:	d81f      	bhi.n	10008e58 <_free_r+0x1a8>
10008e18:	0b19      	lsrs	r1, r3, #12
10008e1a:	f101 006f 	add.w	r0, r1, #111	@ 0x6f
10008e1e:	f101 046e 	add.w	r4, r1, #110	@ 0x6e
10008e22:	00c1      	lsls	r1, r0, #3
10008e24:	e7b5      	b.n	10008d92 <_free_r+0xe2>
10008e26:	f043 0001 	orr.w	r0, r3, #1
10008e2a:	6050      	str	r0, [r2, #4]
10008e2c:	600b      	str	r3, [r1, #0]
10008e2e:	e788      	b.n	10008d42 <_free_r+0x92>
10008e30:	f101 005c 	add.w	r0, r1, #92	@ 0x5c
10008e34:	f101 045b 	add.w	r4, r1, #91	@ 0x5b
10008e38:	00c1      	lsls	r1, r0, #3
10008e3a:	e7aa      	b.n	10008d92 <_free_r+0xe2>
10008e3c:	e9c5 2204 	strd	r2, r2, [r5, #16]
10008e40:	e9c2 cc02 	strd	ip, ip, [r2, #8]
10008e44:	6054      	str	r4, [r2, #4]
10008e46:	50d3      	str	r3, [r2, r3]
10008e48:	e77b      	b.n	10008d42 <_free_r+0x92>
10008e4a:	10a4      	asrs	r4, r4, #2
10008e4c:	2301      	movs	r3, #1
10008e4e:	40a3      	lsls	r3, r4
10008e50:	686c      	ldr	r4, [r5, #4]
10008e52:	4323      	orrs	r3, r4
10008e54:	606b      	str	r3, [r5, #4]
10008e56:	e7ab      	b.n	10008db0 <_free_r+0x100>
10008e58:	f5b1 7faa 	cmp.w	r1, #340	@ 0x154
10008e5c:	d806      	bhi.n	10008e6c <_free_r+0x1bc>
10008e5e:	0bd9      	lsrs	r1, r3, #15
10008e60:	f101 0078 	add.w	r0, r1, #120	@ 0x78
10008e64:	f101 0477 	add.w	r4, r1, #119	@ 0x77
10008e68:	00c1      	lsls	r1, r0, #3
10008e6a:	e792      	b.n	10008d92 <_free_r+0xe2>
10008e6c:	f240 5054 	movw	r0, #1364	@ 0x554
10008e70:	4281      	cmp	r1, r0
10008e72:	d806      	bhi.n	10008e82 <_free_r+0x1d2>
10008e74:	0c99      	lsrs	r1, r3, #18
10008e76:	f101 007d 	add.w	r0, r1, #125	@ 0x7d
10008e7a:	f101 047c 	add.w	r4, r1, #124	@ 0x7c
10008e7e:	00c1      	lsls	r1, r0, #3
10008e80:	e787      	b.n	10008d92 <_free_r+0xe2>
10008e82:	f44f 717e 	mov.w	r1, #1016	@ 0x3f8
10008e86:	247e      	movs	r4, #126	@ 0x7e
10008e88:	e783      	b.n	10008d92 <_free_r+0xe2>
10008e8a:	bf00      	nop
10008e8c:	200015b0 	.word	0x200015b0
10008e90:	200015a8 	.word	0x200015a8
10008e94:	20001d14 	.word	0x20001d14

10008e98 <_fini>:
10008e98:	b5f8      	push	{r3, r4, r5, r6, r7, lr}
10008e9a:	bf00      	nop
10008e9c:	0000      	movs	r0, r0
	...

10008ea0 <__mutex_enter_timeout_ms_veneer>:
10008ea0:	f85f f000 	ldr.w	pc, [pc]	@ 10008ea4 <__mutex_enter_timeout_ms_veneer+0x4>
10008ea4:	20000235 	.word	0x20000235

10008ea8 <__hw_endpoint_start_next_buffer_veneer>:
10008ea8:	f85f f000 	ldr.w	pc, [pc]	@ 10008eac <__hw_endpoint_start_next_buffer_veneer+0x4>
10008eac:	20000b0d 	.word	0x20000b0d

10008eb0 <____aeabi_f2d_veneer>:
10008eb0:	f85f f000 	ldr.w	pc, [pc]	@ 10008eb4 <____aeabi_f2d_veneer+0x4>
10008eb4:	20001099 	.word	0x20001099

10008eb8 <____aeabi_uldivmod_veneer>:
10008eb8:	f85f f000 	ldr.w	pc, [pc]	@ 10008ebc <____aeabi_uldivmod_veneer+0x4>
10008ebc:	20001149 	.word	0x20001149

10008ec0 <__mutex_exit_veneer>:
10008ec0:	f85f f000 	ldr.w	pc, [pc]	@ 10008ec4 <__mutex_exit_veneer+0x4>
10008ec4:	2000026d 	.word	0x2000026d

10008ec8 <__e15_is_bulkin_ep_veneer>:
10008ec8:	f85f f000 	ldr.w	pc, [pc]	@ 10008ecc <__e15_is_bulkin_ep_veneer+0x4>
10008ecc:	20000a6d 	.word	0x20000a6d

10008ed0 <___hw_endpoint_buffer_control_update32_veneer>:
10008ed0:	f85f f000 	ldr.w	pc, [pc]	@ 10008ed4 <___hw_endpoint_buffer_control_update32_veneer+0x4>
10008ed4:	20000ac9 	.word	0x20000ac9

10008ed8 <__mutex_try_enter_block_until_veneer>:
10008ed8:	f85f f000 	ldr.w	pc, [pc]	@ 10008edc <__mutex_try_enter_block_until_veneer+0x4>
10008edc:	200001cd 	.word	0x200001cd

10008ee0 <__e15_is_critical_frame_period_veneer>:
10008ee0:	f85f f000 	ldr.w	pc, [pc]	@ 10008ee4 <__e15_is_critical_frame_period_veneer+0x4>
10008ee4:	20000a95 	.word	0x20000a95

10008ee8 <__reset_non_control_endpoints_veneer>:
10008ee8:	f85f f000 	ldr.w	pc, [pc]	@ 10008eec <__reset_non_control_endpoints_veneer+0x4>
10008eec:	200002a9 	.word	0x200002a9

10008ef0 <__mutex_try_enter_veneer>:
10008ef0:	f85f f000 	ldr.w	pc, [pc]	@ 10008ef4 <__mutex_try_enter_veneer+0x4>
10008ef4:	20000111 	.word	0x20000111

10008ef8 <__pre_init_runtime_init_bootrom_reset>:
10008ef8:	100016d5                                ....

10008efc <__pre_init_runtime_init_early_resets>:
10008efc:	10001649                                I...

10008f00 <__pre_init_runtime_init_usb_power_down>:
10008f00:	1000167d                                }...

10008f04 <__pre_init_runtime_init_clocks>:
10008f04:	10001721                                !...

10008f08 <__pre_init_runtime_init_post_clock_resets>:
10008f08:	100016b5                                ....

10008f0c <__pre_init_runtime_init_boot_locks_reset>:
10008f0c:	100015cd                                ....

10008f10 <__pre_init_runtime_init_spin_locks_reset>:
10008f10:	100016fd                                ....

10008f14 <__pre_init_runtime_init_bootrom_locking_enable>:
10008f14:	100015b9                                ....

10008f18 <__pre_init_runtime_init_mutex>:
10008f18:	10000a31                                1...

10008f1c <__pre_init_runtime_init_install_ram_vector_table>:
10008f1c:	10001701                                ....

10008f20 <__pre_init_runtime_init_default_alarm_pool>:
10008f20:	10000df1                                ....

10008f24 <__pre_init_first_per_core_initializer>:
10008f24:	10001619                                ....

10008f28 <__pre_init_runtime_init_per_core_bootrom_reset>:
10008f28:	100016e9                                ....

10008f2c <__pre_init_runtime_init_per_core_enable_coprocessors>:
10008f2c:	10001699                                ....

10008f30 <__pre_init_spinlock_set_extexclall>:
10008f30:	1000060d                                ....

10008f34 <__pre_init_runtime_init_per_core_irq_priorities>:
10008f34:	10000635                                5...

10008f38 <__frame_dummy_init_array_entry>:
10008f38:	10000219 10003a75 10008241              ....u:..A...

Disassembly of section .data:

20000110 <mutex_try_enter>:
20000110:	4603      	mov	r3, r0
20000112:	b500      	push	{lr}
20000114:	6802      	ldr	r2, [r0, #0]
20000116:	f3ef 8c10 	mrs	ip, PRIMASK
2000011a:	b672      	cpsid	i
2000011c:	e8d2 efcf 	ldaexb	lr, [r2]
20000120:	2001      	movs	r0, #1
20000122:	f1be 0f00 	cmp.w	lr, #0
20000126:	d1f9      	bne.n	2000011c <mutex_try_enter+0xc>
20000128:	e8c2 0f4e 	strexb	lr, r0, [r2]
2000012c:	f1be 0f00 	cmp.w	lr, #0
20000130:	d1f4      	bne.n	2000011c <mutex_try_enter+0xc>
20000132:	f3bf 8f5f 	dmb	sy
20000136:	f993 2004 	ldrsb.w	r2, [r3, #4]
2000013a:	2a00      	cmp	r2, #0
2000013c:	db0a      	blt.n	20000154 <mutex_try_enter+0x44>
2000013e:	b101      	cbz	r1, 20000142 <mutex_try_enter+0x32>
20000140:	600a      	str	r2, [r1, #0]
20000142:	2000      	movs	r0, #0
20000144:	2200      	movs	r2, #0
20000146:	681b      	ldr	r3, [r3, #0]
20000148:	e8c3 2f8f 	stlb	r2, [r3]
2000014c:	f38c 8810 	msr	PRIMASK, ip
20000150:	f85d fb04 	ldr.w	pc, [sp], #4
20000154:	f04f 4250 	mov.w	r2, #3489660928	@ 0xd0000000
20000158:	6812      	ldr	r2, [r2, #0]
2000015a:	2001      	movs	r0, #1
2000015c:	711a      	strb	r2, [r3, #4]
2000015e:	e7f1      	b.n	20000144 <mutex_try_enter+0x34>

20000160 <mutex_enter_block_until>:
20000160:	f04f 4150 	mov.w	r1, #3489660928	@ 0xd0000000
20000164:	e92d 41f0 	stmdb	sp!, {r4, r5, r6, r7, r8, lr}
20000168:	2700      	movs	r7, #0
2000016a:	4604      	mov	r4, r0
2000016c:	4616      	mov	r6, r2
2000016e:	461d      	mov	r5, r3
20000170:	f8d1 8000 	ldr.w	r8, [r1]
20000174:	e008      	b.n	20000188 <mutex_enter_block_until+0x28>
20000176:	e8c1 7f8f 	stlb	r7, [r1]
2000017a:	f38c 8810 	msr	PRIMASK, ip
2000017e:	4630      	mov	r0, r6
20000180:	4629      	mov	r1, r5
20000182:	f001 f9b1 	bl	200014e8 <__best_effort_wfe_or_timeout_veneer>
20000186:	b9e8      	cbnz	r0, 200001c4 <mutex_enter_block_until+0x64>
20000188:	6821      	ldr	r1, [r4, #0]
2000018a:	f3ef 8c10 	mrs	ip, PRIMASK
2000018e:	b672      	cpsid	i
20000190:	e8d1 2fcf 	ldaexb	r2, [r1]
20000194:	2301      	movs	r3, #1
20000196:	2a00      	cmp	r2, #0
20000198:	d1fa      	bne.n	20000190 <mutex_enter_block_until+0x30>
2000019a:	e8c1 3f42 	strexb	r2, r3, [r1]
2000019e:	2a00      	cmp	r2, #0
200001a0:	d1f6      	bne.n	20000190 <mutex_enter_block_until+0x30>
200001a2:	f3bf 8f5f 	dmb	sy
200001a6:	f994 3004 	ldrsb.w	r3, [r4, #4]
200001aa:	6821      	ldr	r1, [r4, #0]
200001ac:	2b00      	cmp	r3, #0
200001ae:	dae2      	bge.n	20000176 <mutex_enter_block_until+0x16>
200001b0:	2300      	movs	r3, #0
200001b2:	f884 8004 	strb.w	r8, [r4, #4]
200001b6:	e8c1 3f8f 	stlb	r3, [r1]
200001ba:	f38c 8810 	msr	PRIMASK, ip
200001be:	2001      	movs	r0, #1
200001c0:	e8bd 81f0 	ldmia.w	sp!, {r4, r5, r6, r7, r8, pc}
200001c4:	2000      	movs	r0, #0
200001c6:	e8bd 81f0 	ldmia.w	sp!, {r4, r5, r6, r7, r8, pc}
200001ca:	bf00      	nop

200001cc <mutex_try_enter_block_until>:
200001cc:	b530      	push	{r4, r5, lr}
200001ce:	6804      	ldr	r4, [r0, #0]
200001d0:	f3ef 8c10 	mrs	ip, PRIMASK
200001d4:	b672      	cpsid	i
200001d6:	e8d4 efcf 	ldaexb	lr, [r4]
200001da:	2501      	movs	r5, #1
200001dc:	f1be 0f00 	cmp.w	lr, #0
200001e0:	d1f9      	bne.n	200001d6 <mutex_try_enter_block_until+0xa>
200001e2:	e8c4 5f4e 	strexb	lr, r5, [r4]
200001e6:	f1be 0f00 	cmp.w	lr, #0
200001ea:	d1f4      	bne.n	200001d6 <mutex_try_enter_block_until+0xa>
200001ec:	f3bf 8f5f 	dmb	sy
200001f0:	f990 4004 	ldrsb.w	r4, [r0, #4]
200001f4:	6805      	ldr	r5, [r0, #0]
200001f6:	2c00      	cmp	r4, #0
200001f8:	db10      	blt.n	2000021c <mutex_try_enter_block_until+0x50>
200001fa:	2100      	movs	r1, #0
200001fc:	e8c5 1f8f 	stlb	r1, [r5]
20000200:	f38c 8810 	msr	PRIMASK, ip
20000204:	f04f 4550 	mov.w	r5, #3489660928	@ 0xd0000000
20000208:	f995 5000 	ldrsb.w	r5, [r5]
2000020c:	42a5      	cmp	r5, r4
2000020e:	d101      	bne.n	20000214 <mutex_try_enter_block_until+0x48>
20000210:	4608      	mov	r0, r1
20000212:	bd30      	pop	{r4, r5, pc}
20000214:	e8bd 4030 	ldmia.w	sp!, {r4, r5, lr}
20000218:	f7ff bfa2 	b.w	20000160 <mutex_enter_block_until>
2000021c:	f04f 4250 	mov.w	r2, #3489660928	@ 0xd0000000
20000220:	6812      	ldr	r2, [r2, #0]
20000222:	2300      	movs	r3, #0
20000224:	7102      	strb	r2, [r0, #4]
20000226:	e8c5 3f8f 	stlb	r3, [r5]
2000022a:	f38c 8810 	msr	PRIMASK, ip
2000022e:	2001      	movs	r0, #1
20000230:	bd30      	pop	{r4, r5, pc}
20000232:	bf00      	nop

20000234 <mutex_enter_timeout_ms>:
20000234:	b570      	push	{r4, r5, r6, lr}
20000236:	4605      	mov	r5, r0
20000238:	460c      	mov	r4, r1
2000023a:	f001 f94d 	bl	200014d8 <__time_us_64_veneer>
2000023e:	4602      	mov	r2, r0
20000240:	460b      	mov	r3, r1
20000242:	f44f 707a 	mov.w	r0, #1000	@ 0x3e8
20000246:	f04f 3eff 	mov.w	lr, #4294967295
2000024a:	f06f 4c00 	mvn.w	ip, #2147483648	@ 0x80000000
2000024e:	fbe4 2300 	umlal	r2, r3, r4, r0
20000252:	4596      	cmp	lr, r2
20000254:	eb7c 0103 	sbcs.w	r1, ip, r3
20000258:	bf38      	it	cc
2000025a:	4672      	movcc	r2, lr
2000025c:	4628      	mov	r0, r5
2000025e:	e8bd 4070 	ldmia.w	sp!, {r4, r5, r6, lr}
20000262:	bf38      	it	cc
20000264:	4663      	movcc	r3, ip
20000266:	f7ff bf7b 	b.w	20000160 <mutex_enter_block_until>
2000026a:	bf00      	nop

2000026c <mutex_exit>:
2000026c:	6803      	ldr	r3, [r0, #0]
2000026e:	f3ef 8210 	mrs	r2, PRIMASK
20000272:	b672      	cpsid	i
20000274:	e8d3 cfcf 	ldaexb	ip, [r3]
20000278:	2101      	movs	r1, #1
2000027a:	f1bc 0f00 	cmp.w	ip, #0
2000027e:	d1f9      	bne.n	20000274 <mutex_exit+0x8>
20000280:	e8c3 1f4c 	strexb	ip, r1, [r3]
20000284:	f1bc 0f00 	cmp.w	ip, #0
20000288:	d1f4      	bne.n	20000274 <mutex_exit+0x8>
2000028a:	f3bf 8f5f 	dmb	sy
2000028e:	f04f 0cff 	mov.w	ip, #255	@ 0xff
20000292:	2300      	movs	r3, #0
20000294:	6801      	ldr	r1, [r0, #0]
20000296:	f880 c004 	strb.w	ip, [r0, #4]
2000029a:	e8c1 3f8f 	stlb	r3, [r1]
2000029e:	f382 8810 	msr	PRIMASK, r2
200002a2:	bf40      	sev
200002a4:	4770      	bx	lr
200002a6:	bf00      	nop

200002a8 <reset_non_control_endpoints>:
200002a8:	2100      	movs	r1, #0
200002aa:	b508      	push	{r3, lr}
200002ac:	4b13      	ldr	r3, [pc, #76]	@ (200002fc <reset_non_control_endpoints+0x54>)
200002ae:	f44f 7270 	mov.w	r2, #960	@ 0x3c0
200002b2:	6099      	str	r1, [r3, #8]
200002b4:	4812      	ldr	r0, [pc, #72]	@ (20000300 <reset_non_control_endpoints+0x58>)
200002b6:	60d9      	str	r1, [r3, #12]
200002b8:	6119      	str	r1, [r3, #16]
200002ba:	6159      	str	r1, [r3, #20]
200002bc:	6199      	str	r1, [r3, #24]
200002be:	61d9      	str	r1, [r3, #28]
200002c0:	6219      	str	r1, [r3, #32]
200002c2:	6259      	str	r1, [r3, #36]	@ 0x24
200002c4:	6299      	str	r1, [r3, #40]	@ 0x28
200002c6:	62d9      	str	r1, [r3, #44]	@ 0x2c
200002c8:	6319      	str	r1, [r3, #48]	@ 0x30
200002ca:	6359      	str	r1, [r3, #52]	@ 0x34
200002cc:	6399      	str	r1, [r3, #56]	@ 0x38
200002ce:	63d9      	str	r1, [r3, #60]	@ 0x3c
200002d0:	6419      	str	r1, [r3, #64]	@ 0x40
200002d2:	6459      	str	r1, [r3, #68]	@ 0x44
200002d4:	6499      	str	r1, [r3, #72]	@ 0x48
200002d6:	64d9      	str	r1, [r3, #76]	@ 0x4c
200002d8:	6519      	str	r1, [r3, #80]	@ 0x50
200002da:	6559      	str	r1, [r3, #84]	@ 0x54
200002dc:	6599      	str	r1, [r3, #88]	@ 0x58
200002de:	65d9      	str	r1, [r3, #92]	@ 0x5c
200002e0:	6619      	str	r1, [r3, #96]	@ 0x60
200002e2:	6659      	str	r1, [r3, #100]	@ 0x64
200002e4:	6699      	str	r1, [r3, #104]	@ 0x68
200002e6:	66d9      	str	r1, [r3, #108]	@ 0x6c
200002e8:	6719      	str	r1, [r3, #112]	@ 0x70
200002ea:	6759      	str	r1, [r3, #116]	@ 0x74
200002ec:	6799      	str	r1, [r3, #120]	@ 0x78
200002ee:	67d9      	str	r1, [r3, #124]	@ 0x7c
200002f0:	f001 f8fe 	bl	200014f0 <__memset_veneer>
200002f4:	4b03      	ldr	r3, [pc, #12]	@ (20000304 <reset_non_control_endpoints+0x5c>)
200002f6:	4a04      	ldr	r2, [pc, #16]	@ (20000308 <reset_non_control_endpoints+0x60>)
200002f8:	601a      	str	r2, [r3, #0]
200002fa:	bd08      	pop	{r3, pc}
200002fc:	50100000 	.word	0x50100000
20000300:	200024c0 	.word	0x200024c0
20000304:	20002890 	.word	0x20002890
20000308:	50100180 	.word	0x50100180

2000030c <hw_handle_buff_status>:
2000030c:	e92d 4ff0 	stmdb	sp!, {r4, r5, r6, r7, r8, r9, sl, fp, lr}
20000310:	4b1f      	ldr	r3, [pc, #124]	@ (20000390 <hw_handle_buff_status+0x84>)
20000312:	b085      	sub	sp, #20
20000314:	f8d3 a058 	ldr.w	sl, [r3, #88]	@ 0x58
20000318:	f1ba 0f00 	cmp.w	sl, #0
2000031c:	d022      	beq.n	20000364 <hw_handle_buff_status+0x58>
2000031e:	2400      	movs	r4, #0
20000320:	2501      	movs	r5, #1
20000322:	f44f 69e0 	mov.w	r9, #1792	@ 0x700
20000326:	f8df 8070 	ldr.w	r8, [pc, #112]	@ 20000398 <hw_handle_buff_status+0x8c>
2000032a:	4f1a      	ldr	r7, [pc, #104]	@ (20000394 <hw_handle_buff_status+0x88>)
2000032c:	e001      	b.n	20000332 <hw_handle_buff_status+0x26>
2000032e:	2c20      	cmp	r4, #32
20000330:	d018      	beq.n	20000364 <hw_handle_buff_status+0x58>
20000332:	ea0a 0205 	and.w	r2, sl, r5
20000336:	1c61      	adds	r1, r4, #1
20000338:	4623      	mov	r3, r4
2000033a:	46ab      	mov	fp, r5
2000033c:	b2cc      	uxtb	r4, r1
2000033e:	006d      	lsls	r5, r5, #1
20000340:	2a00      	cmp	r2, #0
20000342:	d0f4      	beq.n	2000032e <hw_handle_buff_status+0x22>
20000344:	f004 0201 	and.w	r2, r4, #1
20000348:	f003 06fe 	and.w	r6, r3, #254	@ 0xfe
2000034c:	4416      	add	r6, r2
2000034e:	eb07 1646 	add.w	r6, r7, r6, lsl #5
20000352:	4630      	mov	r0, r6
20000354:	f8c8 b058 	str.w	fp, [r8, #88]	@ 0x58
20000358:	f000 fc0a 	bl	20000b70 <hw_endpoint_xfer_continue>
2000035c:	b928      	cbnz	r0, 2000036a <hw_handle_buff_status+0x5e>
2000035e:	ea3a 0a0b 	bics.w	sl, sl, fp
20000362:	d1e4      	bne.n	2000032e <hw_handle_buff_status+0x22>
20000364:	b005      	add	sp, #20
20000366:	e8bd 8ff0 	ldmia.w	sp!, {r4, r5, r6, r7, r8, r9, sl, fp, pc}
2000036a:	2300      	movs	r3, #0
2000036c:	f88d 3009 	strb.w	r3, [sp, #9]
20000370:	78b3      	ldrb	r3, [r6, #2]
20000372:	a801      	add	r0, sp, #4
20000374:	f88d 3008 	strb.w	r3, [sp, #8]
20000378:	8af3      	ldrh	r3, [r6, #22]
2000037a:	2101      	movs	r1, #1
2000037c:	f8ad 9004 	strh.w	r9, [sp, #4]
20000380:	9303      	str	r3, [sp, #12]
20000382:	f000 fc13 	bl	20000bac <dcd_event_handler>
20000386:	4630      	mov	r0, r6
20000388:	f000 fb98 	bl	20000abc <hw_endpoint_reset_transfer>
2000038c:	e7e7      	b.n	2000035e <hw_handle_buff_status+0x52>
2000038e:	bf00      	nop
20000390:	50110000 	.word	0x50110000
20000394:	20002480 	.word	0x20002480
20000398:	50113000 	.word	0x50113000

2000039c <dcd_rp2040_irq>:
2000039c:	b5f0      	push	{r4, r5, r6, r7, lr}
2000039e:	4bbb      	ldr	r3, [pc, #748]	@ (2000068c <dcd_rp2040_irq+0x2f0>)
200003a0:	b085      	sub	sp, #20
200003a2:	f8d3 5098 	ldr.w	r5, [r3, #152]	@ 0x98
200003a6:	f415 3600 	ands.w	r6, r5, #131072	@ 0x20000
200003aa:	d074      	beq.n	20000496 <dcd_rp2040_irq+0xfa>
200003ac:	4bb8      	ldr	r3, [pc, #736]	@ (20000690 <dcd_rp2040_irq+0x2f4>)
200003ae:	4cb9      	ldr	r4, [pc, #740]	@ (20000694 <dcd_rp2040_irq+0x2f8>)
200003b0:	6a99      	ldr	r1, [r3, #40]	@ 0x28
200003b2:	f894 303b 	ldrb.w	r3, [r4, #59]	@ 0x3b
200003b6:	4ab8      	ldr	r2, [pc, #736]	@ (20000698 <dcd_rp2040_irq+0x2fc>)
200003b8:	2b02      	cmp	r3, #2
200003ba:	6011      	str	r1, [r2, #0]
200003bc:	f000 80d4 	beq.w	20000568 <dcd_rp2040_irq+0x1cc>
200003c0:	2600      	movs	r6, #0
200003c2:	f894 307b 	ldrb.w	r3, [r4, #123]	@ 0x7b
200003c6:	2b02      	cmp	r3, #2
200003c8:	f000 813b 	beq.w	20000642 <dcd_rp2040_irq+0x2a6>
200003cc:	f894 30bb 	ldrb.w	r3, [r4, #187]	@ 0xbb
200003d0:	2b02      	cmp	r3, #2
200003d2:	f000 817d 	beq.w	200006d0 <dcd_rp2040_irq+0x334>
200003d6:	f894 30fb 	ldrb.w	r3, [r4, #251]	@ 0xfb
200003da:	2b02      	cmp	r3, #2
200003dc:	f000 816c 	beq.w	200006b8 <dcd_rp2040_irq+0x31c>
200003e0:	f894 313b 	ldrb.w	r3, [r4, #315]	@ 0x13b
200003e4:	2b02      	cmp	r3, #2
200003e6:	f000 8144 	beq.w	20000672 <dcd_rp2040_irq+0x2d6>
200003ea:	f894 317b 	ldrb.w	r3, [r4, #379]	@ 0x17b
200003ee:	2b02      	cmp	r3, #2
200003f0:	f000 8133 	beq.w	2000065a <dcd_rp2040_irq+0x2be>
200003f4:	f894 31bb 	ldrb.w	r3, [r4, #443]	@ 0x1bb
200003f8:	2b02      	cmp	r3, #2
200003fa:	f000 81b6 	beq.w	2000076a <dcd_rp2040_irq+0x3ce>
200003fe:	f894 31fb 	ldrb.w	r3, [r4, #507]	@ 0x1fb
20000402:	2b02      	cmp	r3, #2
20000404:	f000 81a6 	beq.w	20000754 <dcd_rp2040_irq+0x3b8>
20000408:	f894 323b 	ldrb.w	r3, [r4, #571]	@ 0x23b
2000040c:	2b02      	cmp	r3, #2
2000040e:	f000 8196 	beq.w	2000073e <dcd_rp2040_irq+0x3a2>
20000412:	f894 327b 	ldrb.w	r3, [r4, #635]	@ 0x27b
20000416:	2b02      	cmp	r3, #2
20000418:	f000 8186 	beq.w	20000728 <dcd_rp2040_irq+0x38c>
2000041c:	f894 32bb 	ldrb.w	r3, [r4, #699]	@ 0x2bb
20000420:	2b02      	cmp	r3, #2
20000422:	f000 8176 	beq.w	20000712 <dcd_rp2040_irq+0x376>
20000426:	f894 32fb 	ldrb.w	r3, [r4, #763]	@ 0x2fb
2000042a:	2b02      	cmp	r3, #2
2000042c:	f000 8166 	beq.w	200006fc <dcd_rp2040_irq+0x360>
20000430:	f894 333b 	ldrb.w	r3, [r4, #827]	@ 0x33b
20000434:	2b02      	cmp	r3, #2
20000436:	f000 8156 	beq.w	200006e6 <dcd_rp2040_irq+0x34a>
2000043a:	f894 337b 	ldrb.w	r3, [r4, #891]	@ 0x37b
2000043e:	2b02      	cmp	r3, #2
20000440:	f000 80a4 	beq.w	2000058c <dcd_rp2040_irq+0x1f0>
20000444:	f894 33bb 	ldrb.w	r3, [r4, #955]	@ 0x3bb
20000448:	2b02      	cmp	r3, #2
2000044a:	f000 8199 	beq.w	20000780 <dcd_rp2040_irq+0x3e4>
2000044e:	f894 33fb 	ldrb.w	r3, [r4, #1019]	@ 0x3fb
20000452:	2b02      	cmp	r3, #2
20000454:	f000 80b4 	beq.w	200005c0 <dcd_rp2040_irq+0x224>
20000458:	b93e      	cbnz	r6, 2000046a <dcd_rp2040_irq+0xce>
2000045a:	4b90      	ldr	r3, [pc, #576]	@ (2000069c <dcd_rp2040_irq+0x300>)
2000045c:	781b      	ldrb	r3, [r3, #0]
2000045e:	b923      	cbnz	r3, 2000046a <dcd_rp2040_irq+0xce>
20000460:	f44f 3200 	mov.w	r2, #131072	@ 0x20000
20000464:	4b8e      	ldr	r3, [pc, #568]	@ (200006a0 <dcd_rp2040_irq+0x304>)
20000466:	f8c3 2090 	str.w	r2, [r3, #144]	@ 0x90
2000046a:	f44f 7240 	mov.w	r2, #768	@ 0x300
2000046e:	4b87      	ldr	r3, [pc, #540]	@ (2000068c <dcd_rp2040_irq+0x2f0>)
20000470:	2101      	movs	r1, #1
20000472:	6c9b      	ldr	r3, [r3, #72]	@ 0x48
20000474:	a801      	add	r0, sp, #4
20000476:	f3c3 030a 	ubfx	r3, r3, #0, #11
2000047a:	f8ad 2004 	strh.w	r2, [sp, #4]
2000047e:	9302      	str	r3, [sp, #8]
20000480:	f000 fb94 	bl	20000bac <dcd_event_handler>
20000484:	06ea      	lsls	r2, r5, #27
20000486:	f44f 3600 	mov.w	r6, #131072	@ 0x20000
2000048a:	4c86      	ldr	r4, [pc, #536]	@ (200006a4 <dcd_rp2040_irq+0x308>)
2000048c:	d507      	bpl.n	2000049e <dcd_rp2040_irq+0x102>
2000048e:	f7ff ff3d 	bl	2000030c <hw_handle_buff_status>
20000492:	4626      	mov	r6, r4
20000494:	e003      	b.n	2000049e <dcd_rp2040_irq+0x102>
20000496:	06ea      	lsls	r2, r5, #27
20000498:	f04f 0410 	mov.w	r4, #16
2000049c:	d4f7      	bmi.n	2000048e <dcd_rp2040_irq+0xf2>
2000049e:	03eb      	lsls	r3, r5, #15
200004a0:	d522      	bpl.n	200004e8 <dcd_rp2040_irq+0x14c>
200004a2:	4c7c      	ldr	r4, [pc, #496]	@ (20000694 <dcd_rp2040_irq+0x2f8>)
200004a4:	f446 3680 	orr.w	r6, r6, #65536	@ 0x10000
200004a8:	7ea3      	ldrb	r3, [r4, #26]
200004aa:	2b00      	cmp	r3, #0
200004ac:	f040 8099 	bne.w	200005e2 <dcd_rp2040_irq+0x246>
200004b0:	2301      	movs	r3, #1
200004b2:	f894 203a 	ldrb.w	r2, [r4, #58]	@ 0x3a
200004b6:	70e3      	strb	r3, [r4, #3]
200004b8:	2a00      	cmp	r2, #0
200004ba:	f040 80ad 	bne.w	20000618 <dcd_rp2040_irq+0x27c>
200004be:	2301      	movs	r3, #1
200004c0:	f44f 61c0 	mov.w	r1, #1536	@ 0x600
200004c4:	4a78      	ldr	r2, [pc, #480]	@ (200006a8 <dcd_rp2040_irq+0x30c>)
200004c6:	f884 3023 	strb.w	r3, [r4, #35]	@ 0x23
200004ca:	f8ad 1004 	strh.w	r1, [sp, #4]
200004ce:	e892 0003 	ldmia.w	r2, {r0, r1}
200004d2:	aa04      	add	r2, sp, #16
200004d4:	e902 0003 	stmdb	r2, {r0, r1}
200004d8:	4619      	mov	r1, r3
200004da:	a801      	add	r0, sp, #4
200004dc:	f000 fb66 	bl	20000bac <dcd_event_handler>
200004e0:	f44f 3200 	mov.w	r2, #131072	@ 0x20000
200004e4:	4b6e      	ldr	r3, [pc, #440]	@ (200006a0 <dcd_rp2040_irq+0x304>)
200004e6:	651a      	str	r2, [r3, #80]	@ 0x50
200004e8:	04e9      	lsls	r1, r5, #19
200004ea:	d408      	bmi.n	200004fe <dcd_rp2040_irq+0x162>
200004ec:	046a      	lsls	r2, r5, #17
200004ee:	d41d      	bmi.n	2000052c <dcd_rp2040_irq+0x190>
200004f0:	042b      	lsls	r3, r5, #16
200004f2:	d42a      	bmi.n	2000054a <dcd_rp2040_irq+0x1ae>
200004f4:	42ae      	cmp	r6, r5
200004f6:	f040 81c5 	bne.w	20000884 <dcd_rp2040_irq+0x4e8>
200004fa:	b005      	add	sp, #20
200004fc:	bdf0      	pop	{r4, r5, r6, r7, pc}
200004fe:	2400      	movs	r4, #0
20000500:	4b62      	ldr	r3, [pc, #392]	@ (2000068c <dcd_rp2040_irq+0x2f0>)
20000502:	f446 5680 	orr.w	r6, r6, #4096	@ 0x1000
20000506:	601c      	str	r4, [r3, #0]
20000508:	f7ff fece 	bl	200002a8 <reset_non_control_endpoints>
2000050c:	f44f 7380 	mov.w	r3, #256	@ 0x100
20000510:	2101      	movs	r1, #1
20000512:	a801      	add	r0, sp, #4
20000514:	f8ad 3004 	strh.w	r3, [sp, #4]
20000518:	f88d 4008 	strb.w	r4, [sp, #8]
2000051c:	f000 fb46 	bl	20000bac <dcd_event_handler>
20000520:	f44f 2200 	mov.w	r2, #524288	@ 0x80000
20000524:	4b5e      	ldr	r3, [pc, #376]	@ (200006a0 <dcd_rp2040_irq+0x304>)
20000526:	651a      	str	r2, [r3, #80]	@ 0x50
20000528:	046a      	lsls	r2, r5, #17
2000052a:	d5e1      	bpl.n	200004f0 <dcd_rp2040_irq+0x154>
2000052c:	f44f 6380 	mov.w	r3, #1024	@ 0x400
20000530:	2101      	movs	r1, #1
20000532:	a801      	add	r0, sp, #4
20000534:	f8ad 3004 	strh.w	r3, [sp, #4]
20000538:	f000 fb38 	bl	20000bac <dcd_event_handler>
2000053c:	2210      	movs	r2, #16
2000053e:	4b58      	ldr	r3, [pc, #352]	@ (200006a0 <dcd_rp2040_irq+0x304>)
20000540:	f446 4680 	orr.w	r6, r6, #16384	@ 0x4000
20000544:	651a      	str	r2, [r3, #80]	@ 0x50
20000546:	042b      	lsls	r3, r5, #16
20000548:	d5d4      	bpl.n	200004f4 <dcd_rp2040_irq+0x158>
2000054a:	f44f 63a0 	mov.w	r3, #1280	@ 0x500
2000054e:	2101      	movs	r1, #1
20000550:	a801      	add	r0, sp, #4
20000552:	f8ad 3004 	strh.w	r3, [sp, #4]
20000556:	f000 fb29 	bl	20000bac <dcd_event_handler>
2000055a:	f44f 6200 	mov.w	r2, #2048	@ 0x800
2000055e:	4b50      	ldr	r3, [pc, #320]	@ (200006a0 <dcd_rp2040_irq+0x304>)
20000560:	f446 4600 	orr.w	r6, r6, #32768	@ 0x8000
20000564:	651a      	str	r2, [r3, #80]	@ 0x50
20000566:	e7c5      	b.n	200004f4 <dcd_rp2040_irq+0x158>
20000568:	f894 603a 	ldrb.w	r6, [r4, #58]	@ 0x3a
2000056c:	2e00      	cmp	r6, #0
2000056e:	f43f af28 	beq.w	200003c2 <dcd_rp2040_irq+0x26>
20000572:	f894 303c 	ldrb.w	r3, [r4, #60]	@ 0x3c
20000576:	2b00      	cmp	r3, #0
20000578:	f43f af23 	beq.w	200003c2 <dcd_rp2040_irq+0x26>
2000057c:	2300      	movs	r3, #0
2000057e:	f104 0020 	add.w	r0, r4, #32
20000582:	f884 303c 	strb.w	r3, [r4, #60]	@ 0x3c
20000586:	f000 fac1 	bl	20000b0c <hw_endpoint_start_next_buffer>
2000058a:	e71a      	b.n	200003c2 <dcd_rp2040_irq+0x26>
2000058c:	f894 737a 	ldrb.w	r7, [r4, #890]	@ 0x37a
20000590:	2f00      	cmp	r7, #0
20000592:	f43f af57 	beq.w	20000444 <dcd_rp2040_irq+0xa8>
20000596:	f894 337c 	ldrb.w	r3, [r4, #892]	@ 0x37c
2000059a:	2b00      	cmp	r3, #0
2000059c:	f040 8164 	bne.w	20000868 <dcd_rp2040_irq+0x4cc>
200005a0:	f894 33bb 	ldrb.w	r3, [r4, #955]	@ 0x3bb
200005a4:	2b02      	cmp	r3, #2
200005a6:	f040 80f4 	bne.w	20000792 <dcd_rp2040_irq+0x3f6>
200005aa:	f894 33ba 	ldrb.w	r3, [r4, #954]	@ 0x3ba
200005ae:	2b00      	cmp	r3, #0
200005b0:	f040 80eb 	bne.w	2000078a <dcd_rp2040_irq+0x3ee>
200005b4:	f894 33fb 	ldrb.w	r3, [r4, #1019]	@ 0x3fb
200005b8:	2b02      	cmp	r3, #2
200005ba:	f47f af56 	bne.w	2000046a <dcd_rp2040_irq+0xce>
200005be:	463e      	mov	r6, r7
200005c0:	f894 33fa 	ldrb.w	r3, [r4, #1018]	@ 0x3fa
200005c4:	2b00      	cmp	r3, #0
200005c6:	f43f af47 	beq.w	20000458 <dcd_rp2040_irq+0xbc>
200005ca:	f894 33fc 	ldrb.w	r3, [r4, #1020]	@ 0x3fc
200005ce:	2b00      	cmp	r3, #0
200005d0:	f43f af4b 	beq.w	2000046a <dcd_rp2040_irq+0xce>
200005d4:	2300      	movs	r3, #0
200005d6:	4835      	ldr	r0, [pc, #212]	@ (200006ac <dcd_rp2040_irq+0x310>)
200005d8:	f884 33fc 	strb.w	r3, [r4, #1020]	@ 0x3fc
200005dc:	f000 fa96 	bl	20000b0c <hw_endpoint_start_next_buffer>
200005e0:	e743      	b.n	2000046a <dcd_rp2040_irq+0xce>
200005e2:	2102      	movs	r1, #2
200005e4:	4b32      	ldr	r3, [pc, #200]	@ (200006b0 <dcd_rp2040_irq+0x314>)
200005e6:	4a29      	ldr	r2, [pc, #164]	@ (2000068c <dcd_rp2040_irq+0x2f0>)
200005e8:	6619      	str	r1, [r3, #96]	@ 0x60
200005ea:	6e53      	ldr	r3, [r2, #100]	@ 0x64
200005ec:	079f      	lsls	r7, r3, #30
200005ee:	d5fc      	bpl.n	200005ea <dcd_rp2040_irq+0x24e>
200005f0:	f44f 5240 	mov.w	r2, #12288	@ 0x3000
200005f4:	2100      	movs	r1, #0
200005f6:	4827      	ldr	r0, [pc, #156]	@ (20000694 <dcd_rp2040_irq+0x2f8>)
200005f8:	f000 fa66 	bl	20000ac8 <_hw_endpoint_buffer_control_update32>
200005fc:	4825      	ldr	r0, [pc, #148]	@ (20000694 <dcd_rp2040_irq+0x2f8>)
200005fe:	f000 fa5d 	bl	20000abc <hw_endpoint_reset_transfer>
20000602:	2202      	movs	r2, #2
20000604:	4b26      	ldr	r3, [pc, #152]	@ (200006a0 <dcd_rp2040_irq+0x304>)
20000606:	665a      	str	r2, [r3, #100]	@ 0x64
20000608:	661a      	str	r2, [r3, #96]	@ 0x60
2000060a:	2301      	movs	r3, #1
2000060c:	f894 203a 	ldrb.w	r2, [r4, #58]	@ 0x3a
20000610:	70e3      	strb	r3, [r4, #3]
20000612:	2a00      	cmp	r2, #0
20000614:	f43f af53 	beq.w	200004be <dcd_rp2040_irq+0x122>
20000618:	4a25      	ldr	r2, [pc, #148]	@ (200006b0 <dcd_rp2040_irq+0x314>)
2000061a:	6613      	str	r3, [r2, #96]	@ 0x60
2000061c:	f5a2 5200 	sub.w	r2, r2, #8192	@ 0x2000
20000620:	6e53      	ldr	r3, [r2, #100]	@ 0x64
20000622:	07d8      	lsls	r0, r3, #31
20000624:	d5fc      	bpl.n	20000620 <dcd_rp2040_irq+0x284>
20000626:	f44f 5240 	mov.w	r2, #12288	@ 0x3000
2000062a:	2100      	movs	r1, #0
2000062c:	4821      	ldr	r0, [pc, #132]	@ (200006b4 <dcd_rp2040_irq+0x318>)
2000062e:	f000 fa4b 	bl	20000ac8 <_hw_endpoint_buffer_control_update32>
20000632:	4820      	ldr	r0, [pc, #128]	@ (200006b4 <dcd_rp2040_irq+0x318>)
20000634:	f000 fa42 	bl	20000abc <hw_endpoint_reset_transfer>
20000638:	2201      	movs	r2, #1
2000063a:	4b19      	ldr	r3, [pc, #100]	@ (200006a0 <dcd_rp2040_irq+0x304>)
2000063c:	665a      	str	r2, [r3, #100]	@ 0x64
2000063e:	661a      	str	r2, [r3, #96]	@ 0x60
20000640:	e73d      	b.n	200004be <dcd_rp2040_irq+0x122>
20000642:	f894 707a 	ldrb.w	r7, [r4, #122]	@ 0x7a
20000646:	2f00      	cmp	r7, #0
20000648:	f43f aec0 	beq.w	200003cc <dcd_rp2040_irq+0x30>
2000064c:	f894 307c 	ldrb.w	r3, [r4, #124]	@ 0x7c
20000650:	2b00      	cmp	r3, #0
20000652:	f040 8101 	bne.w	20000858 <dcd_rp2040_irq+0x4bc>
20000656:	463e      	mov	r6, r7
20000658:	e6b8      	b.n	200003cc <dcd_rp2040_irq+0x30>
2000065a:	f894 717a 	ldrb.w	r7, [r4, #378]	@ 0x17a
2000065e:	2f00      	cmp	r7, #0
20000660:	f43f aec8 	beq.w	200003f4 <dcd_rp2040_irq+0x58>
20000664:	f894 317c 	ldrb.w	r3, [r4, #380]	@ 0x17c
20000668:	2b00      	cmp	r3, #0
2000066a:	f040 80ed 	bne.w	20000848 <dcd_rp2040_irq+0x4ac>
2000066e:	463e      	mov	r6, r7
20000670:	e6c0      	b.n	200003f4 <dcd_rp2040_irq+0x58>
20000672:	f894 713a 	ldrb.w	r7, [r4, #314]	@ 0x13a
20000676:	2f00      	cmp	r7, #0
20000678:	f43f aeb7 	beq.w	200003ea <dcd_rp2040_irq+0x4e>
2000067c:	f894 313c 	ldrb.w	r3, [r4, #316]	@ 0x13c
20000680:	2b00      	cmp	r3, #0
20000682:	f040 80d9 	bne.w	20000838 <dcd_rp2040_irq+0x49c>
20000686:	463e      	mov	r6, r7
20000688:	e6af      	b.n	200003ea <dcd_rp2040_irq+0x4e>
2000068a:	bf00      	nop
2000068c:	50110000 	.word	0x50110000
20000690:	400b0000 	.word	0x400b0000
20000694:	20002480 	.word	0x20002480
20000698:	20002470 	.word	0x20002470
2000069c:	20002a61 	.word	0x20002a61
200006a0:	50113000 	.word	0x50113000
200006a4:	00020010 	.word	0x00020010
200006a8:	50100000 	.word	0x50100000
200006ac:	20002860 	.word	0x20002860
200006b0:	50112000 	.word	0x50112000
200006b4:	200024a0 	.word	0x200024a0
200006b8:	f894 70fa 	ldrb.w	r7, [r4, #250]	@ 0xfa
200006bc:	2f00      	cmp	r7, #0
200006be:	f43f ae8f 	beq.w	200003e0 <dcd_rp2040_irq+0x44>
200006c2:	f894 30fc 	ldrb.w	r3, [r4, #252]	@ 0xfc
200006c6:	2b00      	cmp	r3, #0
200006c8:	f040 808e 	bne.w	200007e8 <dcd_rp2040_irq+0x44c>
200006cc:	463e      	mov	r6, r7
200006ce:	e687      	b.n	200003e0 <dcd_rp2040_irq+0x44>
200006d0:	f894 70ba 	ldrb.w	r7, [r4, #186]	@ 0xba
200006d4:	2f00      	cmp	r7, #0
200006d6:	f43f ae7e 	beq.w	200003d6 <dcd_rp2040_irq+0x3a>
200006da:	f894 30bc 	ldrb.w	r3, [r4, #188]	@ 0xbc
200006de:	2b00      	cmp	r3, #0
200006e0:	d17a      	bne.n	200007d8 <dcd_rp2040_irq+0x43c>
200006e2:	463e      	mov	r6, r7
200006e4:	e677      	b.n	200003d6 <dcd_rp2040_irq+0x3a>
200006e6:	f894 733a 	ldrb.w	r7, [r4, #826]	@ 0x33a
200006ea:	2f00      	cmp	r7, #0
200006ec:	f43f aea5 	beq.w	2000043a <dcd_rp2040_irq+0x9e>
200006f0:	f894 333c 	ldrb.w	r3, [r4, #828]	@ 0x33c
200006f4:	2b00      	cmp	r3, #0
200006f6:	d157      	bne.n	200007a8 <dcd_rp2040_irq+0x40c>
200006f8:	463e      	mov	r6, r7
200006fa:	e69e      	b.n	2000043a <dcd_rp2040_irq+0x9e>
200006fc:	f894 72fa 	ldrb.w	r7, [r4, #762]	@ 0x2fa
20000700:	2f00      	cmp	r7, #0
20000702:	f43f ae95 	beq.w	20000430 <dcd_rp2040_irq+0x94>
20000706:	f894 32fc 	ldrb.w	r3, [r4, #764]	@ 0x2fc
2000070a:	2b00      	cmp	r3, #0
2000070c:	d15c      	bne.n	200007c8 <dcd_rp2040_irq+0x42c>
2000070e:	463e      	mov	r6, r7
20000710:	e68e      	b.n	20000430 <dcd_rp2040_irq+0x94>
20000712:	f894 72ba 	ldrb.w	r7, [r4, #698]	@ 0x2ba
20000716:	2f00      	cmp	r7, #0
20000718:	f43f ae85 	beq.w	20000426 <dcd_rp2040_irq+0x8a>
2000071c:	f894 32bc 	ldrb.w	r3, [r4, #700]	@ 0x2bc
20000720:	2b00      	cmp	r3, #0
20000722:	d149      	bne.n	200007b8 <dcd_rp2040_irq+0x41c>
20000724:	463e      	mov	r6, r7
20000726:	e67e      	b.n	20000426 <dcd_rp2040_irq+0x8a>
20000728:	f894 727a 	ldrb.w	r7, [r4, #634]	@ 0x27a
2000072c:	2f00      	cmp	r7, #0
2000072e:	f43f ae75 	beq.w	2000041c <dcd_rp2040_irq+0x80>
20000732:	f894 327c 	ldrb.w	r3, [r4, #636]	@ 0x27c
20000736:	2b00      	cmp	r3, #0
20000738:	d176      	bne.n	20000828 <dcd_rp2040_irq+0x48c>
2000073a:	463e      	mov	r6, r7
2000073c:	e66e      	b.n	2000041c <dcd_rp2040_irq+0x80>
2000073e:	f894 723a 	ldrb.w	r7, [r4, #570]	@ 0x23a
20000742:	2f00      	cmp	r7, #0
20000744:	f43f ae65 	beq.w	20000412 <dcd_rp2040_irq+0x76>
20000748:	f894 323c 	ldrb.w	r3, [r4, #572]	@ 0x23c
2000074c:	2b00      	cmp	r3, #0
2000074e:	d163      	bne.n	20000818 <dcd_rp2040_irq+0x47c>
20000750:	463e      	mov	r6, r7
20000752:	e65e      	b.n	20000412 <dcd_rp2040_irq+0x76>
20000754:	f894 71fa 	ldrb.w	r7, [r4, #506]	@ 0x1fa
20000758:	2f00      	cmp	r7, #0
2000075a:	f43f ae55 	beq.w	20000408 <dcd_rp2040_irq+0x6c>
2000075e:	f894 31fc 	ldrb.w	r3, [r4, #508]	@ 0x1fc
20000762:	2b00      	cmp	r3, #0
20000764:	d150      	bne.n	20000808 <dcd_rp2040_irq+0x46c>
20000766:	463e      	mov	r6, r7
20000768:	e64e      	b.n	20000408 <dcd_rp2040_irq+0x6c>
2000076a:	f894 71ba 	ldrb.w	r7, [r4, #442]	@ 0x1ba
2000076e:	2f00      	cmp	r7, #0
20000770:	f43f ae45 	beq.w	200003fe <dcd_rp2040_irq+0x62>
20000774:	f894 31bc 	ldrb.w	r3, [r4, #444]	@ 0x1bc
20000778:	2b00      	cmp	r3, #0
2000077a:	d13d      	bne.n	200007f8 <dcd_rp2040_irq+0x45c>
2000077c:	463e      	mov	r6, r7
2000077e:	e63e      	b.n	200003fe <dcd_rp2040_irq+0x62>
20000780:	f894 33ba 	ldrb.w	r3, [r4, #954]	@ 0x3ba
20000784:	2b00      	cmp	r3, #0
20000786:	f43f ae62 	beq.w	2000044e <dcd_rp2040_irq+0xb2>
2000078a:	f894 33bc 	ldrb.w	r3, [r4, #956]	@ 0x3bc
2000078e:	2b00      	cmp	r3, #0
20000790:	d171      	bne.n	20000876 <dcd_rp2040_irq+0x4da>
20000792:	f894 33fb 	ldrb.w	r3, [r4, #1019]	@ 0x3fb
20000796:	2b02      	cmp	r3, #2
20000798:	f47f ae67 	bne.w	2000046a <dcd_rp2040_irq+0xce>
2000079c:	f894 33fa 	ldrb.w	r3, [r4, #1018]	@ 0x3fa
200007a0:	2b00      	cmp	r3, #0
200007a2:	f43f ae62 	beq.w	2000046a <dcd_rp2040_irq+0xce>
200007a6:	e710      	b.n	200005ca <dcd_rp2040_irq+0x22e>
200007a8:	2300      	movs	r3, #0
200007aa:	4839      	ldr	r0, [pc, #228]	@ (20000890 <dcd_rp2040_irq+0x4f4>)
200007ac:	f884 333c 	strb.w	r3, [r4, #828]	@ 0x33c
200007b0:	463e      	mov	r6, r7
200007b2:	f000 f9ab 	bl	20000b0c <hw_endpoint_start_next_buffer>
200007b6:	e640      	b.n	2000043a <dcd_rp2040_irq+0x9e>
200007b8:	2300      	movs	r3, #0
200007ba:	4836      	ldr	r0, [pc, #216]	@ (20000894 <dcd_rp2040_irq+0x4f8>)
200007bc:	f884 32bc 	strb.w	r3, [r4, #700]	@ 0x2bc
200007c0:	463e      	mov	r6, r7
200007c2:	f000 f9a3 	bl	20000b0c <hw_endpoint_start_next_buffer>
200007c6:	e62e      	b.n	20000426 <dcd_rp2040_irq+0x8a>
200007c8:	2300      	movs	r3, #0
200007ca:	4833      	ldr	r0, [pc, #204]	@ (20000898 <dcd_rp2040_irq+0x4fc>)
200007cc:	f884 32fc 	strb.w	r3, [r4, #764]	@ 0x2fc
200007d0:	463e      	mov	r6, r7
200007d2:	f000 f99b 	bl	20000b0c <hw_endpoint_start_next_buffer>
200007d6:	e62b      	b.n	20000430 <dcd_rp2040_irq+0x94>
200007d8:	2300      	movs	r3, #0
200007da:	4830      	ldr	r0, [pc, #192]	@ (2000089c <dcd_rp2040_irq+0x500>)
200007dc:	f884 30bc 	strb.w	r3, [r4, #188]	@ 0xbc
200007e0:	463e      	mov	r6, r7
200007e2:	f000 f993 	bl	20000b0c <hw_endpoint_start_next_buffer>
200007e6:	e5f6      	b.n	200003d6 <dcd_rp2040_irq+0x3a>
200007e8:	2300      	movs	r3, #0
200007ea:	482d      	ldr	r0, [pc, #180]	@ (200008a0 <dcd_rp2040_irq+0x504>)
200007ec:	f884 30fc 	strb.w	r3, [r4, #252]	@ 0xfc
200007f0:	463e      	mov	r6, r7
200007f2:	f000 f98b 	bl	20000b0c <hw_endpoint_start_next_buffer>
200007f6:	e5f3      	b.n	200003e0 <dcd_rp2040_irq+0x44>
200007f8:	2300      	movs	r3, #0
200007fa:	482a      	ldr	r0, [pc, #168]	@ (200008a4 <dcd_rp2040_irq+0x508>)
200007fc:	f884 31bc 	strb.w	r3, [r4, #444]	@ 0x1bc
20000800:	463e      	mov	r6, r7
20000802:	f000 f983 	bl	20000b0c <hw_endpoint_start_next_buffer>
20000806:	e5fa      	b.n	200003fe <dcd_rp2040_irq+0x62>
20000808:	2300      	movs	r3, #0
2000080a:	4827      	ldr	r0, [pc, #156]	@ (200008a8 <dcd_rp2040_irq+0x50c>)
2000080c:	f884 31fc 	strb.w	r3, [r4, #508]	@ 0x1fc
20000810:	463e      	mov	r6, r7
20000812:	f000 f97b 	bl	20000b0c <hw_endpoint_start_next_buffer>
20000816:	e5f7      	b.n	20000408 <dcd_rp2040_irq+0x6c>
20000818:	2300      	movs	r3, #0
2000081a:	4824      	ldr	r0, [pc, #144]	@ (200008ac <dcd_rp2040_irq+0x510>)
2000081c:	f884 323c 	strb.w	r3, [r4, #572]	@ 0x23c
20000820:	463e      	mov	r6, r7
20000822:	f000 f973 	bl	20000b0c <hw_endpoint_start_next_buffer>
20000826:	e5f4      	b.n	20000412 <dcd_rp2040_irq+0x76>
20000828:	2300      	movs	r3, #0
2000082a:	4821      	ldr	r0, [pc, #132]	@ (200008b0 <dcd_rp2040_irq+0x514>)
2000082c:	f884 327c 	strb.w	r3, [r4, #636]	@ 0x27c
20000830:	463e      	mov	r6, r7
20000832:	f000 f96b 	bl	20000b0c <hw_endpoint_start_next_buffer>
20000836:	e5f1      	b.n	2000041c <dcd_rp2040_irq+0x80>
20000838:	2300      	movs	r3, #0
2000083a:	481e      	ldr	r0, [pc, #120]	@ (200008b4 <dcd_rp2040_irq+0x518>)
2000083c:	f884 313c 	strb.w	r3, [r4, #316]	@ 0x13c
20000840:	463e      	mov	r6, r7
20000842:	f000 f963 	bl	20000b0c <hw_endpoint_start_next_buffer>
20000846:	e5d0      	b.n	200003ea <dcd_rp2040_irq+0x4e>
20000848:	2300      	movs	r3, #0
2000084a:	481b      	ldr	r0, [pc, #108]	@ (200008b8 <dcd_rp2040_irq+0x51c>)
2000084c:	f884 317c 	strb.w	r3, [r4, #380]	@ 0x17c
20000850:	463e      	mov	r6, r7
20000852:	f000 f95b 	bl	20000b0c <hw_endpoint_start_next_buffer>
20000856:	e5cd      	b.n	200003f4 <dcd_rp2040_irq+0x58>
20000858:	2300      	movs	r3, #0
2000085a:	4818      	ldr	r0, [pc, #96]	@ (200008bc <dcd_rp2040_irq+0x520>)
2000085c:	f884 307c 	strb.w	r3, [r4, #124]	@ 0x7c
20000860:	463e      	mov	r6, r7
20000862:	f000 f953 	bl	20000b0c <hw_endpoint_start_next_buffer>
20000866:	e5b1      	b.n	200003cc <dcd_rp2040_irq+0x30>
20000868:	2300      	movs	r3, #0
2000086a:	4815      	ldr	r0, [pc, #84]	@ (200008c0 <dcd_rp2040_irq+0x524>)
2000086c:	f884 337c 	strb.w	r3, [r4, #892]	@ 0x37c
20000870:	f000 f94c 	bl	20000b0c <hw_endpoint_start_next_buffer>
20000874:	e694      	b.n	200005a0 <dcd_rp2040_irq+0x204>
20000876:	2300      	movs	r3, #0
20000878:	4812      	ldr	r0, [pc, #72]	@ (200008c4 <dcd_rp2040_irq+0x528>)
2000087a:	f884 33bc 	strb.w	r3, [r4, #956]	@ 0x3bc
2000087e:	f000 f945 	bl	20000b0c <hw_endpoint_start_next_buffer>
20000882:	e786      	b.n	20000792 <dcd_rp2040_irq+0x3f6>
20000884:	4810      	ldr	r0, [pc, #64]	@ (200008c8 <dcd_rp2040_irq+0x52c>)
20000886:	ea86 0105 	eor.w	r1, r6, r5
2000088a:	f000 fe29 	bl	200014e0 <__panic_veneer>
2000088e:	bf00      	nop
20000890:	200027a0 	.word	0x200027a0
20000894:	20002720 	.word	0x20002720
20000898:	20002760 	.word	0x20002760
2000089c:	20002520 	.word	0x20002520
200008a0:	20002560 	.word	0x20002560
200008a4:	20002620 	.word	0x20002620
200008a8:	20002660 	.word	0x20002660
200008ac:	200026a0 	.word	0x200026a0
200008b0:	200026e0 	.word	0x200026e0
200008b4:	200025a0 	.word	0x200025a0
200008b8:	200025e0 	.word	0x200025e0
200008bc:	200024e0 	.word	0x200024e0
200008c0:	200027e0 	.word	0x200027e0
200008c4:	20002820 	.word	0x20002820
200008c8:	100090b8 	.word	0x100090b8

200008cc <prepare_ep_buffer>:
200008cc:	e92d 47f0 	stmdb	sp!, {r4, r5, r6, r7, r8, r9, sl, lr}
200008d0:	8a84      	ldrh	r4, [r0, #20]
200008d2:	8b05      	ldrh	r5, [r0, #24]
200008d4:	78c2      	ldrb	r2, [r0, #3]
200008d6:	42a5      	cmp	r5, r4
200008d8:	bf28      	it	cs
200008da:	4625      	movcs	r5, r4
200008dc:	1e17      	subs	r7, r2, #0
200008de:	bf18      	it	ne
200008e0:	2701      	movne	r7, #1
200008e2:	1b64      	subs	r4, r4, r5
200008e4:	7846      	ldrb	r6, [r0, #1]
200008e6:	f082 0201 	eor.w	r2, r2, #1
200008ea:	b2a4      	uxth	r4, r4
200008ec:	4603      	mov	r3, r0
200008ee:	70c2      	strb	r2, [r0, #3]
200008f0:	8284      	strh	r4, [r0, #20]
200008f2:	f445 6080 	orr.w	r0, r5, #1024	@ 0x400
200008f6:	ea40 3047 	orr.w	r0, r0, r7, lsl #13
200008fa:	bba6      	cbnz	r6, 20000966 <prepare_ep_buffer+0x9a>
200008fc:	e9d3 2603 	ldrd	r2, r6, [r3, #12]
20000900:	1e6f      	subs	r7, r5, #1
20000902:	eb02 1e81 	add.w	lr, r2, r1, lsl #6
20000906:	b355      	cbz	r5, 2000095e <prepare_ep_buffer+0x92>
20000908:	2f05      	cmp	r7, #5
2000090a:	bf98      	it	ls
2000090c:	1c72      	addls	r2, r6, #1
2000090e:	d931      	bls.n	20000974 <prepare_ep_buffer+0xa8>
20000910:	eb02 1c81 	add.w	ip, r2, r1, lsl #6
20000914:	1c72      	adds	r2, r6, #1
20000916:	ebac 0402 	sub.w	r4, ip, r2
2000091a:	2c02      	cmp	r4, #2
2000091c:	d92a      	bls.n	20000974 <prepare_ep_buffer+0xa8>
2000091e:	4632      	mov	r2, r6
20000920:	ea4f 0995 	mov.w	r9, r5, lsr #2
20000924:	ea4f 0a89 	mov.w	sl, r9, lsl #2
20000928:	eb06 0889 	add.w	r8, r6, r9, lsl #2
2000092c:	f852 4b04 	ldr.w	r4, [r2], #4
20000930:	4542      	cmp	r2, r8
20000932:	f84c 4b04 	str.w	r4, [ip], #4
20000936:	d1f9      	bne.n	2000092c <prepare_ep_buffer+0x60>
20000938:	4555      	cmp	r5, sl
2000093a:	eba7 070a 	sub.w	r7, r7, sl
2000093e:	eb0e 040a 	add.w	r4, lr, sl
20000942:	d00a      	beq.n	2000095a <prepare_ep_buffer+0x8e>
20000944:	f816 6029 	ldrb.w	r6, [r6, r9, lsl #2]
20000948:	f80e 6029 	strb.w	r6, [lr, r9, lsl #2]
2000094c:	b12f      	cbz	r7, 2000095a <prepare_ep_buffer+0x8e>
2000094e:	7856      	ldrb	r6, [r2, #1]
20000950:	2f01      	cmp	r7, #1
20000952:	7066      	strb	r6, [r4, #1]
20000954:	d001      	beq.n	2000095a <prepare_ep_buffer+0x8e>
20000956:	7892      	ldrb	r2, [r2, #2]
20000958:	70a2      	strb	r2, [r4, #2]
2000095a:	691e      	ldr	r6, [r3, #16]
2000095c:	8a9c      	ldrh	r4, [r3, #20]
2000095e:	442e      	add	r6, r5
20000960:	611e      	str	r6, [r3, #16]
20000962:	f440 4000 	orr.w	r0, r0, #32768	@ 0x8000
20000966:	b90c      	cbnz	r4, 2000096c <prepare_ep_buffer+0xa0>
20000968:	f440 4080 	orr.w	r0, r0, #16384	@ 0x4000
2000096c:	b101      	cbz	r1, 20000970 <prepare_ep_buffer+0xa4>
2000096e:	0400      	lsls	r0, r0, #16
20000970:	e8bd 87f0 	ldmia.w	sp!, {r4, r5, r6, r7, r8, r9, sl, pc}
20000974:	f10e 3eff 	add.w	lr, lr, #4294967295
20000978:	442e      	add	r6, r5
2000097a:	e000      	b.n	2000097e <prepare_ep_buffer+0xb2>
2000097c:	3201      	adds	r2, #1
2000097e:	f812 4c01 	ldrb.w	r4, [r2, #-1]
20000982:	42b2      	cmp	r2, r6
20000984:	f80e 4f01 	strb.w	r4, [lr, #1]!
20000988:	d1f8      	bne.n	2000097c <prepare_ep_buffer+0xb0>
2000098a:	e7e6      	b.n	2000095a <prepare_ep_buffer+0x8e>

2000098c <sync_ep_buffer>:
2000098c:	6883      	ldr	r3, [r0, #8]
2000098e:	4602      	mov	r2, r0
20000990:	6818      	ldr	r0, [r3, #0]
20000992:	b101      	cbz	r1, 20000996 <sync_ep_buffer+0xa>
20000994:	0c00      	lsrs	r0, r0, #16
20000996:	7853      	ldrb	r3, [r2, #1]
20000998:	f3c0 0009 	ubfx	r0, r0, #0, #10
2000099c:	2b00      	cmp	r3, #0
2000099e:	d03c      	beq.n	20000a1a <sync_ep_buffer+0x8e>
200009a0:	e92d 41f0 	stmdb	sp!, {r4, r5, r6, r7, r8, lr}
200009a4:	e9d2 3403 	ldrd	r3, r4, [r2, #12]
200009a8:	1e46      	subs	r6, r0, #1
200009aa:	eb03 1e81 	add.w	lr, r3, r1, lsl #6
200009ae:	b340      	cbz	r0, 20000a02 <sync_ep_buffer+0x76>
200009b0:	2e05      	cmp	r6, #5
200009b2:	d93b      	bls.n	20000a2c <sync_ep_buffer+0xa0>
200009b4:	0189      	lsls	r1, r1, #6
200009b6:	1c4d      	adds	r5, r1, #1
200009b8:	441d      	add	r5, r3
200009ba:	1b65      	subs	r5, r4, r5
200009bc:	2d02      	cmp	r5, #2
200009be:	d935      	bls.n	20000a2c <sync_ep_buffer+0xa0>
200009c0:	4673      	mov	r3, lr
200009c2:	4621      	mov	r1, r4
200009c4:	f400 777f 	and.w	r7, r0, #1020	@ 0x3fc
200009c8:	ea4f 0890 	mov.w	r8, r0, lsr #2
200009cc:	18fd      	adds	r5, r7, r3
200009ce:	f853 cb04 	ldr.w	ip, [r3], #4
200009d2:	42ab      	cmp	r3, r5
200009d4:	f841 cb04 	str.w	ip, [r1], #4
200009d8:	d1f9      	bne.n	200009ce <sync_ep_buffer+0x42>
200009da:	42b8      	cmp	r0, r7
200009dc:	eba6 0607 	sub.w	r6, r6, r7
200009e0:	eb04 0307 	add.w	r3, r4, r7
200009e4:	eb0e 0107 	add.w	r1, lr, r7
200009e8:	d00a      	beq.n	20000a00 <sync_ep_buffer+0x74>
200009ea:	f81e 5028 	ldrb.w	r5, [lr, r8, lsl #2]
200009ee:	f804 5028 	strb.w	r5, [r4, r8, lsl #2]
200009f2:	b12e      	cbz	r6, 20000a00 <sync_ep_buffer+0x74>
200009f4:	784c      	ldrb	r4, [r1, #1]
200009f6:	2e01      	cmp	r6, #1
200009f8:	705c      	strb	r4, [r3, #1]
200009fa:	d001      	beq.n	20000a00 <sync_ep_buffer+0x74>
200009fc:	7889      	ldrb	r1, [r1, #2]
200009fe:	7099      	strb	r1, [r3, #2]
20000a00:	6914      	ldr	r4, [r2, #16]
20000a02:	8ad3      	ldrh	r3, [r2, #22]
20000a04:	4404      	add	r4, r0
20000a06:	4403      	add	r3, r0
20000a08:	82d3      	strh	r3, [r2, #22]
20000a0a:	8b13      	ldrh	r3, [r2, #24]
20000a0c:	6114      	str	r4, [r2, #16]
20000a0e:	4283      	cmp	r3, r0
20000a10:	bf84      	itt	hi
20000a12:	2300      	movhi	r3, #0
20000a14:	8293      	strhhi	r3, [r2, #20]
20000a16:	e8bd 81f0 	ldmia.w	sp!, {r4, r5, r6, r7, r8, pc}
20000a1a:	8ad3      	ldrh	r3, [r2, #22]
20000a1c:	4403      	add	r3, r0
20000a1e:	82d3      	strh	r3, [r2, #22]
20000a20:	8b13      	ldrh	r3, [r2, #24]
20000a22:	4283      	cmp	r3, r0
20000a24:	bf84      	itt	hi
20000a26:	2300      	movhi	r3, #0
20000a28:	8293      	strhhi	r3, [r2, #20]
20000a2a:	4770      	bx	lr
20000a2c:	3c01      	subs	r4, #1
20000a2e:	eb0e 0100 	add.w	r1, lr, r0
20000a32:	f81e 3b01 	ldrb.w	r3, [lr], #1
20000a36:	4571      	cmp	r1, lr
20000a38:	f804 3f01 	strb.w	r3, [r4, #1]!
20000a3c:	d1f9      	bne.n	20000a32 <sync_ep_buffer+0xa6>
20000a3e:	e7df      	b.n	20000a00 <sync_ep_buffer+0x74>

20000a40 <_hw_endpoint_xfer_sync>:
20000a40:	b510      	push	{r4, lr}
20000a42:	4604      	mov	r4, r0
20000a44:	6883      	ldr	r3, [r0, #8]
20000a46:	2100      	movs	r1, #0
20000a48:	681b      	ldr	r3, [r3, #0]
20000a4a:	f7ff ff9f 	bl	2000098c <sync_ep_buffer>
20000a4e:	6863      	ldr	r3, [r4, #4]
20000a50:	681b      	ldr	r3, [r3, #0]
20000a52:	005b      	lsls	r3, r3, #1
20000a54:	d502      	bpl.n	20000a5c <_hw_endpoint_xfer_sync+0x1c>
20000a56:	8b23      	ldrh	r3, [r4, #24]
20000a58:	4283      	cmp	r3, r0
20000a5a:	d000      	beq.n	20000a5e <_hw_endpoint_xfer_sync+0x1e>
20000a5c:	bd10      	pop	{r4, pc}
20000a5e:	4620      	mov	r0, r4
20000a60:	e8bd 4010 	ldmia.w	sp!, {r4, lr}
20000a64:	2101      	movs	r1, #1
20000a66:	f7ff bf91 	b.w	2000098c <sync_ep_buffer>
20000a6a:	bf00      	nop

20000a6c <e15_is_bulkin_ep>:
20000a6c:	4b08      	ldr	r3, [pc, #32]	@ (20000a90 <e15_is_bulkin_ep+0x24>)
20000a6e:	6c1b      	ldr	r3, [r3, #64]	@ 0x40
20000a70:	f013 0302 	ands.w	r3, r3, #2
20000a74:	d102      	bne.n	20000a7c <e15_is_bulkin_ep+0x10>
20000a76:	7882      	ldrb	r2, [r0, #2]
20000a78:	09d2      	lsrs	r2, r2, #7
20000a7a:	d101      	bne.n	20000a80 <e15_is_bulkin_ep+0x14>
20000a7c:	2000      	movs	r0, #0
20000a7e:	4770      	bx	lr
20000a80:	7ec0      	ldrb	r0, [r0, #27]
20000a82:	f1a0 0002 	sub.w	r0, r0, #2
20000a86:	fab0 f080 	clz	r0, r0
20000a8a:	0940      	lsrs	r0, r0, #5
20000a8c:	4770      	bx	lr
20000a8e:	bf00      	nop
20000a90:	50110000 	.word	0x50110000

20000a94 <e15_is_critical_frame_period>:
20000a94:	b508      	push	{r3, lr}
20000a96:	f7ff ffe9 	bl	20000a6c <e15_is_bulkin_ep>
20000a9a:	b150      	cbz	r0, 20000ab2 <e15_is_critical_frame_period+0x1e>
20000a9c:	4a05      	ldr	r2, [pc, #20]	@ (20000ab4 <e15_is_critical_frame_period+0x20>)
20000a9e:	4b06      	ldr	r3, [pc, #24]	@ (20000ab8 <e15_is_critical_frame_period+0x24>)
20000aa0:	6a90      	ldr	r0, [r2, #40]	@ 0x28
20000aa2:	681b      	ldr	r3, [r3, #0]
20000aa4:	f5a0 7048 	sub.w	r0, r0, #800	@ 0x320
20000aa8:	1ac0      	subs	r0, r0, r3
20000aaa:	28c6      	cmp	r0, #198	@ 0xc6
20000aac:	bf8c      	ite	hi
20000aae:	2000      	movhi	r0, #0
20000ab0:	2001      	movls	r0, #1
20000ab2:	bd08      	pop	{r3, pc}
20000ab4:	400b0000 	.word	0x400b0000
20000ab8:	20002470 	.word	0x20002470

20000abc <hw_endpoint_reset_transfer>:
20000abc:	2300      	movs	r3, #0
20000abe:	e9c0 3304 	strd	r3, r3, [r0, #16]
20000ac2:	7683      	strb	r3, [r0, #26]
20000ac4:	4770      	bx	lr
20000ac6:	bf00      	nop

20000ac8 <_hw_endpoint_buffer_control_update32>:
20000ac8:	b510      	push	{r4, lr}
20000aca:	6883      	ldr	r3, [r0, #8]
20000acc:	b109      	cbz	r1, 20000ad2 <_hw_endpoint_buffer_control_update32+0xa>
20000ace:	681c      	ldr	r4, [r3, #0]
20000ad0:	4021      	ands	r1, r4
20000ad2:	b182      	cbz	r2, 20000af6 <_hw_endpoint_buffer_control_update32+0x2e>
20000ad4:	4311      	orrs	r1, r2
20000ad6:	0552      	lsls	r2, r2, #21
20000ad8:	d50d      	bpl.n	20000af6 <_hw_endpoint_buffer_control_update32+0x2e>
20000ada:	681a      	ldr	r2, [r3, #0]
20000adc:	0554      	lsls	r4, r2, #21
20000ade:	d40c      	bmi.n	20000afa <_hw_endpoint_buffer_control_update32+0x32>
20000ae0:	4a08      	ldr	r2, [pc, #32]	@ (20000b04 <_hw_endpoint_buffer_control_update32+0x3c>)
20000ae2:	f421 6480 	bic.w	r4, r1, #1024	@ 0x400
20000ae6:	601c      	str	r4, [r3, #0]
20000ae8:	6c12      	ldr	r2, [r2, #64]	@ 0x40
20000aea:	0792      	lsls	r2, r2, #30
20000aec:	d403      	bmi.n	20000af6 <_hw_endpoint_buffer_control_update32+0x2e>
20000aee:	230c      	movs	r3, #12
20000af0:	3b03      	subs	r3, #3
20000af2:	d2fd      	bcs.n	20000af0 <_hw_endpoint_buffer_control_update32+0x28>
20000af4:	6883      	ldr	r3, [r0, #8]
20000af6:	6019      	str	r1, [r3, #0]
20000af8:	bd10      	pop	{r4, pc}
20000afa:	7881      	ldrb	r1, [r0, #2]
20000afc:	4802      	ldr	r0, [pc, #8]	@ (20000b08 <_hw_endpoint_buffer_control_update32+0x40>)
20000afe:	f000 fcef 	bl	200014e0 <__panic_veneer>
20000b02:	bf00      	nop
20000b04:	50110000 	.word	0x50110000
20000b08:	100090cc 	.word	0x100090cc

20000b0c <hw_endpoint_start_next_buffer>:
20000b0c:	b530      	push	{r4, r5, lr}
20000b0e:	6843      	ldr	r3, [r0, #4]
20000b10:	2100      	movs	r1, #0
20000b12:	b083      	sub	sp, #12
20000b14:	4604      	mov	r4, r0
20000b16:	681d      	ldr	r5, [r3, #0]
20000b18:	f7ff fed8 	bl	200008cc <prepare_ep_buffer>
20000b1c:	4b13      	ldr	r3, [pc, #76]	@ (20000b6c <hw_endpoint_start_next_buffer+0x60>)
20000b1e:	f440 5280 	orr.w	r2, r0, #4096	@ 0x1000
20000b22:	6c19      	ldr	r1, [r3, #64]	@ 0x40
20000b24:	78a3      	ldrb	r3, [r4, #2]
20000b26:	0789      	lsls	r1, r1, #30
20000b28:	d50e      	bpl.n	20000b48 <hw_endpoint_start_next_buffer+0x3c>
20000b2a:	065b      	lsls	r3, r3, #25
20000b2c:	d00e      	beq.n	20000b4c <hw_endpoint_start_next_buffer+0x40>
20000b2e:	f025 45a0 	bic.w	r5, r5, #1342177280	@ 0x50000000
20000b32:	f045 5500 	orr.w	r5, r5, #536870912	@ 0x20000000
20000b36:	2100      	movs	r1, #0
20000b38:	4620      	mov	r0, r4
20000b3a:	6863      	ldr	r3, [r4, #4]
20000b3c:	601d      	str	r5, [r3, #0]
20000b3e:	b003      	add	sp, #12
20000b40:	e8bd 4030 	ldmia.w	sp!, {r4, r5, lr}
20000b44:	f7ff bfc0 	b.w	20000ac8 <_hw_endpoint_buffer_control_update32>
20000b48:	09db      	lsrs	r3, r3, #7
20000b4a:	d0f0      	beq.n	20000b2e <hw_endpoint_start_next_buffer+0x22>
20000b4c:	8aa3      	ldrh	r3, [r4, #20]
20000b4e:	2b00      	cmp	r3, #0
20000b50:	d0ed      	beq.n	20000b2e <hw_endpoint_start_next_buffer+0x22>
20000b52:	2101      	movs	r1, #1
20000b54:	4620      	mov	r0, r4
20000b56:	9201      	str	r2, [sp, #4]
20000b58:	f7ff feb8 	bl	200008cc <prepare_ep_buffer>
20000b5c:	9a01      	ldr	r2, [sp, #4]
20000b5e:	f025 5500 	bic.w	r5, r5, #536870912	@ 0x20000000
20000b62:	4302      	orrs	r2, r0
20000b64:	f045 45a0 	orr.w	r5, r5, #1342177280	@ 0x50000000
20000b68:	e7e5      	b.n	20000b36 <hw_endpoint_start_next_buffer+0x2a>
20000b6a:	bf00      	nop
20000b6c:	50110000 	.word	0x50110000

20000b70 <hw_endpoint_xfer_continue>:
20000b70:	b538      	push	{r3, r4, r5, lr}
20000b72:	7e85      	ldrb	r5, [r0, #26]
20000b74:	4604      	mov	r4, r0
20000b76:	b195      	cbz	r5, 20000b9e <hw_endpoint_xfer_continue+0x2e>
20000b78:	f7ff ff62 	bl	20000a40 <_hw_endpoint_xfer_sync>
20000b7c:	8aa3      	ldrh	r3, [r4, #20]
20000b7e:	b90b      	cbnz	r3, 20000b84 <hw_endpoint_xfer_continue+0x14>
20000b80:	4628      	mov	r0, r5
20000b82:	bd38      	pop	{r3, r4, r5, pc}
20000b84:	4620      	mov	r0, r4
20000b86:	f7ff ff85 	bl	20000a94 <e15_is_critical_frame_period>
20000b8a:	b120      	cbz	r0, 20000b96 <hw_endpoint_xfer_continue+0x26>
20000b8c:	2301      	movs	r3, #1
20000b8e:	7723      	strb	r3, [r4, #28]
20000b90:	2500      	movs	r5, #0
20000b92:	4628      	mov	r0, r5
20000b94:	bd38      	pop	{r3, r4, r5, pc}
20000b96:	4620      	mov	r0, r4
20000b98:	f7ff ffb8 	bl	20000b0c <hw_endpoint_start_next_buffer>
20000b9c:	e7f8      	b.n	20000b90 <hw_endpoint_xfer_continue+0x20>
20000b9e:	7881      	ldrb	r1, [r0, #2]
20000ba0:	4801      	ldr	r0, [pc, #4]	@ (20000ba8 <hw_endpoint_xfer_continue+0x38>)
20000ba2:	f000 fc9d 	bl	200014e0 <__panic_veneer>
20000ba6:	bf00      	nop
20000ba8:	100090ec 	.word	0x100090ec

20000bac <dcd_event_handler>:
20000bac:	e92d 43f0 	stmdb	sp!, {r4, r5, r6, r7, r8, r9, lr}
20000bb0:	7843      	ldrb	r3, [r0, #1]
20000bb2:	4681      	mov	r9, r0
20000bb4:	3b02      	subs	r3, #2
20000bb6:	460d      	mov	r5, r1
20000bb8:	b085      	sub	sp, #20
20000bba:	2b04      	cmp	r3, #4
20000bbc:	d813      	bhi.n	20000be6 <dcd_event_handler+0x3a>
20000bbe:	e8df f003 	tbb	[pc, r3]
20000bc2:	4a03      	.short	0x4a03
20000bc4:	736a      	.short	0x736a
20000bc6:	44          	.byte	0x44
20000bc7:	00          	.byte	0x00
20000bc8:	2100      	movs	r1, #0
20000bca:	4b7b      	ldr	r3, [pc, #492]	@ (20000db8 <dcd_event_handler+0x20c>)
20000bcc:	781a      	ldrb	r2, [r3, #0]
20000bce:	f022 0201 	bic.w	r2, r2, #1
20000bd2:	701a      	strb	r2, [r3, #0]
20000bd4:	781a      	ldrb	r2, [r3, #0]
20000bd6:	f022 0202 	bic.w	r2, r2, #2
20000bda:	701a      	strb	r2, [r3, #0]
20000bdc:	7059      	strb	r1, [r3, #1]
20000bde:	781a      	ldrb	r2, [r3, #0]
20000be0:	f361 0282 	bfi	r2, r1, #2, #1
20000be4:	701a      	strb	r2, [r3, #0]
20000be6:	4b75      	ldr	r3, [pc, #468]	@ (20000dbc <dcd_event_handler+0x210>)
20000be8:	681c      	ldr	r4, [r3, #0]
20000bea:	6963      	ldr	r3, [r4, #20]
20000bec:	f3ef 8210 	mrs	r2, PRIMASK
20000bf0:	b672      	cpsid	i
20000bf2:	e8d3 0fcf 	ldaexb	r0, [r3]
20000bf6:	2101      	movs	r1, #1
20000bf8:	2800      	cmp	r0, #0
20000bfa:	d1fa      	bne.n	20000bf2 <dcd_event_handler+0x46>
20000bfc:	e8c3 1f40 	strexb	r0, r1, [r3]
20000c00:	2800      	cmp	r0, #0
20000c02:	d1f6      	bne.n	20000bf2 <dcd_event_handler+0x46>
20000c04:	f3bf 8f5f 	dmb	sy
20000c08:	61a2      	str	r2, [r4, #24]
20000c0a:	4649      	mov	r1, r9
20000c0c:	4620      	mov	r0, r4
20000c0e:	f000 fc5b 	bl	200014c8 <__tu_fifo_write_veneer>
20000c12:	2300      	movs	r3, #0
20000c14:	6962      	ldr	r2, [r4, #20]
20000c16:	e8c2 3f8f 	stlb	r3, [r2]
20000c1a:	69a3      	ldr	r3, [r4, #24]
20000c1c:	f383 8810 	msr	PRIMASK, r3
20000c20:	b948      	cbnz	r0, 20000c36 <dcd_event_handler+0x8a>
20000c22:	f04f 23e0 	mov.w	r3, #3758153728	@ 0xe000e000
20000c26:	f8d3 3df0 	ldr.w	r3, [r3, #3568]	@ 0xdf0
20000c2a:	07db      	lsls	r3, r3, #31
20000c2c:	d50a      	bpl.n	20000c44 <dcd_event_handler+0x98>
20000c2e:	be00      	bkpt	0x0000
20000c30:	b005      	add	sp, #20
20000c32:	e8bd 83f0 	ldmia.w	sp!, {r4, r5, r6, r7, r8, r9, pc}
20000c36:	462a      	mov	r2, r5
20000c38:	f899 1001 	ldrb.w	r1, [r9, #1]
20000c3c:	f899 0000 	ldrb.w	r0, [r9]
20000c40:	f000 fc46 	bl	200014d0 <__tud_event_hook_cb_veneer>
20000c44:	b005      	add	sp, #20
20000c46:	e8bd 83f0 	ldmia.w	sp!, {r4, r5, r6, r7, r8, r9, pc}
20000c4a:	4a5d      	ldr	r2, [pc, #372]	@ (20000dc0 <dcd_event_handler+0x214>)
20000c4c:	7813      	ldrb	r3, [r2, #0]
20000c4e:	3301      	adds	r3, #1
20000c50:	b2db      	uxtb	r3, r3
20000c52:	7013      	strb	r3, [r2, #0]
20000c54:	e7c7      	b.n	20000be6 <dcd_event_handler+0x3a>
20000c56:	2400      	movs	r4, #0
20000c58:	4e5a      	ldr	r6, [pc, #360]	@ (20000dc4 <dcd_event_handler+0x218>)
20000c5a:	4623      	mov	r3, r4
20000c5c:	7831      	ldrb	r1, [r6, #0]
20000c5e:	f8df 816c 	ldr.w	r8, [pc, #364]	@ 20000dcc <dcd_event_handler+0x220>
20000c62:	4f59      	ldr	r7, [pc, #356]	@ (20000dc8 <dcd_event_handler+0x21c>)
20000c64:	e011      	b.n	20000c8a <dcd_event_handler+0xde>
20000c66:	683b      	ldr	r3, [r7, #0]
20000c68:	eb13 1344 	adds.w	r3, r3, r4, lsl #5
20000c6c:	d007      	beq.n	20000c7e <dcd_event_handler+0xd2>
20000c6e:	69db      	ldr	r3, [r3, #28]
20000c70:	b12b      	cbz	r3, 20000c7e <dcd_event_handler+0xd2>
20000c72:	f8d9 1004 	ldr.w	r1, [r9, #4]
20000c76:	f899 0000 	ldrb.w	r0, [r9]
20000c7a:	4798      	blx	r3
20000c7c:	7831      	ldrb	r1, [r6, #0]
20000c7e:	3401      	adds	r4, #1
20000c80:	b2e4      	uxtb	r4, r4
20000c82:	1c4a      	adds	r2, r1, #1
20000c84:	42a2      	cmp	r2, r4
20000c86:	4623      	mov	r3, r4
20000c88:	db17      	blt.n	20000cba <dcd_event_handler+0x10e>
20000c8a:	42a1      	cmp	r1, r4
20000c8c:	d8eb      	bhi.n	20000c66 <dcd_event_handler+0xba>
20000c8e:	1a5b      	subs	r3, r3, r1
20000c90:	eb08 1343 	add.w	r3, r8, r3, lsl #5
20000c94:	e7eb      	b.n	20000c6e <dcd_event_handler+0xc2>
20000c96:	4b48      	ldr	r3, [pc, #288]	@ (20000db8 <dcd_event_handler+0x20c>)
20000c98:	781a      	ldrb	r2, [r3, #0]
20000c9a:	07d6      	lsls	r6, r2, #31
20000c9c:	d5d2      	bpl.n	20000c44 <dcd_event_handler+0x98>
20000c9e:	781a      	ldrb	r2, [r3, #0]
20000ca0:	f042 0204 	orr.w	r2, r2, #4
20000ca4:	701a      	strb	r2, [r3, #0]
20000ca6:	e79e      	b.n	20000be6 <dcd_event_handler+0x3a>
20000ca8:	4b43      	ldr	r3, [pc, #268]	@ (20000db8 <dcd_event_handler+0x20c>)
20000caa:	781a      	ldrb	r2, [r3, #0]
20000cac:	07d4      	lsls	r4, r2, #31
20000cae:	d5c9      	bpl.n	20000c44 <dcd_event_handler+0x98>
20000cb0:	781a      	ldrb	r2, [r3, #0]
20000cb2:	f022 0204 	bic.w	r2, r2, #4
20000cb6:	701a      	strb	r2, [r3, #0]
20000cb8:	e795      	b.n	20000be6 <dcd_event_handler+0x3a>
20000cba:	4c3f      	ldr	r4, [pc, #252]	@ (20000db8 <dcd_event_handler+0x20c>)
20000cbc:	7823      	ldrb	r3, [r4, #0]
20000cbe:	0758      	lsls	r0, r3, #29
20000cc0:	d43a      	bmi.n	20000d38 <dcd_event_handler+0x18c>
20000cc2:	78e3      	ldrb	r3, [r4, #3]
20000cc4:	07da      	lsls	r2, r3, #31
20000cc6:	d5bd      	bpl.n	20000c44 <dcd_event_handler+0x98>
20000cc8:	2303      	movs	r3, #3
20000cca:	2600      	movs	r6, #0
20000ccc:	4a3b      	ldr	r2, [pc, #236]	@ (20000dbc <dcd_event_handler+0x210>)
20000cce:	f899 1000 	ldrb.w	r1, [r9]
20000cd2:	6814      	ldr	r4, [r2, #0]
20000cd4:	f8d9 2004 	ldr.w	r2, [r9, #4]
20000cd8:	f88d 1004 	strb.w	r1, [sp, #4]
20000cdc:	f88d 3005 	strb.w	r3, [sp, #5]
20000ce0:	6963      	ldr	r3, [r4, #20]
20000ce2:	f8cd 6006 	str.w	r6, [sp, #6]
20000ce6:	f8cd 600a 	str.w	r6, [sp, #10]
20000cea:	f8ad 600e 	strh.w	r6, [sp, #14]
20000cee:	9202      	str	r2, [sp, #8]
20000cf0:	f3ef 8210 	mrs	r2, PRIMASK
20000cf4:	b672      	cpsid	i
20000cf6:	e8d3 0fcf 	ldaexb	r0, [r3]
20000cfa:	2101      	movs	r1, #1
20000cfc:	2800      	cmp	r0, #0
20000cfe:	d1fa      	bne.n	20000cf6 <dcd_event_handler+0x14a>
20000d00:	e8c3 1f40 	strexb	r0, r1, [r3]
20000d04:	2800      	cmp	r0, #0
20000d06:	d1f6      	bne.n	20000cf6 <dcd_event_handler+0x14a>
20000d08:	f3bf 8f5f 	dmb	sy
20000d0c:	4620      	mov	r0, r4
20000d0e:	61a2      	str	r2, [r4, #24]
20000d10:	a901      	add	r1, sp, #4
20000d12:	f000 fbd9 	bl	200014c8 <__tu_fifo_write_veneer>
20000d16:	6963      	ldr	r3, [r4, #20]
20000d18:	e8c3 6f8f 	stlb	r6, [r3]
20000d1c:	69a3      	ldr	r3, [r4, #24]
20000d1e:	f383 8810 	msr	PRIMASK, r3
20000d22:	2800      	cmp	r0, #0
20000d24:	f43f af7d 	beq.w	20000c22 <dcd_event_handler+0x76>
20000d28:	462a      	mov	r2, r5
20000d2a:	f89d 1005 	ldrb.w	r1, [sp, #5]
20000d2e:	f89d 0004 	ldrb.w	r0, [sp, #4]
20000d32:	f000 fbcd 	bl	200014d0 <__tud_event_hook_cb_veneer>
20000d36:	e785      	b.n	20000c44 <dcd_event_handler+0x98>
20000d38:	7823      	ldrb	r3, [r4, #0]
20000d3a:	2700      	movs	r7, #0
20000d3c:	f023 0304 	bic.w	r3, r3, #4
20000d40:	7023      	strb	r3, [r4, #0]
20000d42:	2305      	movs	r3, #5
20000d44:	4a1d      	ldr	r2, [pc, #116]	@ (20000dbc <dcd_event_handler+0x210>)
20000d46:	f88d 3005 	strb.w	r3, [sp, #5]
20000d4a:	6816      	ldr	r6, [r2, #0]
20000d4c:	f899 2000 	ldrb.w	r2, [r9]
20000d50:	f8ad 700e 	strh.w	r7, [sp, #14]
20000d54:	f88d 2004 	strb.w	r2, [sp, #4]
20000d58:	6973      	ldr	r3, [r6, #20]
20000d5a:	f8cd 7006 	str.w	r7, [sp, #6]
20000d5e:	f8cd 700a 	str.w	r7, [sp, #10]
20000d62:	f3ef 8210 	mrs	r2, PRIMASK
20000d66:	b672      	cpsid	i
20000d68:	e8d3 0fcf 	ldaexb	r0, [r3]
20000d6c:	2101      	movs	r1, #1
20000d6e:	2800      	cmp	r0, #0
20000d70:	d1fa      	bne.n	20000d68 <dcd_event_handler+0x1bc>
20000d72:	e8c3 1f40 	strexb	r0, r1, [r3]
20000d76:	2800      	cmp	r0, #0
20000d78:	d1f6      	bne.n	20000d68 <dcd_event_handler+0x1bc>
20000d7a:	f3bf 8f5f 	dmb	sy
20000d7e:	4630      	mov	r0, r6
20000d80:	61b2      	str	r2, [r6, #24]
20000d82:	a901      	add	r1, sp, #4
20000d84:	f000 fba0 	bl	200014c8 <__tu_fifo_write_veneer>
20000d88:	6973      	ldr	r3, [r6, #20]
20000d8a:	e8c3 7f8f 	stlb	r7, [r3]
20000d8e:	69b3      	ldr	r3, [r6, #24]
20000d90:	f383 8810 	msr	PRIMASK, r3
20000d94:	b938      	cbnz	r0, 20000da6 <dcd_event_handler+0x1fa>
20000d96:	f04f 23e0 	mov.w	r3, #3758153728	@ 0xe000e000
20000d9a:	f8d3 3df0 	ldr.w	r3, [r3, #3568]	@ 0xdf0
20000d9e:	07d9      	lsls	r1, r3, #31
20000da0:	d58f      	bpl.n	20000cc2 <dcd_event_handler+0x116>
20000da2:	be00      	bkpt	0x0000
20000da4:	e78d      	b.n	20000cc2 <dcd_event_handler+0x116>
20000da6:	462a      	mov	r2, r5
20000da8:	f89d 1005 	ldrb.w	r1, [sp, #5]
20000dac:	f89d 0004 	ldrb.w	r0, [sp, #4]
20000db0:	f000 fb8e 	bl	200014d0 <__tud_event_hook_cb_veneer>
20000db4:	e785      	b.n	20000cc2 <dcd_event_handler+0x116>
20000db6:	bf00      	nop
20000db8:	20002020 	.word	0x20002020
20000dbc:	20002078 	.word	0x20002078
20000dc0:	20002a62 	.word	0x20002a62
20000dc4:	20002a60 	.word	0x20002a60
20000dc8:	20001e50 	.word	0x20001e50
20000dcc:	10009354 	.word	0x10009354

20000dd0 <__aeabi_drsub>:
20000dd0:	f081 4100 	eor.w	r1, r1, #2147483648	@ 0x80000000
20000dd4:	e002      	b.n	20000ddc <__adddf3>
20000dd6:	bf00      	nop

20000dd8 <__aeabi_dsub>:
20000dd8:	f083 4300 	eor.w	r3, r3, #2147483648	@ 0x80000000

20000ddc <__adddf3>:
20000ddc:	b530      	push	{r4, r5, lr}
20000dde:	ea4f 0441 	mov.w	r4, r1, lsl #1
20000de2:	ea4f 0543 	mov.w	r5, r3, lsl #1
20000de6:	ea94 0f05 	teq	r4, r5
20000dea:	bf08      	it	eq
20000dec:	ea90 0f02 	teqeq	r0, r2
20000df0:	bf1f      	itttt	ne
20000df2:	ea54 0c00 	orrsne.w	ip, r4, r0
20000df6:	ea55 0c02 	orrsne.w	ip, r5, r2
20000dfa:	ea7f 5c64 	mvnsne.w	ip, r4, asr #21
20000dfe:	ea7f 5c65 	mvnsne.w	ip, r5, asr #21
20000e02:	f000 80e2 	beq.w	20000fca <__adddf3+0x1ee>
20000e06:	ea4f 5454 	mov.w	r4, r4, lsr #21
20000e0a:	ebd4 5555 	rsbs	r5, r4, r5, lsr #21
20000e0e:	bfb8      	it	lt
20000e10:	426d      	neglt	r5, r5
20000e12:	dd0c      	ble.n	20000e2e <__adddf3+0x52>
20000e14:	442c      	add	r4, r5
20000e16:	ea80 0202 	eor.w	r2, r0, r2
20000e1a:	ea81 0303 	eor.w	r3, r1, r3
20000e1e:	ea82 0000 	eor.w	r0, r2, r0
20000e22:	ea83 0101 	eor.w	r1, r3, r1
20000e26:	ea80 0202 	eor.w	r2, r0, r2
20000e2a:	ea81 0303 	eor.w	r3, r1, r3
20000e2e:	2d36      	cmp	r5, #54	@ 0x36
20000e30:	bf88      	it	hi
20000e32:	bd30      	pophi	{r4, r5, pc}
20000e34:	f011 4f00 	tst.w	r1, #2147483648	@ 0x80000000
20000e38:	ea4f 3101 	mov.w	r1, r1, lsl #12
20000e3c:	f44f 1c80 	mov.w	ip, #1048576	@ 0x100000
20000e40:	ea4c 3111 	orr.w	r1, ip, r1, lsr #12
20000e44:	d002      	beq.n	20000e4c <__adddf3+0x70>
20000e46:	4240      	negs	r0, r0
20000e48:	eb61 0141 	sbc.w	r1, r1, r1, lsl #1
20000e4c:	f013 4f00 	tst.w	r3, #2147483648	@ 0x80000000
20000e50:	ea4f 3303 	mov.w	r3, r3, lsl #12
20000e54:	ea4c 3313 	orr.w	r3, ip, r3, lsr #12
20000e58:	d002      	beq.n	20000e60 <__adddf3+0x84>
20000e5a:	4252      	negs	r2, r2
20000e5c:	eb63 0343 	sbc.w	r3, r3, r3, lsl #1
20000e60:	ea94 0f05 	teq	r4, r5
20000e64:	f000 80a7 	beq.w	20000fb6 <__adddf3+0x1da>
20000e68:	f1a4 0401 	sub.w	r4, r4, #1
20000e6c:	f1d5 0e20 	rsbs	lr, r5, #32
20000e70:	db0d      	blt.n	20000e8e <__adddf3+0xb2>
20000e72:	fa02 fc0e 	lsl.w	ip, r2, lr
20000e76:	fa22 f205 	lsr.w	r2, r2, r5
20000e7a:	1880      	adds	r0, r0, r2
20000e7c:	f141 0100 	adc.w	r1, r1, #0
20000e80:	fa03 f20e 	lsl.w	r2, r3, lr
20000e84:	1880      	adds	r0, r0, r2
20000e86:	fa43 f305 	asr.w	r3, r3, r5
20000e8a:	4159      	adcs	r1, r3
20000e8c:	e00e      	b.n	20000eac <__adddf3+0xd0>
20000e8e:	f1a5 0520 	sub.w	r5, r5, #32
20000e92:	f10e 0e20 	add.w	lr, lr, #32
20000e96:	2a01      	cmp	r2, #1
20000e98:	fa03 fc0e 	lsl.w	ip, r3, lr
20000e9c:	bf28      	it	cs
20000e9e:	f04c 0c02 	orrcs.w	ip, ip, #2
20000ea2:	fa43 f305 	asr.w	r3, r3, r5
20000ea6:	18c0      	adds	r0, r0, r3
20000ea8:	eb51 71e3 	adcs.w	r1, r1, r3, asr #31
20000eac:	f001 4500 	and.w	r5, r1, #2147483648	@ 0x80000000
20000eb0:	d507      	bpl.n	20000ec2 <__adddf3+0xe6>
20000eb2:	f04f 0e00 	mov.w	lr, #0
20000eb6:	f1dc 0c00 	rsbs	ip, ip, #0
20000eba:	eb7e 0000 	sbcs.w	r0, lr, r0
20000ebe:	eb6e 0101 	sbc.w	r1, lr, r1
20000ec2:	f5b1 1f80 	cmp.w	r1, #1048576	@ 0x100000
20000ec6:	d31b      	bcc.n	20000f00 <__adddf3+0x124>
20000ec8:	f5b1 1f00 	cmp.w	r1, #2097152	@ 0x200000
20000ecc:	d30c      	bcc.n	20000ee8 <__adddf3+0x10c>
20000ece:	0849      	lsrs	r1, r1, #1
20000ed0:	ea5f 0030 	movs.w	r0, r0, rrx
20000ed4:	ea4f 0c3c 	mov.w	ip, ip, rrx
20000ed8:	f104 0401 	add.w	r4, r4, #1
20000edc:	ea4f 5244 	mov.w	r2, r4, lsl #21
20000ee0:	f512 0f80 	cmn.w	r2, #4194304	@ 0x400000
20000ee4:	f080 809a 	bcs.w	2000101c <__adddf3+0x240>
20000ee8:	f1bc 4f00 	cmp.w	ip, #2147483648	@ 0x80000000
20000eec:	bf08      	it	eq
20000eee:	ea5f 0c50 	movseq.w	ip, r0, lsr #1
20000ef2:	f150 0000 	adcs.w	r0, r0, #0
20000ef6:	eb41 5104 	adc.w	r1, r1, r4, lsl #20
20000efa:	ea41 0105 	orr.w	r1, r1, r5
20000efe:	bd30      	pop	{r4, r5, pc}
20000f00:	ea5f 0c4c 	movs.w	ip, ip, lsl #1
20000f04:	4140      	adcs	r0, r0
20000f06:	eb41 0101 	adc.w	r1, r1, r1
20000f0a:	3c01      	subs	r4, #1
20000f0c:	bf28      	it	cs
20000f0e:	f5b1 1f80 	cmpcs.w	r1, #1048576	@ 0x100000
20000f12:	d2e9      	bcs.n	20000ee8 <__adddf3+0x10c>
20000f14:	f091 0f00 	teq	r1, #0
20000f18:	bf04      	itt	eq
20000f1a:	4601      	moveq	r1, r0
20000f1c:	2000      	moveq	r0, #0
20000f1e:	fab1 f381 	clz	r3, r1
20000f22:	bf08      	it	eq
20000f24:	3320      	addeq	r3, #32
20000f26:	f1a3 030b 	sub.w	r3, r3, #11
20000f2a:	f1b3 0220 	subs.w	r2, r3, #32
20000f2e:	da0c      	bge.n	20000f4a <__adddf3+0x16e>
20000f30:	320c      	adds	r2, #12
20000f32:	dd08      	ble.n	20000f46 <__adddf3+0x16a>
20000f34:	f102 0c14 	add.w	ip, r2, #20
20000f38:	f1c2 020c 	rsb	r2, r2, #12
20000f3c:	fa01 f00c 	lsl.w	r0, r1, ip
20000f40:	fa21 f102 	lsr.w	r1, r1, r2
20000f44:	e00c      	b.n	20000f60 <__adddf3+0x184>
20000f46:	f102 0214 	add.w	r2, r2, #20
20000f4a:	bfd8      	it	le
20000f4c:	f1c2 0c20 	rsble	ip, r2, #32
20000f50:	fa01 f102 	lsl.w	r1, r1, r2
20000f54:	fa20 fc0c 	lsr.w	ip, r0, ip
20000f58:	bfdc      	itt	le
20000f5a:	ea41 010c 	orrle.w	r1, r1, ip
20000f5e:	4090      	lslle	r0, r2
20000f60:	1ae4      	subs	r4, r4, r3
20000f62:	bfa2      	ittt	ge
20000f64:	eb01 5104 	addge.w	r1, r1, r4, lsl #20
20000f68:	4329      	orrge	r1, r5
20000f6a:	bd30      	popge	{r4, r5, pc}
20000f6c:	ea6f 0404 	mvn.w	r4, r4
20000f70:	3c1f      	subs	r4, #31
20000f72:	da1c      	bge.n	20000fae <__adddf3+0x1d2>
20000f74:	340c      	adds	r4, #12
20000f76:	dc0e      	bgt.n	20000f96 <__adddf3+0x1ba>
20000f78:	f104 0414 	add.w	r4, r4, #20
20000f7c:	f1c4 0220 	rsb	r2, r4, #32
20000f80:	fa20 f004 	lsr.w	r0, r0, r4
20000f84:	fa01 f302 	lsl.w	r3, r1, r2
20000f88:	ea40 0003 	orr.w	r0, r0, r3
20000f8c:	fa21 f304 	lsr.w	r3, r1, r4
20000f90:	ea45 0103 	orr.w	r1, r5, r3
20000f94:	bd30      	pop	{r4, r5, pc}
20000f96:	f1c4 040c 	rsb	r4, r4, #12
20000f9a:	f1c4 0220 	rsb	r2, r4, #32
20000f9e:	fa20 f002 	lsr.w	r0, r0, r2
20000fa2:	fa01 f304 	lsl.w	r3, r1, r4
20000fa6:	ea40 0003 	orr.w	r0, r0, r3
20000faa:	4629      	mov	r1, r5
20000fac:	bd30      	pop	{r4, r5, pc}
20000fae:	fa21 f004 	lsr.w	r0, r1, r4
20000fb2:	4629      	mov	r1, r5
20000fb4:	bd30      	pop	{r4, r5, pc}
20000fb6:	f094 0f00 	teq	r4, #0
20000fba:	f483 1380 	eor.w	r3, r3, #1048576	@ 0x100000
20000fbe:	bf06      	itte	eq
20000fc0:	f481 1180 	eoreq.w	r1, r1, #1048576	@ 0x100000
20000fc4:	3401      	addeq	r4, #1
20000fc6:	3d01      	subne	r5, #1
20000fc8:	e74e      	b.n	20000e68 <__adddf3+0x8c>
20000fca:	ea7f 5c64 	mvns.w	ip, r4, asr #21
20000fce:	bf18      	it	ne
20000fd0:	ea7f 5c65 	mvnsne.w	ip, r5, asr #21
20000fd4:	d029      	beq.n	2000102a <__adddf3+0x24e>
20000fd6:	ea94 0f05 	teq	r4, r5
20000fda:	bf08      	it	eq
20000fdc:	ea90 0f02 	teqeq	r0, r2
20000fe0:	d005      	beq.n	20000fee <__adddf3+0x212>
20000fe2:	ea54 0c00 	orrs.w	ip, r4, r0
20000fe6:	bf04      	itt	eq
20000fe8:	4619      	moveq	r1, r3
20000fea:	4610      	moveq	r0, r2
20000fec:	bd30      	pop	{r4, r5, pc}
20000fee:	ea91 0f03 	teq	r1, r3
20000ff2:	bf1e      	ittt	ne
20000ff4:	2100      	movne	r1, #0
20000ff6:	2000      	movne	r0, #0
20000ff8:	bd30      	popne	{r4, r5, pc}
20000ffa:	ea5f 5c54 	movs.w	ip, r4, lsr #21
20000ffe:	d105      	bne.n	2000100c <__adddf3+0x230>
20001000:	0040      	lsls	r0, r0, #1
20001002:	4149      	adcs	r1, r1
20001004:	bf28      	it	cs
20001006:	f041 4100 	orrcs.w	r1, r1, #2147483648	@ 0x80000000
2000100a:	bd30      	pop	{r4, r5, pc}
2000100c:	f514 0480 	adds.w	r4, r4, #4194304	@ 0x400000
20001010:	bf3c      	itt	cc
20001012:	f501 1180 	addcc.w	r1, r1, #1048576	@ 0x100000
20001016:	bd30      	popcc	{r4, r5, pc}
20001018:	f001 4500 	and.w	r5, r1, #2147483648	@ 0x80000000
2000101c:	f045 41fe 	orr.w	r1, r5, #2130706432	@ 0x7f000000
20001020:	f441 0170 	orr.w	r1, r1, #15728640	@ 0xf00000
20001024:	f04f 0000 	mov.w	r0, #0
20001028:	bd30      	pop	{r4, r5, pc}
2000102a:	ea7f 5c64 	mvns.w	ip, r4, asr #21
2000102e:	bf1a      	itte	ne
20001030:	4619      	movne	r1, r3
20001032:	4610      	movne	r0, r2
20001034:	ea7f 5c65 	mvnseq.w	ip, r5, asr #21
20001038:	bf1c      	itt	ne
2000103a:	460b      	movne	r3, r1
2000103c:	4602      	movne	r2, r0
2000103e:	ea50 3401 	orrs.w	r4, r0, r1, lsl #12
20001042:	bf06      	itte	eq
20001044:	ea52 3503 	orrseq.w	r5, r2, r3, lsl #12
20001048:	ea91 0f03 	teqeq	r1, r3
2000104c:	f441 2100 	orrne.w	r1, r1, #524288	@ 0x80000
20001050:	bd30      	pop	{r4, r5, pc}
20001052:	bf00      	nop

20001054 <__aeabi_ui2d>:
20001054:	f090 0f00 	teq	r0, #0
20001058:	bf04      	itt	eq
2000105a:	2100      	moveq	r1, #0
2000105c:	4770      	bxeq	lr
2000105e:	b530      	push	{r4, r5, lr}
20001060:	f44f 6480 	mov.w	r4, #1024	@ 0x400
20001064:	f104 0432 	add.w	r4, r4, #50	@ 0x32
20001068:	f04f 0500 	mov.w	r5, #0
2000106c:	f04f 0100 	mov.w	r1, #0
20001070:	e750      	b.n	20000f14 <__adddf3+0x138>
20001072:	bf00      	nop

20001074 <__aeabi_i2d>:
20001074:	f090 0f00 	teq	r0, #0
20001078:	bf04      	itt	eq
2000107a:	2100      	moveq	r1, #0
2000107c:	4770      	bxeq	lr
2000107e:	b530      	push	{r4, r5, lr}
20001080:	f44f 6480 	mov.w	r4, #1024	@ 0x400
20001084:	f104 0432 	add.w	r4, r4, #50	@ 0x32
20001088:	f010 4500 	ands.w	r5, r0, #2147483648	@ 0x80000000
2000108c:	bf48      	it	mi
2000108e:	4240      	negmi	r0, r0
20001090:	f04f 0100 	mov.w	r1, #0
20001094:	e73e      	b.n	20000f14 <__adddf3+0x138>
20001096:	bf00      	nop

20001098 <__aeabi_f2d>:
20001098:	0042      	lsls	r2, r0, #1
2000109a:	ea4f 01e2 	mov.w	r1, r2, asr #3
2000109e:	ea4f 0131 	mov.w	r1, r1, rrx
200010a2:	ea4f 7002 	mov.w	r0, r2, lsl #28
200010a6:	bf1f      	itttt	ne
200010a8:	f012 437f 	andsne.w	r3, r2, #4278190080	@ 0xff000000
200010ac:	f093 4f7f 	teqne	r3, #4278190080	@ 0xff000000
200010b0:	f081 5160 	eorne.w	r1, r1, #939524096	@ 0x38000000
200010b4:	4770      	bxne	lr
200010b6:	f032 427f 	bics.w	r2, r2, #4278190080	@ 0xff000000
200010ba:	bf08      	it	eq
200010bc:	4770      	bxeq	lr
200010be:	f093 4f7f 	teq	r3, #4278190080	@ 0xff000000
200010c2:	bf04      	itt	eq
200010c4:	f441 2100 	orreq.w	r1, r1, #524288	@ 0x80000
200010c8:	4770      	bxeq	lr
200010ca:	b530      	push	{r4, r5, lr}
200010cc:	f44f 7460 	mov.w	r4, #896	@ 0x380
200010d0:	f001 4500 	and.w	r5, r1, #2147483648	@ 0x80000000
200010d4:	f021 4100 	bic.w	r1, r1, #2147483648	@ 0x80000000
200010d8:	e71c      	b.n	20000f14 <__adddf3+0x138>
200010da:	bf00      	nop

200010dc <__aeabi_ul2d>:
200010dc:	ea50 0201 	orrs.w	r2, r0, r1
200010e0:	bf08      	it	eq
200010e2:	4770      	bxeq	lr
200010e4:	b530      	push	{r4, r5, lr}
200010e6:	f04f 0500 	mov.w	r5, #0
200010ea:	e00a      	b.n	20001102 <__aeabi_l2d+0x16>

200010ec <__aeabi_l2d>:
200010ec:	ea50 0201 	orrs.w	r2, r0, r1
200010f0:	bf08      	it	eq
200010f2:	4770      	bxeq	lr
200010f4:	b530      	push	{r4, r5, lr}
200010f6:	f011 4500 	ands.w	r5, r1, #2147483648	@ 0x80000000
200010fa:	d502      	bpl.n	20001102 <__aeabi_l2d+0x16>
200010fc:	4240      	negs	r0, r0
200010fe:	eb61 0141 	sbc.w	r1, r1, r1, lsl #1
20001102:	f44f 6480 	mov.w	r4, #1024	@ 0x400
20001106:	f104 0432 	add.w	r4, r4, #50	@ 0x32
2000110a:	ea5f 5c91 	movs.w	ip, r1, lsr #22
2000110e:	f43f aed8 	beq.w	20000ec2 <__adddf3+0xe6>
20001112:	f04f 0203 	mov.w	r2, #3
20001116:	ea5f 0cdc 	movs.w	ip, ip, lsr #3
2000111a:	bf18      	it	ne
2000111c:	3203      	addne	r2, #3
2000111e:	ea5f 0cdc 	movs.w	ip, ip, lsr #3
20001122:	bf18      	it	ne
20001124:	3203      	addne	r2, #3
20001126:	eb02 02dc 	add.w	r2, r2, ip, lsr #3
2000112a:	f1c2 0320 	rsb	r3, r2, #32
2000112e:	fa00 fc03 	lsl.w	ip, r0, r3
20001132:	fa20 f002 	lsr.w	r0, r0, r2
20001136:	fa01 fe03 	lsl.w	lr, r1, r3
2000113a:	ea40 000e 	orr.w	r0, r0, lr
2000113e:	fa21 f102 	lsr.w	r1, r1, r2
20001142:	4414      	add	r4, r2
20001144:	e6bd      	b.n	20000ec2 <__adddf3+0xe6>
20001146:	bf00      	nop

20001148 <__aeabi_uldivmod>:
20001148:	b953      	cbnz	r3, 20001160 <__aeabi_uldivmod+0x18>
2000114a:	b94a      	cbnz	r2, 20001160 <__aeabi_uldivmod+0x18>
2000114c:	2900      	cmp	r1, #0
2000114e:	bf08      	it	eq
20001150:	2800      	cmpeq	r0, #0
20001152:	bf1c      	itt	ne
20001154:	f04f 31ff 	movne.w	r1, #4294967295
20001158:	f04f 30ff 	movne.w	r0, #4294967295
2000115c:	f000 b9b2 	b.w	200014c4 <__aeabi_idiv0>
20001160:	f1ad 0c08 	sub.w	ip, sp, #8
20001164:	e96d ce04 	strd	ip, lr, [sp, #-16]!
20001168:	f000 f806 	bl	20001178 <__udivmoddi4>
2000116c:	f8dd e004 	ldr.w	lr, [sp, #4]
20001170:	e9dd 2302 	ldrd	r2, r3, [sp, #8]
20001174:	b004      	add	sp, #16
20001176:	4770      	bx	lr

20001178 <__udivmoddi4>:
20001178:	e92d 4ff0 	stmdb	sp!, {r4, r5, r6, r7, r8, r9, sl, fp, lr}
2000117c:	468c      	mov	ip, r1
2000117e:	9e09      	ldr	r6, [sp, #36]	@ 0x24
20001180:	4604      	mov	r4, r0
20001182:	460f      	mov	r7, r1
20001184:	2b00      	cmp	r3, #0
20001186:	d148      	bne.n	2000121a <__udivmoddi4+0xa2>
20001188:	428a      	cmp	r2, r1
2000118a:	4615      	mov	r5, r2
2000118c:	d95e      	bls.n	2000124c <__udivmoddi4+0xd4>
2000118e:	fab2 f382 	clz	r3, r2
20001192:	b13b      	cbz	r3, 200011a4 <__udivmoddi4+0x2c>
20001194:	f1c3 0220 	rsb	r2, r3, #32
20001198:	409f      	lsls	r7, r3
2000119a:	409d      	lsls	r5, r3
2000119c:	409c      	lsls	r4, r3
2000119e:	fa20 f202 	lsr.w	r2, r0, r2
200011a2:	4317      	orrs	r7, r2
200011a4:	ea4f 4e15 	mov.w	lr, r5, lsr #16
200011a8:	fa1f fc85 	uxth.w	ip, r5
200011ac:	0c22      	lsrs	r2, r4, #16
200011ae:	fbb7 f1fe 	udiv	r1, r7, lr
200011b2:	fb0e 7711 	mls	r7, lr, r1, r7
200011b6:	fb01 f00c 	mul.w	r0, r1, ip
200011ba:	ea42 4207 	orr.w	r2, r2, r7, lsl #16
200011be:	4290      	cmp	r0, r2
200011c0:	d907      	bls.n	200011d2 <__udivmoddi4+0x5a>
200011c2:	18aa      	adds	r2, r5, r2
200011c4:	f101 37ff 	add.w	r7, r1, #4294967295
200011c8:	d202      	bcs.n	200011d0 <__udivmoddi4+0x58>
200011ca:	4290      	cmp	r0, r2
200011cc:	f200 8158 	bhi.w	20001480 <__udivmoddi4+0x308>
200011d0:	4639      	mov	r1, r7
200011d2:	1a12      	subs	r2, r2, r0
200011d4:	b2a4      	uxth	r4, r4
200011d6:	fbb2 f0fe 	udiv	r0, r2, lr
200011da:	fb0e 2210 	mls	r2, lr, r0, r2
200011de:	fb00 fc0c 	mul.w	ip, r0, ip
200011e2:	ea44 4402 	orr.w	r4, r4, r2, lsl #16
200011e6:	45a4      	cmp	ip, r4
200011e8:	d90b      	bls.n	20001202 <__udivmoddi4+0x8a>
200011ea:	192c      	adds	r4, r5, r4
200011ec:	f100 32ff 	add.w	r2, r0, #4294967295
200011f0:	bf2c      	ite	cs
200011f2:	2701      	movcs	r7, #1
200011f4:	2700      	movcc	r7, #0
200011f6:	45a4      	cmp	ip, r4
200011f8:	d902      	bls.n	20001200 <__udivmoddi4+0x88>
200011fa:	2f00      	cmp	r7, #0
200011fc:	f000 8143 	beq.w	20001486 <__udivmoddi4+0x30e>
20001200:	4610      	mov	r0, r2
20001202:	ea40 4001 	orr.w	r0, r0, r1, lsl #16
20001206:	eba4 040c 	sub.w	r4, r4, ip
2000120a:	2100      	movs	r1, #0
2000120c:	b11e      	cbz	r6, 20001216 <__udivmoddi4+0x9e>
2000120e:	40dc      	lsrs	r4, r3
20001210:	2300      	movs	r3, #0
20001212:	e9c6 4300 	strd	r4, r3, [r6]
20001216:	e8bd 8ff0 	ldmia.w	sp!, {r4, r5, r6, r7, r8, r9, sl, fp, pc}
2000121a:	428b      	cmp	r3, r1
2000121c:	d906      	bls.n	2000122c <__udivmoddi4+0xb4>
2000121e:	b10e      	cbz	r6, 20001224 <__udivmoddi4+0xac>
20001220:	e9c6 0100 	strd	r0, r1, [r6]
20001224:	2100      	movs	r1, #0
20001226:	4608      	mov	r0, r1
20001228:	e8bd 8ff0 	ldmia.w	sp!, {r4, r5, r6, r7, r8, r9, sl, fp, pc}
2000122c:	fab3 f183 	clz	r1, r3
20001230:	2900      	cmp	r1, #0
20001232:	d151      	bne.n	200012d8 <__udivmoddi4+0x160>
20001234:	4563      	cmp	r3, ip
20001236:	f0c0 8116 	bcc.w	20001466 <__udivmoddi4+0x2ee>
2000123a:	4282      	cmp	r2, r0
2000123c:	f240 8113 	bls.w	20001466 <__udivmoddi4+0x2ee>
20001240:	4608      	mov	r0, r1
20001242:	2e00      	cmp	r6, #0
20001244:	d0e7      	beq.n	20001216 <__udivmoddi4+0x9e>
20001246:	e9c6 4700 	strd	r4, r7, [r6]
2000124a:	e7e4      	b.n	20001216 <__udivmoddi4+0x9e>
2000124c:	2a00      	cmp	r2, #0
2000124e:	f000 80af 	beq.w	200013b0 <__udivmoddi4+0x238>
20001252:	fab2 f382 	clz	r3, r2
20001256:	2b00      	cmp	r3, #0
20001258:	f040 80c2 	bne.w	200013e0 <__udivmoddi4+0x268>
2000125c:	1a8a      	subs	r2, r1, r2
2000125e:	ea4f 4e15 	mov.w	lr, r5, lsr #16
20001262:	b2af      	uxth	r7, r5
20001264:	2101      	movs	r1, #1
20001266:	0c20      	lsrs	r0, r4, #16
20001268:	fbb2 fcfe 	udiv	ip, r2, lr
2000126c:	fb0e 221c 	mls	r2, lr, ip, r2
20001270:	ea40 4202 	orr.w	r2, r0, r2, lsl #16
20001274:	fb07 f00c 	mul.w	r0, r7, ip
20001278:	4290      	cmp	r0, r2
2000127a:	d90e      	bls.n	2000129a <__udivmoddi4+0x122>
2000127c:	18aa      	adds	r2, r5, r2
2000127e:	f10c 38ff 	add.w	r8, ip, #4294967295
20001282:	bf2c      	ite	cs
20001284:	f04f 0901 	movcs.w	r9, #1
20001288:	f04f 0900 	movcc.w	r9, #0
2000128c:	4290      	cmp	r0, r2
2000128e:	d903      	bls.n	20001298 <__udivmoddi4+0x120>
20001290:	f1b9 0f00 	cmp.w	r9, #0
20001294:	f000 80f0 	beq.w	20001478 <__udivmoddi4+0x300>
20001298:	46c4      	mov	ip, r8
2000129a:	1a12      	subs	r2, r2, r0
2000129c:	b2a4      	uxth	r4, r4
2000129e:	fbb2 f0fe 	udiv	r0, r2, lr
200012a2:	fb0e 2210 	mls	r2, lr, r0, r2
200012a6:	fb00 f707 	mul.w	r7, r0, r7
200012aa:	ea44 4402 	orr.w	r4, r4, r2, lsl #16
200012ae:	42a7      	cmp	r7, r4
200012b0:	d90e      	bls.n	200012d0 <__udivmoddi4+0x158>
200012b2:	192c      	adds	r4, r5, r4
200012b4:	f100 32ff 	add.w	r2, r0, #4294967295
200012b8:	bf2c      	ite	cs
200012ba:	f04f 0e01 	movcs.w	lr, #1
200012be:	f04f 0e00 	movcc.w	lr, #0
200012c2:	42a7      	cmp	r7, r4
200012c4:	d903      	bls.n	200012ce <__udivmoddi4+0x156>
200012c6:	f1be 0f00 	cmp.w	lr, #0
200012ca:	f000 80d2 	beq.w	20001472 <__udivmoddi4+0x2fa>
200012ce:	4610      	mov	r0, r2
200012d0:	1be4      	subs	r4, r4, r7
200012d2:	ea40 400c 	orr.w	r0, r0, ip, lsl #16
200012d6:	e799      	b.n	2000120c <__udivmoddi4+0x94>
200012d8:	f1c1 0520 	rsb	r5, r1, #32
200012dc:	408b      	lsls	r3, r1
200012de:	fa0c f401 	lsl.w	r4, ip, r1
200012e2:	fa00 f901 	lsl.w	r9, r0, r1
200012e6:	fa22 f705 	lsr.w	r7, r2, r5
200012ea:	fa2c fc05 	lsr.w	ip, ip, r5
200012ee:	408a      	lsls	r2, r1
200012f0:	431f      	orrs	r7, r3
200012f2:	fa20 f305 	lsr.w	r3, r0, r5
200012f6:	0c38      	lsrs	r0, r7, #16
200012f8:	4323      	orrs	r3, r4
200012fa:	fa1f fe87 	uxth.w	lr, r7
200012fe:	0c1c      	lsrs	r4, r3, #16
20001300:	fbbc f8f0 	udiv	r8, ip, r0
20001304:	fb00 cc18 	mls	ip, r0, r8, ip
20001308:	ea44 440c 	orr.w	r4, r4, ip, lsl #16
2000130c:	fb08 fc0e 	mul.w	ip, r8, lr
20001310:	45a4      	cmp	ip, r4
20001312:	d90e      	bls.n	20001332 <__udivmoddi4+0x1ba>
20001314:	193c      	adds	r4, r7, r4
20001316:	f108 3aff 	add.w	sl, r8, #4294967295
2000131a:	bf2c      	ite	cs
2000131c:	f04f 0b01 	movcs.w	fp, #1
20001320:	f04f 0b00 	movcc.w	fp, #0
20001324:	45a4      	cmp	ip, r4
20001326:	d903      	bls.n	20001330 <__udivmoddi4+0x1b8>
20001328:	f1bb 0f00 	cmp.w	fp, #0
2000132c:	f000 80b8 	beq.w	200014a0 <__udivmoddi4+0x328>
20001330:	46d0      	mov	r8, sl
20001332:	eba4 040c 	sub.w	r4, r4, ip
20001336:	fa1f fc83 	uxth.w	ip, r3
2000133a:	fbb4 f3f0 	udiv	r3, r4, r0
2000133e:	fb00 4413 	mls	r4, r0, r3, r4
20001342:	fb03 fe0e 	mul.w	lr, r3, lr
20001346:	ea4c 4404 	orr.w	r4, ip, r4, lsl #16
2000134a:	45a6      	cmp	lr, r4
2000134c:	d90e      	bls.n	2000136c <__udivmoddi4+0x1f4>
2000134e:	193c      	adds	r4, r7, r4
20001350:	f103 30ff 	add.w	r0, r3, #4294967295
20001354:	bf2c      	ite	cs
20001356:	f04f 0c01 	movcs.w	ip, #1
2000135a:	f04f 0c00 	movcc.w	ip, #0
2000135e:	45a6      	cmp	lr, r4
20001360:	d903      	bls.n	2000136a <__udivmoddi4+0x1f2>
20001362:	f1bc 0f00 	cmp.w	ip, #0
20001366:	f000 809f 	beq.w	200014a8 <__udivmoddi4+0x330>
2000136a:	4603      	mov	r3, r0
2000136c:	ea43 4008 	orr.w	r0, r3, r8, lsl #16
20001370:	eba4 040e 	sub.w	r4, r4, lr
20001374:	fba0 ec02 	umull	lr, ip, r0, r2
20001378:	4564      	cmp	r4, ip
2000137a:	4673      	mov	r3, lr
2000137c:	46e0      	mov	r8, ip
2000137e:	d302      	bcc.n	20001386 <__udivmoddi4+0x20e>
20001380:	d107      	bne.n	20001392 <__udivmoddi4+0x21a>
20001382:	45f1      	cmp	r9, lr
20001384:	d205      	bcs.n	20001392 <__udivmoddi4+0x21a>
20001386:	ebbe 0302 	subs.w	r3, lr, r2
2000138a:	eb6c 0c07 	sbc.w	ip, ip, r7
2000138e:	3801      	subs	r0, #1
20001390:	46e0      	mov	r8, ip
20001392:	b15e      	cbz	r6, 200013ac <__udivmoddi4+0x234>
20001394:	ebb9 0203 	subs.w	r2, r9, r3
20001398:	eb64 0408 	sbc.w	r4, r4, r8
2000139c:	fa04 f505 	lsl.w	r5, r4, r5
200013a0:	fa22 f301 	lsr.w	r3, r2, r1
200013a4:	40cc      	lsrs	r4, r1
200013a6:	431d      	orrs	r5, r3
200013a8:	e9c6 5400 	strd	r5, r4, [r6]
200013ac:	2100      	movs	r1, #0
200013ae:	e732      	b.n	20001216 <__udivmoddi4+0x9e>
200013b0:	0842      	lsrs	r2, r0, #1
200013b2:	462f      	mov	r7, r5
200013b4:	084b      	lsrs	r3, r1, #1
200013b6:	46ac      	mov	ip, r5
200013b8:	ea42 72c1 	orr.w	r2, r2, r1, lsl #31
200013bc:	46ae      	mov	lr, r5
200013be:	07c4      	lsls	r4, r0, #31
200013c0:	0c11      	lsrs	r1, r2, #16
200013c2:	b292      	uxth	r2, r2
200013c4:	ea41 4103 	orr.w	r1, r1, r3, lsl #16
200013c8:	ea42 4201 	orr.w	r2, r2, r1, lsl #16
200013cc:	fbb1 f1f5 	udiv	r1, r1, r5
200013d0:	fbb3 f0f5 	udiv	r0, r3, r5
200013d4:	231f      	movs	r3, #31
200013d6:	eba2 020c 	sub.w	r2, r2, ip
200013da:	ea41 4100 	orr.w	r1, r1, r0, lsl #16
200013de:	e742      	b.n	20001266 <__udivmoddi4+0xee>
200013e0:	409d      	lsls	r5, r3
200013e2:	f1c3 0220 	rsb	r2, r3, #32
200013e6:	4099      	lsls	r1, r3
200013e8:	409c      	lsls	r4, r3
200013ea:	fa2c fc02 	lsr.w	ip, ip, r2
200013ee:	ea4f 4e15 	mov.w	lr, r5, lsr #16
200013f2:	fa20 f202 	lsr.w	r2, r0, r2
200013f6:	b2af      	uxth	r7, r5
200013f8:	fbbc f8fe 	udiv	r8, ip, lr
200013fc:	430a      	orrs	r2, r1
200013fe:	fb0e cc18 	mls	ip, lr, r8, ip
20001402:	0c11      	lsrs	r1, r2, #16
20001404:	ea41 410c 	orr.w	r1, r1, ip, lsl #16
20001408:	fb08 fc07 	mul.w	ip, r8, r7
2000140c:	458c      	cmp	ip, r1
2000140e:	d950      	bls.n	200014b2 <__udivmoddi4+0x33a>
20001410:	1869      	adds	r1, r5, r1
20001412:	f108 30ff 	add.w	r0, r8, #4294967295
20001416:	bf2c      	ite	cs
20001418:	f04f 0901 	movcs.w	r9, #1
2000141c:	f04f 0900 	movcc.w	r9, #0
20001420:	458c      	cmp	ip, r1
20001422:	d902      	bls.n	2000142a <__udivmoddi4+0x2b2>
20001424:	f1b9 0f00 	cmp.w	r9, #0
20001428:	d030      	beq.n	2000148c <__udivmoddi4+0x314>
2000142a:	eba1 010c 	sub.w	r1, r1, ip
2000142e:	fbb1 f8fe 	udiv	r8, r1, lr
20001432:	fb08 fc07 	mul.w	ip, r8, r7
20001436:	fb0e 1118 	mls	r1, lr, r8, r1
2000143a:	b292      	uxth	r2, r2
2000143c:	ea42 4201 	orr.w	r2, r2, r1, lsl #16
20001440:	4562      	cmp	r2, ip
20001442:	d234      	bcs.n	200014ae <__udivmoddi4+0x336>
20001444:	18aa      	adds	r2, r5, r2
20001446:	f108 31ff 	add.w	r1, r8, #4294967295
2000144a:	bf2c      	ite	cs
2000144c:	f04f 0901 	movcs.w	r9, #1
20001450:	f04f 0900 	movcc.w	r9, #0
20001454:	4562      	cmp	r2, ip
20001456:	d2be      	bcs.n	200013d6 <__udivmoddi4+0x25e>
20001458:	f1b9 0f00 	cmp.w	r9, #0
2000145c:	d1bb      	bne.n	200013d6 <__udivmoddi4+0x25e>
2000145e:	f1a8 0102 	sub.w	r1, r8, #2
20001462:	442a      	add	r2, r5
20001464:	e7b7      	b.n	200013d6 <__udivmoddi4+0x25e>
20001466:	1a84      	subs	r4, r0, r2
20001468:	eb6c 0203 	sbc.w	r2, ip, r3
2000146c:	2001      	movs	r0, #1
2000146e:	4617      	mov	r7, r2
20001470:	e6e7      	b.n	20001242 <__udivmoddi4+0xca>
20001472:	442c      	add	r4, r5
20001474:	3802      	subs	r0, #2
20001476:	e72b      	b.n	200012d0 <__udivmoddi4+0x158>
20001478:	f1ac 0c02 	sub.w	ip, ip, #2
2000147c:	442a      	add	r2, r5
2000147e:	e70c      	b.n	2000129a <__udivmoddi4+0x122>
20001480:	3902      	subs	r1, #2
20001482:	442a      	add	r2, r5
20001484:	e6a5      	b.n	200011d2 <__udivmoddi4+0x5a>
20001486:	442c      	add	r4, r5
20001488:	3802      	subs	r0, #2
2000148a:	e6ba      	b.n	20001202 <__udivmoddi4+0x8a>
2000148c:	eba5 0c0c 	sub.w	ip, r5, ip
20001490:	f1a8 0002 	sub.w	r0, r8, #2
20001494:	4461      	add	r1, ip
20001496:	fbb1 f8fe 	udiv	r8, r1, lr
2000149a:	fb08 fc07 	mul.w	ip, r8, r7
2000149e:	e7ca      	b.n	20001436 <__udivmoddi4+0x2be>
200014a0:	f1a8 0802 	sub.w	r8, r8, #2
200014a4:	443c      	add	r4, r7
200014a6:	e744      	b.n	20001332 <__udivmoddi4+0x1ba>
200014a8:	3b02      	subs	r3, #2
200014aa:	443c      	add	r4, r7
200014ac:	e75e      	b.n	2000136c <__udivmoddi4+0x1f4>
200014ae:	4641      	mov	r1, r8
200014b0:	e791      	b.n	200013d6 <__udivmoddi4+0x25e>
200014b2:	eba1 010c 	sub.w	r1, r1, ip
200014b6:	4640      	mov	r0, r8
200014b8:	fbb1 f8fe 	udiv	r8, r1, lr
200014bc:	fb08 fc07 	mul.w	ip, r8, r7
200014c0:	e7b9      	b.n	20001436 <__udivmoddi4+0x2be>
200014c2:	bf00      	nop

200014c4 <__aeabi_idiv0>:
200014c4:	4770      	bx	lr
200014c6:	bf00      	nop

200014c8 <__tu_fifo_write_veneer>:
200014c8:	f85f f000 	ldr.w	pc, [pc]	@ 200014cc <__tu_fifo_write_veneer+0x4>
200014cc:	1000596d 	.word	0x1000596d

200014d0 <__tud_event_hook_cb_veneer>:
200014d0:	f85f f000 	ldr.w	pc, [pc]	@ 200014d4 <__tud_event_hook_cb_veneer+0x4>
200014d4:	10003f95 	.word	0x10003f95

200014d8 <__time_us_64_veneer>:
200014d8:	f85f f000 	ldr.w	pc, [pc]	@ 200014dc <__time_us_64_veneer+0x4>
200014dc:	10001301 	.word	0x10001301

200014e0 <__panic_veneer>:
200014e0:	f85f f000 	ldr.w	pc, [pc]	@ 200014e4 <__panic_veneer+0x4>
200014e4:	100004cd 	.word	0x100004cd

200014e8 <__best_effort_wfe_or_timeout_veneer>:
200014e8:	f85f f000 	ldr.w	pc, [pc]	@ 200014ec <__best_effort_wfe_or_timeout_veneer+0x4>
200014ec:	100011f9 	.word	0x100011f9

200014f0 <__memset_veneer>:
200014f0:	f85f f000 	ldr.w	pc, [pc]	@ 200014f4 <__memset_veneer+0x4>
200014f4:	100089c1 	.word	0x100089c1

200014f8 <striped_spin_lock_num>:
200014f8:	00000010                                ....

200014fc <irq_handler_chain_slots>:
200014fc:	00000000 	.word	0x00000000
20001500:	00010000 	.word	0x00010000
	...
2000150c:	00020000 	.word	0x00020000
	...
20001518:	00030000 	.word	0x00030000
	...
20001524:	00ff0000 	.word	0x00ff0000
20001528:	00000000 	.word	0x00000000

2000152c <irq_handler_chain_first_slot>:
2000152c:	b501      	push	{r0, lr}
2000152e:	6848      	ldr	r0, [r1, #4]
20001530:	3101      	adds	r1, #1
20001532:	468e      	mov	lr, r1
20001534:	4700      	bx	r0

20001536 <irq_handler_chain_remove_tail>:
20001536:	4670      	mov	r0, lr
20001538:	3809      	subs	r0, #9
2000153a:	4901      	ldr	r1, [pc, #4]	@ (20001540 <irq_handler_chain_remove_tail+0xa>)
2000153c:	4788      	blx	r1
2000153e:	bd01      	pop	{r0, pc}
20001540:	10000941 	.word	0x10000941

20001544 <default_alarm_pool>:
	...
20001558:	20001b08                                ... 

2000155c <stdio_usb>:
2000155c:	10003741 100036ed 10003665 100035d5     A7...6..e6...5..
2000156c:	00000000 00000100                       ........

20001574 <_usbd_qdef>:
20001574:	2000207c 000c0010 00000000 00000000     | . ............
	...

20001590 <_usbd_rhport>:
20001590:	000000ff                                ....

20001594 <i2c0_inst>:
20001594:	40090000 00000000                       ...@....

2000159c <ucPrimaryCoreNum>:
2000159c:	000000ff                                ....

200015a0 <ulCriticalNesting>:
200015a0:	aaaaaaaa                                ....

200015a4 <__malloc_sbrk_base>:
200015a4:	ffffffff                                ....

200015a8 <__malloc_trim_threshold>:
200015a8:	00020000 00000000                       ........

200015b0 <__malloc_av_>:
	...
200015b8:	200015b0 200015b0 200015b8 200015b8     ... ... ... ... 
200015c8:	200015c0 200015c0 200015c8 200015c8     ... ... ... ... 
200015d8:	200015d0 200015d0 200015d8 200015d8     ... ... ... ... 
200015e8:	200015e0 200015e0 200015e8 200015e8     ... ... ... ... 
200015f8:	200015f0 200015f0 200015f8 200015f8     ... ... ... ... 
20001608:	20001600 20001600 20001608 20001608     ... ... ... ... 
20001618:	20001610 20001610 20001618 20001618     ... ... ... ... 
20001628:	20001620 20001620 20001628 20001628      ..  .. (.. (.. 
20001638:	20001630 20001630 20001638 20001638     0.. 0.. 8.. 8.. 
20001648:	20001640 20001640 20001648 20001648     @.. @.. H.. H.. 
20001658:	20001650 20001650 20001658 20001658     P.. P.. X.. X.. 
20001668:	20001660 20001660 20001668 20001668     `.. `.. h.. h.. 
20001678:	20001670 20001670 20001678 20001678     p.. p.. x.. x.. 
20001688:	20001680 20001680 20001688 20001688     ... ... ... ... 
20001698:	20001690 20001690 20001698 20001698     ... ... ... ... 
200016a8:	200016a0 200016a0 200016a8 200016a8     ... ... ... ... 
200016b8:	200016b0 200016b0 200016b8 200016b8     ... ... ... ... 
200016c8:	200016c0 200016c0 200016c8 200016c8     ... ... ... ... 
200016d8:	200016d0 200016d0 200016d8 200016d8     ... ... ... ... 
200016e8:	200016e0 200016e0 200016e8 200016e8     ... ... ... ... 
200016f8:	200016f0 200016f0 200016f8 200016f8     ... ... ... ... 
20001708:	20001700 20001700 20001708 20001708     ... ... ... ... 
20001718:	20001710 20001710 20001718 20001718     ... ... ... ... 
20001728:	20001720 20001720 20001728 20001728      ..  .. (.. (.. 
20001738:	20001730 20001730 20001738 20001738     0.. 0.. 8.. 8.. 
20001748:	20001740 20001740 20001748 20001748     @.. @.. H.. H.. 
20001758:	20001750 20001750 20001758 20001758     P.. P.. X.. X.. 
20001768:	20001760 20001760 20001768 20001768     `.. `.. h.. h.. 
20001778:	20001770 20001770 20001778 20001778     p.. p.. x.. x.. 
20001788:	20001780 20001780 20001788 20001788     ... ... ... ... 
20001798:	20001790 20001790 20001798 20001798     ... ... ... ... 
200017a8:	200017a0 200017a0 200017a8 200017a8     ... ... ... ... 
200017b8:	200017b0 200017b0 200017b8 200017b8     ... ... ... ... 
200017c8:	200017c0 200017c0 200017c8 200017c8     ... ... ... ... 
200017d8:	200017d0 200017d0 200017d8 200017d8     ... ... ... ... 
200017e8:	200017e0 200017e0 200017e8 200017e8     ... ... ... ... 
200017f8:	200017f0 200017f0 200017f8 200017f8     ... ... ... ... 
20001808:	20001800 20001800 20001808 20001808     ... ... ... ... 
20001818:	20001810 20001810 20001818 20001818     ... ... ... ... 
20001828:	20001820 20001820 20001828 20001828      ..  .. (.. (.. 
20001838:	20001830 20001830 20001838 20001838     0.. 0.. 8.. 8.. 
20001848:	20001840 20001840 20001848 20001848     @.. @.. H.. H.. 
20001858:	20001850 20001850 20001858 20001858     P.. P.. X.. X.. 
20001868:	20001860 20001860 20001868 20001868     `.. `.. h.. h.. 
20001878:	20001870 20001870 20001878 20001878     p.. p.. x.. x.. 
20001888:	20001880 20001880 20001888 20001888     ... ... ... ... 
20001898:	20001890 20001890 20001898 20001898     ... ... ... ... 
200018a8:	200018a0 200018a0 200018a8 200018a8     ... ... ... ... 
200018b8:	200018b0 200018b0 200018b8 200018b8     ... ... ... ... 
200018c8:	200018c0 200018c0 200018c8 200018c8     ... ... ... ... 
200018d8:	200018d0 200018d0 200018d8 200018d8     ... ... ... ... 
200018e8:	200018e0 200018e0 200018e8 200018e8     ... ... ... ... 
200018f8:	200018f0 200018f0 200018f8 200018f8     ... ... ... ... 
20001908:	20001900 20001900 20001908 20001908     ... ... ... ... 
20001918:	20001910 20001910 20001918 20001918     ... ... ... ... 
20001928:	20001920 20001920 20001928 20001928      ..  .. (.. (.. 
20001938:	20001930 20001930 20001938 20001938     0.. 0.. 8.. 8.. 
20001948:	20001940 20001940 20001948 20001948     @.. @.. H.. H.. 
20001958:	20001950 20001950 20001958 20001958     P.. P.. X.. X.. 
20001968:	20001960 20001960 20001968 20001968     `.. `.. h.. h.. 
20001978:	20001970 20001970 20001978 20001978     p.. p.. x.. x.. 
20001988:	20001980 20001980 20001988 20001988     ... ... ... ... 
20001998:	20001990 20001990 20001998 20001998     ... ... ... ... 
200019a8:	200019a0 200019a0 200019a8 200019a8     ... ... ... ... 

200019b8 <_impure_ptr>:
200019b8:	200019c0 00000000                       ... ....

200019c0 <_impure_data>:
200019c0:	00000000 20001d18 20001d80 20001de8     ....... ... ... 
	...
20001a58:	00000001 00000000 abcd330e e66d1234     .........3..4.m.
20001a68:	0005deec 0000000b 00000000 00000000     ................
	...

20001b00 <print_mutex>:
	...
