:020000041000EA
:10000000002008205D0100101301001015010010F0
:100010001101001011010010110100101101001058
:10002000110100101101001011010010AD9A001013
:1000300011010010110100102D9A00107597001089
:100040001D0100101D0100101D0100101D010010F8
:100050001D0100101D0100101D0100101D010010E8
:100060001D0100101D0100101D0100101D010010D8
:100070001D0100101D0100101D0100101D010010C8
:100080001D0100101D0100101D0100101D010010B8
:100090001D0100101D0100101D0100101D010010A8
:1000A0001D0100101D0100101D0100101D01001098
:1000B0001D0100101D0100101D0100101D01001088
:1000C0001D0100101D0100101D0100101D01001078
:1000D0001D0100101D0100101D0100101D01001068
:1000E0001D0100101D0100101D0100101D01001058
:1000F0001D0100101D0100101D0100101D01001048
:100100001D0100101D0100101D0100101D01001037
:1001100000BE00BE00BE00BE00BE00BEEFF3058004
:10012000103800BEF2EB887138B200105CB20010DB
:10013000A801001090A31AE7D3DEFFFF42012110AF
:10014000FF0100001CCB0000793512AB4FF000001E
:100150002049086006C881F3088810474FF05040D6
:10016000006810B14FF00000F2E70FA40ECC002998
:1001700002D000F015F8F9E71749184A002000E00E
:1001800001C19142FCD1002080F30A8814498847BC
:10019000144988471449884700BEFDE701C901C2D8
:1001A0009A42FBD3704700BF5CB2001010010020E0
:1001B000081B002054CC001000000820000008207C
:1001C00054CC00100010082000100820000000008F
:1001D0007047000008ED00E0081B0020082B0020FD
:1001E00055490010791400104D490010F8B500BFB2
:1001F000064B0749C91A891048BF0131491003D07D
:10020000044B0BB101481847704700BF081B002082
:10021000081B00200000000008B5054B1BB1054974
:100220000548AFF30080BDE80840FFF7E1BF00BF1D
:1002300000000000242900206CAC00102DE9F043E0
:10024000044683B002F0F6FB00250C2C06460F4650
:1002500000952DD00A2C0DD14FF050435C6814F45A
:1002600080644FD13D4D2B7803F0FF02002B5CD111
:100270002A701AE0092C18D102F0DCFB44F6216741
:10028000374E019534687268041B61EB0202BC4270
:1002900072F1000203460D463AD2009B2BB14FF09B
:1002A000E0234FF08052C3F8042D03B0BDE8F08383
:1002B0004FF050425368526813F480531DD0294CBC
:1002C00023786BBB42F2117C274DD5E90089B0EB56
:1002D000080061EB0903604573F1000320D31305A7
:1002E00054BF224B224B69461868C5E9006707F0E6
:1002F000F3FD0122009B2270D0E71A4A137003B06D
:10030000BDE8F0830122154B1A7003B0BDE8F083FD
:10031000184A01A91068C6E9003507F0DDFDBCE701
:100320000123237003B0BDE8F08346F2A9101249FF
:10033000D1E90089B6EB080267EB0903824273F149
:10034000000301D22C70B0E70C4BC1E900671868BC
:10035000694607F0C1FD009B2C709FE7FC1400204C
:10036000981C0020FD140020901C00203C1D002043
:10037000401D00202C1D0020A01C0020301D00204E
:100380002DE9F04F2DED048BDFED3E8A9FED3E8A87
:10039000DFED3E9A9FED3E9ADFF80C813D4C85B033
:1003A0004FF0FF31D8F8000007F010FF0128F7D117
:1003B000002300261A461946D8F8000007F018FC5A
:1003C0000A254FF00409B246DFF8E0B0324F226848
:1003D00002F47042CBF80020C7F800902268D205E2
:1003E000FCD56168226816FA81F682F4805202F424
:1003F0007042CBF80020C7F800902268D305FCD5E6
:1004000062680120013D1AFA82FA08F0D3FC15F067
:10041000FF05DCD1214BF2EE045AA3FB0626C6F3FE
:10042000CF0607EE906AF8EEE77AA3FB0A3ACAF322
:10043000CF0A67EEA87A07EE10AAC7EE886AB8EE70
:10044000C77A66EEA97A27EE287A9FED155A87EECD
:10045000086A87EEA57A66EE056ACDED037A67EE47
:10046000097A10482B464FF0FF3201A90068CDED04
:10047000026ACDED017A07F0BBFB0A2008F09AFC76
:100480008EE700BF3333534000F07F457CF0413F9F
:1004900000007A4400000A4000200A40CDCCCCCCB9
:1004A0002FBA6840241D0020341D002000100A408F
:1004B0004FF0000880B50D4C0D4D0E4F0E4E4FF015
:1004C000FF31206807F082FE0128F8D12B7807EB76
:1004D00083035B6933602B780133DBB22B702B789D
:1004E000022BECD985F80080E9E700BF381D002019
:1004F000022B0020A81C0020281D00202DE9F04F11
:100500002DED088B4FF0000B9FEDC18AA3B09FED3E
:10051000C1AADFEDC19A9FEDC1BAF0EE48AAD94653
:10052000DA46BF4FDFF83083BE4ECDF80CB0E6E0C0
:1005300098ED007A9DED076AB8EE477AF2EE046A0C
:10054000C6EE077A67EEA67A9DED087A77EEC77A4F
:1005500027EE8A7AF0EE476AB1EE046AE8EE296A7D
:10056000F4EEC66AF1EE10FA40F3D880F5EEC07AE8
:10057000F1EE10FA40F3DD80F1EE046AB4EEE68AA3
:10058000F1EE10FAF9EE047A36FE888AB4EEE78AC4
:10059000F1EE10FA48BFB0EE678AF0EE477AE8EE67
:1005A000297AF5EEC07AF1EE10FA00F1C780F4EE88
:1005B000E67AF1EE10FA76FEA76A9B4800234FF028
:1005C000FF3205A90068CDED056A07F011FB08F0C0
:1005D00033FC3369A0EB09029A42054680F0B180F2
:1005E000DDED078A96ED007AD6ED027AF4EEC78A41
:1005F0009DED069AF1EE10FAF4EEE78AD6ED017A57
:10060000CCBF01240024F1EE10FAB4EEE79AD6ED47
:10061000037A48BF44F00404F1EE10FAB4EEE79A0E
:10062000C8BF44F00204F1EE10FA48BF44F00804D9
:1006300014F0030318BF0123082243EC402004F008
:100640000C03003B18BF0123072243EC4020002C81
:1006500072D0BBF1000F7FD0A5EB0B03B3F5FA6F9F
:100660000FD3D8F8003063B1F7EE007AF4EEE78AE2
:10067000F1EE10FA05DD41F28733039AAA1A9A4285
:100680006CD8A5EB0A03B3F5FA7F35D3039BEB1ABD
:10069000B3F57A7F30D30021084607F0F5F915212C
:1006A000624B634A0DA804F00BF9D8F80030614A98
:1006B00015210DF1490004F003F907980AF08CFAAE
:1006C0005D4ACDE9000115210DF15E0004F0F8F856
:1006D000DDED067AFDEEE77A152117EE903A574ADE
:1006E0000DF1730004F0ECF8002355481A46006839
:1006F0000DA907F07DFAAA460A2008F05BFB00224C
:10070000386806A907F01EFC0128F5D1D8F800309A
:10071000002B7FF40DAFF0EE6A7A15E7F5EEC06AB4
:10072000F1EE10FA05D5F5EEC07AF1EE10FA3FF5CC
:1007300023AFA7EE8B8A1FE7A346A2E7F0EE6A6A13
:100740003BE700233F4A194610681A4607F050FA63
:100750009FED2F8AA94643E7AB4692E701238DF828
:100760002430394B6421186807F030FD01283CD053
:10077000E0072ED4A1071FD4620710D4230701D4A9
:100780000395B9E70023032230488DF8252009A9F5
:100790001A4600688DED0C9A07F02AFAF0E700235C
:1007A00002222A488DF8252009A91A460068CDEDB5
:1007B0000C8A07F01DFAE1E70023012223488DF897
:1007C000252009A91A4600688DED0C9A07F010FA49
:1007D000D2E700231D4A09A910681A46CDED0C8AFC
:1007E0008DF8253007F004FAC4E71949194809F0D3
:1007F000CFFA0023174A03CACDF826001248CDF8D5
:100800002A101A461946006807F0F2F9B0E700BF4F
:1008100000000000CDCCEC3F7B144E40CDCCCC3D55
:10082000241D0020A81C0020181D002070AC001002
:1008300084AC00108CAC00109CAC0010B0AC00106C
:10084000201D0020381D0020441D00201C1D0020FC
:10085000042A0020FC240020281D002000B50E4C96
:100860000E4D83B04FF0FF32206801A907F06AFBFC
:100870000128F7D14FF0FF31286807F0A7FC019954
:1008800000234022064809F061FB002328681A462D
:10089000194607F0ADF9E5E7181D0020441D0020BA
:1008A000B024002000232DE9F04FCDB006AA12920B
:1008B00007AA139208AA149209AA15920BAA1792D2
:1008C0000AAA16921A46CDE90633CDE90833CDE9D6
:1008D0000A330C938DF838300D9305930CAB1893B5
:1008E0000DAB914619930392FA237822CDE91A238E
:1008F000CDE91C23782242F20F73CDE91E2342F288
:100900000F7242F20F73CDE92023DFF810A337AE48
:100910000DF188084FF0FF31DAF8000007F056FCBF
:100920000128F7D1AE4B0021186807F04FFC0022D8
:1009300015464FF0FF33042D17460493029200F33F
:100940001D81012D40F3E980042D00F0C2800723B2
:100950004FF0010242EC4030022D00F07681344627
:100960000325A04B0FCB07C423700DEB85039B6CB5
:1009700015211B689C4A0DF1F10003F0A1FF4446CC
:10098000B3468DF806918DF81B915B4620461521E4
:10099000964A153403F094FFA6420BF1150BF4D1DF
:1009A000934800234FF0FF324146006807F020F9DA
:1009B000039B6BB3042D00F22182DFE805F01603E0
:1009C00016035B00C7F10201012006F0C1FF0121FF
:1009D000084607F059F8049BBB4219D06B1E022B46
:1009E00056D8DFE803F00755070039B24900C1F1D6
:1009F0000301E9E7C7F102042146012006F0A8FF40
:100A000008F01AFA01210590084607F03DF804970E
:100A1000784B0021186807F0D9FB012800F000810D
:100A2000754B0021186807F0D1FB012800F0C48045
:100A30004FF050446368580500F19380029B002BEF
:100A400000F0AD8063685A0540F1928008F0F4F937
:100A5000059BC01AB0F57A7F80F01181632840F2BF
:100A600008817B1C042D00F2CC81DFE805F03F16E5
:100A70003F161600C7F102042146012006F068FF68
:100A80000121084607F000F8049BBB42B4D1BFE740
:100A90003CB26400C4F10304AEE70121574A0846A2
:100AA00082FB0327A7EBE37707EB4707DF1B06F083
:100AB000EBFF322008F07EF9012D00F095814FF018
:100AC000FF330120CDE903030023042D02937FF4BB
:100AD0003EAF34464A4B0FCB07C415212380494A09
:100AE0000A9B0DF1F10003F0EBFE48E70121002B1A
:100AF00003F00103B8BF5B4208461F4606F0C4FF7F
:100B0000322008F057F901244FF0FF33CDE90343B9
:100B10000023012D02933FF717AF4FF008034FF06A
:100B2000010242EC403000F09D8034460025364BF7
:100B30000FCB07C423700DEB85039B6C33491A68F8
:100B40000DF1F10081FB0231D317C3EBA10303EBDD
:100B50008301A2EB4102009215212D4A03F0B0FE61
:100B60000DE763685B0503D5029B002B7FF46EAF36
:100B7000322008F01FF9042D7FF7E3AE2B1F15215B
:100B80003046244A03F09CFE0DEB85039B6C152137
:100B9000214A1B680DF1F10003F092FEEFE608F028
:100BA0004BF96368059059053FF550AF012332209A
:100BB000029308F0FFF8DEE70DEB8503002F9A6C37
:100BC00007DD0023013300EB8000BB424FEA400009
:100BD000F8D113681B1A54BF1360C2F8009027E7BE
:100BE000341D0020F4AC00102CAD001084AC0010BB
:100BF000201D00203C1D0020401D0020565555554D
:100C000004AD001014AD0010C4AC00106766666639
:100C100020AD001034AD001040AD00102C1D0020A0
:100C20000DEB8503002F9A6C996E07DD00230133CD
:100C300000EB8000BB424FEA4000F8D11368184433
:100C40008842A8BF08461060EAE63446784B0FCBCE
:100C500007C423706FE745EC404000274FF0FF3397
:100C6000029704933446734B01250FCB07C42370BE
:100C70007BE600233220029308F09CF87BE76E4B62
:100C80006421186807F0A2FA012800F095800DEBA6
:100C9000850335F002029B6C8DF8395078D0D3ED86
:100CA000007AF8EEE77A654800234FF0FF320EA98C
:100CB0000068CDED117A06F09BFF4FF4FA6008F062
:100CC00079F808244FF0000343EC4040072243EC3E
:100CD00040203220013508F06DF8A54261D1069B15
:100CE000F2EE045A07EE903A089BB8EEE76A07EE78
:100CF000903A079BF8EEE76A07EE903A099BB8EE48
:100D0000E77A07EE903A4FF47A7286EE255AF8EEBB
:100D1000E77A86EEA56A02930A9B02FB03F3484A30
:100D200013610B9B82ED017A53610C9BC2ED037A38
:100D300093610D9B82ED005A82ED026AD36106F049
:100D400003FE404B8DF89D900FCB88E80F003E4886
:100D500000234FF0FF32414600688DF8B2908DF8C5
:100D6000C79006F045FF4FF4FA6008F023F8002121
:100D7000084606F089FE0021DAF8000007F026FA9E
:100D80000023324A194610681A4606F031FFC1E5C1
:100D900093ED007AF2EE046AB8EEC77AC7EE267ACF
:100DA00081E7042D1ADC012D3FF455AF00274FF0E9
:100DB000FF3302970493C7E52549264808F0E8FF6A
:100DC0000023244A03CACDF83A001B48CDF83E1050
:100DD0001A461946006806F00BFF58E700274FF047
:100DE000FF3302970493C9E6082345EC40304FF0E7
:100DF000FF33049300230395029333E7C7F1030401
:100E00003AE601215A42084603F0030702F00303C1
:100E100058BF5F4206F038FE322007F0CBFF4FF09C
:100E2000FF330121CDE9031300230293A6E600BF9F
:100E3000E4AC0010D4AC0010441D00201C1D0020A8
:100E4000A81C00204CAD0010201D0020341D0020E7
:100E5000042A0020FC2400202DE9F04F7E4BA7B08F
:100E600002937E4B7E4FDFF824B2DFF82492DFF846
:100E700024A2039305AC09AD0DAE4BE0BCF1000F0D
:100E800048D1BBF80030DFF804B24FF48062D84696
:100E90001033934288BFA8F800C04FF4FA71D9F814
:100EA000000007F093F9012800F0928096E80F0007
:100EB00084E80F009DF81430002B53D0012B00F074
:100EC000A280BDF81C30152101939DF81B30654AA6
:100ED00000930DF16E009DF8193003F0F1FC9DF8C0
:100EE0001830152101939DF817305F4A00930DF1DA
:100EF00083009DF8163003F0E3FC06F025FD002387
:100F00004FF0FF32DAF8000011A906F071FE0A2056
:100F100007F050FF4FF0FF322146386807F012F813
:100F20000128F4D194E80F009DF814C085E80F0063
:100F3000BCF1010F0CD0BCF1020F9FD1039B4749BC
:100F40004FF480524FF4006C88461B8803919FE752
:100F5000029B41494FF400624FF4806C88461B8825
:100F6000029195E7009315219DF815303F4A11A88D
:100F700003F0A6FC9DF81530DDED087A042B60D84F
:100F8000DFE803F00E030E031B00FDEEE77A1521E8
:100F900017EE903A364A0DF1590003F091FC90E7B4
:100FA00017EE900A09F018FE324ACDE9000115212A
:100FB0000DF1590003F084FC83E7FDEEE77A15217B
:100FC00017EE903A2C4A0DF1590003F079FC78E7BE
:100FD00010232A46B8F80010284808F0CBFD10234B
:100FE00032462648B8F8001008F0DEFD0023D9F894
:100FF00000001A46194606F0FBFDB8F80030103321
:10100000A8F8003052E71E4B15211E4A11A803F024
:1010100057FC9DF81530032B3FF653AFDFE803F084
:101020000F020F02DDED087AFDEEE77A152117EECB
:10103000903A0F4A0DF1590003F042FC41E708983D
:10104000B0E7FDEEE77A152117EE903A0E4A0DF162
:10105000590003F035FC34E7FA140020F81400209E
:101060001C1D0020B8AD0010C8AD00105CAD001014
:1010700080AD001070AD001090AD001098150020EC
:10108000B0AD001084AC0010A0AD0010FC2A002010
:10109000441D0020201D0020542230B5ABB000219B
:1010A0000DEB020009F0B6FA3B4C3C4D02E0142077
:1010B00007F080FE4FF0FF326946206806F042FFDD
:1010C0000128F4D16421286807F080F80128EED1C6
:1010D0001522694615A809F0EBFAF8B915220DF1A9
:1010E00069000DEB020109F0E3FA002843D1152253
:1010F0000DF12A010DF17E0009F0DAFA58BB152234
:101100000DF13F010DF1930009F0D2FA98B90023D7
:1011100028681A46194606F06BFDC8E70021084604
:1011200006F016FC684606F02BFC1522694615A849
:1011300009F0F8FAD2E70021032006F009FC0DF1CE
:101140003F0006F01DFC15220DF13F010DF193004B
:1011500009F0E8FADBE70021022006F0F9FB0DF1C7
:101160002A0006F00DFC15220DF12A010DF17E007A
:1011700009F0D8FAC3E70021012006F0E9FB0DF1E0
:10118000150006F0FDFB15220DF169000DEB0201C3
:1011900009F0C8FAABE700BF201D0020441D002065
:1011A0002DE9F0410C2084B000F07CFB4FF00C08DE
:1011B0004FF0000444EC448000220121404600F03E
:1011C000D5FA0B2000F06EFB0B2044EC440000220B
:1011D000012100F0CBFA0A2000F064FB0A2744EC5E
:1011E000447000220121384600F0C0FA082000F0C7
:1011F00059FB08254FF0010646EC445044EC4050A2
:10120000072000F04FFB072346EC443044EC40300D
:10121000092000F047FB092644EC446001223046D7
:10122000002100F0A3FA7A4B29460122404600F043
:10123000D5FA784C01220421384600F0ABFA01229D
:101240002946304600F0A6FA7349204606F04CFACB
:1012500006F0BCFA1F211A2000F06AFA00226F4E35
:1012600011461A2000F082FA00211A2000F00AFB31
:1012700033686B4D03F470432B601F211B2000F07B
:1012800057FA00221B20114600F070FA00211B20A3
:1012900000F0F8FA3368032183F4805303F47043B9
:1012A0002B60142000F044FA0321152000F040FACE
:1012B00000220121142000F059FA002201211520FA
:1012C00000F054FA2721204606F0E8FB15251422E9
:1012D0004FF47A7664236021CDE90156009251489B
:1012E000224608F0B9FD50494E4808F017FE40224A
:1012F00000234D494B4808F029FE68234B4D4C49CB
:1013000028460B710C6008F043FD40F2D273EA8866
:101310009A4273D900225421012006F02DFC044684
:10132000444B0022102101201C6006F025FC0446DD
:10133000414B00220C2105201C6006F01DFC0446D8
:101340003E4B0022042105201C6006F015FC0446DB
:101350003B4B0322002101201C6006F00DFC0446DB
:10136000384B0322002101201C6006F005FC0446D6
:10137000354B0322002101201C6006F0FDFB0446D2
:10138000324B0322002101201C6006F0F5FB0346CE
:101390002F4C032200210120236006F0EDFB0546BF
:1013A0002C4B0021032201201D6006F0E5FB0246C4
:1013B000294B01201A60294D06F05AFD2849294A77
:1013C0004D600A6042F210754FF07E52264E0023A7
:1013D00030602068254C0D618A60CC603222642424
:1013E00096254A61CD618C611A46194606F000FCCB
:1013F000002004B0BDE8F04107F056BB1C4A1D4B6D
:1014000028460B49C5E9002308F0E8FB82E700BF46
:101410003D02001098150020A086010000000A403F
:1014200000100A40B02400200000A040FC2400204E
:10143000042A0020201D00201C1D0020241D002047
:10144000181D00203C1D0020401D0020301D0020E4
:101450002C1D0020341D0020381D0020000070438A
:10146000A81C002000003041441D00200000404026
:101470001500000C0108E9070024052500B583B01C
:1014800003F060FBCDE90054042580222346234964
:10149000234807F087FACDE900540325802223462C
:1014A0002049214807F07EFA80222346CDE90054E6
:1014B0001E491F4807F076FACDE9005402254FF483
:1014C000807223461B491C4807F06CFACDE9005492
:1014D00001254FF4807223461849194807F062FA33
:1014E0004FF4806223461749CDE90054164807F0AF
:1014F00059FA4FF4806223461449CDE90054144848
:1015000007F050FA802223461249CDE900541248D0
:1015100007F048FA07F026FBFEE700BFD8AD001041
:10152000A1110010E0AD0010B1040010F0AD0010EA
:1015300099100010F4AD0010590E0010FCAD001011
:10154000A508001004AE0010810300100CAE0010BE
:10155000FD04001014AE00105D0800104FF0504262
:101560002DE9F84F6D4BD2F800A053F82A70BAF16C
:10157000000F2CD0DFF8B0816FB30026DFF8A0B1E8
:10158000DFF8A091F3080C3358F82350344608369E
:10159000CDB105F00F0120462D09013489B15BF86A
:1015A0002A2000F00703C2404FEAD00C9B00D2076C
:1015B00001FA03F30CF18C0C02D449F82C30B84733
:1015C0000DB1B442E5D3202EDCD1BDE8F88FDFF8B1
:1015D0005C81002FD1D15248F90801F10C0358F871
:1015E0002330002B7BD013F00F054FEA13120AD0E3
:1015F00050F82A40FC40E60703D44A4C8C3144F8AA
:101600002150002A6BD012F00F024FEA13210DD0A7
:1016100050F82A407D1CEC40E40705D4EC08414D0D
:1016200012018C3445F82420002958D011F00F0104
:101630004FEA133207D050F82A40BD1CEC40E607B1
:1016400057D5002A4BD012F00F024FEA134107D0B2
:1016500050F82A40FD1CEC40E40751D500293ED04B
:1016600011F00F014FEA135207D02D4C54F82A50B5
:101670003C1DE540EE074AD58AB312F00F024FEA4F
:1016800013610DD0264C54F82A507C1DE540ED071F
:1016900005D4244DE40812058C3445F82420F1B11A
:1016A00011F00F014FEA13731FD01D4CBD1D54F8EC
:1016B0002A20EA40D60705D4EA081A4D09068C32DA
:1016C00045F822105BB154F82A10FA1DD140C90721
:1016D00005D41449D2081B078C3241F82230083750
:1016E000202F7FF479AFBDE8F88F002BF7D00C4C9A
:1016F000E9E7EC080B4D09028C3445F82410A0E70B
:10170000EC08084D12038C3445F82420A6E7054D5B
:10171000E40809048C3445F82410ADE77024002057
:10172000F42900200080024090820240488202405A
:1017300010B44FF480740C4B53F8202003EB80035B
:10174000C00082F0400200F1804003F5805C02F0AE
:10175000C00200F5203003F54053CCF80020416072
:101760001C605DF8044B70470480034010B4084CC3
:10177000C90041EA820154F8202004EB8003514063
:1017800003F5805301F00C015DF8044B19607047BC
:10179000048003404FF050431B6893B10C4B4FEA59
:1017A000D00C00F00700800081400A4803EB8C0356
:1017B0000CF18C0C40F82C102AB103F50053196081
:1017C0007047054BEBE703F540531960704700BFC6
:1017D0009082024000800240488202402DE9F0439E
:1017E0004FF050491F46DFF89880D9F80030164670
:1017F00058F8232004460D4683B032B387B348F827
:1018000023704FF050431B68BBB1194BE10804F043
:101810000704184AA40005FA04F403EB81038C3191
:1018200042F821405EB10121152003F500531C60F0
:1018300003B0BDE8F04300F02DB90F4BE6E703F528
:1018400040531C6003B0BDE8F083002FDCD01520AE
:101850000A4948F8237000F08FF9D9F80030D3E72F
:1018600015200649019300F07BFA019BC7E700BFF2
:101870009082024000800240488202405D150010C4
:1018800070240020064B402203EB800319B103F5BE
:1018900000531A60704703F540531A60704700BF49
:1018A0000480034030B44FF0000343EC440043ECA9
:1018B000400005254FF480740B4BC20053F82010F4
:1018C00003EB800081F0400102F1804303F52033F7
:1018D00001F0C00200F5805100F540500A605D60E3
:1018E000046030BC704700BF048003400FB400B5F3
:1018F00083B0049C074803F069F93CB105A9204670
:10190000019102F0F3FF044803F060F9012003F0B5
:1019100005F800BF18AE001028AE001070B586465E
:10192000EFF3108572B6124CD4E8CF6F0120002E71
:10193000FAD1C4E8460F002EF6D1BFF35F8F4FF007
:10194000010CC80801F007030CFA03F31EF800C0ED
:101950001CEA030608D14CEA030C0EF800C0C4E8E8
:101960008F6F85F3108870BD1046FFF7BFFF00BF73
:1019700067200020F8B5EFF3108772B61C4ED6E84A
:10198000CF5F0124002DFAD1C6E8454F002DF6D1D6
:10199000BFF35F8F9A421BD8012502E001329342C8
:1019A00022D3D40810F804E002F0070C05FA0CFC6E
:1019B0001EEA0C0FF2D14EEA0C0E00F804E01046BD
:1019C0000023C6E88F3F87F31088984207DBF8BDF5
:1019D0000023C6E88F3F87F310884FF0FF300029BF
:1019E000F5D00698FFF782FF4FF0FF30E8E700BF21
:1019F00067200020044A1078431CDBB2182B28BF54
:101A000010231370704700BFFE14002010B5054C62
:101A100082B001461F23182200940348FFF7AAFF53
:101A200002B010BD2CAE0010802400204FF0E02248
:101A3000936843F000539360704700BF0021044B4C
:101A400003F12002C3E88F1F01339342FAD170479C
:101A50005C2000204FF0E0234FF08032C3F80024D8
:101A6000C3F80424C3F80824C3F80C24C3F81024D2
:101A7000C3F81424C3F81824C3F81C24C3F8202482
:101A8000C3F82424C3F82824C3F82C24C3F8302432
:101A9000704700BF012300F01F029340400941B18D
:101AA000800000F1604000F56140C0F880310360C3
:101AB0007047024A203042F82030704700E100E0D1
:101AC0000123064A410952F8212000F01F0003FAC1
:101AD00000F01040003818BF0120704700E100E01E
:101AE00001224309034900F01F008240403341F8BE
:101AF0002320704700E100E0054A10309268054B52
:101B000052F82000C01A2F288CBF002001207047F7
:101B100000ED00E000150020F8B50D46EFF310874A
:101B200072B6124ED6E8CF2F0123002AFAD1C6E8AA
:101B3000423F002AF6D1BFF35F8F0D4B00F1100436
:101B40009B680C4A53F82430934203D0994201D049
:101B500001F0FEF8064B9B6843F82450BFF35F8FFB
:101B60000023C6E88F3F87F31088F8BD652000206A
:101B700000ED00E01D0100102DE9F04F81468B467D
:101B8000164683B0EFF3108372B6DFF8D0A100934E
:101B9000DAE8CF1F01230029FAD1CAE8413F002922
:101BA000F6D1BFF35F8F664B93F90040002CC0F273
:101BB000A080644D04EB440705EB870898F80610F5
:101BC00009F110091970604BBF009B6853F8290098
:101BD0006300411B2F292FD95C49884240F0A48023
:101BE0001C445B4B02372F44043BDB1BC3F34A030B
:101BF0006FEAC3434FF421416FEAD34325F8241021
:101C000005EB840463804BF60153A380FF2348F067
:101C10000100E671C4F808B0A3714B4B9B6843F810
:101C20002900BFF35F8F0023CAE88F3F009B83F337
:101C3000108803B0BDE8F08F20F0010E9EF8071069
:101C4000B1422ED84FF42143EB53414BB91C2944E8
:101C5000043B04375B1A2F44AEF10401C91BC1F3E6
:101C60004A043C49C3F34A030B432143A8F8041038
:101C70003949A8F802304AF6AA2073465B1B5B413B
:101C80005843000D88F8076088F80600C8F808B0C7
:101C900048F00100CEF80010BFE7D179B1422ED94B
:101CA00096469EF906C00CEB4C02BCF1000F05EB0A
:101CB0008202F2DA4BF601510EF10402A8F1040798
:101CC000BF1AC7F34A076FEAC7476FEAD7478EF8CC
:101CD000064003EB0408204C05EB8803AEF80470C3
:101CE00045F82840998083F806C0DE71C3F808B033
:101CF00093E701F02DF8124B93F9004059E7724633
:101D000032F8041F490514D44915023102EB410190
:101D100001916FF00701C91B019F491B3944C1F3B1
:101D20004A0141F46041C9E7019301F011F8019BB8
:101D300056E701F5FF1101F5FF511F31E4E700BF40
:101D4000032B00200015002000ED00E01D01001015
:101D50003015002000E0FFFF01488047652000208B
:101D60002DE9F04F83B0EFF3108A72B6714ED6E8CA
:101D7000CF2F0123002AFAD1C6E8423F002AF6D12C
:101D8000BFF35F8F6C4B00F110089B686B4A53F8F0
:101D90002850954245D08D420C4650D0684FEB1BE1
:101DA0002F2B3ED801214FEA50194FEA890909F13A
:101DB000604909F5614900F01F0301FA03F0D9F801
:101DC0000030C9F8800000EA030BBFF35F8FEFF328
:101DD0000581C9B2002934D0884505D0CDE900106D
:101DE00000F0B6FFDDE9001025F0010EDEF808C0B6
:101DF000644505D189E0D3F808C0644531D09E46DA
:101E00009EF9062002EB4203002A07EB8303F2DA75
:101E1000644561D0BBF1000F20D0C9F88001C9F83A
:101E20000000454B9B6843F82850BFF35F8F0023A9
:101E3000C6E88F3F8AF3108803B0BDE8F08F1546DF
:101E4000EFE725F0010EDEF808C06445D8D19EF911
:101E500006407346002C08DA154646E0C9F88000B3
:101E6000DFE793F90640002C37DB04EB440C07EB6B
:101E70008C0C9CF80710DCF80820D9719A609CF94A
:101E800006206100002A9A713DDBBCF804E05FEA9D
:101E90004E5E05D50EF5FF1E0EF5FF5E0EF11F0E10
:101EA0006FF0070C0A194FEA6E5E920002EB4E02C9
:101EB00008323A44ACEB030C6244C2F34A026FEAC4
:101EC000C2426FEAD2429A801E4B21441A7807EB35
:101ED00081011C708A719DE77346D9B9FF228EF883
:101EE00006204BF60152AEF80420164C4AF6AA2200
:101EF00094F800C01946C91B49414A43120D83F8A2
:101F000006C0227086E7104ADDE79EF90640734658
:101F1000002CAADA0D4A0E4CD21A083AC2F30A3142
:101F20006FEA01516FEA115144EA5202DA80998056
:101F300070E700BF6520002000ED00E01D010010EB
:101F400000150020032B002001BDFFFF3A150020E3
:101F500000F8FFFFF0B5EFF30585EDB2EFF3108C5D
:101F600072B62649D1E8CF2F0123002AFAD1C1E861
:101F7000423F002AF6D1BFF35F8F214E40F0010EA1
:101F8000B4684AF6AA2354F825701E4A0446A41AD7
:101F9000644163431B0D77455BB21BD092F9064049
:101FA0009C421CD092F912409C4223D092F91E40D0
:101FB0009C4221D092F92A409C4208BF03240FD0B2
:101FC000114A0024157813708571C1E88F4F8CF386
:101FD0001088F0BDB2680D4C42F82540F0E70024AF
:101FE00004EB440402EB8402FF2494714BF6015489
:101FF0009480E5E70124F3E70224F1E7652000205F
:1020000000ED00E000150020032B00201D01001052
:1020100010B5074C82B00146052300220094054804
:10202000FFF7A8FC0028A8BFC0F1330002B010BD24
:1020300048AE0010072B0020014B0B440360704793
:102040005C20002070B5104C104DAC420ED2FF2623
:10205000236863B1FFF7CEFC01462046FFF7ECFF93
:10206000A680BFF35F8F0834AC42F1D370BDFFF799
:10207000C1FC01462046FFF7DFFF2671BFF35F8FEB
:102080000834AC42E4D370BD001B0020081B0020C4
:1020900010B50446FFF7AEFC01462046FFF7CCFF23
:1020A000FF232371BFF35F8F10BD00BF10B504463F
:1020B0000120FFF7ABFC034B03442360BFF35F8FAA
:1020C00010BD00BF5C200020024B0B440360BFF337
:1020D0005F8F70475C2000200D4B1A68EFF3108172
:1020E00072B6D2E8CFCF0120BCF1000FF9D1C2E81F
:1020F0004C0FBCF1000FF4D1BFF35F8F00221B68BF
:10210000C3E88F2F81F3108840BF00200021704763
:102110000C2A0020000000002DE9F04F2DED028B6D
:1021200085B0EFF30583DBB2103B9A0818BF01229C
:102130004FF0010103F0030B18BFAF4DAF4B08BFC9
:10214000AF4D0BEB820253F8226001FA0BF205F55A
:1021500041539FEDA78B01925A602FE0B3881C0476
:1021600040F19380B379002B40F0DD80B6F9082070
:10217000002AC0F21E81736902EB420203EBC20324
:10218000D3E90247B7F1FF3F08BFB4F1FF3F0ED0DC
:1021900005EB8B01AB6A0A69D21AE31A934205D3A5
:1021A00001232A6A03FA0BF3134200D10C6128467B
:1021B00000F038FCA042B941C0F2FB80B6F908300B
:1021C000019A002B0093EA63C8DBD6F8148003EB76
:1021D0004309284608EBC907D7E9024A00F022FC68
:1021E000A04271EB0A01B9DBBAF1000FC0F2C38063
:1021F000D7E90431834A934200F0ED807A88B6F93A
:10220000080092B242EA0040984702460B4652EA62
:10221000030100F0B080002B80F2D180B4EB020EFD
:102220006AEB030A38F93930C7E902EA002B95DB7B
:10223000716903EB430201EBC202D2E90270BE45B1
:102240007AEB000C4FEA430288DBB4462CF8083FD7
:1022500006E003EB430001EBC0005A00D0E9027036
:10226000BE451A447AEB000001EBC20404DB31F9ED
:102270003230A446002BECDA28F83930009BACF859
:102280000030B3881C043FF56DAF3369EFF3108263
:1022900072B6D3E8CF0F01210028FAD1C3E8401F5E
:1022A0000028F6D1BFF35F8F4FF6FF74B08800238C
:1022B000316900B2B480C1E88F3F82F31088984240
:1022C000FFF650AF0746A946746906F1080807EB08
:1022D000470E04EBCE03D3E90250B6F90830C446EA
:1022E000002B13DBB246009704E034F936309446F5
:1022F000002B09DB03EB430604EBC602D2E90271B3
:10230000BD4270EB0101F0DA5646009FACF8007058
:1023100034F93E7024F83E30002FD8DAB3794D46B8
:10232000002B3FF423AF0023B371B6F9083006F158
:102330000808581C3DD01A46776903E08046591CAE
:102340003FF416AF03EB430107EBC100B0F802C046
:102350001C461CF4004F9E4637F93130EED09442B3
:1023600080ED028B05D0A8F80030328927F83120A3
:1023700034817246E3E738F8393033813369EFF35B
:10238000108272B6D3E8CF0F01210028FAD1C3E83A
:10239000401F0028F6D1BFF35F8F7388316928F89A
:1023A0003930009B73800023C1E88F3F82F310888F
:1023B000D4E640BF05B0BDEC028BBDE8F08F2846E7
:1023C000CDE9022300F02EFB029A039B10EB020ED4
:1023D00043EB010A26E708460B690291984700285B
:1023E000C9D00299D1E9002311E700BFAFF3008003
:1023F000FFFFFFFFFFFFFFFF00800B40442900208D
:1024000000000B40192100102DE9F84F364C2569CA
:102410002DB1BDE8F84F0A213448FFF70DBEDFF8B3
:10242000E4800321404600F0EBFA0326C4F80C8058
:10243000FFF7E0FA4FF0504C2D4B26700344236118
:10244000DCF800300F216370636961801D834FF0F9
:102450000405A3F878504FF00505A3F890504FF00D
:102460000605A3F8A8504FF007050E214FF6FF729E
:1024700008274FF00A0EA3F8C0504FF001094FF0A3
:102480000C0C4FF0020B4FF0090A0D204FF00B051A
:10249000A3F868111749A280A3F808E1A160A3F886
:1024A00048B0A3F8F0A0A3F82051A3F838C1A3F8CE
:1024B0005001A3F83090A3F86060A3F8D8701A8098
:1024C0000D4B3046C8F820700C49DC60FFF724FB48
:1024D00049463046FFF7DEFA094B0A211F640348DC
:1024E000BDE8F84FFFF7A8BD481500200C2A0020D2
:1024F0005C200020FFFF100044290020192100105B
:1025000000200B4000000B40004870474815002099
:10251000F8B59DF82050044617461E4635B900F020
:1025200089FA874266EB010100295CDB2169EFF340
:10253000108372B6D1E8CF0F01220028FAD1C1E88A
:10254000402F0028F6D1BFF35F8FB4F902206569F0
:1025500002EB4201002A4FEAC10C206905EBC101E0
:1025600039DB35F80CE0A4F802E04FF0000EC0E8CB
:102570008FEF83F310884888069B0130C0F30E006C
:10258000012838BF01200B61079B48804B61C1E9DE
:10259000027640EA02402369EFF3108172B6D3E875
:1025A000CF7F0126002FFAD1C3E8476F002FF6D165
:1025B000BFF35F8FA38825F80C30A2802369C3E89E
:1025C0008FEF81F310880122E368217803F501532E
:1025D0008A405A60F8BD0022C0E88F2F83F310882C
:1025E0004FF0FF30F8BD2846F8BD00BF0146F0B5FA
:1025F0000069EFF3108772B6D0E8CF5F0124002D99
:10260000FAD1C0E8454F002DF6D1BFF35F8FB1F985
:1026100002E04C690EEB4E0CBEF1000F4FEACC0508
:10262000086904EBCC0C3CDB665B4E800026C0E8FE
:102630008F6F87F31088BCF80200CCE902230130C9
:10264000C0F30E00012838BF0120059BACF8020042
:10265000CCF81030069B40EA0E40CCF814300B69E1
:10266000EFF3108272B6D3E8CFCF0127BCF1000F91
:10267000F9D1C3E84C7FBCF1000FF4D1BFF35F8FF9
:102680008B886353A1F804E00B69C3E88F6F82F372
:1026900010880122CB68097803F501538A405A60FB
:1026A000F0BD0023C0E88F3F87F310884FF0FF3064
:1026B000F0BD00BF03464089B0EB214F37DD5869BC
:1026C0000A1402EB420210B500EBC2001C69EFF3E2
:1026D000108C72B6D4E8CFEF0122BEF1000FF9D111
:1026E000C4E84E2FBEF1000FF4D1BFF35F8F4288D4
:1026F00089B292B28A4207D000221B69C3E88F2FA9
:102700008CF31088002010BD42F400424280012169
:10271000002218699971C0E88F2F8CF310881C78FB
:10272000DA68084602F50153A140596010BD002047
:10273000704700BF407870472DE9F04182B00446F1
:102740000E4600F077F94FF0FF326FF00043241887
:1027500046EB0106A24273EB06013CBF14461E463F
:10276000A51F46F1FF37AC4276EB07033CBF0025BF
:102770002F4600F05FF9281A67EB010C01287CF165
:10278000000C06DA2046314602B0BDE8F04100F008
:102790005BB900F04FF9854267EB010100290ADBC4
:1027A0000021174B2A46009316483B460191FFF73C
:1027B0001DFF0130E6D04FF0000C134A1349536A55
:1027C0009F4204D8906AA842DCD29F42DAD10B68BB
:1027D000EFF3108072B6D3E8CF8F5FF0010EB8F13F
:1027E000000FF8D1C3E848EFB8F1000FF3D1BFF301
:1027F0005F8F0B68C3E88FCF80F3108820BFDEE7C0
:10280000D92000104815002000000B400C2A0020A1
:102810002DE9F04182B0064600F00CF94FF47A73CE
:1028200004464FF0FF306FF00042E6FB0341A04248
:1028300072EB01033ABF044615460D46A61F45F14B
:10284000FF37B44275EB07033CBF0026374600F064
:10285000F1F8301A67EB0101012871F1000106DA85
:102860002046294602B0BDE8F04100F0EDB800F086
:10287000E1F8864267EB010100290ADB0021174BD2
:102880003246009316483B460191FFF7AFFE0130F8
:10289000E6D04FF0000C134A1349536A9F4204D804
:1028A000906AB042DCD29F42DAD10B68EFF310801D
:1028B00072B6D3E8CF8F5FF0010EB8F1000FF8D1F8
:1028C000C3E848EFB8F1000FF3D1BFF35F8F0B6897
:1028D000C3E88FCF80F3108820BFDEE7D920001037
:1028E0004815002000000B400C2A00202DE9F04381
:1028F00006460D4683B0EFF30584E4B23CB12D4BA0
:102900005A6AAA421CD2002003B0BDE8F0832A4FC5
:10291000D7F80C9097F80080484600F083F808F14B
:10292000040859F828301B1A301A65EB0101984247
:1029300071F1000110DB20BF1E4B5A6AAA42E2D39C
:1029400014BF012400249B6AB34234BF204644F0E4
:10295000010003B0BDE8F08300F06CF8864265EB3F
:102960000101002914DB154B3846CDE9003432460D
:102970002B46FFF73BFE011E0ADD0E4B5A6AAA42A8
:1029800016D39B6AB34211D30B48FFF793FEB6E709
:10299000084B5C6AAC42B6D3641B18BF01249B6A27
:1029A000B34234BF204644F00100ADE7AA42EBD168
:1029B00020BFE9E700000B4048150020D920001097
:1029C0000A4B10B4D0E900415A6A91420AD814BFA8
:1029D000012000209B6AA34228BF40F001005DF85F
:1029E000044B704700205DF8044B704700000B401B
:1029F00001460248C1E90023704700BFC129001009
:102A000010B4054B054C064AA04214BF1846581C8A
:102A10005DF8044BFEF782BF8424002000800B4049
:102A200064AE00100346416A0A46986A596A8A42AF
:102A3000FAD17047034B596A0A46986A596A91421B
:102A4000FAD1704700000B40074A536A9942FCD8FC
:102A5000994207D1044B02E05A6A914202D19A6A24
:102A60009042F9D8704700BF00000B4000EB400CCB
:102A70004FEA8C0C0CF1804C0CF5803CF0B51646FE
:102A8000DCF80420051FB2F5803F38BF4FF48032D8
:102A9000EDB238BFCCF80420012D2AD94FF40067DD
:102AA000254C0CF54052176054F82020B2B9DCF8E0
:102AB0000020012D82EA461202F0E0020CF5805659
:102AC00032602AD94FF4006144F820304FF480334B
:102AD0000CF500521160CCF80430F0BD6769B7FB0B
:102AE000F2FE0EF1010E0EEB4E0EBEF1030EFCD205
:102AF000DDE70129D2D103240CF540521460DCF843
:102B00000820D207FBD5DCF800200B4C82EA4612E5
:102B100002F0E0020CF5805632600122DCF8005031
:102B20004D4005F00305356002FA01F1DCF808209C
:102B30000A42FBD0C6E700BF88240020014B53F8AF
:102B4000200070478824002070B4039D04682D0382
:102B500045EA03451B4B002CB3FBF1F3B2FBF3F644
:102B60001FDB194A194B904214BF4FF480424FF4B7
:102B70000042174C1A6003F580531A60A36832EACA
:102B80000303FBD1212200F540530433016086602A
:102B90001A600268002AFCDA0822C5601A6070BC5C
:102BA0007047036803F03F038B42DAD18368C3F3B5
:102BB0000B03B342D5D1C36803F4EE23AB42D0D1AB
:102BC000EDE700BF001BB700008005400020024079
:102BD0000000024030B44FF080441C4B1C60E0B158
:102BE0001B4CA3F54053DC611A4C40F001004440FB
:102BF0001C62596298624FF080454FF0E061134BC0
:102C00001548164C1D60846019604AB930BC4FF0FD
:102C10000042A3F580531A607047114BD861EAE770
:102C20004FF47A7303FB02F2B2F1807F2ABF6FF098
:102C30007F4313461A464FF080410A4C08482360F0
:102C4000094B426030BC1960704700BF00B00D40B6
:102C5000D3C007B02D3FF84F00A00140F3FFFF01A4
:102C600000800D401C29002000A00D40012300EB36
:102C70004000800000F1804000F584104160036056
:102C8000704700BF002370B5DB8A04460D46002262
:102C900042E800F2520254BF1021042144F25220B3
:102CA000984786462B462246F446BDE870400A21E6
:102CB0004FF48170604700BF0023DB8A002242E8A6
:102CC00000F2520201D4102118470421184700BF16
:102CD00008B503460846191E02DB1AB140F0300061
:102CE000FFF7D0FF40F02000FAE700BF034AD2F818
:102CF0002838002BFBD0BFF35F8F704700000E40D9
:102D00000021044B044ABFF35F8F43F8041B934236
:102D1000F9D170470C080E402C080E4010B44FF447
:102D20008D704FF42A64064A064B07491460D06040
:102D300019605368002BFCDA5DF8044B704700BF44
:102D40000080044000A0044000B0FA00704700BFBB
:102D500008B50148FEF7CAFD88AE001038B5054C2D
:102D6000054DAC4204D254F8043B9847AC42FAD328
:102D700038BD00BF20AC001060AC001010B4074894
:102D8000074C084B084A094904601A608B6832EA0C
:102D90000303FBD15DF8044B704700BF00200240E5
:102DA0007F3BEFEF00300240F6FFF30300000240EC
:102DB000044BDB6CB3F5004F03D14FF48022024B80
:102DC000DA64704700001150002011504FF0E022EB
:102DD000044BD2F8881D0B43C2F8883D10EE300436
:102DE000704700BF030330006FF06041044B054A99
:102DF00019609368DB4333F06043FAD1704700BF3A
:102E0000003002400000024010B545F25320FFF7A9
:102E100053FFBDE8104003460420184710B545F2A3
:102E20005320FFF749FFBDE8104003460120184733
:102E3000FEF704BE10B5054B054C4FF488721846DA
:102E4000A16807F0CBFCA06010BD00BF000000200F
:102E500000ED00E0002370B52B4C82B0C4F8843044
:102E6000FFF75CFF0122294BDA63636C012BFCD175
:102E70000321264A244B11639C6B012CFCD10226B2
:102E8000052521460523224A22480096FFF75CFECD
:102E900021462B46204A21480095FFF755FE002287
:102EA000042031461E4BFFF7E1FD21462846002253
:102EB0001C4BFFF7DBFD0022082011461A4BFFF7E1
:102EC000D5FD002209201146174BFFF7CFFD002248
:102ED00006201146134BFFF7C9FD0022114B0720B6
:102EE0001146FFF7C3FD0420FFF728FE00240F4B17
:102EF000A3FB0035AD0CE0B229460134FFF7B6FE66
:102F0000062CF8D102B070BD000001400030014035
:102F1000002F685900000540008C8647008005405E
:102F2000001BB70080D1F008006CDC0283DE1B437D
:102F300086B003B451FC0804CDE9020151FC090438
:102F4000CDE9040151EC0A04CDE9060103BCF047C8
:102F5000BDE800504EEC00C4BDE800504EEC01C48A
:102F6000BDE800504EEC02C400BD000000B5FFF704
:102F7000DFFF02E010FE30F4F8D441EC100443EC23
:102F8000112400EE010410EE010480EE200451EC47
:102F90001004704700B5FFF7CBFF02E010FE30F4DD
:102FA000F8D441EC100443EC112400EE010410EEBF
:102FB000210480EE200451EC3004704700B5FFF787
:102FC000B7FF02E010FE30F4F8D410B541EC100465
:102FD00043EC112451EC040453EC0524A0FB024CF7
:102FE0005FF0000EE0FB03CEE1FB02CE4CEC204490
:102FF0000024E1FB03E444EC30E480EE200451ECD7
:103000005004BDE81040704700B5FFF791FF02E0A3
:1030100010FE30F4F8D441EC100443EC112451ECD0
:103020002104A0FB01126FEA820252FB100052FB46
:1030300012F252FB1000A0EBD07C53EC04245CFB9A
:1030400013F153EC1524A1FB022001FB030053EC08
:103050004424A2EB000050FB1CF24FEA111312EBC8
:10306000017043EBE27140EA515020EA915020F0A8
:10307000070053EC7524A0FB023C53EC752400FBC5
:1030800003CC01FB02CC53EC0424ACEB824C40EAB1
:103090005C70A0F1010041EC400480EE200451EC92
:1030A0007004704700B5FFF743FF02E010FE30F4F4
:1030B000F8D440EC700400EE010410EE210480EE20
:1030C000200451EC3004704700B5FFF731FF02E0F7
:1030D00010FE30F4F8D440EC600400EE010410EE71
:1030E000210480EE200451EC3004704700B5FFF756
:1030F0001FFF02E010FE30F4F8D441EC800400EE33
:10310000010410EE010480EE400410EE1304704739
:1031100000B5FFF70DFF02E010FE30F4F8D441ECEB
:10312000800400EE010410EE010480EE400410EE75
:103130003304704700B5FFF7FBFE02E010FE30F4E9
:10314000F8D441EC100443EC112400EE010410EE1D
:103150003004C0F30070704700B5FFF7E9FE02E0ED
:1031600010FE30F4F8D443EC102441EC110400EECE
:10317000010410EE30F48CBF01200020704700BF26
:1031800000B5FFF7D5FE02E010FE30F4F8D443ECB2
:10319000102441EC110400EE010410EE30F42CBFB9
:1031A00001200020704700BF00B5FFF7C1FE02E01C
:1031B00010FE30F4F8D441EC100443EC112400EE7E
:1031C000010410EE30F42CBF01200020704700BF36
:1031D00000B5FFF7ADFE02E010FE30F4F8D441EC8C
:1031E000100443EC112400EE010410EE30F48CBF07
:1031F00001200020704700BF10B5044606F032FFE2
:1032000028B10346034A2344934200D810BD024824
:10321000FEF76CFB0000082094AE001006F02ABFF9
:103220009A4238BF88547047704700BF2DE9F04F6D
:1032300083B09946DDE90DAB0F9B884611469A078E
:10324000074616D1DA453AD20C460D46ABEB0A06D4
:103250000E4422464B46414620200134B847B44232
:10326000F7D12946BAF1000F08D1204603B0BDE8D6
:10327000F08F0C46BAF1000F10D00E4655460C9B4D
:103280002E449A440191721B4B46013D41461AF867
:10329000010D3446B847002DF5D101990F9B9B07CE
:1032A000E3D5651AAB45E0D922464B46414620207E
:1032B0000135B8475D4504F10104F5D3D5E70C4667
:1032C000BAF1000FD9D1D0E72DE9F04F0F9FDDF80B
:1032D000248017F0020F0A9C9DF82CA00E9DDDE9BA
:1032E0000C9644D1F5BBB44241D207F0010B04F176
:1032F000FF3C4FF0300EC44404E00134A6420CF809
:1033000001EF01D9202CF8D1BBF1000F00F088802B
:10331000A5422CD904F1FF3C4FF0300EC44404E028
:103320000134AC420CF801EF21D0202CF8D117F079
:10333000100F0ED017F4806F54D1A64263D0A5426F
:1033400061D0B9F1100F50D0B9F1020F56D0202C36
:1033500029D12024CDE90B57CDE90984BDE8F04FF0
:10336000FFF764BF17F0010B34D1B442BFD317F09D
:10337000100F1ED017F4806FE3D1002CDDD1B9F10E
:10338000100F63D0B9F1020F77D0302488F80040D5
:103390000124BAF1000F11D17E0748D52B2608F879
:1033A00004600134D6E7264601344FF0300C08F8AB
:1033B00006C0202CCDD0BAF1000FEDD02D2608F894
:1033C00004600134CDE90B57CDE90984BDE8F04F25
:1033D000FFF72CBFBAF1000F30D0B44205F1FF3532
:1033E00085D395E7B9F1100FB3D1BE063BD5202C9C
:1033F000AFD0582608F804600134A8E7202CA8D0E4
:103400002646013407E0661EB9D0B9F1100F36D058
:10341000B9F1020FC9D14FF0620C08F806C096E767
:1034200017F0100FC5D017F4806F86D089E73E07DC
:1034300090D5202608F8046001348BE717F00C0FB4
:1034400000D0013DB442FFF452AF61E7BC0612D494
:10345000782488F80040302488F801400224BAF12A
:10346000000F99D0AAE7202C3FF473AF782608F814
:10347000046001346BE75824EBE76224E9E717F0B6
:10348000200FA4F1020C04D04FF0580E08F80CE005
:103490008BE74FF0780E08F80CE086E700B970472C
:1034A00001F052BB000000002DE9F04F97B09DEDF8
:1034B000207BDDE9225B0746884651EC170B249CF4
:1034C00099460C920B4602468DED047B0794FFF75C
:1034D00035FE002840F0F481DDE904014FF0FF32B1
:1034E0006FF48013FFF73CFE002840F01B81DDE9FC
:1034F00004014FF0FF32AC4BFFF76EFE002840F0A6
:10350000EE80DDE90401A4A3D3E90023FFF764FE04
:10351000002840F0D380DDE90401A1A3D3E9002312
:10352000FFF71EFE002840F0C980DDE904010022FB
:103530000023FFF715FE002840F0E88023460D9099
:1035400013F4806F08BF062530212B460EAAA5F183
:10355000200605E0013BB34202F8011B00F0938115
:10356000092BF7D81E46ED1ADDE90401FFF7C2FD6D
:103570008E4B044603EBC60393ED007B8DED087B79
:10358000FFF794FD02460B46DDE90401FFF706FD57
:10359000DDE90823FFF716FD02460B46CDE90A23B5
:1035A000FFF7BAFD8246FFF793FD02460B46DDE9C1
:1035B0000A01FFF7F3FC02460B46CDE90A2300227D
:1035C0007B4BFFF709FE002800F0FE800AF1010A9C
:1035D0005046FFF77DFD02460B46DDE90801FFF787
:1035E000D3FD10B14FF0000A0134002E00F0FD8031
:1035F000681E0EABDFF8CCC118440FE0ACFB0A210B
:10360000C90801EB8102AAEB42023032BAF1090F7C
:1036100000F8012F40F21C818A461D46202D05F13D
:10362000010306F1FF36E9D12025691E0EAB614882
:10363000194410E080FB0462C3EBA20303EB830296
:10364000A4EB420404F1300201351C4601F8012FBD
:10365000002B00F0EB80202D4FEAE473EAD1079BAA
:1036600003F00303012B18D1BBF1000F15D00D9B04
:10367000002B00F00A810BF1FF3BBBF1200F0CD9AE
:103680006B1E0EA930220B4405E001355D4503F8A1
:10369000012F80F0D180202DF7D1079B0EACCDE912
:1036A00002B341464B4638460C9A01950094FFF709
:1036B000BDFD8246504617B0BDE8F08F079B9DEDDB
:1036C000047BCDE923B341464B4638460C9A8DED39
:1036D000207B229517B0BDE8F04F00F045B9610797
:1036E00023464CBF042303234146219338464B46CF
:1036F000079A48BF304CCDE922B258BF2F4C0C9AE4
:10370000209417B0BDE8F04FFFF790BDDDE904232A
:1037100000200021FFF742FC0123CDE904010D93B5
:1037200023460DE723469C0740F0AA80BBF1040F17
:1037300040F2A6800C9B1D461C1F04EB0B0A2A4678
:103740004B46414620200135B847AA45F7D155469A
:103750001B4C261F14F8010D2A464B464146B8471C
:10376000B44205F10105F5D1079B0AF1040A980757
:10377000A0D50C9CAAEB04039B459BD952464B4613
:10378000414620200AF1010AB847AAEB04035B4531
:10379000F4D38FE7AFF300800000000065CDCD418A
:1037A0000000000065CDCDC1FFFFEF7F10B000101D
:1037B0000000E03F67666666E8AE0010F0AE0010FD
:1037C000FCAE0010CDCCCCCC0022DDE90A01634B6D
:1037D000FFF7C6FC00287FF408AFBAF1000F6AD1EA
:1037E0000AF1010A002E7FF403AF2046FFF75EFCCA
:1037F00002460B46DDE90401FFF7D0FB02460B460B
:10380000CDE904230022554BFFF7AAFC00287FF4E2
:103810000CAFDDE904010022504BFFF7DDFC00286E
:103820007FF403AF013424F00104FEE6079B03F0AC
:103830000303012B00F08280202D3FF42EAF0D9B5F
:103840007BB32D220DEB050383F83820013524E7E7
:10385000202B3FF4E9AE0EAA15441E44302204E0AA
:10386000202B05F8012F3FF4DFAE9E4203F1010348
:10387000F6D12E220DEB060383F83820751CD4E612
:10388000DDF830A063E720256EE6079B13F00C0FF0
:1038900050D00BF1FF3BAB453FF6F2AE202D3FF48D
:1038A000FCAE079B5A0701D52B22CBE71B077FF500
:1038B000F4AE2022C6E71AF0010F3FF496AE8FE770
:1038C000A60734D1BBF1030F31D90C9B1D46DC1E7A
:1038D00004EB0B0A2A464B46414620200135B847E7
:1038E0005545F7D155461E4CE61E14F8010D2A46E3
:1038F0004B464146B847A64205F10105F5D1079B65
:103900000AF1030A9D077FF5D5AE0C9CAAEB0403D0
:103910009B457FF6CFAE52464B46414620200AF1EA
:10392000010AB847AAEB04039B45F4D8C2E6DDF8C8
:1039300030A0D7E7AB453FF6A3AEAEE6BBF1000F34
:103940003FF47AAF0D9B002B9FD00BF1FF3B5D4501
:10395000FFF496AE202D7FF474AF9EE60000E03FAA
:10396000F7AE0010000000002DE9F04F9FB02A9E36
:10397000DDE92845074693460891099322462B46E0
:10398000204629460E96DDE92BA6FFF7D7FB002837
:1039900040F0BE80204629464FF0FF32784BFFF7BB
:1039A0001BFC002840F0B480204629464FF0FF322F
:1039B0006FF48013FFF7D4FB002840F0A980204665
:1039C000294600220023FFF7CBFB002840F0D581D9
:1039D000CDE90A45DDE90A239046994606F40062DE
:1039E00016F480630F92139340F0A18058EA090304
:1039F00040F0CA80002A40F0E38106230E9316F0BF
:103A00000202109240F0D4815346042B38BF0423A5
:103A10000C920422043B12920F9320462946002266
:103A20000023FFF79DFB002840F0F3819DED0A7B0A
:103A30000F9B5A4603930E9B8DED007B029326F459
:103A4000006304933846099B0899FFF72DFD024651
:103A500016F0200F099B08990CBF6520452002F144
:103A60000108B8470C9A129B16AC5D1E82EAE273FD
:103A7000A3EBE273D10F002622469946DFF804C17A
:103A800001E0202E10D0CE46ACFB0930C00800EB80
:103A90008003A9EB43033033BEF1090F814606F1E1
:103AA000010602F8013BECD80523002006930A2307
:103AB00005950094099D089C4246CDE90330CDE967
:103AC00001612B4621463846FFF7FEFB109A8046DF
:103AD000D2B1A0EB0B06B24516D90BEB06022B4672
:103AE000214620200136B847B245F6D80BF1FF3306
:103AF0005344CBF10102A3EB08034244924538BF83
:103B0000002308F10108984440461FB0BDE8F08F3B
:103B10005A463846CDE92845CDE92BA60E9C099B8F
:103B200008992A941FB0BDE8F04FFFF7BDBC58EAD2
:103B300009032BD1002A3FF462AF00230C930E9BA4
:103B40000C9A934200F3B9814FF0000820462946B1
:103B500000220023FFF704FB002840F013819DEDB5
:103B60000A7B26F4006646F480668DED287B5A4673
:103B70003846CDE92A8A099B08992C96D2E700BFDE
:103B8000FFFFEF7FCDCCCCCC06230E93C9F30A50B8
:103B9000A0F2FF30FFF78AFAC1A3D3E90023FFF7B1
:103BA00011FAC1A3D3E90023FFF7E4F9C9F313091C
:103BB000CDE90C0149F07F5140460022B24B41F45F
:103BC0004011FFF7EBF9A4A3D3E90023FFF7FAF9BB
:103BD00002460B46DDE90C01FFF7CCF9FFF78AFA44
:103BE0000C90FFF763FA9EA3D3E900238046894631
:103BF000FFF7E8F90022A54BFFF7BCF9FFF77AFAC7
:103C0000034649464046129397A3D3E90023FFF7A2
:103C1000D9F9804612988946FFF748FA94A3D3E968
:103C20000023FFF7CFF902460B4640464946FFF70F
:103C3000B5F902460B4680468946FFF7C3F942466E
:103C40004B46CDE9100140464946FFF793F9002263
:103C5000CDE91401DDE910018D4BFFF7D9F9002200
:103C60008C4BFFF787F902460B46DDE91001FFF7A1
:103C7000CFF90022884BFFF77DF902460B46DDE9BC
:103C80001001FFF7C5F942464B46804689460020A1
:103C90004FF08041FFF782F902460B464046494605
:103CA000FFF768F902460B46DDE91401FFF7B0F9AA
:103CB00000227A4BFFF75EF9129B002203F2FF3CD1
:103CC0004FEA0C53FFF77EF980468946DDE90A0189
:103CD00042464B46FFF744FA50B10C9B4046013B2D
:103CE00049460C9300226B4BFFF792F980468946B8
:103CF0000C9A43466332C62A06F0020210924946E5
:103D00000F9A2CD8002A5ED0042212920B433FF463
:103D100016AFDDE90A0158A3D3E90023FFF748FAFB
:103D200048B1DDE90A0156A3D3E90023FFF718FAE9
:103D300000287FF404AF0E9B002B50D0139A002A6A
:103D40007DD0013B0E93129B9A4505D9109B002B09
:103D500000F0AE800223109300230F9344E022BBB7
:103D6000BAF1050F4FD906F00203002B49D1052304
:103D70001293AAF105030F933AE005F100430A9468
:103D80000B9327E626F4006646F4806638462C96A8
:103D9000DDE90A67344607F100455A46CDE92A8A2B
:103DA000CDE92845099B0899BCE605221292ADE7AA
:103DB00000230222CDE90F3204220C9312922CE64A
:103DC0004FF00508C2E6BAF1040F1FD9109B002B73
:103DD00078D104231293AAF104030F9304E0129BF9
:103DE0009A4531D80E9B0F930C9B002B3FF415AED8
:103DF000DDE90A0142464B46FFF70AF9CDE90A011F
:103E00000BE60223109305231293F1E70423129388
:103E1000EAE7DDE90A45A0460F9B05F10049039357
:103E20000E9B5A46029326F4006304933846CDE96C
:103E30000089099B0899FFF737FB024608E6129BA9
:103E40009A4544D80F92CFE7109B8BB30E9B0F93EC
:103E500002231093C8E700BF61436F63A787D23F77
:103E600071A379094F930A401655B5BBB16B024057
:103E7000EF39FAFE422EE63F2D431CEBE2361A3FA5
:103E80000000000080842E410000F83F0000E03F69
:103E900000002C4000002440000018400000F03FCB
:103EA000FB799F501344D33FB3C8608B288AC63F29
:103EB000129BAAEB03030F9396E7A3EB020808F10A
:103EC000FF3843E604231293022310938CE7109BE0
:103ED000002BEDD002230F92109385E72DE9F04FD0
:103EE0009BB0249C954D0A94954CB1F1000A18BFE3
:103EF000834625601878934C914608BFA3460993E2
:103F0000002800F093824FF000080AE042464B463A
:103F1000514608F10108D847099B1878002800F09D
:103F2000CE80099B252803F101030993EED11C469D
:103F30000023224612F8010BA0F1200110290AD813
:103F4000DFE801F04009093C0909090909090938B4
:103F5000093409093000A0F130010929099440F21F
:103F60008A802A2800F0F08000252E2800F0968014
:103F70000026A0F1680112292DD8DFE811F04901CF
:103F80002C0043012C0038012C002C002C002C00AC
:103F90002C002C002C0027002C002C002C002C00C6
:103FA0002C002700144643F00103C2E7144643F0F7
:103FB0000203BEE7144643F00403BAE7144643F095
:103FC0001003B6E7144643F00803B2E709994878AE
:103FD00043F480730132672809927ED8242840F286
:103FE000C180A0F12502422A00F2BC80DFE812F075
:103FF0005001BA00BA00BA00BA00BA00BA00BA005A
:10400000BA00BA00BA00BA00BA00BA00BA00BA00E0
:10401000BA00BA00BA00BA00BA00BA00BA00BA00D0
:10402000BA00BA00BA00BA00BA00BA00BA00BA00C0
:10403000190137011901BA00BA00BA00BA00BA0072
:10404000BA00BA00BA00BA00BA00BA00BA00BA00A0
:10405000BA00BA00BA00BC01BA00BA00BA00BA008D
:10406000BA00BA00BA00BA00BA00BC015801BC01DB
:10407000190137011901002500E0013205EB850522
:1040800000EB45051078303DA0F130010929F4D945
:104090002E28099202F101027FF46AAF099943F4D4
:1040A000806348781146A0F13006092E40F2218144
:1040B0002A2800F02F8109920026013259E7444650
:1040C000C14501D809F1FF384B4642465146002010
:1040D000D84720461BB0BDE8F08FA0F16902D2B2EC
:1040E0000F2A3FD8012149F241079140394040F061
:1040F000F3800A2A3DD0072A34D10A9D55F8042BB3
:10410000002A00F0138143F0210012AB1F460B93ED
:1041100003E0202900F014811A4602F00F04234620
:10412000092C94BF303337330F2A07F8013B01F1D4
:1041300001014FEA1213ECD802E100BFDD3E00108E
:1041400014290020293200100A99099851F8045BBB
:104150004078002DCDE90921BCBF43F002036D4238
:10416000013202E742464B46514608F10108D84762
:10417000D2E60A99002E51F8047B18BF32463878EF
:1041800008BF4FF0FF32002800F07B83BC18A44624
:104190003A4604E012F8014F002C00F03F819445AC
:1041A000F8D16446E41B5A0540F12281B44228BF8D
:1041B000344613F0020300F088820223CDE90A514D
:1041C00042461D46464408E04B465146D84717F83C
:1041D000010F08F1010810B142464645F4D12B46C3
:1041E0000B990A9D002B40F041810A9194E60999B0
:1041F00048786C287FF4ECAE0A46887843F4407324
:104200000332E8E6099943F4007348780132E2E6A4
:1042100009994878682800F0038143F0800301324F
:10422000D9E6672800F0D980472800F0DC804528CF
:1042300000F0DB80CDE903530A9B0296073323F09D
:1042400007031C464246F4E802674B46514658466F
:10425000CDE900670A94FFF787FB80465CE64628B5
:1042600008BF43F02003CDE903530A9B02960733AE
:1042700023F007031C464246F4E802674B465146CA
:104280005846CDE900670A94FFF70EF9804643E6E9
:1042900042464B465146252008F10108D8473BE6E7
:1042A0000A9A990702F1040408F1010640F1C68058
:1042B00010784B4642465146D847012D88BFA84446
:1042C00040F2BD8132464B46514620200136D84748
:1042D0004645F7D10A941FE66F2800F0818040F22E
:1042E0004882782800F090810A2723F01003BC460A
:1042F00041E0002606EB860600EB4600A0F1300602
:1043000011F8010FA0F13002092AF3D90A460991E8
:1043100001322EE6DDE9092151F8046B9078023272
:1043200009920A91013226EAE67622E623F010008D
:1043300013F4806240F021003FF4E7AE12AB0B9320
:104340000B9B069000930823102005930023424600
:10435000CDE9023001914B46514658460496FEF78E
:10436000B3FF0A958046D7E5582862D0622840F00E
:104370008F800227BC4613F4806000F0DD8023F0BC
:104380000D0313F4007240F081810A990F1D13F49C
:10439000807140F037825C060A9A40F13B811278C6
:1043A000002A40F04E8123F01003002800F04981DC
:1043B000114612AA0B92CDE90553CDE903C601912E
:1043C0000B9B4246009300235146029358464B46AE
:1043D000FEF77AFF0A9780469EE543F4006329E7DB
:1043E0000827BC46C7E743F4006343F0200321E7F6
:1043F00013F0020300F08E8102230A951E460D463B
:1044000042464B465146D84717F8010F08F10108BC
:104410000028F5D1294633460A9DE3E6D41BC2E6BF
:104420000A46887843F0C0030332D4E50446804648
:1044300046E6102743F02003BC469CE7012D40F2DE
:10444000F880464608F1FF372F4432464B46514626
:1044500020200136D847BE42F7D10A9B3246187851
:1044600051464B46D847A8440A9455E54646A542CE
:104470007FF6BBAEA844A8EB04080C4632464B4678
:10448000514620200136D8474645F7D12146ACE6B3
:1044900013F4806200F0BB804FF4806223F0110CB3
:1044A0001CF400770A9B4AD11CF4807003F10404C9
:1044B00040F034811CF0400F40F0A3801CF0800FCE
:1044C00000F0D381B3F9001081EAE177A7EBE1773F
:1044D000BFB2CB0F002900F056813A4612A90F4611
:1044E000DFF8D8E30B910A930C9501E020280FD058
:1044F0001546AEFB0213DB0803EB8301A2EB41017F
:104500003031092D1A4600F1010007F8011BEDD8E2
:104510000A9B0C9DCDE9055CCDE9010304960B9B3C
:10452000424600930A235146039358464B46FEF7F2
:10453000CBFE0A948046EFE423F00C0321E7073317
:1045400023F00703194608465B6850F8081BDF0F85
:104550000A9051EA030062D1002A40F09F8113467D
:10456000114612AACDE90C7500201546CDE90E685A
:10457000DFF848E30B9201E020282DD05A1842F1D1
:104580000002AEFB027828F0030707EB9807D21B66
:104590001E469B1A61F100070C464FF0CC3101FB1F
:1045A00003F10EFB0711A3FB0E731944052307F05B
:1045B0000108A8FB03389B180A2E03F130034FEAC9
:1045C000570774F1000405F8013B00F1010047EAC8
:1045D000C1734FEA5101CFD2DDE90C75DDE90E68F8
:1045E0000B9B424600930A23CDE9055CCDE9010708
:1045F000049603934B4651465846FEF765FE8046A7
:104600008AE419780F4664E71027BC46B3E623F026
:10461000100C45E71C064CBF12881268C0E60A461B
:10462000191E01DB13469CE75242134661EB410120
:1046300097E713465146187842464B46D847B0464E
:1046400048E613F0200F14BF4120612012ACA646AB
:104650000B940A93A0F10A040C9502E0202912D0D1
:104660002A46B2FBFCF50CFB1520C3B2092803F166
:1046700030008ABF1B19C3B2DBB262450EF8013BA2
:1046800001F10101EAD20A9B0C9D94E60A9A0732D5
:1046900022F00702516852F8084B8E460A9254EAFB
:1046A000010276D123F01003002872D000221146B7
:1046B00012AA0B92CDE905530B9B424600930023AF
:1046C000CDE903C60191029394E7A54298BF013456
:1046D0007FF674AD4FF48063CDE90A7505EB0802EF
:1046E0001F460D46141B42464B465146202008F1FA
:1046F0000108D847A045F6D13B460A9F294638789D
:104700000B9D6C1C00283FF470AD002B3FF475AE80
:10471000002353E5A542DFD801346EE61968CB0FBC
:10472000002900F0A88081EAE172A2EBE17212A9EF
:104730000846DFF888E10B910A930C9501E0202FE1
:104740000FD01546AEFB0213DB0803EB8301A2EB8F
:1047500041013031092D1A4607F1010700F8011B0C
:10476000EDD80A9B0C9DCDE9055CCDE9017304965B
:10477000D5E6692823F0100C40F08C8013F4806299
:104780003FF48EAE88E6002A3FF4A8AE12AA0B9240
:10479000C0E613F0200F14BF41226122002012A9AD
:1047A0000A3ACDE90E68CDE90C35CDF844B006469D
:1047B0008846754693460B91CDF840C003E0202E05
:1047C00017D004460D4629463A460023204606F0F7
:1047D00007FAD2B2092A02F1300388BF02EB0B03B9
:1047E000BC42DBB275F1000508F8013B06F1010699
:1047F000E5D23146DDE90C35DDE910CBDDF83C8052
:104800000E9E57E70A99096851B923F0100338B191
:1048100012A90B91CDE90553CDE903C60192CFE56D
:1048200013F0200F14BF4120612012ACA6460B9458
:104830000A93A0F10A040C9502E0202A12D029461E
:10484000B1FBFCF50CFB1510C3B2092803F13000D5
:104850008ABF1B19C3B2DBB261450EF8013B02F1FE
:104860000102EAD20A9B0C9DD4E7196881EAE1773C
:10487000A7EBE1772DE6002A3FF459AF12AA0B927D
:1048800071E713F480640DD013F0020412D00446D3
:104890004646ECE50A276346BC466CE512AB0020B1
:1048A0000B939DE613F002037FF4E0AD002D7FF43F
:1048B00013AF9AE4002D7FF40DAF96E4CDCCCCCCB1
:1048C00084460CB410B584B006AC54F8043B0A46D8
:1048D0000094614604480394FFF700FB04B0BDE870
:1048E000104002B0704700BF2132001010B5094BD4
:1048F00084B01C684CB1034600914FF0FF3203A90D
:104900000548A047012004B010BD00F05FF9204623
:1049100004B010BD142900209D34001000BEFDE736
:10492000074A0346106838B1064903448B428CBFDE
:104930004FF0FF3013607047034908461160F3E7FA
:104940001025002000000820082B002008B5FFF7E4
:10495000E5FF00BF38B5064C064DFEF7FFF9AC4247
:1049600004D254F8043B9847AC42FAD338BD00BF98
:1049700060AC00106CAC0010036808461146184784
:104980002DE9F0411546427D07468846002A46D06B
:10499000002D1DDD0B780A2B23D0012D4FF0000CCC
:1049A00018D04646012416F8012F21460A2A04F1A0
:1049B000010422D0A542F6D165450BDC08EB0503C6
:1049C00013F8013CA3F10D03B3FA83F35B093B75C4
:1049D000BDE8F0813B68A5EB0C0108EB0C009847A3
:1049E000ECE7037D002BD8D1036802210F489847DC
:1049F000012DE3D04FF0010CD3E716F8013C0D2B4D
:104A0000D8D08C4508EB0C00A1EB0C0101DA3B6817
:104A10009847022105483B689847A446CAE72946BB
:104A200040463B68BDE8F041184700BF60B0001049
:104A30002DE9F04782B00D4691461C460646FDF72B
:104A4000F9FF4FF0FF3C6FF000472E4A821841F10A
:104A50000003944577EB03013CBF62463B462A487E
:104A600006F0CEF86B1C804640D00CB3274F284B85
:104A70001C68B4B1B9F1000F1CD1DFF89C9001E0C3
:104A8000246974B12368002BFAD0D9F800300BB137
:104A90009C42F5D120462A463146B8472469002C6D
:104AA000F0D1B8F1000F26D1284602B0BDE8F0875A
:104AB000184FDCE74FF00A0ADFF85C9002E0246947
:104AC000002CEED02368002BF9D0D9F800300BB1C0
:104AD000A342F4D12A4631462046B8470122204657
:104AE0000DF107018DF807A0B847E8E7304605F05B
:104AF000EBFE0546B9E7044806F076F8284602B012
:104B0000BDE8F08740420F00001B002081490010E3
:104B1000F8240020794900100C250020084A136869
:104B200023B90AE003F110021B6933B18342F9D1C2
:104B300029B9186910601961704701B11060704798
:104B4000F824002000F06EBAF0B583B006468DF868
:104B50000700FDF76FFF4FF0FF356FF00044174A75
:104B6000821841F10003954274EB03013CBF2346D8
:104B70002A46134806F044F8124B07461C689CB1BD
:104B8000114D01E024697CB12368002BFAD02B6819
:104B90000BB19C42F6D1204601220DF10701FFF72F
:104BA000EFFE2469002CEFD117B9304603B0F0BDF9
:104BB000034806F019F8304603B0F0BD40420F003C
:104BC000001B0020F82400200C25002038B50446E6
:104BD00005F07AFE012305461A4620462946FFF7CE
:104BE00027FF084B1C682CB163682BB198472469D8
:104BF000002CF9D1284638BD2469002CF4D1284670
:104C000038BD00BFF8240020704700BF0022014BD0
:104C10001A707047042B00204B79FF2B0BD1887939
:104C200048B9CB79012B07D1082A05D9034B8A78DB
:104C300009201A7070470020704700BF042B002025
:104C400001207047012901D00120704708B5104BA1
:104C500091881B78994201D0002008BD5378012B20
:104C600008D0022BF8D1002164220846FDF7B2FFDC
:104C7000012008BD5188CB0548BF480AC1F3402236
:104C800058BF4FF0FF3001F07F01FEF721F800BF61
:104C9000042B0020004870472CB10010012907D1D7
:104CA0005378012B02D19388072B03D00020704743
:104CB000012070471146A623014A01F039BA00BF0E
:104CC00084B000100346012201481A70704700BFEB
:104CD00064B0001008B50B68B3F5966F00D008BD3E
:104CE00000224FF0FF301146FDF7F2FF024A034B5E
:104CF00010601960704700BF782400207C240020D9
:104D0000184B70B51A68002A28D0EFF3108172B6DC
:104D1000D2E8CF4F0120002CFAD1C2E8440F002C7A
:104D2000F6D1BFF35F8F00220F4C186859602270D4
:104D3000C0E88F2F81F31088002400250B4E3078B7
:104D4000FCF7BEFE20B9002400252046294670BD90
:104D50003078FCF7C5FE2046294670BD4FF47A74C2
:104D60000025EBE73C290020062B0020052B002026
:104D7000014B1878FCF7B4BE052B002038B504466B
:104D800000200D4601F004FBA8B3002001F016FB43
:104D900088B3FDF74FFE4FF0FF3E6FF0004C174A0F
:104DA000821841F1000396457CEB03013CBF72463B
:104DB0006346134805F024FFE8B1002001F0E8FA4B
:104DC00058B900214FF0FF3000F00AFD6FF00204E7
:104DD0000B4805F009FF204638BD002001F0EEFA2F
:104DE0000028EED021462A46002001F0F1FA0446C0
:104DF0000028EDD1EAE76FF00204ECE740420F0033
:104E0000102A002008B5FDF715FE4FF0FF3E6FF0A9
:104E1000004C0F4A821841F1000396457CEB0301D8
:104E20003CBF724663460B4805F0EAFE70B14FF096
:104E3000FF30002100F0D4FC002001F011FB00281D
:104E4000F5D1BDE80840034805F0CEBE08BD00BF5F
:104E500040420F00102A00202DE9F84380460F46FB
:104E6000FDF7E8FD4FF0FF356FF00044334A82183C
:104E700041F10003954274EB03013CBF2A462346EF
:104E80002F4805F0BDFE08B9BDE8F883002001F009
:104E90007FFA002847D0002F40DD0025DFF8A890DA
:104EA000284E13E02246002001F020FB002104469A
:104EB0004FF0FF3000F094FC002001F0D1FAFDF734
:104EC000B9FDC9E900012544AF4227DD002001F00A
:104ED0002DFB7C1B8442A8BF044608EB0501002C77
:104EE000E0D121464FF0FF3000F07AFC204601F07F
:104EF000B7FA204601F04CFA80B1204601F016FBCB
:104F00000028E1D1FDF796FDD9F80030D9F804204A
:104F10009B1942F1000283428A41D5D20848BDE87C
:104F2000F84305F061BE00200021074BC3E90001F2
:104F3000BDE8F843024805F057BE00BF40420F00ED
:104F4000102A002020A10700881C002030B5002175
:104F500085B02E4805F060FEF0B92D4B1A68CAB135
:104F6000EFF3108172B6D2E8CF5F0124002DFAD1A1
:104F7000C2E8454F002DF6D1BFF35F8F254C1D6869
:104F800022785960D3B201222270C5E88F0F81F3D5
:104F90001088CBB105B030BD00214FF0FF3000F0DC
:104FA0001FFC002001F00AFA0446184805F01CFE18
:104FB000002CEFD0184B1B68002BEBD0174A106861
:104FC00005B0BDE830401847FDF79EFA0446FDF7EE
:104FD00031FD4FF0FF3C6FF0004510F57A7241F162
:104FE0000003944575EB030138BF2B464FF00001D9
:104FF0004FF0010520460A4C38BF6246CDE9011545
:105000000094FDF785FA05B030BD00BF102A0020DE
:105010003C290020062B0020782400207C2400203E
:10502000014D00104FF0504330B585B01C68FDF7BE
:105030006BFAFDF77FFBA04202D0002005B030BD27
:1050400000212A4B08461B7801F038FD28480368E8
:10505000002B47D00120FCF7DBFF0346254C2649F7
:10506000C0B22370FCF758FD20780121FCF712FD37
:105070000E20FCF741FD40BB204B0125C3E9000099
:10508000FDF742FA0446FDF7D5FC4FF0FF3E6FF006
:10509000004C10F57A7241F1000396457CEB030158
:1050A0004FF000012046164C3CBF72466346CDE9E6
:1050B00001150094FDF72CFA0028BEDB01211148F0
:1050C000FFF72CFD012005B030BD0120FCF79EFC50
:1050D00001460A48FCF7F8FF00220E200A49FCF7B7
:1050E0004BFDEBE7FCF7D4FFB4E700BF58B200106C
:1050F000102A0020052B00204D4F00103C290020D5
:10510000014D001060150020714D001000487047DF
:10511000C8B100100048704774B1001038B5184B82
:1051200004461A780AB344B940F209424FF4417375
:10513000144D6A8013482B8038BD052C1DD8124BA6
:10514000104D53F8241028460023013903E0132B97
:1051500020F8022F0ED011F8012F0133DBB2002A04
:10516000F5D15B0043F44073E4E71121184600F0E9
:1051700025F8D8E74FF44A73DCE7002038BD00BFBC
:105180001C2A0020D02400205CB1001000B545F29C
:1051900047308BB0FDF790FD01220346092101A89D
:1051A0009847DDE90332044912BA1BBAC1E900236A
:1051B0000BB05DF804FB00BFFC290020012901F1C0
:1051C000FF3300F0B3805D490A784FEA121C9F2A32
:1051D0008CBF0CF1370C0CF1300C012B80F800C0A7
:1051E00000F0A78002F00F02092A8CBF373230325C
:1051F000022B427000F09D804A784FEA121C9F2AD1
:105200008CBF0CF1370C0CF1300C032B80F802C072
:1052100000F08F8002F00F02092A8CBF3732303243
:10522000042BC27000F085808A784FEA121C9F2AF6
:105230008CBF0CF1370C0CF1300C052B80F804C03E
:1052400077D002F00F02092A8CBF37323032062B9A
:1052500042716ED0CA784FEA121C9F2A8CBF0CF1A3
:10526000370C0CF1300C072B80F806C061D002F02F
:105270000F02092A8CBF37323032082BC27158D046
:105280000A794FEA121C9F2A8CBF0CF1370C0CF1E3
:10529000300C092B80F808C04BD002F00F02092A0D
:1052A0008CBF373230320A2B427242D04A794FEAF1
:1052B000121C9F2A8CBF0CF1370C0CF1300C0B2BFD
:1052C00080F80AC035D002F00F02092A8CBF3732AD
:1052D00030320C2BC2722CD08A794FEA121C9F2AD2
:1052E0008CBF0CF1370C0CF1300C0D2B80F80CC07E
:1052F0001FD002F00F02092A8CBF373230320E2B3A
:10530000427316D0CA7911099F2A8CBF37313031C8
:105310000F2B81730DD002F00F02092A94BF303297
:105320003732102BC27318BF103002D00023037025
:105330007047184400230370704700BFFC29002009
:1053400070B500F02DF90C234026194CFF22A367FD
:105350000E201849FCF710FC32460021164805F0D3
:1053600059F90125002380211348144A41844570CE
:105370000683068782604360136042F8043C80F82D
:10538000213080F83B3043620D4B4FF00056C36034
:10539000C362803B836205F037FC4FF480320949D9
:1053A000094B25642846E664C4F89010DA6470BDA1
:1053B000000011509D03002014250020840010508F
:1053C0000001105010D001000020115001210E20CA
:1053D000FCF760BB00220248114600F001B900BF93
:1053E00034250020044B197021B14FF40032034BD7
:1053F000C3F89020704700BFFF2A00200020115002
:105400000B785B0602D14B78052B00D070474B8898
:10541000014ADBB21360704700001150CB782DE9D0
:10542000F04103F0030EBEF1010FC3F301005BD0A6
:10543000002791F802C0344C0CF07F025600898896
:1054400006EBDC1304EB43134FEADC15D876C1F30B
:105450000A0185F0010083F802C019835870DF70DB
:10546000D3008DBB2948043304EB821C03EB0008F6
:10547000CCF808801F5082B3254BD2001344CCF8DF
:105480000430244B3F311A6821F03F01BEF1020F76
:1054900008BF4900114419601F4B771904EB4717E7
:1054A0009942FA602BD82E4404EB4613D97E82F041
:1054B000A04282F480125B6842EA816242F00042BC
:1054C0001A600120BDE8F081104804EB821C0344FF
:1054D000CCF8283040F832704AB900220F4904EB6A
:1054E0004513D9605A60ECE70020BDE8F081D20096
:1054F00002F1A04202F58012CCF82420C1E7FDF7AA
:1055000027FCFA68CFE700BF142500208000105068
:105510000400105020290020FF0F105000011050EF
:1055200005F072BB8C4608B5114607481A460CF0C8
:105530007F034FEADC1C0CEB430C00EB4C1000F03B
:105540004FF8012008BD00BF1425002011F07F0294
:1055500005D100290CBF02200120064B9866C9091D
:10556000054B01EB420003EB40104FF400620021B9
:1055700005F042BB002011501425002011F07F03DC
:1055800000D17047002205485B0003EBD11300EB0C
:1055900043106FF40061C27005F02EBB142500208B
:1055A0004FF0805209480A4908B50A4B02600A6068
:1055B0009968C94311F08051FAD14FF480520648DE
:1055C00005F028F80922054B5A6708BD0020024063
:1055D0000030024000000240000010500000115056
:1055E00000234FF0010C10B580F81AC08282C382EC
:1055F0000161044605F00CFB20B14FF40032074B6B
:10560000C3F89020204605F0F3FA10B10123237768
:1056100010BD2046BDE8104005F0DABA0020115058
:105620002DE9F04100241D4E054623463278DFF86F
:1056300078801B4F0DE03B6813EB441324D0DB68EC
:105640002846984732780134E4B2511CA1422346DF
:1056500006DBA242A3EB0203EDD808EB4313EEE70F
:10566000542200210F4804F0D5FF4FF0FF330D48BE
:105670002022041D4360C4E90133E360FF21BDE83B
:10568000F041143004F0C6BF4FF0E023D3F8F03DF2
:10569000DB0700D500BEBDE8F08100BFFE2A002078
:1056A000B81E002088200020DCB10010704700BF29
:1056B000704700BF0020704700207047704700BF50
:1056C000704700BF704700BF704700BF024B58785B
:1056D000003818BF0120704788200020024B18783E
:1056E000C0F38000704700BF882000202DE9F047FC
:1056F000DFF8E4A09AF80030FF2B56D10E460029BF
:105700003ED0002154220746294804F083FF00229E
:10571000284C294B20461A70FCF7BAFC274B284826
:105720001C60284CFCF7C2FC204601F0ABFD264A69
:10573000264B146023B12648FFF7C4FA254B1860A6
:105740000024234D23462A78DFF89090DFF88480E8
:105750000EE0D8F8003013EB441311D05B687BB136
:1057600098472A780134E4B2511CA142234611DB48
:10577000A242EED89B1A09EB43135B68002BEFD1D2
:105780004FF0E023D3F8F03DDB0700D500BE00204A
:10579000BDE8F087314638468AF80070FFF7D0FD43
:1057A0000028EDD03846FFF711FE0120BDE8F08754
:1057B0008820002080200020002B0020DC200020FA
:1057C0008C15002078150020E0200020C54C00102A
:1057D000FE2A0020B81E002094150020DCB1001025
:1057E0002DE9F04FDFF8C8928BB099F80030FF2B0D
:1057F00000F0F180A84CA94DDFF8B0A2DFF8B4B2F8
:1058000026687369EFF3108272B6D3E8CF0F0121D7
:105810000028FAD1C3E8401F0028F6D1BFF35F8FFC
:10582000B261304607A901F077FB00237269C2E834
:105830008F3FB36983F31088002800F0CC809DF877
:105840001D30013B072B00F27D83DFE803F0A7B199
:10585000959D8E350A04089B002BD1D00998984756
:10586000CEE79DF8201001F07F0605EB460000EB27
:10587000D11090F8343023F0010380F8343090F8E0
:10588000343023F0040380F83430002E00F0A6807A
:10589000037D9AF80020934280F09380804A12683A
:1058A00012EB431300F090809E699DF82120099B24
:1058B0009DF81C00B047A3E79BF80030002B00F0D8
:1058C00083809BF80030013BDBB28BF800309BF803
:1058D000003003F0FF00002B92D1704F9DF81C8028
:1058E0003B7843F001033B7097F8343060F30003DA
:1058F00087F8343097F8343060F3820387F8343017
:1059000097F8353060F3000387F8353097F8353075
:1059100060F3820387F8353000F06CFC9DF820308E
:1059200003F06002602A6CD0402A7CD003F01F0391
:10593000012B00F0C180022B00F08180002B60D190
:10594000202A00F0E981002A5BD19DF82130092B43
:1059500057D8DFE813F0B001A2015600C10156008C
:1059600095016B0156006001F4002B78D9077FF593
:1059700047AFFFF7A9FE43E7EB78DA077FF540AFC3
:105980000898FFF795FE3BE72B78D8077FF538AFEF
:105990002878C0F3C000FFF795FE31E79DF81C00A2
:1059A000FFF73EFE00F01CFC9DF82030AB7027E7AF
:1059B0009DF81C00FFF734FE00F012FCFFF780FE9C
:1059C0001EE7501C984211DA4FF0E023D3F8F03D67
:1059D000DC0700D500BE0BB0BDE8F08F099B9DF839
:1059E00021209DF81C0000F019FC09E79B1A2D4AA4
:1059F00002EB431358E7FFF78DFB0246002840F007
:105A000082814FF0E023D3F8F03DDE0700D500BEE1
:105A10009DF81C000021FFF799FD80219DF81C00D6
:105A2000FFF794FDECE6204800F0E4FB012140463E
:105A300008AAFFF733F900287FF4E2AEE8E79DF803
:105A4000241011F0700FDCD101F07F0607EB460047
:105A5000164B00EBD1101B78007D76000196984222
:105A60004FEAD116009659D35E1C8642C0F2668179
:105A7000C01A0C4B03EB4016002A00F063817069DA
:105A800000F0B8FB01214046736908AA9847002836
:105A90007FF4B6AEBCE700BFE020002088200020E5
:105AA000B81E0020DCB100109D4C0010FE2A002022
:105AB00094150020002B00209DF824300F2BA7D830
:105AC000AE4A3B441B791278934232D3511C99421F
:105AD0009EDBAB4E9B1A06EB4316706900F08AFB07
:105AE00001214046736908AA984700287FF488AED0
:105AF0009DF8203013F060068AD19DF821300A3BD2
:105B0000012B85D800F076FB9DF821300A2B00F0A0
:105B1000F281404608A900F0F1FA71E6994B1B6842
:105B200003EB4016002A00F00D81002E3FF470AF09
:105B3000A5E7944A166816EB4316CED168E77B7842
:105B40009DF822609E4200F04F817B78002B40F050
:105B5000BE817E70002E00F04581701EC0B2FFF73E
:105B6000D9FA0346002800F05F814278022A40F00B
:105B70005B81C17903F10906C1F340121201C1F33F
:105B8000801142EA41123146387820F03000024359
:105B90003A705A88CDF80C809A180192019B8B427A
:105BA00040F2A4814A780B2A00F0AF810123042A35
:105BB00040F03A810026019A0096521A92B202925F
:105BC0006E4A049312781DE06E4B1B6813EB461867
:105BD00000F02A81029AD8F810300398059198476E
:105BE00008280246059906F1010303D9029890425C
:105BF00080F0FF80DEB2614B00961A78531C9E4203
:105C000000F31281009BB242A3EB0202DCD85C4B92
:105C100003EB4218DEE77B7840468DF81A300DF131
:105C20001A02012308A900F083FAE9E5BDF8220071
:105C3000030A013B020AC0B20E2B3FF6E9AE01A1F6
:105C400051F823F0595E0010F55C0010955E0010CD
:105C5000115A0010115A0010775E0010F55C001008
:105C6000115A0010115A0010115A0010115A001048
:105C7000115A0010115A0010115A00104B5E0010FA
:105C800008A800F0BDFA40469DF82210FFF7A2FBDD
:105C90003B7843F002033B70B2E5BDF82230012BA4
:105CA0007FF4B6AE3B78404623F0080308A93B706A
:105CB00000F024FAA4E540463B789A0802F002027C
:105CC000C3F340131343ADF81A300DF11A02022347
:105CD00008A900F02DFA93E5BDF82230012B7FF4DE
:105CE00097AE3B78404643F0080308A93B7000F0AC
:105CF00005FA85E5022A3FF47EAEFFF7DDFC024699
:105D000000283FF485AE4046538808A900F010FAF9
:105D100000287FF475AD7BE69DF824300F2B3FF60D
:105D200077AE164A3B441B79127893421DD2154A2E
:105D3000166816EB43167FF4A2AE69E6002A7FF4DC
:105D400067AE00269DF8212002F0FD03012B1BD039
:105D5000002A7FF456AE019B009A3B44134493F80B
:105D600034304046C3F34003ADE7511C9942FFF67F
:105D70004FAE034E9B1A06EB431680E6FE2A002028
:105D8000DCB10010B81E0020BDF82230B3B9012AE2
:105D900099F8000000F08680FFF7D8FB019B009A7D
:105DA0003B44134493F8342042F0020283F8342039
:105DB00093F8342042F0010283F83420002E3FF49F
:105DC0001FAD706900F016FA7369012108AA4046F8
:105DD0009847002000F00EFA97F83530DF073FF5BE
:105DE0000FAD96E6FFF76CFC404608A900F086F977
:105DF00006E5049B012B00F09E80002B00F08A80BA
:105E0000002091F8028005E08CF804605FFA80FCC5
:105E100063457FD908EB000C57FA8CFC9CF804E032
:105E20000130BEF1FF0FEFD04FF0E023D3F8F03D8B
:105E3000DA0700D500BE4FF0E023D3F8F03DDB07D2
:105E400000D500BE00237B70E2E5FEF723FF02468B
:105E500000287FF458AFDBE5FFF758F90246002829
:105E60003FF4CFAD4046122308A900F061F90028A5
:105E70007FF4C6ACCCE5FFF71DFC024600283FF4DA
:105E8000C7AD4046137808A900F052F900287FF406
:105E9000B7ACBDE5BDF82410FFF740F90246002875
:105EA000EFD1B5E50293FFF769FB019A009B3A44F5
:105EB0001A4492F83410029B63F3410182F83410C3
:105EC00092F8341063F3000182F8341076E7002171
:105ED0004046FFF787FA4046FFF722FBBB78404673
:105EE0000093FFF79DFB009BBB7032E6DDF80C8052
:105EF000FFF7E4FB78E74046012308A90DF11A02F9
:105F00008DF81A6000F014F97AE40A78CB7811441D
:105F10004A784CE6334610480492029100F076FE2F
:105F20000E4B049A02991B781144009A0133934254
:105F3000BFF634AE78E7D8F810C00948844508BFEA
:105F400002235DE74FF0E023D3F8F03DDB077FF558
:105F500057AC00BE54E400BF9C200020FE2A002065
:105F60002D6600102DE9F84F0A9F002A40D00C46FC
:105F70001E4615464FF0000ADFF87C90DFF87C8063
:105F800018E0204698F8021099F800B000F00EFED4
:105F9000E0B121465846FFF741FAF0B1A2780AF184
:105FA000010AD10916BF0B9B3A701A702278AA45D4
:105FB00014441DD06278052A0FD1E17801F0030165
:105FC000B1420AD1A27812F0700FDAD04FF0E0237C
:105FD000D3F8F03DDA0700D500BE4FF0E023D3F848
:105FE000F03DDB0702D40020BDE8F88F00BEFAE7E1
:105FF0000120BDE8F88F00BF941500208820002004
:1060000038B58B7813F0700F08D04FF0E023D3F839
:10601000F03DDB0700D500BE002038BD074A084B25
:106020000C46084691781D7800F0C0FD0028ECD0A1
:1060300021462846BDE83840FFF7F0B98820002007
:10604000941500200B46064A06481168DA093432D6
:1060500003F07F0302EB4303184400F061BD00BF6F
:10606000DC200020882000200B46064A06481168E4
:10607000DA09343203F07F0302EB4303184400F0E3
:1060800079BD00BFDC2000208820002010B5194811
:1060900001F07F0C00EB4C0000EBD11090F834C005
:1060A0001CF0010F08D04FF0E023D3F8F03DDA07E1
:1060B00000D500BE002010BD00F1300494F804C0EB
:1060C0000D484CF0010C007884F804C0FFF72AFA60
:1060D0000028F0D14FF0E021227960F30002227114
:1060E000227960F382022271D1F8F03DDB07E1D51D
:1060F00000BEDFE7882000209415002030B50B4C4F
:106100008C46A6460546086849680023AEE80300A9
:106110009CF800102846C943C4E90233BDE830406A
:106120001A4601F08001FFF7B1BF00BF48200020F0
:106130002DE9F041284F4FF00008BE468C46064638
:1061400008684968BA60AEE80300A7F80E801546F3
:10615000BCF80620934228BF1346BB819AB11C4667
:1061600033B3DDB197F90030402C28BF4024002B19
:1061700029DB414623463046184AFFF787FF68B1BE
:106180000120BDE8F0819CF800101346C943304659
:1061900001F08001FFF77AFF0028F1D14FF0E023F2
:1061A000D3F8F03DDB0700D500BE0020BDE8F0814C
:1061B0001A46397801F0800123463046FFF766FF22
:1061C0000028DDD1EAE722462946044804F006FB10
:1061D0008021024AF0E700BF48200020082000206C
:1061E0000022034BC3E90022C3E902221A6170476F
:1061F00048200020014B1861704700BF4820002054
:1062000030B40246044C0025234600685168C4E9B6
:10621000025530BC03C370474820002070B53D4C88
:10622000C90922780646B1EBD21F1D4682B017D0AD
:1062300053B14FF0E023D3F8F03DDB0702D4002048
:1062400002B070BD00BEFAE72146FFF7D9F8236916
:106250001BB12246032130469847012002B070BD91
:1062600094F90030002B06DBA0680028E7D02A460E
:10627000294904F0B3FAE089A168E388284480B290
:1062800029448342E081A16016D03F2D14D9A28910
:1062900094F90040131A9BB2402B28BF4023002CD6
:1062A00027DB90424FF0000131D01B4A3046FFF708
:1062B000EDFE0028D1D1BCE7236923B1022130468D
:1062C000144A984760B121780023C94330461A46E2
:1062D00001F08001FFF7DAFE0028AAD00120BDE717
:1062E00001463046FFF732F980213046FFF72EF99C
:1062F000B3E7904208D01A460748019304F06EFABB
:106300008021054A019BD1E780210022CEE70A4681
:10631000CCE700BF48200020082000202DE9F041F4
:106320000446FFF7D3F908B9BDE8F081FFF7D6F9C5
:1063300005460028F8D1C82304FB03F3124EF718D2
:10634000F9780029F0D010331E44304600F0D2FD19
:106350003F28E9D92846F978FFF774FE0028E3D0F2
:10636000304600F0C7FD3F28F97808D9074A28468B
:1063700002EBC4124023BDE8F041FFF787BE284678
:10638000BDE8F041FFF770BE401F0020BC1E00209A
:1063900010B50446FFF79AF908B9002010BDFFF7C1
:1063A0009DF90028F9D1C822034B02FB0433187968
:1063B00000F0010010BD00BF401F0020C82208B53A
:1063C000024B02FB003000F07BFD08BD501F002097
:1063D0002DE9F8434FF6FF73C8249A4228BF1A46A6
:1063E00000FB04F4DFF8748004F110054544064610
:1063F00092B2284600F0DAFD0746FFF767F910B9B8
:106400003846BDE8F883FFF769F981460028F7D1DF
:10641000A04498F80330002BF2D0284600F06AFD23
:106420003F28EDD9484698F80310FFF70BFE0028E7
:10643000E6D0284600F05EFD3F2898F8031007D903
:10644000054A4846402302EBC612FFF71FFED7E776
:106450004846FFF709FED3E7BC1E0020401F00207E
:106460002DE9F0410446FFF731F910B90020BDE8ED
:10647000F081FFF733F905460028F7D1C82604FB61
:1064800006F6DFF8648006F124074744384600F03A
:1064900017FD0028EAD0B044284698F80210FFF70C
:1064A000D1FD0028E2D00F4E384606EBC416314627
:1064B000402200F07BFD98F80210044668B10346C4
:1064C00032462846FFF7E2FD50B94FF0E023D3F8FB
:1064D000F03DDB07CAD500BEC8E7FFF7C5FDC5E73D
:1064E0002046C4E7FC1E0020401F002038B54FF6B0
:1064F000FF75C823AA4228BF2A460B4C92B203FB61
:1065000000440546204600F00FFE034620461C4688
:1065100000F0D6FC3F2801D8204638BD2846FFF7BA
:106520009FFF204638BD00BF641F0020C82208B569
:10653000024B02FB003000F0DDFC08BD641F0020B0
:10654000F0B5002483B0C8220021174804F062F897
:10655000FF234FF4E13108221448047012480094DC
:10656000074643718160827300F1380101234022A4
:10657000103000F075FC0123402207F178010093F0
:1065800007F1B80607F1240000F06AFC07F1C00526
:106590003046FBF77DFD2846FBF77AFDC7E9074645
:1065A000C7E90C5403B0F0BD401F00203C1F002081
:1065B0000A4A116B136A61B13BB10023C2E90C3383
:1065C000D36100231362012070470120C2E90C331C
:1065D0007047002BF7D0D161F3E700BF401F0020C8
:1065E000002210B50E4C0F48237802600271DA07C2
:1065F00007D59B070BD5BDE8104001210A4800F0E4
:106600005DBE103000F03EFE23789B07F3D40648B1
:1066100000F038FEBDE810400121034800F04EBEF6
:106620003C1F0020401F0020641F0020F0B54B7964
:1066300083B0022B02D18B79022B03D00025284690
:1066400003B0F0BD274FBB783BB14FF0E023D3F848
:10665000F03DDB07F2D500BEF0E78B7806463B70D5
:106660000B78CC186178242908BF092507D036E0BB
:1066700023781C4461782B4424299DB207D1AA4277
:10668000F6D20020FFF74AFE284603B0F0BD0B46C5
:10669000052916D0042BF4D163790A2BF1D1124BC2
:1066A0002778019301330093022330461A46E119FB
:1066B000FFF758FC0028C8D00E3517FA85F5ADB2A3
:1066C000DFE721463046FFF79BFC0028BDD0A378CA
:1066D0007B7023785A191C44637895B2DAE70B462D
:1066E0000925D5E7401F0020421F0020137803F042
:1066F0006003202B08D170B5264C938894F800C015
:106700009C4503D0002070BD002070475378203B8B
:10671000032BF7D8DFE803F027230D0201292ED041
:1067200003291ED11C4BE3B100205188AFF3008038
:1067300017E0012923D0032913D15588174805F004
:10674000010686F00101257100F0B8FD144B43B13C
:1067500031460020C5F34002AFF3008001E001297B
:1067600011D0012070BD01290DD00329F9D10D4BA5
:10677000002BF6D000200C49FEF7ACFAF1E71146E9
:10678000FFF7BCFCEDE711460723074AFFF7D0FCF3
:10679000E7E700BF401F002000000000641F00204A
:1067A00000000000D54C0010481F00202DE9F843E0
:1067B000354E0C46F27807468A421D463DD0B378E6
:1067C0008B4212D04FF0E023D3F8F03DDB0732D4F8
:1067D0000020BDE8F8832D4B23B12D4800F080FB4D
:1067E00000284DD00020FFF799FDB378A34201D0D7
:1067F0000120EEE7274B13B10020AFF3008000200B
:10680000FFF72EFE0028F3D1234800F059FB0028A3
:10681000EED1002DECD015F03F05E9D13846B17826
:10682000FFF710FC0028E3D02B462A463846B17803
:10683000FFF72CFCDCE700BECAE79AB2174906F165
:10684000100000F071FC164B002BC4D07379FF2BA5
:10685000C1D0002DBFD0DFF8448008EB050902E06D
:10686000C845B8D0737918F8012B9A42F8D1084876
:1068700000F036FB0028F3D17179AFF30080EFE729
:10688000AFF30080AEE700BF401F00200000000013
:10689000501F002000000000641F0020BC1E0020CC
:1068A00000000000F0B54FF4137285B000211248CB
:1068B00003F0B0FE402600234FF480750E4F0F4CBE
:1068C00007F5A6721946CDE90246009201951A46CF
:1068D00007F5947000F0C6F90023384607F1280147
:1068E0003444009101221946CDE902460195043055
:1068F00000F0B8F905B0F0BD24220020A42100204A
:1069000008B5054800F0DAF9034BA3F5927000F0E2
:10691000D5F9012008BD00BF4C23002038B5002563
:10692000064C04F59870257000F0ACFC04F10C00E6
:1069300000F0A8FC84F82951657138BD242200209C
:106940002DE9F8434B79FF2B51D1354E96F829317B
:10695000002B4CD196F80580B8F1000F47D18B7809
:106960000C7833700B790F460C44ABB38146A518F5
:1069700003E0A54230D923781C446378052BF8D175
:10698000AC4229D221464846FFF73AFB40B3A378F0
:10699000DB092FD1234800F075FCA37896F8282155
:1069A00086F82931A3884846C3F30A03A3F5007388
:1069B000B3FA83F35B0963F341021B4986F828218C
:1069C00000F0EAF960B123783A7908F101081C4433
:1069D0005FFA88F39A42D0D8E11B88B2BDE8F88309
:1069E0004FF0E023D3F8F03DDB0700D500BE0020D8
:1069F000BDE8F8830D4800F045FCA3783279737147
:106A0000A3880B49C3F30A03A3F50073B3FA83F316
:106A10005B0963F341020020327100F085F9D2E78F
:106A200024220020542300204C2300203022002068
:106A30002822002070B51B4C064694F829C11D463B
:106A40008C4511D063798B4201D0002070BD164B6C
:106A50001BB10020A9B2AFF300803046134900F00B
:106A600063F9C8B1012070BDB4F8343163B9104B7B
:106A700023B100200F49AAB2AFF3008030460E497F
:106A800000F08AF90120EEE7D4F82C11AAB204F53F
:106A9000987000F049FBEAE72A463046034900F0C7
:106AA0000FF9DFE724220020000000002822002048
:106AB00000000000A42100204C23002010B582B06B
:106AC000C9B101280CD80B7853B1144C012B2354B5
:106AD00002D0012002B010BDFEF708FE0028F8D158
:106AE0004FF0E023D3F8F03DDB0702D4002002B0E2
:106AF00010BD00BEFAE70124084601A9ADF8044024
:106B0000FEF7F4FD38B94FF0E023D3F8F03DDA0793
:106B1000EDD500BEEBE7014B1C70E8E77C200020C0
:106B2000F8B5037813F001041AD1037805465A0723
:106B3000C3F3800701D52046F8BD0E464FF0FF3164
:106B4000304604F041F82B7813F001040BD12B7878
:106B50005B0709D42B78012443F004032B7003E076
:106B600000242046F8BD3C46304604F03DF820465F
:106B7000F8BD00BF70B50C4605464FF0FF3120460A
:106B800004F022F82B78C3F380065B0708D52B7836
:106B900013F0010311BF00262A7863F382022A70E2
:106BA000204604F021F8304670BD00BFC3788288CB
:106BB00003F003000228C2F30A0215D003280AD00A
:106BC00001281CD1022940F2FF3308BF4FF4806333
:106BD00093420DD37047022914BF40234FF48063C2
:106BE000934205D30120704702290AD0402AF9D9DF
:106BF0004FF0E023D3F8F03DDB0700D500BE0020C6
:106C00007047B2F5007FEDD0F2E700BF0A44914231
:106C100026D291F801C0BCF1050F05D091F800C053
:106C200061448A42F5D8704700B591F802C00CF073
:106C30007F0E00EB4E0E4FEADC1C0EF80C3091F884
:106C400000C061448A4209D991F801C0BCF1050F26
:106C5000EBD091F800C061448A42F5D85DF804FB9E
:106C6000704700BF2DE9F0418E4682B0009390F846
:106C700000C0089EBDF824706EF3000C0446154653
:106C8000012331463A4600F808CBBDF82C8000F0CD
:106C9000E7F806B13FB901200A9BA4F802806360BF
:106CA00002B0BDE8F08104F11C063046FBF7F0F9B4
:106CB0000DB135460026C4E90556ECE701207047C2
:106CC000F8B50746084640F2FF13154610F8082BA2
:106CD0000C4612F0020F0CBF3F261E4600F0F0F8E3
:106CE00028B925B12E4202D12378DA0701D5002038
:106CF000F8BD38466178FFF7A5F90028F7D023786A
:106D000013F0010307D04FF0E023D3F8F03DDB0789
:106D1000EDD500BEEBE71A4638466178FFF7B6F9C5
:106D20000028F0D0F8BD00BF70B501F10805064697
:106D300028460C4600F0C4F810B12378DA0701D5D4
:106D4000002070BD30466178FFF77CF90028F7D04D
:106D500028466288616800F029F92378054603F027
:106D6000010340B173B14FF0E023D3F8F03DDB07EE
:106D7000E6D500BEE4E7002BE2D130466178FFF7AC
:106D800073F9DDE70346626830466178FFF77EF904
:106D90000028E8D0284670BD8A892DE9F0410B789B
:106DA0000C46064622B9DD0734D50020BDE8F08147
:106DB00004F108079907384647BF4FF47E484FF45F
:106DC00000754FF6C078402500F094F88542ECD865
:106DD0002378DA07E9D430466178FFF733F90028E1
:106DE000E3D0384600F086F82378854203F00103AB
:106DF0002DD8BBB9658808EA0008454528BF454637
:106E000061785DB362682B463046FFF73FF948B1C1
:106E10002846CBE74978FFF715F90028C5D0237835
:106E2000D80707D54FF0E023D3F8F03DDB07BCD5FA
:106E300000BEBAE7638861783BB162683046FFF70D
:106E400025F90028EED06088B0E71A46F6E7002B57
:106E5000ABD130466178FFF707F9A6E72A46D2E7BB
:106E60002DE9F041B2F5004F9DF8188024D8044672
:106E7000C06817460E461D4618B14FF0FF3103F0AB
:106E8000A3FE206918B14FF0FF3103F09DFE0022F0
:106E9000C5F30E03E06843EAC83362812660A78029
:106EA000E380228108B103F09FFE206908B103F05E
:106EB0009BFE0120BDE8F0810020BDE8F08100BF0D
:106EC000038942899BB292B28088934236BFC2EB5B
:106ED00040029B1A9B189BB2984228BF18467047E5
:106EE0000289438990B29BB2C01AB0FA80F040097F
:106EF000704700BF038942899BB2808892B2934257
:106F000036BFC2EB40029B1A9B189BB2984286BFC9
:106F1000C01A80B20020704738B5044600690D469B
:106F200018B14FF0FF3103F04FFE2189638989B218
:106F30009BB2A288994236BFC3EB4200C81A4018E0
:106F400080B250B3824209D291422CBF891A89186B
:106F50008BB29A42638103D89B1A9BB29A42FBD9A7
:106F6000E2882168C2F30E0202FB0311284603F0F7
:106F700035FC6189012589B24B1C9BB29942A288DC
:106F80000ED9002302FA05F15B1A9BB220696381D6
:106F900008B103F029FE284638BD054663899BB237
:106FA000B3EB420F4FEA4201F0DBEDE72DE9F0478A
:106FB000064600698846914618B14FF0FF3103F04C
:106FC00003FE338974899BB2A4B2B588A34236BF4D
:106FD000C4EB45071F1BFF18BFB2002F4AD0BD42AC
:106FE00040D3B94528BFB946A5421FFA89F703D84F
:106FF000641BA4B2A542FBD9B6F806A02B1B3168CE
:107000009BB2CAF30E029F42924602FB041123D99F
:1070100013FB02F31FFA83F94A4640467D1B03F037
:10702000DDFB621912FB0AF2316808EB090092B22B
:1070300003F0D4FB7289B58892B2D3199BB29A42FD
:107040001AD96A009B1A9BB23069738108B103F0A8
:10705000CBFD3846BDE8F087404607FB02F203F05F
:10706000BDFBE7E7AB422CBF5B1B5B199CB22F4615
:107070007481B6E773899BB2B3EB450F4FEA4502C3
:10708000E2DBDFE7F8B50446C0680E4618B14FF002
:10709000FF3103F099FD2589238961899BB289B26B
:1070A000A2888B4236BFC1EB42015B1A5B189BB2D0
:1070B0009A42ADB208D8E779FF0905D1E06808B176
:1070C00003F092FD3846F8BD954228BF2B4618D3F1
:1070D0009B1A9BB29342FBD2E2882068C2F30E0255
:1070E00002FB0300314603F079FB6B1C9BB29D420F
:1070F000A28812D9002351005B1A9BB20127238179
:10710000DCE7E2882068C2F30E0205FB020031468C
:1071100003F064FB0135A288ABB2B3EB420F4FEA38
:107120004201EBDBE8E700BF2DE9F04F174683B0E3
:10713000002A75D00646C068894618B14FF0FF3165
:1071400003F042FDF379B6F808807289DB09B5884F
:107150001FFA88F892B23CD1904536BFC2EB450287
:10716000A8EB0202424492B2AA425ED2AA1A92B29A
:10717000BA4228BF3A46B6F806B097B27B1B08EB76
:10718000070ACBF30E0B9BB21FFA8AFAA8454446B6
:1071900003D3641BA4B2AC42FBD22D1B3068ADB24A
:1071A000BD420BFB040057D349460BFB07F203F02B
:1071B00015FBB288D0454FEA420302D8BAEB420F22
:1071C00003DBAAEB03031FFA83FA3D46A6F808A0E7
:1071D0002CE0B6F806B0AF42CBF30E0B2FD29045A1
:1071E00036BFC2EB4501A8EB0201414489B26800F9
:1071F00039447B1B81429BB20DDB02EB050A1FFA6F
:107200008AFAAAEB07081FFA88F8424537D9A8EB93
:1072100000001FFA80F807EB080A1FFA8AFAB5E7A0
:107220001546284603B0BDE8F08F0025F068002819
:10723000F7D003F0D9FC284603B0BDE8F08F002D4D
:10724000F4D07F1B02EB050A0BFB079990462F46F3
:1072500000231FFA8AFA99E715FB0BF5ADB22A460F
:107260004946019303F0BAFA019B3068E21812FB19
:107270000BF209EB050192B203F0B0FA99E7404531
:1072800084DCC4E710B50446C06818B14FF0FF3184
:1072900003F09AFC206918B14FF0FF3103F094FC21
:1072A0000023E0686381238108B103F09DFC20691D
:1072B00008B103F099FC012010BD00BF38B50446A9
:1072C000C0680D4618B14FF0FF3103F07DFC206916
:1072D00018B14FF0FF3103F077FCE379E06865F314
:1072E000C713E37108B103F07FFC206908B103F014
:1072F0007BFC012038BD00BF2DE9F04F4FF0000CA2
:10730000012783B09DF8304090460268002BC2F8F8
:107310006CC0009451600546DDE90D46D7660193C7
:1073200040F3968003F1FF391CB139463046A0473F
:107330002A68002729798902B94512BF0020009BDD
:1073400083F0010018F8013B08BF40020B430343E0
:107350001361BCB14FF0000B03E02A68516BCB0600
:1073600020D400213046A0474BEA00035FFA83FB9C
:107370000028F2D06FF001073846009B2B7103B054
:10738000BDE8F08F536BD906FCD5D2F880A0BAF1D6
:10739000000F41D1B94551D0019B0137BB42EBD021
:1073A0000021C9E7D2F880A0BAF1000F1BD1BBF1D0
:1073B000000F0ED1B94538D0019B0137BB42DBD05D
:1073C00001213046A0472A68EAE72A68516B8B05FD
:1073D0000DD400213046A0474BEA00035FFA83FB3F
:1073E0000028F2D0C6E74FF0010B536DF1E7126EA3
:1073F000BBF1000FE0D0BAF1000F2BD01AF0010F53
:1074000028D11AF0080F08BF4FF0FF373846009B0D
:107410002B7103B0BDE8F08F0121536D536B9805BC
:10742000FCD5136E0029B7D0E5E7009B002BD0D028
:10743000019B09F10107BB42C2D19DE7009B2BB123
:10744000019B09F10107BB42AAD195E71946E5E77F
:10745000674691E74FF0FF378EE700BF2DE9F84F01
:107460000126DDE90B754FF0000A934602680446D9
:10747000C2F86CA05160D6661E1E9DF828902DDDC6
:1074800006F1FF38002F51D001212846B847226865
:107490001346516F1029FCD0BAF1000F32D00021F1
:1074A000D04504BF89F0010041EA402141F48071D8
:1074B00011613FB919E02846B847002838D1236840
:1074C0009A6F12BBD3F88020596B11F04001F2D0B3
:1074D000002128465B6DB8476FEA000A504684F8E1
:1074E0000490BDE8F88F936FBBB9D2F88030536B2E
:1074F0005B06F8D54FF0FF3A536D504684F8049080
:10750000BDE8F88F21798902CAE71B690AF1010AEF
:10751000B2450BF8013BB7D1E0E713690AF1010A64
:1075200056450BF8013BD9D02268B1E7BA46AFE720
:107530006FF0010AD2E700BF70B50025012604688C
:10754000002BE5668446616028469DF810E0E666FB
:1075500016DD5D1E616F1029FCD000B30021A8422A
:1075600004BF8EF0010641EA462141F48071216199
:10757000D4F88010616B490605D54FF0FF30636D7C
:107580008CF804E070BDA16F0029F1D021690130B1
:10759000834202F8011BF3D0DCF80040DAE79CF8E4
:1075A00004108902DBE700BF2DE9F0410027012428
:1075B000944602680546D7665160D4661C1E38465C
:1075C0009DF818601EDD297986F0010789027F0287
:1075D00004F1FF3E70450CBFB8464FF000081CF8A0
:1075E000013B0B4343EA08031361536BD906FCD5F7
:1075F000D2F8801049B970451CD0013084424FF058
:107600000001E7D12E71BDE8F0814FF00108536D04
:10761000536B9B05FCD5136EB8F1000FEDD069B12B
:10762000CB070BD411F0080F08BF4FF0FF302E71BD
:10763000BDE8F081002EE0D1B046E9E74FF0FF3021
:10764000E0E700BFF8B5044605200F46FBF776FAE1
:1076500000EB570CBCFBF7FC204D0CEB4C02A5FBE0
:1076600002651F49AE088F4200EB4003ACEB950565
:107670002ED801F1D64101F5A10101F62C01A1FBA3
:1076800003139B0D013300214F2A98BF0122246868
:10769000B0FBFCF0E166216804F5805781F004013D
:1076A00001F00601396088BF0C49E56184BFA1FB88
:1076B000021292092662C4F8A0202246012152F843
:1076C0007C5F6B409BB202F580521360E166F8BDAF
:1076D0000449A1FB0313DB0D0133D4E7CDCCCCCCA3
:1076E0003F420F00893BE6550E4A30B4904214BF2A
:1076F000202210220C4D0D4B0D4C2A601A60A368FD
:1077000032EA0303FBD140F26515032402680371DA
:10771000D3661560D3639363C2F8884030BCFFF72B
:1077200091BF00BF981500200020024000300240A9
:107730000000024010B49DF8044001945DF8044B31
:10774000FFF732BF2DE9F04389B00DF11008044670
:1077500016461F46DDE9122340460D469DF840902F
:10776000FBF746F93B46CDE901083246294620465B
:10777000CDF80090FFF7C0FD09B0BDE8F08300BF71
:1077800010B49DF8044001945DF8044BFFF7D4BE9B
:107790002DE9F04389B00DF11008044616461F4646
:1077A000DDE9122340460D469DF84090FBF720F995
:1077B0003B46CDE90108324629462046CDF80090E7
:1077C000FFF74CFE09B0BDE8F08300BF0123074876
:1077D0000749084A03600B609368D907FCD5012369
:1077E000054A13601368DB05FCD570470020024092
:1077F000003002400000024000000A40F8B5044694
:107800000D46EFF3108772B60C4B9B6853F820605F
:10781000B14204D00A4B9E420BD2FBF799FA074BB8
:107820009B6843F82450BFF35F8F87F3108830467E
:10783000F8BD044B9E42F2D3EFE700BF00ED00E03D
:10784000100100101C0100102DE9F04784460C4681
:1078500000252CF00F0864B244EA0808384F394E6E
:107860004FFA88F884B048F0080A39780DF10F0211
:10787000012330685FFA8AFA009544EA0C148DF807
:107880000FA0FFF757FF4FF416700021FAF754FFCF
:1078900000950DF10F0201233978306848F00C088B
:1078A0008DF80F80FFF746FF4FF416700021FAF7AE
:1078B00043FF00950DF10F0201233978306864B25F
:1078C0008DF80FA0FFF736FF4FF416700021FAF77E
:1078D00033FF44F0080900950DF10F0201233978B8
:1078E0005FFA89F930688DF80F90FFF723FF4FF4A6
:1078F00016700021FAF720FF00950DF10F02012309
:107900003978306844F00C048DF80F40FFF712FF0F
:107910004FF416700021FAF70FFF39783068012311
:107920000DF10F0200958DF80F90FFF703FF4FF454
:107930001670002104B0BDE8F047FAF7FDBE00BFA5
:10794000012B00201829002000210120FFF77CBF17
:1079500010B5844684B08E46084B04AC0FCB04E9C6
:107960000F00002104EB8C0C5CF8100C803070448C
:10797000C0B204B0BDE81040FFF766BF1CB20010F3
:107980002DE9F04F047885B0002C76D08246002790
:10799000DFF8F0803A4E250104F0F004012398F856
:1079A000001044F0090B0DF10F02306800978DF8BC
:1079B0000FB0FFF7BFFE4FF416700021FAF7BCFEC0
:1079C00044F00D04012398F800100DF10F02306807
:1079D00000978DF80F40FFF7ADFE4FF416700021B1
:1079E000FAF7AAFE6DB2012398F800100DF10F020C
:1079F0003068009745F009098DF80FB0FFF79AFE3F
:107A00004FF416700021FAF797FE5FFA89F9012307
:107A100098F800100DF10F02306800978DF80F9064
:107A2000FFF788FE4FF416700021FAF785FE45F047
:107A30000D05012398F800100DF10F023068009732
:107A40008DF80F50FFF776FE4FF416700021FAF70D
:107A500073FE98F80010012330680DF10F020097B3
:107A60008DF80F90FFF766FE4FF416700021FAF7BD
:107A700063FE1AF8014F002C8DD105B0BDE8F08FE0
:107A800018290020012B002020B10E31C8B200219E
:107A9000FFF7DABE0C200021FFF7D6BE38B50A4644
:107AA0000546154B154C002103201A702560FFF781
:107AB000CBFE00210320FFF7C7FE00210320FFF7C4
:107AC000C3FE00210220FFF7BFFE00210620FFF7C2
:107AD000BBFE00212820FFF7B7FE00210F20FFF793
:107AE000B3FE00210120FFF7AFFEBDE838400021C2
:107AF0008020FFF7A9BE00BF012B0020182900201D
:107B000070B51646026C0446856B2AB906680135C5
:107B10004EB31046A56370BD8EB9406802F05EFE9C
:107B20006368216CA2680B449342636028BF23689A
:107B300005F1010528BF63600020A56370BDC06822
:107B400002F04CFE226CE36851429B1A2268E3600B
:107B5000934202D2A3680B44E360022E08D00135A1
:107B60000020A56370BD806801F078FBA660D1E7B6
:107B7000012D38BF0125DFE770B5A0B3A1FB0023BD
:107B800005460E467BBB01FB00F010F1490F2AD8D9
:107B9000483001F0C9FD044628B33EB300F1480364
:107BA0002360C4E90F5601F019FE0023FF20A363F0
:107BB000216CE36B226801FB03F3591A62601344E2
:107BC0000A44C4E9023284F8440084F8450004F110
:107BD000100001F085FF04F1240001F081FF01F0A5
:107BE0000BFE204670BD0024204670BD0346D7E73B
:107BF0002DE9F043044685B01F460192884601F006
:107C0000EDFDA26BE36B9A4279D3022F77D000226D
:107C100004F12406019B002B00F0D480002A00F020
:107C2000CD8001F0E9FD00F0FDFF01F0D7FD94F8F3
:107C30004430FF2B04BF002384F8443094F84530CF
:107C4000FF2B04BF002384F8453001F0D5FD02A8C6
:107C500001A901F085FA002840F0BA8001F0BEFDCC
:107C6000A26BE36B9A425CD001F0C6FD01F0B6FD59
:107C700094F8452055B2002D04DC11E06A1ED3B201
:107C800055B26BB1636A5BB1304601F0F5F900287B
:107C9000F4D001F095FA6A1ED3B255B2002BF1D19F
:107CA000FF2384F8453001F0A7FD01F097FD94F81B
:107CB000442055B2002D14DD04F1100903E06A1EC2
:107CC000D3B255B26BB123695BB1484601F0D4F928
:107CD0000028F4D001F074FA6A1ED3B255B2002B1A
:107CE000F1D1FF2384F8443001F086FD00F0A2FFBB
:107CF00001F074FDA16BE36B012299428AD23A46EE
:107D000041462046FFF7FCFE636A002B40F0A88046
:107D1000002840F0A28001F06FFD012005B0BDE811
:107D2000F08304F1100901F067FD4846019901F064
:107D3000F1F801F053FD94F845305DB2002D04DCFC
:107D400011E06B1EDAB25DB26AB1636A5BB13046B4
:107D500001F092F90028F4D001F032FA6B1EDAB289
:107D60005DB2002AF1D1FF2384F8453001F044FDD3
:107D700001F034FD94F844305DB2002D04DC11E0D4
:107D80006B1EDAB25DB26AB123695BB1484601F09D
:107D900073F90028F4D001F013FA6B1EDAB25DB269
:107DA000002AF1D1FF2384F8443001F025FD00F0D2
:107DB00041FF00289CD101F005FD99E702A801F0E0
:107DC000C3F92EE701F018FD002005B0BDE8F083EF
:107DD00001F004FD94F845305DB2002D14DD04F18E
:107DE000240603E06B1EDAB25DB26AB1636A5BB16E
:107DF000304601F041F90028F4D001F0E1F96B1EA2
:107E0000DAB25DB2002AF1D1FF2384F8453001F0E7
:107E1000F3FC01F0E3FC94F844305DB2002D14DD76
:107E200004F1100603E06B1EDAB25DB26AB1236999
:107E30005BB1304601F020F90028F4D001F0C0F920
:107E40006B1EDAB25DB2002AF1D1FF2384F8443010
:107E500001F0D2FC00F0EEFEB6E701F0B3FC5AE709
:107E600004F1240001F008F900283FF454AFF4E7CE
:107E700038B5482001F058FC044650B300250123D2
:107E80002060C0E90F3501F0A9FCD4E90F31FF20D3
:107E900001FB03F32268591A626013440A44C4E9DF
:107EA0000232A56384F8440084F8450004F1100010
:107EB00001F016FE04F1240001F012FE01F09CFC1A
:107EC0002B462A4629462046A5602560E560FFF737
:107ED0008FFE204638BD00BFF8B504460E4601F0BF
:107EE00057FD01F08FFDA36BE26B05469A420ED958
:107EF00094F845200133FF2AA36357B20DD1636A7A
:107F0000ABB90124284601F089FD2046F8BD0024C4
:107F1000284601F083FD2046F8BD00F093FF87421C
:107F2000EFD201377FB284F845700124EAE704F10B
:107F3000240001F0A1F80028E3D0002EE1D00123B5
:107F40003360DEE72DE9F043044685B088460192B0
:107F500001F044FCA56B002D40F01781019B002B24
:107F600000F0C68002A801F0EFF82F4604F12406C5
:107F700001F042FC00F056FE01F030FC94F8443071
:107F8000FF2B08BF84F8447094F84530FF2B08BFDE
:107F900084F8457001F030FC01A902A801F0E0F876
:107FA000002854D101F01AFCA36B002B40F0A680EE
:107FB00004F1240901F020FC4846019900F0AAFFD1
:107FC00001F00CFC94F845305DB2002D04DC11E0AA
:107FD0006B1EDAB25DB26AB1636A5BB1484601F00A
:107FE0004BF80028F4D001F0EBF86B1EDAB25DB26A
:107FF000002AF1D1FF2384F8453001F0FDFB01F0A8
:10800000EDFB94F844305DB2002D14DD04F110094D
:1080100003E06B1EDAB25DB26AB123695BB1484618
:1080200001F02AF80028F4D001F0CAF86B1EDAB289
:108030005DB2002AF1D1FF2384F8443001F0DCFB6B
:1080400000F0F8FD00284AD101F0BCFB47E001F048
:10805000C5FB94F845305DB2002D04DC11E06B1EC9
:10806000DAB25DB26AB1636A5BB1304601F004F81E
:108070000028F4D001F0A4F86B1EDAB25DB2002A39
:10808000F1D1FF2384F8453001F0B6FB01F0A6FBE7
:1080900094F844305DB2002D14DD04F1100903E0C2
:1080A0006B1EDAB25DB26AB123695BB1484600F07B
:1080B000E3FF0028F4D001F083F86B1EDAB25DB262
:1080C000002AF1D1FF2384F8443001F095FB00F041
:1080D000B1FD01F083FBA36B53B101F08DFB01F007
:1080E0007DFBA56B002D50D1019B002B7FF440AF91
:1080F00001F082FB002005B0BDE8F08301F07CFBBD
:1081000001F06CFB94F845305DB2002D14DD04F1F4
:10811000240903E06B1EDAB25DB26AB1636A5BB137
:10812000484600F0A9FF0028F4D001F049F86B1E82
:10813000DAB25DB2002AF1D1FF2384F8453001F0B4
:108140005BFB01F04BFB94F844305DB2002D14DD75
:1081500004F1100903E06B1EDAB25DB26AB1236963
:108160005BB1484600F088FF0028F4D001F028F801
:108170006B1EDAB25DB2002AF1D1FF2384F84430DD
:1081800001F03AFB00F056FDA9E7226C5AB1E16814
:10819000A36811449942E16028BF2168404628BF86
:1081A000E16002F01BFB2369013DA5632BB901F0DF
:1081B00023FB012005B0BDE8F08304F1100000F0BE
:1081C0005BFF0028F3D001F0FDFAF0E72DE9F04362
:1081D000044685B0019101F001FBA56B002D40F034
:1081E0003B81019B002B00F0818002A800F0ACFFD6
:1081F0002F46A84604F1240601F0FEFA00F012FD15
:1082000001F0ECFA94F84430FF2B08BF84F8448066
:1082100094F84530FF2B08BF84F8458001F0ECFA54
:1082200001A902A800F09CFF002862D101F0D6FA53
:10823000A36B002B40F0AC8001F0DEFA2368002B2A
:1082400000F0018104F124094846019900F062FE22
:1082500001F0C4FA94F845305DB2002D04DC11E061
:108260006B1EDAB25DB26AB1636A5BB1484600F078
:1082700003FF0028F4D000F0A3FF6B1EDAB25DB25A
:10828000002AF1D1FF2384F8453001F0B5FA01F05E
:10829000A5FA94F844305DB2002D14DD04F1100904
:1082A00003E06B1EDAB25DB26AB123695BB1484686
:1082B00000F0E2FE0028F4D000F082FF6B1EDAB27C
:1082C0005DB2002AF1D1FF2384F8443001F094FA22
:1082D00000F0B0FC002800F0A58001F07FFAA56B4B
:1082E000002D40F0B980019B002B85D101F084FA6C
:1082F0004AE001F073FA94F845305DB2002D04DCD9
:1083000011E06B1EDAB25DB26AB1636A5BB13046EE
:1083100000F0B2FE0028F4D000F052FF6B1EDAB27B
:108320005DB2002AF1D1FF2384F8453001F064FAF0
:1083300001F054FA94F844305DB2002D14DD04F1DC
:10834000100903E06B1EDAB25DB26AB123695BB15A
:10835000484600F091FE0028F4D000F031FF6B1E7B
:10836000DAB25DB2002AF1D1FF2384F8443001F083
:1083700043FA00F05FFC01F031FAA36B002B4ED101
:1083800001F03AFA002F50D1002005B0BDE8F0838B
:1083900001F032FA01F022FA94F845305DB2002D76
:1083A00014DD04F1240903E06B1EDAB25DB26AB198
:1083B000636A5BB1484600F05FFE0028F4D000F02D
:1083C000FFFE6B1EDAB25DB2002AF1D1FF2384F802
:1083D000453001F011FA01F001FA94F844305DB231
:1083E000002D14DD04F1100903E06B1EDAB25DB25A
:1083F0006AB123695BB1484600F03EFE0028F4D024
:1084000000F0DEFE6B1EDAB25DB2002AF1D1FF236E
:1084100084F8443001F0F0F900F00CFC5DE701F065
:10842000EBF95AE701F0CEF957E701F0D7F9616AA5
:1084300019B1236B1968C1F10601A06800F044FF6F
:1084400001F0DAF9A0E701F0C9F9A06800F0BEFE7A
:10845000074601F0D1F9F5E62368013DA56383B134
:1084600023692BB901F0C8F9012005B0BDE8F083FC
:1084700004F1100000F000FE0028F3D001F0A2F992
:10848000F0E700F05DFFA060EAE700BF00296BD0D5
:10849000564B5A68904200F08B801A6810B4002A3C
:1084A0003BD0DA68904200F09E809A68002A55D04E
:1084B0005A69904200F095801A69002A55D0DA690D
:1084C000904200F082809A69002A54D05A6A904201
:1084D00056D01A6A002A57D0DA6A904277D09A6A40
:1084E000002A56D05A6B904273D01A6B002A55D08E
:1084F000DA6B90426FD09A6B002A54D05A6C90423B
:108500006BD01A6C002A59D0DA6C904267D09B6C01
:10851000002B58D05DF8044B7047DA68904262D067
:108520005A6990425DD01A46DC69A0424DD05C6A1F
:10853000A04225D0DC6AA04249D05C6BA04248D062
:10854000DC6BA04247D05C6CA04246D0DC6CA04201
:1085500045D0C2E900105DF8044B70475A6990425B
:108560003FD003F10802DFE77047DA6990422CD070
:1085700003F11002DBE75A6A904201D01C4AD9E7A6
:10858000042203EBC202E4E7DA6A90421FD0194AE0
:10859000D3E75A6B90421CD0174AD1E7DA6B90426E
:1085A00019D0164ACFE75A6C904216D0144ACDE73C
:1085B000002203EBC202C2E900107047DA6C90425D
:1085C0000DD0104AC5E7104AC3E70322D9E70522B8
:1085D000D7E70622D5E70722D3E70822D1E7092209
:1085E000CFE70222CDE70122CBE700BFC81C002065
:1085F000E01C0020E81C0020F01C0020F81C0020DB
:10860000001D0020081D0020101D002070B505462B
:108610000E46144601F0E2F895F84430FF2B04BFF3
:10862000002385F8443095F84530FF2B04BF002324
:1086300085F8453001F0E0F8AB6B002B43D001F03A
:10864000CDF895F845305CB2002C14DD05F1240618
:1086500003E0631EDAB25CB26AB16B6A5BB13046AA
:1086600000F00AFD0028F4D000F0AAFD631EDAB283
:108670005CB2002AF1D1FF2385F8453001F0BCF847
:1086800001F0ACF895F844305CB2002C14DD05F133
:10869000100603E0631EDAB25CB26AB12B695BB10B
:1086A000304600F0E9FC0028F4D000F089FD631E9C
:1086B000DAB25CB2002AF1D1FF2385F84430BDE87C
:1086C000704001F099B82246314605F1240000F0CF
:1086D0006DFCB4E72DE9F041044601F07FF8364A1D
:1086E000364E1368013313603368002B34D0344F97
:1086F000E36A3A684AB3334D334934480A6804F1AF
:10870000040C01320A6002689A4238BF036003EB2E
:10871000830305EB830041689B00EA58D1F808E029
:10872000A160C4F80CE00132CEF804C0C1F808C062
:108730006061EA5001F060F83B6823B13268E36A97
:10874000D26A9A4210D3BDE8F08132681D4DD26AD8
:108750009A4298BF3460CFE734601368012B07D08A
:10876000E36A184D164FC7E7BDE8F04101F02AB89B
:10877000144D2F4605F178083846143701F0B0F94A
:108780004745F9D1DFF86080114F404601F0A8F964
:10879000384601F0A5F90F4801F0A2F90E4801F0A2
:1087A0009FF90E4801F09CF90D4BC3F800800D4B6A
:1087B0001F60E36A024F9FE7302A002068290020EB
:1087C000C02A00207C2900203C2A0020402A0020CA
:1087D000802A0020AC2A0020D82A0020C42A0020A9
:1087E00070290020742900206C2A002080B5124DC9
:1087F000124F134EDFF84C8014E000F0EFFFFB68DF
:10880000DC68201D01F0A2F93368013B33602B685E
:10881000013B2B6000F0F0FF206B00F091FF204641
:1088200000F08EFF2B68002BE7D1D8F80030012B29
:10883000F8D900F0C7FFF5E7342A0020D82A002035
:10884000302A00207C2900202DE9F04F4C4B83B0CA
:108850001D6801351D60002D67D04A490B689D4297
:1088600077D3494E33681868002800F084800020D0
:10887000AA4607468146DFF828E1444C019147E0CB
:108880005869D3E9022CC2F808C0CCF80420426829
:108890008A42026808BFC0F804C0013A5F61026002
:1088A000986A70B1D3E9072CC2F808C0CCF804204C
:1088B0004268AA42026808BFC0F804C0013A9F6239
:1088C0000260DA6ADEF8000002EB820C04EB8C082E
:1088D0008242D8F8040054F82C50D0F808B09860C0
:1088E000C3F80CB0CBF804108160C3F81480284B97
:1088F00088BFCEF8002019680135336844F82C5041
:10890000C96A1B688A4288BF49F00109002B30D030
:108910003368DB68DB685A68191D924503F1180556
:10892000AED2019948460A6014E0174B194A1868FC
:1089300011681960184910600A6801320A601A68E3
:10894000126882B94FF0FF330E490B600B689D42ED
:1089500087D20020114B1B68002B18BF40F001008C
:1089600003B0BDE8F08F1B680649DB681B680B602D
:1089700074E7484601994FF0FF330B60EAE700BF08
:10898000EC2A0020A02A0020702900207C29002049
:108990006829002074290020A42A0020F82A002039
:1089A000402A00202DE9F8439500804628460F46CE
:1089B000994600F0B9FE002872D00646702000F0FB
:1089C000B3FE0446002868D0043D702200213544DF
:1089D00001F020FE25F007052663002F3BD03B78F1
:1089E00084F83430002B36D07B7884F8353093B35C
:1089F000BB7884F8363073B3FB7884F8373053B3E0
:108A00003B7984F8383033B37B7984F8393013B349
:108A1000BB7984F83A30F3B1FB7984F83B30D3B1B9
:108A20003B7A84F83C30B3B17B7A84F83D3093B123
:108A3000BB7A84F83E3073B1FB7A84F83F3053B18F
:108A40003B7B84F8403033B17B7B84F8413013B1F9
:108A5000BB7B84F84230089F201D052F28BF0527C7
:108A6000E762676401F048F8C7F1060704F11800EF
:108A700001F042F84B4642462846216BA76124612B
:108A8000646200F0DBFE099B206003B11C6020469D
:108A9000FFF720FE0120BDE8F883304600F050FECD
:108AA0004FF0FF30BDE8F883F8B50446254E00F0DE
:108AB00095FE002C3FD0271D384601F047F8A36AE9
:108AC0001BB104F1180001F041F81F4A1F4D136853
:108AD000013313603368A3422B681FD01C4A13680C
:108AE000013B13601B4B1A68126892B11A681A4B4B
:108AF000D26812681A6000F07FFE206B00F020FE42
:108B0000204600F01DFE2B6813B13368A34214D039
:108B1000F8BD4FF0FF32104B1A60ECE7002BDDD0B0
:108B200039460E4800F0ECFF0D4A1368013313601C
:108B300000F062FEE7E73468BDE7BDE8F84000F00A
:108B400041BE00BF682900203C2A0020C02A002026
:108B5000302A002070290020A02A0020D82A0020D6
:108B6000342A00202DE9F8434FF4007000F0DCFDBA
:108B700088B30646702000F0D7FD044678B300277E
:108B8000DFF898903946702201F044FD06F5FE7535
:108B9000C4E90C690626201D00F0AEFF25F007058C
:108BA00004F1180000F0A8FF3B46174A216B284645
:108BB0002461A661646200F041FE0346DFF8608034
:108BC000236020460127C8F80040FFF783FD00F02E
:108BD00069FDB8420AD00D4B1B68BDE8F8833046EA
:108BE00000F0AEFD094B1B68BDE8F88300F00AFFFA
:108BF0004FF0FF3400220649064B074804600F601F
:108C00001A6000F057FEE6E7ED8700102CB2001066
:108C1000C02A0020EC2A0020A02A002049444C450C
:108C2000982A0020024A136801331360704700BF7E
:108C3000382A00202DE9F04FDFF86C8183B000F076
:108C4000CDFDD8F80030013BC8F80030D8F800E07E
:108C5000BEF1000F40F081804C4B1B68002B7CD094
:108C6000DFF848C1DCF80030002B00F08B80484B67
:108C7000DFF83C91474E0193DCF80C30DB689A6AD0
:108C8000D3E9070154688160486003F11800844209
:108C900008BF51601168C3F828E0013911605A69B2
:108CA000D3E90241A1604C6054681D1DAC4208BF6D
:108CB00051601168D9F8000001391160DA6A824206
:108CC000354802EB820188BFC9F80020006806EB36
:108CD00081077C68D0F82CA056F82100D4F808B0A1
:108CE000013052459C60C3F80CB0CBF80450A5602D
:108CF0005F6146F8210037D90122019B1A60DCF838
:108D00000030002BB8D1254B1A681268002A34D0E5
:108D10001A68234BD26812681A60224D2C689CB1E5
:108D20000126019F05E0FFF78FFD00B13E60013C89
:108D300009D0D8F80030002BF5D02B68013C03F1A6
:108D400001032B60F5D12C60019B1B682BB1124BEA
:108D500001241B6800F036FD00E0002400F04CFD0B
:108D6000204603B0BDE8F08FDCF80030002B83D143
:108D70000A4B1A681268002ACAD14FF0FF32084B1A
:108D80001A60CAE7024B0193C7E700BF302A0020F0
:108D9000F82A00207C290020682900207029002062
:108DA000A02A0020A82A0020382A0020AC2A00206F
:108DB000402A002008B900F005BD194A2DE9F0410C
:108DC00013680446013313601649174B174D184AB0
:108DD0000E681768D3F800802868043000F0B6FEEB
:108DE0002B68A41929685C600DD23846043100F064
:108DF00095FE104B1A68944238BF1C60FFF71AFFAB
:108E000048B1BDE8F0814046043100F087FEFFF72D
:108E100011FF0028F5D1BDE8F04100F0D3BC00BF40
:108E2000382A0020EC2A002074290020682900201C
:108E300070290020A02A0020014B1868704700BF4D
:108E4000EC2A0020014B1868704700BF302A002030
:108E5000054B1B680BB9FFF7F7BC044A00201368E9
:108E600001331360704700BF382A0020A82A002071
:108E7000234B1B681BB10122224B1A607047214A09
:108E800030B4214C13602068204A00EB800352F874
:108E9000233081008BBB431E03EB830552F8255022
:108EA0009900B5B9831E03EB830552F8255099004C
:108EB0007DB9C31E03EB830552F82550990045B9CF
:108EC000031F03EB830552F8255099000DB9431F8A
:108ED0009900194402EB8100024641680832496852
:108EE0009142416008BFC168094A08BF4160C96832
:108EF00011602360136830BC70470346E9E700BF88
:108F0000382A0020F82A0020402A00207C2900204E
:108F1000682900202DE9F0410C461E4D29681831C2
:108F200000F0FCFD1C4B1D491D4A0E681768D3F864
:108F300000802868043000F009FE631C15D02B68FF
:108F4000A41929685C600AD23846043100F0E6FDB5
:108F5000144B1A68944238BF1C60BDE8F08140464B
:108F6000BDE8F041043100F0D9BD0F4B29685A68C3
:108F70001C688A602E680134286829681C602D6886
:108F8000946804300431F460606091606B61BDE806
:108F9000F08100BF6829002074290020EC2A0020FD
:108FA00070290020A02A0020C42A002094462DE920
:108FB000F0412B4C0D4623684168D4F80080D961FC
:108FC0002768036826688A68D4F800E001331837F8
:108FD0001836C8F8202057608E60224ACEF8280044
:108FE00021490360214BBCF1000F1AD009681268B7
:108FF0001B682068043000F0A9FD1D4B19685A68F1
:1090000001311960216890688A602168C860216810
:109010000431416021682068043191604361BDE8FA
:10902000F0810E681768D3F800802068043000F0E3
:109030008DFD2368AD1921685D6005D34046BDE80C
:10904000F041043100F06ABD3846043100F066FD9D
:10905000084B1A68954238BF1D60BDE8F08100BF1B
:109060006829002070290020EC2A002074290020A3
:10907000C42A0020A02A0020F0B40026C368DB68C0
:109080009A6AD3E9070181604860506803F11804C7
:10909000A042274808BF5160116805680139D86AA5
:1090A0009E621160002D2FD1D3E902415A69A1605F
:1090B0004C6054681E1DB44208BF516011680139EC
:1090C00011601C4A116881421B4938BF106000EBD7
:1090D000800201EB82077D689200D5F808C08C58A9
:1090E0009D60C3F80CC0CCF80460AE605F61134BA8
:1090F00001341B688C50DB6A834215D2F0BC01231B
:109100000F4A1846136070470E4A156851680135BA
:1091100015608D68D9611D626C608C609A62074B26
:109120001B68DB6A8342E9D3F0BC0020704700BFB4
:10913000382A0020402A00207C29002068290020AD
:10914000F82A0020AC2A0020034A044B12681B684E
:10915000C0E90023704700BFA42A0020EC2A0020A9
:10916000F8B50D46044600F039FB2B68124A581C2E
:1091700011681BD0D4E90060DFF840C0DCF8007053
:10918000BE4208D0884206D8002301242B6000F09C
:1091900033FB2046F8BD0F1ABB42F5D95B1ADCF849
:1091A0000010126803442B60C4E90012002400F090
:1091B00023FB2046F8BD00BFEC2A0020A42A002093
:1091C0000122014B1A607047F82A0020F8B50446C6
:1091D000C8B11F4DC36A2A68D26A934214D2826909
:1091E000002A04DB2A68D26AC2F106028261194EA3
:1091F000626903EB830306EB83039A420CD02B686E
:10920000DB6AE3620120F8BD2B68406CDB6A9842A0
:109210002CBF00200120F8BD271D384600F096FC29
:109220002B680D4ADB6A1168E3628B4288BF1360CA
:1092300003EB8303980006EB8303596832588D686B
:109240000132A160E5606F608F6063613250D9E7E1
:10925000682900207C290020402A002058B1F8B558
:10926000C16A836C426C013B91420446836400D026
:109270001BB10020F8BD00207047061D304600F0ED
:1092800065FC636C0E4AC3F10600A0610120116801
:10929000E3628B4288BF13600A4A03EB83034FEA01
:1092A000830C02EB83035D6852F80C10AF68014435
:1092B000A560E7607E60AE60636142F80C10F8BDA7
:1092C000402A00207C29002060B1426CF8B5914210
:1092D00038BF1146C36A04468B4202D0826C012A11
:1092E00001D0F8BD70478269134D002A03EB830358
:1092F0004269C16205EB8303A4BFC1F1060181612C
:109300009A42EED1061D304600F020FC0B4AE36A7B
:1093100011688B4288BF136003EB8303980005EB51
:10932000830359682A588F680132A160E7607E6024
:109330008E6063612A50F8BD7C290020402A0020FD
:10934000034B186810B1836C01338364704700BF0E
:10935000682900202DE9F04FB74FDFF8E4B2DFF8BD
:10936000E482B64D87B03B681C68002C40F01D813C
:10937000FFF758FCFFF760FDDBF8003081468342C1
:1093800048D8D8F80030CBF800001A68B2FA82F258
:1093900052092868A4EB0901FFF738F9FFF74AFCE6
:1093A000002800F024810023CDE90233CDE9043305
:1093B0000022286802A9FEF7C5FD0028D3D0029B31
:1093C0000498002BC0F2E980DDF810A0DAF8143020
:1093D0001BB10AF1040000F0B9FBFFF72DFDDBF82B
:1093E00000300190984243D3DDE90123013BCBF8E3
:1093F0000020082BDCD8DFE803F06161C0A5C7615D
:1094000061C0A50022F001028AF824205046DAF853
:10941000203098473B681A68002A00F0D880DA6844
:10942000D2F80CA014680AF10406304600F08EFB56
:109430009AF824205107E5D503E05046DAF82020B9
:109440009047DAF81820CAF810A01119A418CAF821
:109450000410F2D33146D8F8000000F05FFBD5E7E6
:1094600021F0010189F824104846D9F820309847A6
:109470003B681968002900F0B480D968D1F80C90D5
:109480000C6809F10406304600F060FB99F82410DE
:109490004807E5D503E04846D9F820108847D9F8B1
:1094A0001810C9F8109008196418C9F80400F2D30C
:1094B0003146D8F8000000F031FBD5E79AF82400D7
:1094C0000399DAF81840019A0B1940F001068AF85E
:1094D00024602CBF012600269342CAF80430CAF843
:1094E00010A000F28780511A8C423FD8410712D455
:1094F00020F001008AF824005046DAF8203098471E
:1095000056E78C4200F2C680DAF820305046984781
:109510003346DAF81840019AE6182CBF01200020E3
:10952000B242A2EB0301CAF80460CAF810A0E8D264
:109530009A4201D20028E7D038680AF1040100F00D
:10954000EDFAD9E70399019A9AF82430881843F084
:10955000010390428AF82430CAF81810CAF80400AF
:10956000CAF810A04BD800293FF422AFD8F8000069
:109570000AF1040100F0D2FA1AE79AF8243023F035
:1095800001038AF8243013E79AF824309A0777D534
:1095900023F001038AF824300AE7039B05999847D2
:1095A000029B002BFFF604AF0EE7DB681C68FFF799
:1095B00039FBFFF741FCDBF80030814683423FF680
:1095C00029AF8442CBF800001FD90022E1E6D8F889
:1095D0000020CBF800903A60C8F80030FFF72AFB73
:1095E000E1E6D8F80010C8F800303960FCE600F079
:1095F000E9F8D8E6914202D9002E3FF477AF3868F7
:109600000AF1040100F08AFAD2E6FFF713FB3B6887
:10961000DB68DE68331D1846019300F097FA96F870
:109620002420530716D422F0010286F82420304665
:10963000336A9847B7E600BF6C290020F02A002063
:109640009C2A00207829002081421DD83046316AAA
:1096500088475446B169A9EB040014EB010A2CBFFA
:1096600001230023CA45C6F804A03661ECD94C4555
:1096700001D9002BEAD00199386800F04FFAD6E7FB
:10968000504600F05DF893E60199D8F8000000F02C
:1096900045FACCE7D8F800000AF1040100F03EFAE0
:1096A0002AE700BFF0B5174C83B000F097F82568A3
:1096B0007DB100F0A1F8206848B1032412480023CE
:1096C00001908022114912480094FFF76BF903B012
:1096D000F0BD104E104F304600F002FA384600F050
:1096E000FFF90E4A0E4B176010212A460A201E6011
:1096F000FEF742FA20600028DBD00A49FEF7C6FEDA
:10970000D7E700BFF02A0020F42A0020A4AF001001
:1097100055930010442A0020582A00207829002060
:109720006C2900209CAF001010B50446FFF77AFAB0
:109730002046F9F761FD0446FFF77CFA204610BD8C
:1097400050B110B50446FFF76DFA2046F9F766FDF3
:10975000BDE81040FFF76EBA704700BF002300B5A8
:1097600083B0019300F04EF9019B002BFCD003B0B5
:109770005DF804FB10B500F045F90446FFF768FBFF
:1097800028B14FF0E0234FF08052C3F8042D20465B
:10979000BDE8104000F042B910B504224FF0E024BB
:1097A000002322610520A361F9F7C8F90721044BC2
:1097B000A3FB00239B09013B6361216110BD00BF36
:1097C000D34D62104FF0E0234FF08052C3F8042DC8
:1097D000BFF34F8FBFF36F8F704700BF08B500F026
:1097E00011F9044A136801331360BFF34F8FBFF3BD
:1097F0006F8F08BDA4150020044B1A68013A1A6047
:10980000186800B1704700F009B900BFA415002026
:10981000836913F8023C662B00D070474FF0E023B9
:10982000D3F8882D42F47002C3F8882DD3F8342F72
:1098300042F04042C3F8342F00F0C6B82DE9F04F93
:109840004FF0113E4FF0807440E909E34FF00733C9
:1098500040F8044C164C40F8343C40E903424FF0C9
:1098600005334FF006324FF0123B40E90F324FF014
:10987000033A4FF002394FF001384FF010374FF0F4
:1098800009364FF008354FF004346FF0020340E919
:1098900005AB40E9078940E90B6740F8305C40F8C8
:1098A000404C40F8443C40F8481DBDE8F08F00BFF4
:1098B0005D9700104FF0E0234FF07F42002110B57C
:1098C00084B00291C3F81C2DD3F81C3D1B0E8DF8FB
:1098D00007309DF807309DF807301A060CD5029B1B
:1098E000013302939DF807305B00DBB28DF807303F
:1098F0009DF807301B06F2D4029B082B3AD0029A3F
:10990000C2F10702120202F4E0624FF0E0230024E9
:1099100019490E200A60D3F8202D184942F47F021D
:10992000C3F8202DD3F8202D42F07F42C3F8202D1C
:10993000C3F81C4DFDF762FF11490F20FDF75EFFD4
:1099400010490B20FDF75AFFFFF726FF4FF050425A
:109950000D490E4B0C6012681A7000F04BF8FFF7BF
:1099600087FA039400F04EF8039B002BFCD00020F4
:1099700004B010BD0022C8E7182A00202D9A00105C
:1099800075970010AD9A0010A4150020A0150020B6
:10999000EFF305830F2B84BF014A9B5C704700BF28
:1099A000F0E300E008B5F8F725F8044B044A034457
:1099B000136000F087F8034B186008BD5C2000209E
:1099C00064290020942A0020094A1168086806C802
:1099D00081F30B88022181F31488203080F30988F9
:1099E000BFF36F8F4FF0000080F311881047000025
:1099F0006829002062B661B6BFF34F8FBFF36F8F47
:109A000066DF00BFEFF311804FF0100181F3118882
:109A1000BFF34F8FBFF36F8F704700BF80F3118884
:109A2000BFF34F8FBFF36F8F704700BFEFF3098114
:109A30001EF0100F08BF21ED108AEFF30B82734662
:109A400021E9FC0F55FC084457FC096459FC0A84C1
:109A500001E9F003144A136819604FF0100181F313
:109A60001188BFF34F8FBFF36F8FFFF701FA4FF0ED
:109A7000000080F311880C4A116808681838B0E8B3
:109A8000F00345EC004447EC016449EC0284B0E883
:109A9000FC0F13F0100F08BFB0EC108A82F30B8894
:109AA00080F3098818470000682900201EF0040F81
:109AB0000CBFEFF30880EFF309800149084700006D
:109AC0001198001010B51820FFF72EFE044620B1A3
:109AD000002340F8043B00F003F8204610BD00BF0F
:109AE0004FF0FF31002200F10803C0E90131C0E965
:109AF00003330260704700BF00230361704700BF5B
:109B000010B4D0E9003294680133C1E901246160E6
:109B100091605DF8044B08610360704730B40D68D4
:109B20006B1C10D000F108031C465B681A68AA423F
:109B3000FAD902684B60013299608C6061600861FB
:109B400030BC0260704704696368F2E7034602694B
:109B500010B45468406899689C428160486008BFAE
:109B60005160002110685DF8044B013819611060E4
:109B7000704700BF30B51C468DB04BBA0546114644
:109B80000DF10E002246ADF80C3000F027FE002348
:109B9000572103AA00932846A31CFDF7CBFD0520FF
:109BA000F8F736FE0DB030BDF0B5012485B015468E
:109BB0001E4600940027044649BAADF80C1003AACB
:109BC00002235721FDF7B6FD572133462A4620468A
:109BD0000097FDF7D5FD05B0F0BD00BF2DE9F04FB2
:109BE0000D46002164268DB00091B0F806A0654CAA
:109BF0008DF82810A4FB0A14640906FB14A490F83D
:109C000002C00778C67841791FFA84FB447800794E
:109C1000DFF8749100F007008DF82C00A9FB0CE030
:109C2000C00800EB8000ACEB4000C0B20390ACEB8E
:109C300000000590A9FB04C0C00800EB8000A4EB65
:109C40004000C0B20490241AA9FB010CA9FB060E27
:109C50000694A9FB0704A9FB0A094FEADC0C0CEBEC
:109C60008C0CA1EB4C0C5FFA8CFC4FEAD90909EB88
:109C70008909A1EB0C01DFF81481AAEB49000791D7
:109C8000059980B2ABEB000A88FB019B4FEAE179B2
:109C90000399C9EBAB0941EA091906998DF8299096
:109CA00088FB019BE40804EB8404A7EB44044FEA1F
:109CB000E1790499C9EBAB09E4B23F1B41EA091908
:109CC0008DF82A9088FB07B94FEADE0E0EEB8E0E58
:109CD000A6EB4E0EFF17C7EBA9075FFA8EFEA6EBA9
:109CE0000E0644EA07148DF82B4088FB067407998A
:109CF000F617C6EBA4064EEA061E88FB0164C917D8
:109D0000C1EBA401012488FB0A680F264FEAEA7A16
:109D1000CAEBA80A40EA0A104CEA011C0AAA2979EF
:109D20008DF82F00082328688DF82DE08DF82EC0BF
:109D3000FDF700FD0094234629790DF122022868E1
:109D40008DF82260FDF7F6FC0094234629790DF189
:109D500023022868FDF714FD00229DF823100092CD
:109D600001F07F018DF823108DF825100223297949
:109D7000286809AA8DF82460FDF7DCFC0DB0BDE869
:109D8000F08F00BF1F85EB51CDCCCCCC67666666EB
:109D9000012370B50D460026044686B000930DF1F0
:109DA0000F02097928688DF80F60FDF7C3FC009653
:109DB000297904AA07232868FDF7E2FC9DF8102002
:109DC0009DF81130110901EB810102F00F0202EB45
:109DD0004102190901EB810103F00F0303EB410379
:109DE0009DF81210A27063704A064FEA11134CBF1F
:109DF00003F0010303F0030301F00F0003EB8303FF
:109E000000EB43009DF814309DF813101A0902EB83
:109E1000820203F00F0303EB42039DF8152001F0CB
:109E200007012171E370C2F300119DF8163001EBB8
:109E3000810102F00F0202EB4102190903F00F0346
:109E400001EB810103F5FA6303EB410320706271BA
:109E5000E38006B070BD00BF2DE9F04304464FF427
:109E6000807E1D46894687B0DFF8ACC0109B9DF808
:109E700038809DF83C70A4F818E0C4F81AC0E3607C
:109E80006260404684F80090658184F808806772BB
:109E900003211646F7F74CFC38460321F7F748FC38
:109EA000404600220121F7F761FC002238460121DB
:109EB000F7F75CFC4FF47A71304605FB01F1FDF7D2
:109EC00013FC3220F8F7A4FC0023656826788DF88F
:109ED0001730E468F8F7AEFD24184FF0FF306FF04C
:109EE000004241F10003A04272EB03013CBF044673
:109EF00013460294002403933146284601230DF1B2
:109F000017020094FDF744FCA042D4BF00200120BA
:109F100007B0BDE8F08300BF1900640007EE901A97
:109F2000F5EEC07AF1EE10FA8BBFDFED066A9FED19
:109F3000067A86EEA77AF1EE047A80ED057AC0ED16
:109F4000047A704700008045CDCC4C442DE9F041A7
:109F50001746427E044607EE901A86B0002A43D088
:109F600090ED047AB4EEE77AF1EE10FA37D840F6C5
:109F7000FF7165682678D4F80C80002F43D047EA3B
:109F800043038DF814300B01C1F307118DF816301F
:109F90008DF81510F8F74EFD4FF0FF326FF00043CB
:109FA00010EB080041F10001824273EB010C3CBF51
:109FB00010461946CDE90201284600253146032303
:109FC00005AA0095FDF7BEFBA84245DD602F02D132
:109FD000608BF8F71DFC012006B0BDE8F081F5EEBE
:109FE000C07AF1EE10FA3BD994ED057A67EE877AE4
:109FF000FCEEE77A17EE902A91B265682678D4F8DD
:10A000000C80002FBBD18DF81510C1F3032141EA5C
:10A0100003138DF81430F8F70DFD10EB08034FF023
:10A02000FF306FF0004241F10004984272EB0401EE
:10A030003CBF0346144628460025029331460223BE
:10A0400005AA03940095FDF77DFBA842D4BF00202C
:10A05000012006B0BDE8F081284606B0BDE8F081D9
:10A060000021CAE7024B0146186800F00BB800BF98
:10A07000B8190020024B0146186800F0AFBC00BFC1
:10A08000B819002001F10B03162B2DE9F04F0746FC
:10A0900083B023D8102900F2AF8000F0AFFA10256A
:10A0A00018230220BA4E33445C68A3F1080294429C
:10A0B00000F056816368384623F00303D4E90212A6
:10A0C0002344CA6091605A68083442F001025A6021
:10A0D00000F09AFA204603B0BDE8F08F002B23F081
:10A0E0000705C0F28980A94200F2868000F086FA56
:10A0F000B5F5FC7FC0F07B826B0A00F08480042BF6
:10A1000000F26281AB0903F1390003F1380EC3009C
:10A110009F4E3344A3F1080C5C68A44507D10DE0C1
:10A12000002AE16880F216818C450C4606D06368EF
:10A1300023F003035A1B0F2AF2DD7046DFF8688212
:10A140003469444500F0F280636823F0030CACEB03
:10A1500005030F2B00F37481002BC6E9048880F2FD
:10A160006381BCF5007FD6F804E080F0FF804FEA01
:10A17000DC0301224FEA5C1C013302FA0CF256F8B0
:10A1800033104EEA020E06EBC302083AC6F804E0AA
:10A19000C4E9021246F83340CC6083104FF0010C42
:10A1A0000CFA03FCF44534D81CEA0E0F07D120F05A
:10A1B00003004FEA4C0C04301CEA0E0FF9D006EBFA
:10A1C000C00A8146D646DEF80C300BE05A681C46C1
:10A1D000DB6822F00302511B0F2900F301810029E3
:10A1E00080F215819E45F1D109F101090EF1080EA9
:10A1F00019F0030FE7D158E10C233B6000242046FF
:10A2000003B0BDE8F08F4FF4007340204FF03F0ED5
:10A210007EE7B468636823F00309A945A9EB050349
:10A2200002D30F2B00F385805A4B08201B6803F1E3
:10A23000100804EB0903009300F0C2FA564AA84440
:10A2400083461368013305D008F1FF384342804448
:10A2500003EA08084146384600F096FAB0F1FF3F9D
:10A2600082464D4A00F0078104EB0903834200F265
:10A2700000814A4B0BF1FF3C18684044186000F025
:10A2800064811168013100F06C8104EB0902AAEBD2
:10A29000020202441A601AF00702CDE9002300F01E
:10A2A0002781C2F10802384692445A44D04408EA51
:10A2B0000C01521A02EA0C0B594600F065FA421CD6
:10A2C000019B00F06A81A0EB0A0000EB0B08186804
:10A2D00048F00102B442C6F808A05844CAF8042065
:10A2E000186017D0B9F10F0F40F23E816168A9F1F3
:10A2F0000C024FF0050C22F0070201F0010111439E
:10A300000F2A616004EB0201C1E901CC00F24D812A
:10A31000DAF80420224B54461968814238BF18608D
:10A32000204B1968814238BF1860A6E0D6F804E0D7
:10A3300033E7621945F0010543F00103083444F89E
:10A34000045C3846B260536000F05EF9204603B00A
:10A35000BDE8F08FA26823443846D1608A60B2E637
:10A36000DC68A3427FF4A6AE0230E7E6BCF5206FBE
:10A370004FEA5C2276D3142A00F2CD8002F15C030E
:10A380005B32DB00F118F3580839994211D1A5E08E
:10A39000B01500207C1D0020A81500204C1D0020B9
:10A3A000741D0020781D0020B81500209B6899427C
:10A3B00004D05A6822F003026245F7D8D968C4E98C
:10A3C00002318C60DC60E8E6142B63D9542B00F278
:10A3D000AB802B0B03F16F0003F16E0EC30097E609
:10A3E000D4F808C03846671945F001056560CCF817
:10A3F0000C30C3F808C041F00103C6E90477C7E98F
:10A4000002887B60A150083400F0FEF8F7E6224491
:10A410003846516841F00101516054F8082FD3606B
:10A420009A6000F0F1F8EAE6A44438460834DCF813
:10A43000043043F00103CCF8043000F0E5F8DEE628
:10A44000621943F0010145F0010538466560C6E92F
:10A450000422C2E90288516044F80C30083400F04C
:10A46000D3F8CCE64FEA9C1202F139033832DB0014
:10A4700088E7B44262D0B468626822F00308A84555
:10A48000A8EB050302D30F2B3FF753AF384600F07C
:10A49000BBF8B3E603F15C0003F15B0EC30037E6E3
:10A4A0005AF80839534540F0A08010F0030F00F12E
:10A4B000FF30F5D1736823EA0C0373604FEA4C0C4C
:10A4C0000CF1FF329A4204D3A3E64FEA4C0C09F197
:10A4D00004091CEA030FF8D0484670E692104FF0CA
:10A4E000010C0CFA02F24EEA020EC6F804E066E72E
:10A4F0000AEB0802384602EA0C02ABEB020B0BEA4D
:10A500000C0B594600F040F9431C019B7FF4DBAE75
:10A51000DDF800B0DBE6542A2AD84FEA1C3202F1FB
:10A520006F036E32DB002DE7B3F5AA7F2AD8EB0B61
:10A5300003F1780003F1770EC300E9E52E4B0BF130
:10A54000FF3C1868404418609BE61AEA0C0F7FF441
:10A5500098AEC844D6F808A048F00102CAF8042012
:10A56000D8E6C2F800A096E60123CAF804308DE7C9
:10A57000B2F5AA7F24D84FEADC3202F178037732B1
:10A58000DB00FFE640F25452934224D8AB0C03F1B7
:10A590007D0003F17C0EC300BAE5009A4FF0000B7A
:10A5A000083A9044A8EB0A0891E6384604F10801FD
:10A5B000009300F013FA009BD6F808A01868A7E6ED
:10A5C00040F254539A420CD84FEA9C4202F17D0368
:10A5D0007C32DB00D6E64FF47E737F204FF07E0E98
:10A5E00096E54FF47E737E22CCE6736866E7E80852
:10A5F00005F1080356E500BF4C1D0020014800F09E
:10A60000DBB800BF481D0020014800F0D7B800BFEC
:10A61000481D0020830730B546D08418844604E0E6
:10A6200003F8011B9D0704D09C46A4456346F7D15F
:10A6300030BD013A0244A2EB0C02032A29D9CCB264
:10A640000F2A04EB042404EB04442FD9A2F1100CCC
:10A6500003F110052CF00F0CAC44C3E90044C3E92E
:10A66000024410336345F8D112F00C0F02F00F0EC4
:10A6700018D02EF0030CAEF104051A469C4442F8A3
:10A68000044B6245FBD125F0030404330EF00302B2
:10A690002344002ACCD0C9B21A4403F8011B9342C8
:10A6A000FBD130BD7246F4E70346C6E79646E0E7C5
:10A6B00082B30B4630B540EA01048646A40717D1A1
:10A6C000032A07D814E0043A22D01CF0803F1FD19F
:10A6D000032A23D9DEF80040194653F8045B70467C
:10A6E000A4F1013C0EF1040EAC422CEA040CEAD0B9
:10A6F0000378013A0C78A3420ED1024406E03BB144
:10A7000010F8013F11F8014FA34205D19042F6D154
:10A71000002030BD10467047181B30BD70461946EA
:10A72000E6E700BF40EA01039B0730B501D1032AE9
:10A7300017D8844601F1FF3E07E01EF8011F541EA2
:10A7400003F8011B29B122469C466346002AF4D136
:10A7500030BD002CFCD0944403F8011B6345FBD1B1
:10A7600030BD0C468446256821460434A5F10133EA
:10A7700023EA050313F0803FDCD1043A4CF8045B74
:10A78000032AF0D82146D5E738B50022064D044605
:10A7900008462A60FAF7C4F8431C00D038BD2B687D
:10A7A000002BFBD0236038BD08250020014B186822
:10A7B000704700BFB8190020704700BF704700BF46
:10A7C000082802D14FF48050704708B5FFF7EEFF1C
:10A7D000162203464FF0FF301A6008BD844641EA56
:10A7E000000313F0030349D1403A23D30B680360FD
:10A7F0004B6843608B688360CB68C3600B690361FF
:10A800004B6943618B698361CB69C3610B6A0362E6
:10A810004B6A43628B6A8362CB6AC3620B6B0363CE
:10A820004B6B43638B6B8363CB6BC36340304031B3
:10A83000403ADBD230320BD30B6803604B68436085
:10A840008B688360CB68C36010301031103AF3D24C
:10A850000C3205D351F8043B40F8043B043AF9D2DA
:10A86000043208D0D2071CBF11F8013B00F8013BAD
:10A8700001D30B8803806046704700BF082A13D3BA
:10A880008B07B1D010F00303AED0C3F10403D21A8A
:10A89000DB071CBF11F8013B00F8013BA4D331F8E2
:10A8A000023B20F8023B9FE7043AD9D3013A11F862
:10A8B000013B00F8013BF9D20B7803704B784370F1
:10A8C0008B7883706046704720F0030110F003001E
:10A8D000C0F1000051F8043B00F1040C4FEACC0C2D
:10A8E0006FF000021CBF22FA0CF213434FF0010C70
:10A8F0004CEA0C2C4CEA0C4CA3EB0C0222EA0302AF
:10A9000012EACC1204BF51F8043B0430F4D0C2F177
:10A91000000102EA0102B2FA82F2C2F11F0200EB68
:10A92000D20070472DE9F8430646DFF8AC800820D6
:10A930008946FFF745FF05463046FFF75FFED8F82A
:10A9400008305F6827F00307A7F11104A4EB09049E
:10A950002C44B4FBF5F4013C05FB04F4A54208DCEF
:10A9600000213046FFF710FFD8F808303B449842EA
:10A9700005D03046FFF748FE0020BDE8F88361426D
:10A980003046FFF701FF01300FD03F1B104AD8F8C7
:10A990000830304647F001075F6013681B1B1360E7
:10A9A000FFF732FE0120BDE8F88300213046FFF7B3
:10A9B000EBFED8F80820831A0F2BDADD43F00103F1
:10A9C00003495360034B1B68C01A0860D1E700BFFE
:10A9D0004C1D0020A8150020B015002000295AD0D9
:10A9E000F8B50C460746FFF709FE734D54F804CC42
:10A9F000A4F10802A8682CF001030CF0010ED11894
:10AA00004E68884226F003067CD088194E60406864
:10AA100000F00100BEF1000F2ED154F8084C05F1F2
:10AA2000080C121B23449468644560D0D2F80CE0F3
:10AA3000C4F80CE0CEF8084000287DD043F00100B7
:10AA400050600B60B3F5007F2ED25809D90801235E
:10AA5000834068680131034355F831006B6005EBB2
:10AA6000C103083BC2E9020345F83120C260384601
:10AA7000BDE8F840FFF7C8BD70B9334405F1080CD4
:10AA8000886843F0010460456ED0C968C160886081
:10AA90005460D350D6E770474CF00101B3F5007F06
:10AAA00044F8041CD350D0D3B3F5206F4FEA5321A0
:10AAB00044D2990901F1390001F13804C100681844
:10AAC00069580838884203D155E08968884204D023
:10AAD0004C6824F003049C42F7D8C868C2E902100D
:10AAE00082603846CA60BDE8F840FFF78DBD80BB84
:10AAF0001E44D1E90213CB60996046F00103536014
:10AB00009651B4E71E44BEF1000F07D154F8083C3B
:10AB1000D21A1E44D2E90213CB60996046F00103B9
:10AB20005360264BAA601B68B342A0D8244B38461A
:10AB30001968FFF7F7FE9AE73344A1E714290DD906
:10AB400054291FD8190B01F16F0001F16E04C100E7
:10AB5000B5E743F0010050600B6088E701F15C004D
:10AB600001F15B04C100AAE7C5E90422C2E902CCF5
:10AB70005460D3507BE7A4100123A3406C682343A7
:10AB80006B60ABE7B1F5AA7F06D8D90B01F178006D
:10AB900001F17704C10092E740F25450814206D897
:10ABA000990C01F17D0001F17C04C10087E74FF4AD
:10ABB0007E717E2483E700BFB0150020AC15002015
:10ABC0007C1D0020F8B500BF5FF800F035020020C2
:10ABD0005FF800F00D0B00205FF800F099100020E6
:10ABE0005FF800F0491100205FF800F06D020020CE
:10ABF0005FF800F0950A00205FF800F0C90A002015
:10AC00005FF800F0CD0100205FF800F0A9020020FD
:10AC10005FF800F06D0A00205FF800F011010020DD
:10AC2000092E00107D2D0010B12D0010552E0010A2
:10AC3000E92D0010012D0010312E0010ED2C001018
:10AC400045200010352E0010092400104D2D001055
:10AC50001D2E0010CD2D00102D1A0010551A0010B9
:0CAC6000190200108D510010A599001081
:10AC70004D65646963696F6E20656E2063757273DC
:10AC80006F000000252D323073000000523A20255D
:10AC90002D3464204F484D20202000005620656E42
:10ACA00074726164613A20252D352E32662056007B
:10ACB000436F727269656E74653A20252D34642085
:10ACC0006D410000434F4E4649472056204D4158A4
:10ACD00000000000434F4E4649472049204D41584F
:10ACE00000000000434F4E4649472056204D494E34
:10ACF00000000000434F4E4649472049204D494E31
:10AD000000000000434F4E464947205449454D50EE
:10AD10004F00000025303364207365670000000099
:10AD20002532642E2531642056000000253033641E
:10AD3000206D4100434F4E46494720522532640062
:10AD400025303464204F484D00000000434F4E46EC
:10AD500049472047554152444144410047554152DB
:10AD60004441444F202D2049443A202564202000AE
:10AD700056616C6F723A20252E3166205600000015
:10AD800056616C6F723A202564206D41000000000E
:10AD900056616C6F723A202564207365670000006D
:10ADA00056616C6F723A202564204F484D000000B8
:10ADB000414C41524D410000253032642F25303244
:10ADC000642F253034640000253032643A25303257
:10ADD000643A253032640000496E69740000000056
:10ADE000526573697374656E636961730000000076
:10ADF0004C434400456570726F6D0000436F6E6692
:10AE00006967000053656E7361646F00436F6E7411
:10AE1000726F6C00444143000A2A2A2A2050414E96
:10AE20004943202A2A2A0A000A0000004E6F207394
:10AE300070696E6C6F636B732061726520617661FF
:10AE4000696C61626C6500004E6F207573657220DD
:10AE5000495251732061726520617661696C61624B
:10AE60006C650000486172647761726520616C6195
:10AE7000726D20256420616C726561647920636C59
:10AE800061696D65640000004861726420617373DC
:10AE9000657274004F7574206F66206D656D6F72FA
:10AEA0007900000052656C6561736500626F6F74B4
:10AEB000325F77323571303830000000302E31008B
:10AEC000322E312E310000007069636F32000000B5
:10AED0006669726D776172650000000041756720D8
:10AEE0003132203230323500666E692B00000000AE
:10AEF000666E69006E616E00666E692D000000006E
:10AF000055534220737464696E202F207374646FEC
:10AF100075740000526173706265727279205069B5
:10AF2000000000005069636F00000000426F617212
:10AF300064204344430000005265736574000000C0
:10AF4000556E68616E646C6564204952512030789A
:10AF500025780A00657020253032582077617320EB
:10AF6000616C726561647920617661696C61626CA3
:10AF70006500000043616E277420636F6E74696E14
:10AF800075652078666572206F6E20696E616374E6
:10AF9000697665206570202530325800546D7251F5
:10AFA00000000000546D722053766300060052507A
:10AFB000D3F07542A4AE001006005250E182887FA3
:10AFC000ACAE0010060052503ABCA911BCAE001045
:10AFD00006005250ABB36053C0AE00100600525092
:10AFE000BBFF3CB6C8AE001006005250861C0302E0
:10AFF000D0AE0010060052505422A29DDCAE0010CC
:10B0000005005250DE65F46868CC001000000000B6
:10B01000000000000000F03F00000000000024409D
:10B0200000000000000059400000000000408F4078
:10B03000000000000088C34000000000006AF840E3
:10B040000000000080842E4100000000D012634107
:10B050000000000084D797410000000065CDCD417D
:10B060000D0A000000000000094C00100000000064
:10B070000D4C0010194C0010454C0010414C0010B4
:10B08000000000000A00000000000306A6000800FF
:10B09000020002009C001400030057494E55534221
:10B0A000000000000000000000008000040001001B
:10B0B00028004400650076006900630065004900CF
:10B0C0006E00740065007200660061006300650038
:10B0D000470055004900440000004E007B0062001C
:10B0E00063003700330039003800630031002D0061
:10B0F00037003300630064002D00340063006200F9
:10B1000037002D0039003800620038002D0039006A
:10B1100031003300610038006600630061003700D1
:10B120006200660036007D0000000000050F21006F
:10B13000011C100500DF60DDD88945C74C9CD26535
:10B140009D9E648A9F00000306A600010000000087
:10B150000600525053B4F4A100AF001000000000EC
:10B1600014AF001024AF00101C2A00202CAF0010D8
:10B1700038AF001009025400030100807D080B0065
:10B18000020202000009040000010202000405247A
:10B190000020010524010001042402060524060004
:10B1A000010705810308001009040100020A0000DC
:10B1B0000007050202400000070582024000000966
:10B1C00004020000FF00010512011002EF0201401D
:10B1D0008A2E0900000101020301000000000000A6
:10B1E00041650010B1650010E16500102D6600108A
:10B1F000ED660010AD6700100000000000000000C8
:10B20000A5680010016900101D6900104169001057
:10B210009D4C0010356A0010000000000000000086
:10B220004000000014000000540000000500000071
:08B23000ACF5FF7F01000000F6
:10B23800ACAF0010B8AF0010C4AF0010D0AF001012
:10B24800DCAF0010E8AF0010F4AF001000B0001041
:04B2580050B10010E1
:10B25C00034600B50268EFF3108C72B6D2E8CFEF5C
:10B26C000120BEF1000FF9D1C2E84E0FBEF1000F64
:10B27C00F4D1BFF35F8F93F90420002A0ADB01B1EC
:10B28C000A60002000221B68C3E88F2F8CF3108803
:10B29C005DF804FB4FF05042126801201A71F1E77F
:10B2AC004FF050412DE9F0410027044616461D464B
:10B2BC00D1F8008008E0C1E88F7F8CF3108830460D
:10B2CC00294601F0B1F9E8B92168EFF3108C72B698
:10B2DC00D1E8CF2F0123002AFAD1C1E8423F002A3E
:10B2EC00F6D1BFF35F8F94F904302168002BE2DABA
:10B2FC00002384F80480C1E88F3F8CF31088012070
:10B30C00BDE8F0810020BDE8F08100BF30B50468D5
:10B31C00EFF3108C72B6D4E8CFEF0125BEF1000F1D
:10B32C00F9D1C4E84E5FBEF1000FF4D1BFF35F8FCB
:10B33C0090F904400568002C10DB0021C5E88F1F34
:10B34C008CF310884FF0504595F90050A54201D16F
:10B35C00084630BDBDE83040FFF7A2BF4FF0504269
:10B36C00126800230271C5E88F3F8CF3108801200E
:10B37C0030BD00BF70B505460C4601F04DF90246D4
:10B38C000B464FF47A704FF0FF3E6FF0004CE4FB2D
:10B39C00002396457CEB030138BF72462846BDE876
:10B3AC00704038BF6346FFF77BBF00BF0368EFF305
:10B3BC00108272B6D3E8CFCF0121BCF1000FF9D1C6
:10B3CC00C3E84C1FBCF1000FF4D1BFF35F8F4FF0FB
:10B3DC00FF0C0023016880F804C0C1E88F3F82F3A2
:10B3EC00108840BF704700BF002108B5134B4FF4C5
:10B3FC00707299601248D960196159619961D9616B
:10B40C00196259629962D962196359639963D96354
:10B41C00196459649964D964196559659965D96534
:10B42C00196659669966D966196759679967D96714
:10B43C0001F0EAF8034B044A1A6008BD00001050F2
:10B44C005425002020290020800110502DE9F04FB8
:10B45C001F4B85B0D3F858A0BAF1000F22D00024AE
:10B46C0001254FF4E069DFF870801A4F01E0202CC1
:10B47C0018D00AEA0502611C2346AB46CCB26D001B
:10B48C00002AF4D004F0010203F0FE06164407EB88
:10B49C0046163046C8F858B000F00AFC28B93AEA0B
:10B4AC000B0AE4D105B0BDE8F08F00238DF809300C
:10B4BC00B37801A88DF80830F38A0121ADF8049017
:10B4CC00039300F013FC304600F098FBE7E700BF55
:10B4DC00000011501425002000301150F0B5BB4B6A
:10B4EC0085B0D3F8985015F4003674D0B84BB94CDD
:10B4FC00996A94F83B30B84A022B116000F0D48062
:10B50C00002694F87B30022B00F03B8194F8BB3082
:10B51C00022B00F07D8194F8FB30022B00F06C8143
:10B52C0094F83B31022B00F0448194F87B31022BD0
:10B53C0000F0338194F8BB31022B00F0B68194F803
:10B54C00FB31022B00F0A68194F83B32022B00F069
:10B55C00968194F87B32022B00F0868194F8BB32F2
:10B56C00022B00F0768194F8FB32022B00F06681FE
:10B57C0094F83B33022B00F0568194F87B33022B6A
:10B58C0000F0A48094F8BB33022B00F0998194F85E
:10B59C00FB33022B00F0B4803EB9904B1B7823B9DF
:10B5AC004FF400328E4BC3F890204FF44072874B0F
:10B5BC0001219B6C01A8C3F30A03ADF8042002938C
:10B5CC0000F094FBEA064FF40036864C07D5FFF7E3
:10B5DC003DFF264603E0EA064FF01004F7D4EB03D8
:10B5EC0022D57C4C46F48036A37E002B40F099800B
:10B5FC00012394F83A20E370002A40F0AD80012337
:10B60C004FF4C061784A84F82330ADF8041092E806
:10B61C00030004AA02E90300194601A800F066FB26
:10B62C004FF400326E4B1A65E90408D46A041DD439
:10B63C002B042AD4AE4240F0C58105B0F0BD0024E5
:10B64C00624B46F480561C60FFF7CEFE4FF48073BD
:10B65C00012101A8ADF804308DF8084000F046FB3C
:10B66C004FF400225E4B1A656A04E1D54FF48063F7
:10B67C00012101A8ADF8043000F038FB1022584B22
:10B68C0046F480461A652B04D4D54FF4A0630121EF
:10B69C0001A8ADF8043000F029FB4FF40062504BC8
:10B6AC0046F400461A65C5E794F83A60002E3FF45C
:10B6BC0028AF94F83C30002B3FF423AF002304F167
:10B6CC00200084F83C3000F0C1FA1AE794F87A7341
:10B6DC00002F3FF457AF94F87C33002B40F064817B
:10B6EC0094F8BB33022B40F0F48094F8BA33002B5F
:10B6FC0040F0EB8094F8FB33022B7FF456AF3E46C0
:10B70C0094F8FA33002B3FF447AF94F8FC33002B3A
:10B71C003FF44BAF0023354884F8FC3300F096FA25
:10B72C0043E70221324B294A1966536E9F07FCD519
:10B73C004FF440520021274800F066FA254800F0EB
:10B74C005DFA0222264B5A661A66012394F83A20B7
:10B75C00E370002A3FF453AF254A1366A2F500525A
:10B76C00536ED807FCD54FF440520021214800F00D
:10B77C004BFA204800F042FA0122194B5A661A661D
:10B78C003DE794F87A70002F3FF4C0AE94F87C300B
:10B79C00002B40F001813E46B8E694F87A71002FF8
:10B7AC003FF4C8AE94F87C31002B40F0ED803E465F
:10B7BC00C0E694F83A71002F3FF4B7AE94F83C31E0
:10B7CC00002B40F0D9803E46AFE600BF0000115080
:10B7DC0000000B401425002004250020FF2A002027
:10B7EC00003011501000020000001050F42800200E
:10B7FC00002011503425002094F8FA70002F3FF4EB
:10B80C008FAE94F8FC30002B40F08E803E4687E6DD
:10B81C0094F8BA70002F3FF47EAE94F8BC30002B35
:10B82C007AD13E4677E694F83A73002F3FF4A5AEF2
:10B83C0094F83C33002B57D13E469EE694F8FA72AE
:10B84C00002F3FF495AE94F8FC32002B5CD13E46B1
:10B85C008EE694F8BA72002F3FF485AE94F8BC32A1
:10B86C00002B49D13E467EE694F87A72002F3FF4C5
:10B87C0075AE94F87C32002B76D13E466EE694F889
:10B88C003A72002F3FF465AE94F83C32002B63D132
:10B89C003E465EE694F8FA71002F3FF455AE94F8EC
:10B8AC00FC31002B50D13E464EE694F8BA71002F75
:10B8BC003FF445AE94F8BC31002B3DD13E463EE6FC
:10B8CC0094F8BA33002B3FF462AE94F8BC33002BDF
:10B8DC0071D194F8FB33022B7FF467AE94F8FA33F2
:10B8EC00002B3FF462AE10E70023394884F83C3358
:10B8FC003E4600F0ABF940E60023364884F8BC32F3
:10B90C003E4600F0A3F92EE60023334884F8FC32BF
:10B91C003E4600F09BF92BE60023304884F8BC30FF
:10B92C003E4600F093F9F6E500232D4884F8FC30F0
:10B93C003E4600F08BF9F3E500232A4884F8BC312D
:10B94C003E4600F083F9FAE50023274884F8FC31E1
:10B95C003E4600F07BF9F7E50023244884F83C329E
:10B96C003E4600F073F9F4E50023214884F87C325C
:10B97C003E4600F06BF9F1E500231E4884F83C319B
:10B98C003E4600F063F9D0E500231B4884F87C3177
:10B99C003E4600F05BF9CDE50023184884F87C3076
:10B9AC003E4600F053F9B1E50023154884F87C338A
:10B9BC0000F04CF994E60023124884F8BC3300F0F4
:10B9CC0045F986E7104886EA050100F031FE00BF14
:10B9DC0034280020B4270020F4270020B4250020B0
:10B9EC00F4250020B4260020F42600203427002063
:10B9FC007427002034260020742600207425002093
:10BA0C0074280020B428002040AF00102DE9F04726
:10BA1C00848A058BC278A54228BF2546171E18BFFD
:10BA2C000127641B467882F00102A4B20346C2705F
:10BA3C00848245F4806040EA4730A6BBD3E90326F4
:10BA4C006F1E02EB811E55B3052F98BF721C31D9A6
:10BA5C0002EB811C721CACEB0204022C2AD932467C
:10BA6C004FEA95094FEA890A06EB890852F8044B0C
:10BA7C0042454CF8044BF9D15545A7EB0A070EEBA0
:10BA8C000A040AD016F829600EF829602FB15678EE
:10BA9C00012F667001D09278A2701E699C8A2E4488
:10BAAC001E6140F400400CB940F4804001B1000428
:10BABC00BDE8F0870EF1FF3E2E4400E0013212F893
:10BACC00014CB2420EF8014FF8D1E6E7836802460A
:10BADC00186801B1000C5378C0F30900002B3CD05E
:10BAEC002DE9F041D2E90334461E03EB811E40B32D
:10BAFC00052E3BD989014D1C1D44651B022D35D9E2
:10BB0C007346214600F47F774FEA9008FD1853F8EE
:10BB1C0004CBAB4241F804CBF9D1B842A6EB0706F3
:10BB2C0004EB07030EEB07010AD01EF8285004F8AB
:10BB3C0028502EB14C78012E5C7001D08978997008
:10BB4C001469D38A04440344D382138B1461834253
:10BB5C0084BF00239382BDE8F081D38A0344D3824F
:10BB6C00138B834284BF002393827047013C0EEBFE
:10BB7C0000011EF8013B714504F8013FF9D1DFE7E4
:10BB8C0010B50446836800211B68FFF79FFF6368AC
:10BB9C001B685B0002D5238B834200D010BD20466E
:10BBAC00BDE810400121FFF791BF00BF084B1B6C93
:10BBBC0013F0020302D18278D20901D10020704720
:10BBCC00C07EA0F10200B0FA80F04009704700BFBF
:10BBDC000000115008B5FFF7E9FF50B1054A064BBC
:10BBEC00906A1B68A0F54870C01AC6288CBF00204C
:10BBFC00012008BD00000B40042500200023C0E9F3
:10BC0C0004338376704700BF10B5836809B11C6894
:10BC1C00214082B1114352050DD51A6854050CD43C
:10BC2C00084A21F480641C60126C920703D40C2324
:10BC3C00033BFDD28368196010BD8178024800F087
:10BC4C00F7FC00BF0000115054AF001030B5436832
:10BC5C00002183B004461D68FFF7D8FE134B40F457
:10BC6C008052196CA37889070ED55B060ED025F08F
:10BC7C00A04545F000550021204663681D6003B0C7
:10BC8C00BDE83040FFF7C0BFDB09F0D0A38A002B22
:10BC9C00EDD0012120460192FFF7B8FE019A25F064
:10BCAC000055024345F0A045E5E700BF00001150E8
:10BCBC0038B5857E044695B1FFF762FFA38A0BB9B0
:10BCCC00284638BD2046FFF785FF20B10123237796
:10BCDC000025284638BD2046FFF7B8FFF8E78178E5
:10BCEC00014800F0A5FC00BF74AF00102DE9F04333
:10BCFC0043788146023B0D4685B0042B13D8DFE810
:10BD0C0003F0034A6A73440000217B4B1A7822F03B
:10BD1C0001021A701A7822F002021A7059701A78FD
:10BD2C0061F382021A70754B1C686369EFF3108221
:10BD3C0072B6D3E8CF0F01210028FAD1C3E8401F17
:10BD4C000028F6D1BFF35F8FA2614946204600F070
:10BD5C0067FC00236269C2E88F3FA36983F31088F4
:10BD6C0048B94FF0E023D3F8F03DDB070AD500BE0D
:10BD7C0005B0BDE8F0832A4699F8011099F8000047
:10BD8C0000F046FC05B0BDE8F0835D4A1378013342
:10BD9C00DBB21370C7E700245A4E23463178DFF824
:10BDAC006C81594F11E03B6813EB441307D0DB69EE
:10BDBC002BB1D9F8041099F8000098473178013468
:10BDCC00E4B24A1CA242234617DBA142EBD85B1A11
:10BDDC0008EB4313EBE7484B1A78D607D2D51A7801
:10BDEC0042F004021A709EE7434B1A78D407C9D567
:10BDFC001A7822F004021A7095E73F4C2378580702
:10BE0C003AD4E378DA07BDD5032300263B4A99F8E8
:10BE1C0000101468D9F804208DF804108DF8053042
:10BE2C006369CDF80660CDF80A60ADF80E60029239
:10BE3C00EFF3108272B6D3E8CF0F01210028FAD1AC
:10BE4C00C3E8401F0028F6D1BFF35F8F2046A261E4
:10BE5C0001A900F0E5FB6369C3E88F6FA36983F365
:10BE6C00108800283FF47DAF2A469DF805109DF8F8
:10BE7C00040000F0CDFB85E72378002723F00403B2
:10BE8C00237005231D4A8DF80530166899F800209B
:10BE9C00ADF80E708DF804207369CDF80670CDF8EE
:10BEAC000A70EFF3108272B6D3E8CF0F012100288D
:10BEBC00FAD1C3E8401F0028F6D1BFF35F8F30469C
:10BECC00B26101A900F0ACFB7369C3E88F7FB36961
:10BEDC0083F3108838B94FF0E023D3F8F03DD9073D
:10BEEC008FD500BE8DE72A469DF805109DF80400FD
:10BEFC0000F08EFB85E700BF88200020E0200020AA
:10BF0C00002B0020FE2A0020B81E0020DCB10010FF
:10BF1C0081F0004102E000BF83F0004330B54FEAEE
:10BF2C0041044FEA430594EA050F08BF90EA020F5B
:10BF3C001FBF54EA000C55EA020C7FEA645C7FEAEE
:10BF4C00655C00F0E2804FEA5454D4EB5555B8BF11
:10BF5C006D420CDD2C4480EA020281EA030382EA82
:10BF6C00000083EA010180EA020281EA0303362D14
:10BF7C0088BF30BD11F0004F4FEA01314FF4801CE7
:10BF8C004CEA113102D0404261EB410113F0004FF9
:10BF9C004FEA03334CEA133302D0524263EB4303B0
:10BFAC0094EA050F00F0A780A4F10104D5F1200E4E
:10BFBC000DDB02FA0EFC22FA05F2801841F10001A9
:10BFCC0003FA0EF2801843FA05F359410EE0A5F17D
:10BFDC0020050EF1200E012A03FA0EFC28BF4CF0AE
:10BFEC00020C43FA05F3C01851EBE37101F0004564
:10BFFC0007D54FF0000EDCF1000C7EEB00006EEB71
:10C00C000101B1F5801F1BD3B1F5001F0CD34908FA
:10C01C005FEA30004FEA3C0C04F101044FEA445251
:10C02C0012F5800F80F09A80BCF1004F08BF5FEAD8
:10C03C00500C50F1000041EB045141EA050130BDB8
:10C04C005FEA4C0C404141EB0101013C28BFB1F5CA
:10C05C00801FE9D291F0000F04BF01460020B1FA15
:10C06C0081F308BF2033A3F10B03B3F120020CDAE8
:10C07C000C3208DD02F1140CC2F10C0201FA0CF0C6
:10C08C0021FA02F10CE002F11402D8BFC2F1200C2B
:10C09C0001FA02F120FA0CFCDCBF41EA0C019040E1
:10C0AC00E41AA2BF01EB0451294330BD6FEA04042A
:10C0BC001F3C1CDA0C340EDC04F11404C4F1200215
:10C0CC0020FA04F001FA02F340EA030021FA04F327
:10C0DC0045EA030130BDC4F10C04C4F1200220FA7E
:10C0EC0002F001FA04F340EA0300294630BD21FABC
:10C0FC0004F0294630BD94F0000F83F4801306BF82
:10C10C0081F480110134013D4EE77FEA645C18BF75
:10C11C007FEA655C29D094EA050F08BF90EA020F0C
:10C12C0005D054EA000C04BF1946104630BD91EA04
:10C13C00030F1EBF0021002030BD5FEA545C05D107
:10C14C004000494128BF41F0004130BD14F5800446
:10C15C003CBF01F5801130BD01F0004545F0FE41BA
:10C16C0041F470014FF0000030BD7FEA645C1ABFEF
:10C17C00194610467FEA655C1CBF0B46024650EA26
:10C18C00013406BF52EA033591EA030F41F4002152
:10C19C0030BD00BF90F0000F04BF0021704730B5D8
:10C1AC004FF4806404F132044FF000054FF00001AD
:10C1BC0050E700BF90F0000F04BF0021704730B56E
:10C1CC004FF4806404F1320410F0004548BF404243
:10C1DC004FF000013EE700BF42004FEAE2014FEA98
:10C1EC0031014FEA02701FBF12F07F4393F07F4F73
:10C1FC0081F06051704732F07F4208BF704793F076
:10C20C007F4F04BF41F40021704730B54FF4607488
:10C21C0001F0004521F000411CE700BF50EA01028B
:10C22C0008BF704730B54FF000050AE050EA010234
:10C23C0008BF704730B511F0004502D5404261EBA4
:10C24C0041014FF4806404F132045FEA915C3FF4E5
:10C25C00D8AE4FF003025FEADC0C18BF03325FEA82
:10C26C00DC0C18BF033202EBDC02C2F1200300FA33
:10C27C0003FC20FA02F001FA03FE40EA0E0021FA58
:10C28C0002F11444BDE600BF53B94AB9002908BFF6
:10C29C0000281CBF4FF0FF314FF0FF3000F0B2B957
:10C2AC00ADF1080C6DE904CE00F006F8DDF804E001
:10C2BC00DDE9022304B070472DE9F04F8C46099E4E
:10C2CC0004460F46002B48D18A4215465ED9B2FA75
:10C2DC0082F33BB1C3F120029F409D409C4020FA69
:10C2EC0002F217434FEA154E1FFA85FC220CB7FBDE
:10C2FC00FEF10EFB117701FB0CF042EA0742904273
:10C30C0007D9AA1801F1FF3702D2904200F25881E6
:10C31C003946121AA4B2B2FBFEF00EFB102200FB3F
:10C32C000CFC44EA0244A4450BD92C1900F1FF3251
:10C33C002CBF01270027A44502D9002F00F0438110
:10C34C00104640EA0140A4EB0C0400211EB1DC4075
:10C35C000023C6E90043BDE8F08F8B4206D90EB12D
:10C36C00C6E9000100210846BDE8F08FB3FA83F15D
:10C37C00002951D16345C0F01681824240F21381ED
:10C38C000846002EE7D0C6E90047E4E7002A00F093
:10C39C00AF80B2FA82F3002B40F0C2808A1A4FEAC7
:10C3AC00154EAFB20121200CB2FBFEFC0EFB1C2281
:10C3BC0040EA024207FB0CF090420ED9AA180CF18D
:10C3CC00FF382CBF4FF001094FF00009904203D900
:10C3DC00B9F1000F00F0F080C446121AA4B2B2FBFF
:10C3EC00FEF00EFB102200FB07F744EA0244A742C2
:10C3FC000ED92C1900F1FF322CBF4FF0010E4FF06B
:10C40C00000EA74203D9BEF1000F00F0D2801046F7
:10C41C00E41B40EA0C4099E7C1F120058B400CFA73
:10C42C0001F400FA01F922FA05F72CFA05FC8A400E
:10C43C001F4320FA05F3380C23431FFA87FE1C0C0C
:10C44C00BCFBF0F800FB18CC44EA0C4408FB0EFCD7
:10C45C00A4450ED93C1908F1FF3A2CBF4FF0010B43
:10C46C004FF0000BA44503D9BBF1000F00F0B880CE
:10C47C00D046A4EB0C041FFA83FCB4FBF0F300FBD6
:10C48C00134403FB0EFE4CEA0444A6450ED93C199A
:10C49C0003F1FF302CBF4FF0010C4FF0000CA64500
:10C4AC0003D9BCF1000F00F09F80034643EA08401B
:10C4BC00A4EB0E04A0FB02EC64457346E04602D3E9
:10C4CC0007D1F14505D2BEEB02036CEB070C01382A
:10C4DC00E0465EB1B9EB030264EB080404FA05F51F
:10C4EC0022FA01F3CC401D43C6E90054002132E787
:10C4FC0042082F464B08AC4642EAC172AE46C4070E
:10C50C00110C92B241EA034142EA0142B1FBF5F14E
:10C51C00B3FBF5F01F23A2EB0C0241EA004142E70A
:10C52C009D40C3F1200299409C402CFA02FC4FEA3A
:10C53C00154E20FA02F2AFB2BCFBFEF80A430EFB1A
:10C54C0018CC110C41EA0C4108FB07FC8C4550D966
:10C55C00691808F1FF302CBF4FF001094FF00009AA
:10C56C008C4502D9B9F1000F30D0A1EB0C01B1FB15
:10C57C00FEF808FB07FC0EFB181192B242EA0142CE
:10C58C00624534D2AA1808F1FF312CBF4FF00109D3
:10C59C004FF000096245BED2B9F1000FBBD1A8F132
:10C5AC0002012A44B7E7841A6CEB030201201746F8
:10C5BC00E7E62C4402382BE7ACF1020C2A440CE7DA
:10C5CC0002392A44A5E62C440238BAE6A5EB0C0C39
:10C5DC00A8F102006144B1FBFEF808FB07FCCAE7B6
:10C5EC00A8F102083C4444E7023B3C445EE7414668
:10C5FC0091E7A1EB0C014046B1FBFEF808FB07FCF0
:10C60C00B9E700BF704700BF5FF800F015A6001037
:10C61C005FF800F0AD5600105FF800F0352A0010FE
:10C62C005FF800F0857000105FF800F0ED28001046
:10C63C005FF800F0ED180010000800040101100074
:10C64C0000000000000001000000000000000000DD
:10C65C0000000200000000000000000000000300C9
:10C66C0000000000000000000000FF0000000000BF
:10C67C0001B5486801318E460047704609380149BA
:10C68C00884701BD551F001000000000000000008D
:10C69C00000000000000000000000000081B00204B
:10C6AC00594E0010054E00107D4D0010ED4C001041
:10C6BC000000000000010000E420002010000C002D
:10C6CC00000000000000000000000000000000005E
:10C6DC0000000000FF000000000009400000000006
:10C6EC00FF000000AAAAAAAAFFFFFFFF0000020099
:10C6FC000000000000000000B0150020B015002064
:10C70C00B8150020B8150020C0150020C015002059
:10C71C00C8150020C8150020D0150020D015002009
:10C72C00D8150020D8150020E0150020E0150020B9
:10C73C00E8150020E8150020F0150020F015002069
:10C74C00F8150020F8150020001600200016002017
:10C75C0008160020081600201016002010160020C5
:10C76C001816002018160020201600202016002075
:10C77C002816002028160020301600203016002025
:10C78C0038160020381600204016002040160020D5
:10C79C004816002048160020501600205016002085
:10C7AC005816002058160020601600206016002035
:10C7BC0068160020681600207016002070160020E5
:10C7CC007816002078160020801600208016002095
:10C7DC008816002088160020901600209016002045
:10C7EC009816002098160020A0160020A0160020F5
:10C7FC00A8160020A8160020B0160020B0160020A5
:10C80C00B8160020B8160020C0160020C016002054
:10C81C00C8160020C8160020D0160020D016002004
:10C82C00D8160020D8160020E0160020E0160020B4
:10C83C00E8160020E8160020F0160020F016002064
:10C84C00F8160020F8160020001700200017002012
:10C85C0008170020081700201017002010170020C0
:10C86C001817002018170020201700202017002070
:10C87C002817002028170020301700203017002020
:10C88C0038170020381700204017002040170020D0
:10C89C004817002048170020501700205017002080
:10C8AC005817002058170020601700206017002030
:10C8BC0068170020681700207017002070170020E0
:10C8CC007817002078170020801700208017002090
:10C8DC008817002088170020901700209017002040
:10C8EC009817002098170020A0170020A0170020F0
:10C8FC00A8170020A8170020B0170020B0170020A0
:10C90C00B8170020B8170020C0170020C01700204F
:10C91C00C8170020C8170020D0170020D0170020FF
:10C92C00D8170020D8170020E0170020E0170020AF
:10C93C00E8170020E8170020F0170020F01700205F
:10C94C00F8170020F817002000180020001800200D
:10C95C0008180020081800201018002010180020BB
:10C96C00181800201818002020180020201800206B
:10C97C00281800202818002030180020301800201B
:10C98C0038180020381800204018002040180020CB
:10C99C00481800204818002050180020501800207B
:10C9AC00581800205818002060180020601800202B
:10C9BC0068180020681800207018002070180020DB
:10C9CC00781800207818002080180020801800208B
:10C9DC00881800208818002090180020901800203B
:10C9EC009818002098180020A0180020A0180020EB
:10C9FC00A8180020A8180020B0180020B01800209B
:10CA0C00B8180020B8180020C0180020C01800204A
:10CA1C00C8180020C8180020D0180020D0180020FA
:10CA2C00D8180020D8180020E0180020E0180020AA
:10CA3C00E8180020E8180020F0180020F01800205A
:10CA4C00F8180020F8180020001900200019002008
:10CA5C0008190020081900201019002010190020B6
:10CA6C001819002018190020201900202019002066
:10CA7C002819002028190020301900203019002016
:10CA8C0038190020381900204019002040190020C6
:10CA9C004819002048190020501900205019002076
:10CAAC005819002058190020601900206019002026
:10CABC0068190020681900207019002070190020D6
:10CACC007819002078190020801900208019002086
:10CADC008819002088190020901900209019002036
:10CAEC009819002098190020A0190020A0190020E6
:10CAFC00A8190020A8190020C0190020000000006F
:10CB0C0000000000801D0020E81D0020501E0020A9
:10CB1C000000000000000000000000000000000009
:10CB2C0000000000000000000000000000000000F9
:10CB3C0000000000000000000000000000000000E9
:10CB4C0000000000000000000000000000000000D9
:10CB5C0000000000000000000000000000000000C9
:10CB6C0000000000000000000000000000000000B9
:10CB7C0000000000000000000000000000000000A9
:10CB8C000000000000000000000000000000000099
:10CB9C000000000000000000010000000000000088
:10CBAC000E33CDAB34126DE6ECDE05000B0000004D
:10CBBC000000000000000000000000000000000069
:10CBCC000000000000000000000000000000000059
:10CBDC000000000000000000000000000000000049
:10CBEC000000000000000000000000000000000039
:10CBFC000000000000000000000000000000000029
:10CC0C000000000000000000000000000000000018
:10CC1C000000000000000000000000000000000008
:10CC2C0000000000000000000000000000000000F8
:10CC3C0000000000000000000000000000000000E8
:08CC4C000000000000000000E0
:10CC5400D3DEFFFFFE010000FF010000E434FFFF0C
:04CC6400793512AB61
:040000051000014D99
:00000001FF
