
C:/Users/aleja/Desktop/Alee/Github/2025_td3_511_Gallo_Alejandro/1_ega/2_workspace/firmware/build/firmware.elf:     file format elf32-littlearm

Sections:
Idx Name          Size      VMA       LMA       File off  Algn
  0 .text         0000ac6c  10000000  10000000  00001000  2**3
                  CONTENTS, ALLOC, LOAD, READONLY, CODE
  1 .rodata       000005c0  1000ac70  1000ac70  0000bc70  2**3
                  CONTENTS, ALLOC, LOAD, READONLY, DATA
  2 .ARM.exidx    00000008  1000b230  1000b230  0000c230  2**2
                  CONTENTS, ALLOC, LOAD, READONLY, DATA
  3 .binary_info  00000024  1000b238  1000b238  0000c238  2**2
                  CONTENTS, ALLOC, LOAD, READONLY, DATA
  4 .ram_vector_table 00000110  20000000  20000000  0000f000  2**2
                  ALLOC
  5 .uninitialized_data 00000000  20000110  20000110  0000ec68  2**0
                  CONTENTS
  6 .data         000019f8  20000110  1000b25c  0000d110  2**3
                  CONTENTS, ALLOC, LOAD, READONLY, CODE
  7 .tdata        00000000  20001b08  20001b08  0000ec68  2**0
                  CONTENTS, ALLOC, LOAD, DATA, THREAD_LOCAL
  8 .tbss         00000000  20001b08  20001b08  00000000  2**0
                  ALLOC, THREAD_LOCAL
  9 .bss          00001000  20001b08  1000cc54  0000fb08  2**3
                  ALLOC
 10 .heap         00000800  20002b08  20002b08  0000ec68  2**2
                  CONTENTS, READONLY
 11 .scratch_x    00000000  20080000  20080000  0000f468  2**0
                  CONTENTS
 12 .scratch_y    00000000  20081000  20081000  0000f468  2**0
                  CONTENTS
 13 .stack_dummy  00000800  20081000  20081000  0000f480  2**5
                  CONTENTS, READONLY
 14 .flash_end    00000014  1000cc54  1000cc54  0000ec54  2**2
                  CONTENTS, ALLOC, LOAD, READONLY, DATA
 15 .ARM.attributes 00000034  00000000  00000000  0000fc80  2**0
                  CONTENTS, READONLY
 16 .comment      00000045  00000000  00000000  0000fcb4  2**0
                  CONTENTS, READONLY
 17 .debug_info   00049306  00000000  00000000  0000fcf9  2**0
                  CONTENTS, READONLY, DEBUGGING, OCTETS
 18 .debug_abbrev 0000bffb  00000000  00000000  00058fff  2**0
                  CONTENTS, READONLY, DEBUGGING, OCTETS
 19 .debug_loclists 00023436  00000000  00000000  00064ffa  2**0
                  CONTENTS, READONLY, DEBUGGING, OCTETS
 20 .debug_aranges 00001b40  00000000  00000000  00088430  2**3
                  CONTENTS, READONLY, DEBUGGING, OCTETS
 21 .debug_rnglists 00005e6a  00000000  00000000  00089f70  2**0
                  CONTENTS, READONLY, DEBUGGING, OCTETS
 22 .debug_line   0002ff53  00000000  00000000  0008fdda  2**0
                  CONTENTS, READONLY, DEBUGGING, OCTETS
 23 .debug_str    0000cd37  00000000  00000000  000bfd2d  2**0
                  CONTENTS, READONLY, DEBUGGING, OCTETS
 24 .debug_frame  00005238  00000000  00000000  000cca64  2**2
                  CONTENTS, READONLY, DEBUGGING, OCTETS
 25 .debug_line_str 000002c6  00000000  00000000  000d1c9c  2**0
                  CONTENTS, READONLY, DEBUGGING, OCTETS

C:/Users/aleja/Desktop/Alee/Github/2025_td3_511_Gallo_Alejandro/1_ega/2_workspace/firmware/build/firmware.elf:     file format elf32-littlearm


Disassembly of section .text:

10000000 <__VECTOR_TABLE>:
10000000:	20082000 	.word	0x20082000
10000004:	1000015d 	.word	0x1000015d
10000008:	10000113 	.word	0x10000113
1000000c:	10000115 	.word	0x10000115
10000010:	10000111 	.word	0x10000111
10000014:	10000111 	.word	0x10000111
10000018:	10000111 	.word	0x10000111
1000001c:	10000111 	.word	0x10000111
10000020:	10000111 	.word	0x10000111
10000024:	10000111 	.word	0x10000111
10000028:	10000111 	.word	0x10000111
1000002c:	10009aad 	.word	0x10009aad
10000030:	10000111 	.word	0x10000111
10000034:	10000111 	.word	0x10000111
10000038:	10009a2d 	.word	0x10009a2d
1000003c:	10009775 	.word	0x10009775
10000040:	1000011d 	.word	0x1000011d
10000044:	1000011d 	.word	0x1000011d
10000048:	1000011d 	.word	0x1000011d
1000004c:	1000011d 	.word	0x1000011d
10000050:	1000011d 	.word	0x1000011d
10000054:	1000011d 	.word	0x1000011d
10000058:	1000011d 	.word	0x1000011d
1000005c:	1000011d 	.word	0x1000011d
10000060:	1000011d 	.word	0x1000011d
10000064:	1000011d 	.word	0x1000011d
10000068:	1000011d 	.word	0x1000011d
1000006c:	1000011d 	.word	0x1000011d
10000070:	1000011d 	.word	0x1000011d
10000074:	1000011d 	.word	0x1000011d
10000078:	1000011d 	.word	0x1000011d
1000007c:	1000011d 	.word	0x1000011d
10000080:	1000011d 	.word	0x1000011d
10000084:	1000011d 	.word	0x1000011d
10000088:	1000011d 	.word	0x1000011d
1000008c:	1000011d 	.word	0x1000011d
10000090:	1000011d 	.word	0x1000011d
10000094:	1000011d 	.word	0x1000011d
10000098:	1000011d 	.word	0x1000011d
1000009c:	1000011d 	.word	0x1000011d
100000a0:	1000011d 	.word	0x1000011d
100000a4:	1000011d 	.word	0x1000011d
100000a8:	1000011d 	.word	0x1000011d
100000ac:	1000011d 	.word	0x1000011d
100000b0:	1000011d 	.word	0x1000011d
100000b4:	1000011d 	.word	0x1000011d
100000b8:	1000011d 	.word	0x1000011d
100000bc:	1000011d 	.word	0x1000011d
100000c0:	1000011d 	.word	0x1000011d
100000c4:	1000011d 	.word	0x1000011d
100000c8:	1000011d 	.word	0x1000011d
100000cc:	1000011d 	.word	0x1000011d
100000d0:	1000011d 	.word	0x1000011d
100000d4:	1000011d 	.word	0x1000011d
100000d8:	1000011d 	.word	0x1000011d
100000dc:	1000011d 	.word	0x1000011d
100000e0:	1000011d 	.word	0x1000011d
100000e4:	1000011d 	.word	0x1000011d
100000e8:	1000011d 	.word	0x1000011d
100000ec:	1000011d 	.word	0x1000011d
100000f0:	1000011d 	.word	0x1000011d
100000f4:	1000011d 	.word	0x1000011d
100000f8:	1000011d 	.word	0x1000011d
100000fc:	1000011d 	.word	0x1000011d
10000100:	1000011d 	.word	0x1000011d
10000104:	1000011d 	.word	0x1000011d
10000108:	1000011d 	.word	0x1000011d
1000010c:	1000011d 	.word	0x1000011d

10000110 <isr_invalid>:
10000110:	be00      	bkpt	0x0000

10000112 <isr_nmi>:
10000112:	be00      	bkpt	0x0000

10000114 <isr_hardfault>:
10000114:	be00      	bkpt	0x0000
10000116:	be00      	bkpt	0x0000
10000118:	be00      	bkpt	0x0000
1000011a:	be00      	bkpt	0x0000

1000011c <__unhandled_user_irq>:
1000011c:	f3ef 8005 	mrs	r0, IPSR
10000120:	3810      	subs	r0, #16

10000122 <unhandled_user_irq_num_in_r0>:
10000122:	be00      	bkpt	0x0000

10000124 <binary_info_header>:
10000124:	7188ebf2 	.word	0x7188ebf2
10000128:	1000b238 	.word	0x1000b238
1000012c:	1000b25c 	.word	0x1000b25c
10000130:	100001a8 	.word	0x100001a8
10000134:	e71aa390 	.word	0xe71aa390

10000138 <__binary_info_header_end>:
10000138:	ffffded3 	.word	0xffffded3
1000013c:	10210142 	.word	0x10210142
10000140:	000001ff 	.word	0x000001ff
10000144:	0000cb1c 	.word	0x0000cb1c
10000148:	ab123579 	.word	0xab123579

1000014c <_entry_point>:
1000014c:	f04f 0000 	mov.w	r0, #0

10000150 <_enter_vtable_in_r0>:
10000150:	4920      	ldr	r1, [pc, #128]	@ (100001d4 <data_cpy_table+0x2c>)
10000152:	6008      	str	r0, [r1, #0]
10000154:	c806      	ldmia	r0!, {r1, r2}
10000156:	f381 8808 	msr	MSP, r1
1000015a:	4710      	bx	r2

1000015c <_reset_handler>:
1000015c:	f04f 4050 	mov.w	r0, #3489660928	@ 0xd0000000
10000160:	6800      	ldr	r0, [r0, #0]
10000162:	b110      	cbz	r0, 1000016a <hold_non_core0_in_bootrom+0x6>

10000164 <hold_non_core0_in_bootrom>:
10000164:	f04f 0000 	mov.w	r0, #0
10000168:	e7f2      	b.n	10000150 <_enter_vtable_in_r0>
1000016a:	a40f      	add	r4, pc, #60	@ (adr r4, 100001a8 <data_cpy_table>)
1000016c:	cc0e      	ldmia	r4!, {r1, r2, r3}
1000016e:	2900      	cmp	r1, #0
10000170:	d002      	beq.n	10000178 <hold_non_core0_in_bootrom+0x14>
10000172:	f000 f815 	bl	100001a0 <data_cpy>
10000176:	e7f9      	b.n	1000016c <hold_non_core0_in_bootrom+0x8>
10000178:	4917      	ldr	r1, [pc, #92]	@ (100001d8 <data_cpy_table+0x30>)
1000017a:	4a18      	ldr	r2, [pc, #96]	@ (100001dc <data_cpy_table+0x34>)
1000017c:	2000      	movs	r0, #0
1000017e:	e000      	b.n	10000182 <bss_fill_test>

10000180 <bss_fill_loop>:
10000180:	c101      	stmia	r1!, {r0}

10000182 <bss_fill_test>:
10000182:	4291      	cmp	r1, r2
10000184:	d1fc      	bne.n	10000180 <bss_fill_loop>

10000186 <platform_entry>:
10000186:	2000      	movs	r0, #0
10000188:	f380 880a 	msr	MSPLIM, r0
1000018c:	4914      	ldr	r1, [pc, #80]	@ (100001e0 <data_cpy_table+0x38>)
1000018e:	4788      	blx	r1
10000190:	4914      	ldr	r1, [pc, #80]	@ (100001e4 <data_cpy_table+0x3c>)
10000192:	4788      	blx	r1
10000194:	4914      	ldr	r1, [pc, #80]	@ (100001e8 <data_cpy_table+0x40>)
10000196:	4788      	blx	r1
10000198:	be00      	bkpt	0x0000
1000019a:	e7fd      	b.n	10000198 <platform_entry+0x12>

1000019c <data_cpy_loop>:
1000019c:	c901      	ldmia	r1!, {r0}
1000019e:	c201      	stmia	r2!, {r0}

100001a0 <data_cpy>:
100001a0:	429a      	cmp	r2, r3
100001a2:	d3fb      	bcc.n	1000019c <data_cpy_loop>
100001a4:	4770      	bx	lr
100001a6:	bf00      	nop

100001a8 <data_cpy_table>:
100001a8:	1000b25c 	.word	0x1000b25c
100001ac:	20000110 	.word	0x20000110
100001b0:	20001b08 	.word	0x20001b08
100001b4:	1000cc54 	.word	0x1000cc54
100001b8:	20080000 	.word	0x20080000
100001bc:	20080000 	.word	0x20080000
100001c0:	1000cc54 	.word	0x1000cc54
100001c4:	20081000 	.word	0x20081000
100001c8:	20081000 	.word	0x20081000
100001cc:	00000000 	.word	0x00000000
100001d0:	4770      	bx	lr
100001d2:	0000      	.short	0x0000
100001d4:	e000ed08 	.word	0xe000ed08
100001d8:	20001b08 	.word	0x20001b08
100001dc:	20002b08 	.word	0x20002b08
100001e0:	10004955 	.word	0x10004955
100001e4:	10001479 	.word	0x10001479
100001e8:	1000494d 	.word	0x1000494d

100001ec <_init>:
100001ec:	b5f8      	push	{r3, r4, r5, r6, r7, lr}
100001ee:	bf00      	nop

100001f0 <register_tm_clones>:
100001f0:	4b06      	ldr	r3, [pc, #24]	@ (1000020c <register_tm_clones+0x1c>)
100001f2:	4907      	ldr	r1, [pc, #28]	@ (10000210 <register_tm_clones+0x20>)
100001f4:	1ac9      	subs	r1, r1, r3
100001f6:	1089      	asrs	r1, r1, #2
100001f8:	bf48      	it	mi
100001fa:	3101      	addmi	r1, #1
100001fc:	1049      	asrs	r1, r1, #1
100001fe:	d003      	beq.n	10000208 <register_tm_clones+0x18>
10000200:	4b04      	ldr	r3, [pc, #16]	@ (10000214 <register_tm_clones+0x24>)
10000202:	b10b      	cbz	r3, 10000208 <register_tm_clones+0x18>
10000204:	4801      	ldr	r0, [pc, #4]	@ (1000020c <register_tm_clones+0x1c>)
10000206:	4718      	bx	r3
10000208:	4770      	bx	lr
1000020a:	bf00      	nop
1000020c:	20001b08 	.word	0x20001b08
10000210:	20001b08 	.word	0x20001b08
10000214:	00000000 	.word	0x00000000

10000218 <frame_dummy>:
10000218:	b508      	push	{r3, lr}
1000021a:	4b05      	ldr	r3, [pc, #20]	@ (10000230 <frame_dummy+0x18>)
1000021c:	b11b      	cbz	r3, 10000226 <frame_dummy+0xe>
1000021e:	4905      	ldr	r1, [pc, #20]	@ (10000234 <frame_dummy+0x1c>)
10000220:	4805      	ldr	r0, [pc, #20]	@ (10000238 <frame_dummy+0x20>)
10000222:	f3af 8000 	nop.w
10000226:	e8bd 4008 	ldmia.w	sp!, {r3, lr}
1000022a:	f7ff bfe1 	b.w	100001f0 <register_tm_clones>
1000022e:	bf00      	nop
10000230:	00000000 	.word	0x00000000
10000234:	20002924 	.word	0x20002924
10000238:	1000ac6c 	.word	0x1000ac6c

1000023c <gpio_callback>:
1000023c:	e92d 43f0 	stmdb	sp!, {r4, r5, r6, r7, r8, r9, lr}
10000240:	4604      	mov	r4, r0
10000242:	b083      	sub	sp, #12
10000244:	f002 fbf6 	bl	10002a34 <time_us_64>
10000248:	2500      	movs	r5, #0
1000024a:	2c0c      	cmp	r4, #12
1000024c:	4606      	mov	r6, r0
1000024e:	460f      	mov	r7, r1
10000250:	9500      	str	r5, [sp, #0]
10000252:	d02d      	beq.n	100002b0 <gpio_callback+0x74>
10000254:	2c0a      	cmp	r4, #10
10000256:	d10d      	bne.n	10000274 <gpio_callback+0x38>
10000258:	f04f 4350 	mov.w	r3, #3489660928	@ 0xd0000000
1000025c:	685c      	ldr	r4, [r3, #4]
1000025e:	f414 6480 	ands.w	r4, r4, #1024	@ 0x400
10000262:	d14f      	bne.n	10000304 <gpio_callback+0xc8>
10000264:	4d3d      	ldr	r5, [pc, #244]	@ (1000035c <gpio_callback+0x120>)
10000266:	782b      	ldrb	r3, [r5, #0]
10000268:	f003 02ff 	and.w	r2, r3, #255	@ 0xff
1000026c:	2b00      	cmp	r3, #0
1000026e:	d15c      	bne.n	1000032a <gpio_callback+0xee>
10000270:	702a      	strb	r2, [r5, #0]
10000272:	e01a      	b.n	100002aa <gpio_callback+0x6e>
10000274:	2c09      	cmp	r4, #9
10000276:	d118      	bne.n	100002aa <gpio_callback+0x6e>
10000278:	f002 fbdc 	bl	10002a34 <time_us_64>
1000027c:	f644 6721 	movw	r7, #20001	@ 0x4e21
10000280:	4e37      	ldr	r6, [pc, #220]	@ (10000360 <gpio_callback+0x124>)
10000282:	9501      	str	r5, [sp, #4]
10000284:	6834      	ldr	r4, [r6, #0]
10000286:	6872      	ldr	r2, [r6, #4]
10000288:	1b04      	subs	r4, r0, r4
1000028a:	eb61 0202 	sbc.w	r2, r1, r2
1000028e:	42bc      	cmp	r4, r7
10000290:	f172 0200 	sbcs.w	r2, r2, #0
10000294:	4603      	mov	r3, r0
10000296:	460d      	mov	r5, r1
10000298:	d23a      	bcs.n	10000310 <gpio_callback+0xd4>
1000029a:	9b00      	ldr	r3, [sp, #0]
1000029c:	b12b      	cbz	r3, 100002aa <gpio_callback+0x6e>
1000029e:	f04f 23e0 	mov.w	r3, #3758153728	@ 0xe000e000
100002a2:	f04f 5280 	mov.w	r2, #268435456	@ 0x10000000
100002a6:	f8c3 2d04 	str.w	r2, [r3, #3332]	@ 0xd04
100002aa:	b003      	add	sp, #12
100002ac:	e8bd 83f0 	ldmia.w	sp!, {r4, r5, r6, r7, r8, r9, pc}
100002b0:	f04f 4250 	mov.w	r2, #3489660928	@ 0xd0000000
100002b4:	6853      	ldr	r3, [r2, #4]
100002b6:	6852      	ldr	r2, [r2, #4]
100002b8:	f413 5380 	ands.w	r3, r3, #4096	@ 0x1000
100002bc:	d01d      	beq.n	100002fa <gpio_callback+0xbe>
100002be:	4c29      	ldr	r4, [pc, #164]	@ (10000364 <gpio_callback+0x128>)
100002c0:	7823      	ldrb	r3, [r4, #0]
100002c2:	bb6b      	cbnz	r3, 10000320 <gpio_callback+0xe4>
100002c4:	f242 7c11 	movw	ip, #10001	@ 0x2711
100002c8:	4d27      	ldr	r5, [pc, #156]	@ (10000368 <gpio_callback+0x12c>)
100002ca:	e9d5 8900 	ldrd	r8, r9, [r5]
100002ce:	ebb0 0008 	subs.w	r0, r0, r8
100002d2:	eb61 0309 	sbc.w	r3, r1, r9
100002d6:	4560      	cmp	r0, ip
100002d8:	f173 0300 	sbcs.w	r3, r3, #0
100002dc:	d320      	bcc.n	10000320 <gpio_callback+0xe4>
100002de:	0513      	lsls	r3, r2, #20
100002e0:	bf54      	ite	pl
100002e2:	4b22      	ldrpl	r3, [pc, #136]	@ (1000036c <gpio_callback+0x130>)
100002e4:	4b22      	ldrmi	r3, [pc, #136]	@ (10000370 <gpio_callback+0x134>)
100002e6:	4669      	mov	r1, sp
100002e8:	6818      	ldr	r0, [r3, #0]
100002ea:	e9c5 6700 	strd	r6, r7, [r5]
100002ee:	f007 fdf3 	bl	10007ed8 <xQueueGiveFromISR>
100002f2:	2201      	movs	r2, #1
100002f4:	9b00      	ldr	r3, [sp, #0]
100002f6:	7022      	strb	r2, [r4, #0]
100002f8:	e7d0      	b.n	1000029c <gpio_callback+0x60>
100002fa:	4a1a      	ldr	r2, [pc, #104]	@ (10000364 <gpio_callback+0x128>)
100002fc:	7013      	strb	r3, [r2, #0]
100002fe:	b003      	add	sp, #12
10000300:	e8bd 83f0 	ldmia.w	sp!, {r4, r5, r6, r7, r8, r9, pc}
10000304:	2201      	movs	r2, #1
10000306:	4b15      	ldr	r3, [pc, #84]	@ (1000035c <gpio_callback+0x120>)
10000308:	701a      	strb	r2, [r3, #0]
1000030a:	b003      	add	sp, #12
1000030c:	e8bd 83f0 	ldmia.w	sp!, {r4, r5, r6, r7, r8, r9, pc}
10000310:	4a18      	ldr	r2, [pc, #96]	@ (10000374 <gpio_callback+0x138>)
10000312:	a901      	add	r1, sp, #4
10000314:	6810      	ldr	r0, [r2, #0]
10000316:	e9c6 3500 	strd	r3, r5, [r6]
1000031a:	f007 fddd 	bl	10007ed8 <xQueueGiveFromISR>
1000031e:	e7bc      	b.n	1000029a <gpio_callback+0x5e>
10000320:	2301      	movs	r3, #1
10000322:	7023      	strb	r3, [r4, #0]
10000324:	b003      	add	sp, #12
10000326:	e8bd 83f0 	ldmia.w	sp!, {r4, r5, r6, r7, r8, r9, pc}
1000032a:	f246 10a9 	movw	r0, #25001	@ 0x61a9
1000032e:	4912      	ldr	r1, [pc, #72]	@ (10000378 <gpio_callback+0x13c>)
10000330:	e9d1 8900 	ldrd	r8, r9, [r1]
10000334:	ebb6 0208 	subs.w	r2, r6, r8
10000338:	eb67 0309 	sbc.w	r3, r7, r9
1000033c:	4282      	cmp	r2, r0
1000033e:	f173 0300 	sbcs.w	r3, r3, #0
10000342:	d201      	bcs.n	10000348 <gpio_callback+0x10c>
10000344:	702c      	strb	r4, [r5, #0]
10000346:	e7b0      	b.n	100002aa <gpio_callback+0x6e>
10000348:	4b0c      	ldr	r3, [pc, #48]	@ (1000037c <gpio_callback+0x140>)
1000034a:	e9c1 6700 	strd	r6, r7, [r1]
1000034e:	6818      	ldr	r0, [r3, #0]
10000350:	4669      	mov	r1, sp
10000352:	f007 fdc1 	bl	10007ed8 <xQueueGiveFromISR>
10000356:	9b00      	ldr	r3, [sp, #0]
10000358:	702c      	strb	r4, [r5, #0]
1000035a:	e79f      	b.n	1000029c <gpio_callback+0x60>
1000035c:	200014fc 	.word	0x200014fc
10000360:	20001c98 	.word	0x20001c98
10000364:	200014fd 	.word	0x200014fd
10000368:	20001c90 	.word	0x20001c90
1000036c:	20001d3c 	.word	0x20001d3c
10000370:	20001d40 	.word	0x20001d40
10000374:	20001d2c 	.word	0x20001d2c
10000378:	20001ca0 	.word	0x20001ca0
1000037c:	20001d30 	.word	0x20001d30

10000380 <task_Sensado>:
10000380:	e92d 4ff0 	stmdb	sp!, {r4, r5, r6, r7, r8, r9, sl, fp, lr}
10000384:	ed2d 8b04 	vpush	{d8-d9}
10000388:	eddf 8a3e 	vldr	s17, [pc, #248]	@ 10000484 <task_Sensado+0x104>
1000038c:	ed9f 8a3e 	vldr	s16, [pc, #248]	@ 10000488 <task_Sensado+0x108>
10000390:	eddf 9a3e 	vldr	s19, [pc, #248]	@ 1000048c <task_Sensado+0x10c>
10000394:	ed9f 9a3e 	vldr	s18, [pc, #248]	@ 10000490 <task_Sensado+0x110>
10000398:	f8df 810c 	ldr.w	r8, [pc, #268]	@ 100004a8 <task_Sensado+0x128>
1000039c:	4c3d      	ldr	r4, [pc, #244]	@ (10000494 <task_Sensado+0x114>)
1000039e:	b085      	sub	sp, #20
100003a0:	f04f 31ff 	mov.w	r1, #4294967295
100003a4:	f8d8 0000 	ldr.w	r0, [r8]
100003a8:	f007 ff10 	bl	100081cc <xQueueSemaphoreTake>
100003ac:	2801      	cmp	r0, #1
100003ae:	d1f7      	bne.n	100003a0 <task_Sensado+0x20>
100003b0:	2300      	movs	r3, #0
100003b2:	2600      	movs	r6, #0
100003b4:	461a      	mov	r2, r3
100003b6:	4619      	mov	r1, r3
100003b8:	f8d8 0000 	ldr.w	r0, [r8]
100003bc:	f007 fc18 	bl	10007bf0 <xQueueGenericSend>
100003c0:	250a      	movs	r5, #10
100003c2:	f04f 0904 	mov.w	r9, #4
100003c6:	46b2      	mov	sl, r6
100003c8:	f8df b0e0 	ldr.w	fp, [pc, #224]	@ 100004ac <task_Sensado+0x12c>
100003cc:	4f32      	ldr	r7, [pc, #200]	@ (10000498 <task_Sensado+0x118>)
100003ce:	6822      	ldr	r2, [r4, #0]
100003d0:	f402 4270 	and.w	r2, r2, #61440	@ 0xf000
100003d4:	f8cb 2000 	str.w	r2, [fp]
100003d8:	f8c7 9000 	str.w	r9, [r7]
100003dc:	6822      	ldr	r2, [r4, #0]
100003de:	05d2      	lsls	r2, r2, #23
100003e0:	d5fc      	bpl.n	100003dc <task_Sensado+0x5c>
100003e2:	6861      	ldr	r1, [r4, #4]
100003e4:	6822      	ldr	r2, [r4, #0]
100003e6:	fa16 f681 	uxtah	r6, r6, r1
100003ea:	f482 5280 	eor.w	r2, r2, #4096	@ 0x1000
100003ee:	f402 4270 	and.w	r2, r2, #61440	@ 0xf000
100003f2:	f8cb 2000 	str.w	r2, [fp]
100003f6:	f8c7 9000 	str.w	r9, [r7]
100003fa:	6822      	ldr	r2, [r4, #0]
100003fc:	05d3      	lsls	r3, r2, #23
100003fe:	d5fc      	bpl.n	100003fa <task_Sensado+0x7a>
10000400:	6862      	ldr	r2, [r4, #4]
10000402:	2001      	movs	r0, #1
10000404:	3d01      	subs	r5, #1
10000406:	fa1a fa82 	uxtah	sl, sl, r2
1000040a:	f008 fcd3 	bl	10008db4 <vTaskDelay>
1000040e:	f015 05ff 	ands.w	r5, r5, #255	@ 0xff
10000412:	d1dc      	bne.n	100003ce <task_Sensado+0x4e>
10000414:	4b21      	ldr	r3, [pc, #132]	@ (1000049c <task_Sensado+0x11c>)
10000416:	eef2 5a04 	vmov.f32	s11, #36	@ 0x41200000  10.0
1000041a:	fba3 2606 	umull	r2, r6, r3, r6
1000041e:	f3c6 06cf 	ubfx	r6, r6, #3, #16
10000422:	ee07 6a90 	vmov	s15, r6
10000426:	eef8 7ae7 	vcvt.f32.s32	s15, s15
1000042a:	fba3 3a0a 	umull	r3, sl, r3, sl
1000042e:	f3ca 0acf 	ubfx	sl, sl, #3, #16
10000432:	ee67 7aa8 	vmul.f32	s15, s15, s17
10000436:	ee07 aa10 	vmov	s14, sl
1000043a:	eec7 6a88 	vdiv.f32	s13, s15, s16
1000043e:	eeb8 7ac7 	vcvt.f32.s32	s14, s14
10000442:	ee66 7aa9 	vmul.f32	s15, s13, s19
10000446:	ee27 7a28 	vmul.f32	s14, s14, s17
1000044a:	ed9f 5a15 	vldr	s10, [pc, #84]	@ 100004a0 <task_Sensado+0x120>
1000044e:	ee87 6a08 	vdiv.f32	s12, s14, s16
10000452:	ee87 7aa5 	vdiv.f32	s14, s15, s11
10000456:	ee66 6a05 	vmul.f32	s13, s12, s10
1000045a:	edcd 7a03 	vstr	s15, [sp, #12]
1000045e:	ee67 7a09 	vmul.f32	s15, s14, s18
10000462:	4810      	ldr	r0, [pc, #64]	@ (100004a4 <task_Sensado+0x124>)
10000464:	462b      	mov	r3, r5
10000466:	f04f 32ff 	mov.w	r2, #4294967295
1000046a:	a901      	add	r1, sp, #4
1000046c:	6800      	ldr	r0, [r0, #0]
1000046e:	edcd 6a02 	vstr	s13, [sp, #8]
10000472:	edcd 7a01 	vstr	s15, [sp, #4]
10000476:	f007 fbbb 	bl	10007bf0 <xQueueGenericSend>
1000047a:	200a      	movs	r0, #10
1000047c:	f008 fc9a 	bl	10008db4 <vTaskDelay>
10000480:	e78e      	b.n	100003a0 <task_Sensado+0x20>
10000482:	bf00      	nop
10000484:	40533333 	.word	0x40533333
10000488:	457ff000 	.word	0x457ff000
1000048c:	3f41f07c 	.word	0x3f41f07c
10000490:	447a0000 	.word	0x447a0000
10000494:	400a0000 	.word	0x400a0000
10000498:	400a2000 	.word	0x400a2000
1000049c:	cccccccd 	.word	0xcccccccd
100004a0:	4068ba2f 	.word	0x4068ba2f
100004a4:	20001d24 	.word	0x20001d24
100004a8:	20001d34 	.word	0x20001d34
100004ac:	400a1000 	.word	0x400a1000

100004b0 <task_Resistencia>:
100004b0:	f04f 0800 	mov.w	r8, #0
100004b4:	b580      	push	{r7, lr}
100004b6:	4c0d      	ldr	r4, [pc, #52]	@ (100004ec <task_Resistencia+0x3c>)
100004b8:	4d0d      	ldr	r5, [pc, #52]	@ (100004f0 <task_Resistencia+0x40>)
100004ba:	4f0e      	ldr	r7, [pc, #56]	@ (100004f4 <task_Resistencia+0x44>)
100004bc:	4e0e      	ldr	r6, [pc, #56]	@ (100004f8 <task_Resistencia+0x48>)
100004be:	f04f 31ff 	mov.w	r1, #4294967295
100004c2:	6820      	ldr	r0, [r4, #0]
100004c4:	f007 fe82 	bl	100081cc <xQueueSemaphoreTake>
100004c8:	2801      	cmp	r0, #1
100004ca:	d1f8      	bne.n	100004be <task_Resistencia+0xe>
100004cc:	782b      	ldrb	r3, [r5, #0]
100004ce:	eb07 0383 	add.w	r3, r7, r3, lsl #2
100004d2:	695b      	ldr	r3, [r3, #20]
100004d4:	6033      	str	r3, [r6, #0]
100004d6:	782b      	ldrb	r3, [r5, #0]
100004d8:	3301      	adds	r3, #1
100004da:	b2db      	uxtb	r3, r3
100004dc:	702b      	strb	r3, [r5, #0]
100004de:	782b      	ldrb	r3, [r5, #0]
100004e0:	2b02      	cmp	r3, #2
100004e2:	d9ec      	bls.n	100004be <task_Resistencia+0xe>
100004e4:	f885 8000 	strb.w	r8, [r5]
100004e8:	e7e9      	b.n	100004be <task_Resistencia+0xe>
100004ea:	bf00      	nop
100004ec:	20001d38 	.word	0x20001d38
100004f0:	20002b02 	.word	0x20002b02
100004f4:	20001ca8 	.word	0x20001ca8
100004f8:	20001d28 	.word	0x20001d28

100004fc <task_Control>:
100004fc:	e92d 4ff0 	stmdb	sp!, {r4, r5, r6, r7, r8, r9, sl, fp, lr}
10000500:	ed2d 8b08 	vpush	{d8-d11}
10000504:	f04f 0b00 	mov.w	fp, #0
10000508:	ed9f 8ac1 	vldr	s16, [pc, #772]	@ 10000810 <task_Control+0x314>
1000050c:	b0a3      	sub	sp, #140	@ 0x8c
1000050e:	ed9f aac1 	vldr	s20, [pc, #772]	@ 10000814 <task_Control+0x318>
10000512:	eddf 9ac1 	vldr	s19, [pc, #772]	@ 10000818 <task_Control+0x31c>
10000516:	ed9f bac1 	vldr	s22, [pc, #772]	@ 1000081c <task_Control+0x320>
1000051a:	eef0 aa48 	vmov.f32	s21, s16
1000051e:	46d9      	mov	r9, fp
10000520:	46da      	mov	sl, fp
10000522:	4fbf      	ldr	r7, [pc, #764]	@ (10000820 <task_Control+0x324>)
10000524:	f8df 8330 	ldr.w	r8, [pc, #816]	@ 10000858 <task_Control+0x35c>
10000528:	4ebe      	ldr	r6, [pc, #760]	@ (10000824 <task_Control+0x328>)
1000052a:	f8cd b00c 	str.w	fp, [sp, #12]
1000052e:	e0e6      	b.n	100006fe <task_Control+0x202>
10000530:	ed98 7a00 	vldr	s14, [r8]
10000534:	ed9d 6a07 	vldr	s12, [sp, #28]
10000538:	eeb8 7a47 	vcvt.f32.u32	s14, s14
1000053c:	eef2 6a04 	vmov.f32	s13, #36	@ 0x41200000  10.0
10000540:	eec6 7a07 	vdiv.f32	s15, s12, s14
10000544:	ee67 7aa6 	vmul.f32	s15, s15, s13
10000548:	ed9d 7a08 	vldr	s14, [sp, #32]
1000054c:	ee77 7ac7 	vsub.f32	s15, s15, s14
10000550:	ee27 7a8a 	vmul.f32	s14, s15, s20
10000554:	eef0 6a47 	vmov.f32	s13, s14
10000558:	eeb1 6a04 	vmov.f32	s12, #20	@ 0x40a00000  5.0
1000055c:	eee8 6a29 	vfma.f32	s13, s16, s19
10000560:	eef4 6ac6 	vcmpe.f32	s13, s12
10000564:	eef1 fa10 	vmrs	APSR_nzcv, fpscr
10000568:	f340 80d8 	ble.w	1000071c <task_Control+0x220>
1000056c:	eef5 7ac0 	vcmpe.f32	s15, #0.0
10000570:	eef1 fa10 	vmrs	APSR_nzcv, fpscr
10000574:	f340 80dd 	ble.w	10000732 <task_Control+0x236>
10000578:	eef1 6a04 	vmov.f32	s13, #20	@ 0x40a00000  5.0
1000057c:	eeb4 8ae6 	vcmpe.f32	s16, s13
10000580:	eef1 fa10 	vmrs	APSR_nzcv, fpscr
10000584:	eef9 7a04 	vmov.f32	s15, #148	@ 0xc0a00000 -5.0
10000588:	fe36 8a88 	vselgt.f32	s16, s13, s16
1000058c:	eeb4 8ae7 	vcmpe.f32	s16, s15
10000590:	eef1 fa10 	vmrs	APSR_nzcv, fpscr
10000594:	bf48      	it	mi
10000596:	eeb0 8a67 	vmovmi.f32	s16, s15
1000059a:	eef0 7a47 	vmov.f32	s15, s14
1000059e:	eee8 7a29 	vfma.f32	s15, s16, s19
100005a2:	eef5 7ac0 	vcmpe.f32	s15, #0.0
100005a6:	eef1 fa10 	vmrs	APSR_nzcv, fpscr
100005aa:	f100 80c7 	bmi.w	1000073c <task_Control+0x240>
100005ae:	eef4 7ae6 	vcmpe.f32	s15, s13
100005b2:	eef1 fa10 	vmrs	APSR_nzcv, fpscr
100005b6:	fe76 6aa7 	vselgt.f32	s13, s13, s15
100005ba:	489b      	ldr	r0, [pc, #620]	@ (10000828 <task_Control+0x32c>)
100005bc:	2300      	movs	r3, #0
100005be:	f04f 32ff 	mov.w	r2, #4294967295
100005c2:	a905      	add	r1, sp, #20
100005c4:	6800      	ldr	r0, [r0, #0]
100005c6:	edcd 6a05 	vstr	s13, [sp, #20]
100005ca:	f007 fb11 	bl	10007bf0 <xQueueGenericSend>
100005ce:	f008 fc33 	bl	10008e38 <xTaskGetTickCount>
100005d2:	6933      	ldr	r3, [r6, #16]
100005d4:	eba0 0209 	sub.w	r2, r0, r9
100005d8:	429a      	cmp	r2, r3
100005da:	4605      	mov	r5, r0
100005dc:	f080 80b1 	bcs.w	10000742 <task_Control+0x246>
100005e0:	eddd 8a07 	vldr	s17, [sp, #28]
100005e4:	ed96 7a00 	vldr	s14, [r6]
100005e8:	edd6 7a02 	vldr	s15, [r6, #8]
100005ec:	eef4 8ac7 	vcmpe.f32	s17, s14
100005f0:	ed9d 9a06 	vldr	s18, [sp, #24]
100005f4:	eef1 fa10 	vmrs	APSR_nzcv, fpscr
100005f8:	eef4 8ae7 	vcmpe.f32	s17, s15
100005fc:	edd6 7a01 	vldr	s15, [r6, #4]
10000600:	bfcc      	ite	gt
10000602:	2401      	movgt	r4, #1
10000604:	2400      	movle	r4, #0
10000606:	eef1 fa10 	vmrs	APSR_nzcv, fpscr
1000060a:	eeb4 9ae7 	vcmpe.f32	s18, s15
1000060e:	edd6 7a03 	vldr	s15, [r6, #12]
10000612:	bf48      	it	mi
10000614:	f044 0404 	orrmi.w	r4, r4, #4
10000618:	eef1 fa10 	vmrs	APSR_nzcv, fpscr
1000061c:	eeb4 9ae7 	vcmpe.f32	s18, s15
10000620:	bfc8      	it	gt
10000622:	f044 0402 	orrgt.w	r4, r4, #2
10000626:	eef1 fa10 	vmrs	APSR_nzcv, fpscr
1000062a:	bf48      	it	mi
1000062c:	f044 0408 	orrmi.w	r4, r4, #8
10000630:	f014 0303 	ands.w	r3, r4, #3
10000634:	bf18      	it	ne
10000636:	2301      	movne	r3, #1
10000638:	2208      	movs	r2, #8
1000063a:	ec43 2040 	gpioc_bit_out_put r2, r3
1000063e:	f004 030c 	and.w	r3, r4, #12
10000642:	3b00      	subs	r3, #0
10000644:	bf18      	it	ne
10000646:	2301      	movne	r3, #1
10000648:	2207      	movs	r2, #7
1000064a:	ec43 2040 	gpioc_bit_out_put r2, r3
1000064e:	2c00      	cmp	r4, #0
10000650:	d072      	beq.n	10000738 <task_Control+0x23c>
10000652:	f1bb 0f00 	cmp.w	fp, #0
10000656:	d07f      	beq.n	10000758 <task_Control+0x25c>
10000658:	eba5 030b 	sub.w	r3, r5, fp
1000065c:	f5b3 6ffa 	cmp.w	r3, #2000	@ 0x7d0
10000660:	d30f      	bcc.n	10000682 <task_Control+0x186>
10000662:	f8d8 3000 	ldr.w	r3, [r8]
10000666:	b163      	cbz	r3, 10000682 <task_Control+0x186>
10000668:	eef7 7a00 	vmov.f32	s15, #112	@ 0x3f800000  1.0
1000066c:	eef4 8ae7 	vcmpe.f32	s17, s15
10000670:	eef1 fa10 	vmrs	APSR_nzcv, fpscr
10000674:	dd05      	ble.n	10000682 <task_Control+0x186>
10000676:	f241 3387 	movw	r3, #4999	@ 0x1387
1000067a:	9a03      	ldr	r2, [sp, #12]
1000067c:	1aaa      	subs	r2, r5, r2
1000067e:	429a      	cmp	r2, r3
10000680:	d86c      	bhi.n	1000075c <task_Control+0x260>
10000682:	eba5 030a 	sub.w	r3, r5, sl
10000686:	f5b3 7ffa 	cmp.w	r3, #500	@ 0x1f4
1000068a:	d335      	bcc.n	100006f8 <task_Control+0x1fc>
1000068c:	9b03      	ldr	r3, [sp, #12]
1000068e:	1aeb      	subs	r3, r5, r3
10000690:	f5b3 7f7a 	cmp.w	r3, #1000	@ 0x3e8
10000694:	d330      	bcc.n	100006f8 <task_Control+0x1fc>
10000696:	2100      	movs	r1, #0
10000698:	4608      	mov	r0, r1
1000069a:	f007 f9f5 	bl	10007a88 <lcd_show_cursor>
1000069e:	2115      	movs	r1, #21
100006a0:	4b62      	ldr	r3, [pc, #392]	@ (1000082c <task_Control+0x330>)
100006a2:	4a63      	ldr	r2, [pc, #396]	@ (10000830 <task_Control+0x334>)
100006a4:	a80d      	add	r0, sp, #52	@ 0x34
100006a6:	f004 f90b 	bl	100048c0 <__wrap_snprintf>
100006aa:	f8d8 3000 	ldr.w	r3, [r8]
100006ae:	4a61      	ldr	r2, [pc, #388]	@ (10000834 <task_Control+0x338>)
100006b0:	2115      	movs	r1, #21
100006b2:	f10d 0049 	add.w	r0, sp, #73	@ 0x49
100006b6:	f004 f903 	bl	100048c0 <__wrap_snprintf>
100006ba:	9807      	ldr	r0, [sp, #28]
100006bc:	f00a fa8c 	bl	1000abd8 <____aeabi_f2d_veneer>
100006c0:	4a5d      	ldr	r2, [pc, #372]	@ (10000838 <task_Control+0x33c>)
100006c2:	e9cd 0100 	strd	r0, r1, [sp]
100006c6:	2115      	movs	r1, #21
100006c8:	f10d 005e 	add.w	r0, sp, #94	@ 0x5e
100006cc:	f004 f8f8 	bl	100048c0 <__wrap_snprintf>
100006d0:	eddd 7a06 	vldr	s15, [sp, #24]
100006d4:	eefd 7ae7 	vcvt.s32.f32	s15, s15
100006d8:	2115      	movs	r1, #21
100006da:	ee17 3a90 	vmov	r3, s15
100006de:	4a57      	ldr	r2, [pc, #348]	@ (1000083c <task_Control+0x340>)
100006e0:	f10d 0073 	add.w	r0, sp, #115	@ 0x73
100006e4:	f004 f8ec 	bl	100048c0 <__wrap_snprintf>
100006e8:	2300      	movs	r3, #0
100006ea:	4855      	ldr	r0, [pc, #340]	@ (10000840 <task_Control+0x344>)
100006ec:	461a      	mov	r2, r3
100006ee:	6800      	ldr	r0, [r0, #0]
100006f0:	a90d      	add	r1, sp, #52	@ 0x34
100006f2:	f007 fa7d 	bl	10007bf0 <xQueueGenericSend>
100006f6:	46aa      	mov	sl, r5
100006f8:	200a      	movs	r0, #10
100006fa:	f008 fb5b 	bl	10008db4 <vTaskDelay>
100006fe:	2200      	movs	r2, #0
10000700:	6838      	ldr	r0, [r7, #0]
10000702:	a906      	add	r1, sp, #24
10000704:	f007 fc1e 	bl	10007f44 <xQueueReceive>
10000708:	2801      	cmp	r0, #1
1000070a:	d1f5      	bne.n	100006f8 <task_Control+0x1fc>
1000070c:	f8d8 3000 	ldr.w	r3, [r8]
10000710:	2b00      	cmp	r3, #0
10000712:	f47f af0d 	bne.w	10000530 <task_Control+0x34>
10000716:	eef0 7a6a 	vmov.f32	s15, s21
1000071a:	e715      	b.n	10000548 <task_Control+0x4c>
1000071c:	eef5 6ac0 	vcmpe.f32	s13, #0.0
10000720:	eef1 fa10 	vmrs	APSR_nzcv, fpscr
10000724:	d505      	bpl.n	10000732 <task_Control+0x236>
10000726:	eef5 7ac0 	vcmpe.f32	s15, #0.0
1000072a:	eef1 fa10 	vmrs	APSR_nzcv, fpscr
1000072e:	f53f af23 	bmi.w	10000578 <task_Control+0x7c>
10000732:	eea7 8a8b 	vfma.f32	s16, s15, s22
10000736:	e71f      	b.n	10000578 <task_Control+0x7c>
10000738:	46a3      	mov	fp, r4
1000073a:	e7a2      	b.n	10000682 <task_Control+0x186>
1000073c:	eef0 6a6a 	vmov.f32	s13, s21
10000740:	e73b      	b.n	100005ba <task_Control+0xbe>
10000742:	2300      	movs	r3, #0
10000744:	4a3f      	ldr	r2, [pc, #252]	@ (10000844 <task_Control+0x348>)
10000746:	4619      	mov	r1, r3
10000748:	6810      	ldr	r0, [r2, #0]
1000074a:	461a      	mov	r2, r3
1000074c:	f007 fa50 	bl	10007bf0 <xQueueGenericSend>
10000750:	ed9f 8a2f 	vldr	s16, [pc, #188]	@ 10000810 <task_Control+0x314>
10000754:	46a9      	mov	r9, r5
10000756:	e743      	b.n	100005e0 <task_Control+0xe4>
10000758:	46ab      	mov	fp, r5
1000075a:	e792      	b.n	10000682 <task_Control+0x186>
1000075c:	2301      	movs	r3, #1
1000075e:	f88d 3024 	strb.w	r3, [sp, #36]	@ 0x24
10000762:	4b39      	ldr	r3, [pc, #228]	@ (10000848 <task_Control+0x34c>)
10000764:	2164      	movs	r1, #100	@ 0x64
10000766:	6818      	ldr	r0, [r3, #0]
10000768:	f007 fd30 	bl	100081cc <xQueueSemaphoreTake>
1000076c:	2801      	cmp	r0, #1
1000076e:	d03c      	beq.n	100007ea <task_Control+0x2ee>
10000770:	07e0      	lsls	r0, r4, #31
10000772:	d42e      	bmi.n	100007d2 <task_Control+0x2d6>
10000774:	07a1      	lsls	r1, r4, #30
10000776:	d41f      	bmi.n	100007b8 <task_Control+0x2bc>
10000778:	0762      	lsls	r2, r4, #29
1000077a:	d410      	bmi.n	1000079e <task_Control+0x2a2>
1000077c:	0723      	lsls	r3, r4, #28
1000077e:	d401      	bmi.n	10000784 <task_Control+0x288>
10000780:	9503      	str	r5, [sp, #12]
10000782:	e7b9      	b.n	100006f8 <task_Control+0x1fc>
10000784:	2300      	movs	r3, #0
10000786:	2203      	movs	r2, #3
10000788:	4830      	ldr	r0, [pc, #192]	@ (1000084c <task_Control+0x350>)
1000078a:	f88d 2025 	strb.w	r2, [sp, #37]	@ 0x25
1000078e:	a909      	add	r1, sp, #36	@ 0x24
10000790:	461a      	mov	r2, r3
10000792:	6800      	ldr	r0, [r0, #0]
10000794:	ed8d 9a0c 	vstr	s18, [sp, #48]	@ 0x30
10000798:	f007 fa2a 	bl	10007bf0 <xQueueGenericSend>
1000079c:	e7f0      	b.n	10000780 <task_Control+0x284>
1000079e:	2300      	movs	r3, #0
100007a0:	2202      	movs	r2, #2
100007a2:	482a      	ldr	r0, [pc, #168]	@ (1000084c <task_Control+0x350>)
100007a4:	f88d 2025 	strb.w	r2, [sp, #37]	@ 0x25
100007a8:	a909      	add	r1, sp, #36	@ 0x24
100007aa:	461a      	mov	r2, r3
100007ac:	6800      	ldr	r0, [r0, #0]
100007ae:	edcd 8a0c 	vstr	s17, [sp, #48]	@ 0x30
100007b2:	f007 fa1d 	bl	10007bf0 <xQueueGenericSend>
100007b6:	e7e1      	b.n	1000077c <task_Control+0x280>
100007b8:	2300      	movs	r3, #0
100007ba:	2201      	movs	r2, #1
100007bc:	4823      	ldr	r0, [pc, #140]	@ (1000084c <task_Control+0x350>)
100007be:	f88d 2025 	strb.w	r2, [sp, #37]	@ 0x25
100007c2:	a909      	add	r1, sp, #36	@ 0x24
100007c4:	461a      	mov	r2, r3
100007c6:	6800      	ldr	r0, [r0, #0]
100007c8:	ed8d 9a0c 	vstr	s18, [sp, #48]	@ 0x30
100007cc:	f007 fa10 	bl	10007bf0 <xQueueGenericSend>
100007d0:	e7d2      	b.n	10000778 <task_Control+0x27c>
100007d2:	2300      	movs	r3, #0
100007d4:	4a1d      	ldr	r2, [pc, #116]	@ (1000084c <task_Control+0x350>)
100007d6:	a909      	add	r1, sp, #36	@ 0x24
100007d8:	6810      	ldr	r0, [r2, #0]
100007da:	461a      	mov	r2, r3
100007dc:	edcd 8a0c 	vstr	s17, [sp, #48]	@ 0x30
100007e0:	f88d 3025 	strb.w	r3, [sp, #37]	@ 0x25
100007e4:	f007 fa04 	bl	10007bf0 <xQueueGenericSend>
100007e8:	e7c4      	b.n	10000774 <task_Control+0x278>
100007ea:	4919      	ldr	r1, [pc, #100]	@ (10000850 <task_Control+0x354>)
100007ec:	4819      	ldr	r0, [pc, #100]	@ (10000854 <task_Control+0x358>)
100007ee:	f009 facf 	bl	10009d90 <ds3231_get_datetime>
100007f2:	2300      	movs	r3, #0
100007f4:	4a17      	ldr	r2, [pc, #92]	@ (10000854 <task_Control+0x358>)
100007f6:	ca03      	ldmia	r2!, {r0, r1}
100007f8:	f8cd 0026 	str.w	r0, [sp, #38]	@ 0x26
100007fc:	4812      	ldr	r0, [pc, #72]	@ (10000848 <task_Control+0x34c>)
100007fe:	f8cd 102a 	str.w	r1, [sp, #42]	@ 0x2a
10000802:	461a      	mov	r2, r3
10000804:	4619      	mov	r1, r3
10000806:	6800      	ldr	r0, [r0, #0]
10000808:	f007 f9f2 	bl	10007bf0 <xQueueGenericSend>
1000080c:	e7b0      	b.n	10000770 <task_Control+0x274>
1000080e:	bf00      	nop
10000810:	00000000 	.word	0x00000000
10000814:	3feccccd 	.word	0x3feccccd
10000818:	404e147b 	.word	0x404e147b
1000081c:	3dcccccd 	.word	0x3dcccccd
10000820:	20001d24 	.word	0x20001d24
10000824:	20001ca8 	.word	0x20001ca8
10000828:	20001d18 	.word	0x20001d18
1000082c:	1000ac70 	.word	0x1000ac70
10000830:	1000ac84 	.word	0x1000ac84
10000834:	1000ac8c 	.word	0x1000ac8c
10000838:	1000ac9c 	.word	0x1000ac9c
1000083c:	1000acb0 	.word	0x1000acb0
10000840:	20001d20 	.word	0x20001d20
10000844:	20001d38 	.word	0x20001d38
10000848:	20001d44 	.word	0x20001d44
1000084c:	20001d1c 	.word	0x20001d1c
10000850:	20002a04 	.word	0x20002a04
10000854:	200024fc 	.word	0x200024fc
10000858:	20001d28 	.word	0x20001d28

1000085c <task_DAC>:
1000085c:	b500      	push	{lr}
1000085e:	4c0e      	ldr	r4, [pc, #56]	@ (10000898 <task_DAC+0x3c>)
10000860:	4d0e      	ldr	r5, [pc, #56]	@ (1000089c <task_DAC+0x40>)
10000862:	b083      	sub	sp, #12
10000864:	f04f 32ff 	mov.w	r2, #4294967295
10000868:	6820      	ldr	r0, [r4, #0]
1000086a:	a901      	add	r1, sp, #4
1000086c:	f007 fb6a 	bl	10007f44 <xQueueReceive>
10000870:	2801      	cmp	r0, #1
10000872:	d1f7      	bne.n	10000864 <task_DAC+0x8>
10000874:	f04f 31ff 	mov.w	r1, #4294967295
10000878:	6828      	ldr	r0, [r5, #0]
1000087a:	f007 fca7 	bl	100081cc <xQueueSemaphoreTake>
1000087e:	9901      	ldr	r1, [sp, #4]
10000880:	2300      	movs	r3, #0
10000882:	2240      	movs	r2, #64	@ 0x40
10000884:	4806      	ldr	r0, [pc, #24]	@ (100008a0 <task_DAC+0x44>)
10000886:	f009 fb61 	bl	10009f4c <mcp4725_set_voltage>
1000088a:	2300      	movs	r3, #0
1000088c:	6828      	ldr	r0, [r5, #0]
1000088e:	461a      	mov	r2, r3
10000890:	4619      	mov	r1, r3
10000892:	f007 f9ad 	bl	10007bf0 <xQueueGenericSend>
10000896:	e7e5      	b.n	10000864 <task_DAC+0x8>
10000898:	20001d18 	.word	0x20001d18
1000089c:	20001d44 	.word	0x20001d44
100008a0:	200024b0 	.word	0x200024b0

100008a4 <task_Config>:
100008a4:	2300      	movs	r3, #0
100008a6:	e92d 4ff0 	stmdb	sp!, {r4, r5, r6, r7, r8, r9, sl, fp, lr}
100008aa:	b0cd      	sub	sp, #308	@ 0x134
100008ac:	aa06      	add	r2, sp, #24
100008ae:	9212      	str	r2, [sp, #72]	@ 0x48
100008b0:	aa07      	add	r2, sp, #28
100008b2:	9213      	str	r2, [sp, #76]	@ 0x4c
100008b4:	aa08      	add	r2, sp, #32
100008b6:	9214      	str	r2, [sp, #80]	@ 0x50
100008b8:	aa09      	add	r2, sp, #36	@ 0x24
100008ba:	9215      	str	r2, [sp, #84]	@ 0x54
100008bc:	aa0b      	add	r2, sp, #44	@ 0x2c
100008be:	9217      	str	r2, [sp, #92]	@ 0x5c
100008c0:	aa0a      	add	r2, sp, #40	@ 0x28
100008c2:	9216      	str	r2, [sp, #88]	@ 0x58
100008c4:	461a      	mov	r2, r3
100008c6:	e9cd 3306 	strd	r3, r3, [sp, #24]
100008ca:	e9cd 3308 	strd	r3, r3, [sp, #32]
100008ce:	e9cd 330a 	strd	r3, r3, [sp, #40]	@ 0x28
100008d2:	930c      	str	r3, [sp, #48]	@ 0x30
100008d4:	f88d 3038 	strb.w	r3, [sp, #56]	@ 0x38
100008d8:	930d      	str	r3, [sp, #52]	@ 0x34
100008da:	9305      	str	r3, [sp, #20]
100008dc:	ab0c      	add	r3, sp, #48	@ 0x30
100008de:	9318      	str	r3, [sp, #96]	@ 0x60
100008e0:	ab0d      	add	r3, sp, #52	@ 0x34
100008e2:	4691      	mov	r9, r2
100008e4:	9319      	str	r3, [sp, #100]	@ 0x64
100008e6:	9203      	str	r2, [sp, #12]
100008e8:	23fa      	movs	r3, #250	@ 0xfa
100008ea:	2278      	movs	r2, #120	@ 0x78
100008ec:	e9cd 231a 	strd	r2, r3, [sp, #104]	@ 0x68
100008f0:	e9cd 231c 	strd	r2, r3, [sp, #112]	@ 0x70
100008f4:	2278      	movs	r2, #120	@ 0x78
100008f6:	f242 730f 	movw	r3, #9999	@ 0x270f
100008fa:	e9cd 231e 	strd	r2, r3, [sp, #120]	@ 0x78
100008fe:	f242 720f 	movw	r2, #9999	@ 0x270f
10000902:	f242 730f 	movw	r3, #9999	@ 0x270f
10000906:	e9cd 2320 	strd	r2, r3, [sp, #128]	@ 0x80
1000090a:	f8df a310 	ldr.w	sl, [pc, #784]	@ 10000c1c <task_Config+0x378>
1000090e:	ae37      	add	r6, sp, #220	@ 0xdc
10000910:	f10d 0888 	add.w	r8, sp, #136	@ 0x88
10000914:	f04f 31ff 	mov.w	r1, #4294967295
10000918:	f8da 0000 	ldr.w	r0, [sl]
1000091c:	f007 fc56 	bl	100081cc <xQueueSemaphoreTake>
10000920:	2801      	cmp	r0, #1
10000922:	d1f7      	bne.n	10000914 <task_Config+0x70>
10000924:	4bae      	ldr	r3, [pc, #696]	@ (10000be0 <task_Config+0x33c>)
10000926:	2100      	movs	r1, #0
10000928:	6818      	ldr	r0, [r3, #0]
1000092a:	f007 fc4f 	bl	100081cc <xQueueSemaphoreTake>
1000092e:	2200      	movs	r2, #0
10000930:	4615      	mov	r5, r2
10000932:	f04f 33ff 	mov.w	r3, #4294967295
10000936:	2d04      	cmp	r5, #4
10000938:	4617      	mov	r7, r2
1000093a:	9304      	str	r3, [sp, #16]
1000093c:	9202      	str	r2, [sp, #8]
1000093e:	f300 811d 	bgt.w	10000b7c <task_Config+0x2d8>
10000942:	2d01      	cmp	r5, #1
10000944:	f340 80e9 	ble.w	10000b1a <task_Config+0x276>
10000948:	2d04      	cmp	r5, #4
1000094a:	f000 80c2 	beq.w	10000ad2 <task_Config+0x22e>
1000094e:	2307      	movs	r3, #7
10000950:	f04f 0201 	mov.w	r2, #1
10000954:	ec42 3040 	gpioc_bit_out_put r3, r2
10000958:	2d02      	cmp	r5, #2
1000095a:	f000 8176 	beq.w	10000c4a <task_Config+0x3a6>
1000095e:	4634      	mov	r4, r6
10000960:	2503      	movs	r5, #3
10000962:	4ba0      	ldr	r3, [pc, #640]	@ (10000be4 <task_Config+0x340>)
10000964:	cb0f      	ldmia	r3, {r0, r1, r2, r3}
10000966:	c407      	stmia	r4!, {r0, r1, r2}
10000968:	7023      	strb	r3, [r4, #0]
1000096a:	eb0d 0385 	add.w	r3, sp, r5, lsl #2
1000096e:	6c9b      	ldr	r3, [r3, #72]	@ 0x48
10000970:	2115      	movs	r1, #21
10000972:	681b      	ldr	r3, [r3, #0]
10000974:	4a9c      	ldr	r2, [pc, #624]	@ (10000be8 <task_Config+0x344>)
10000976:	f10d 00f1 	add.w	r0, sp, #241	@ 0xf1
1000097a:	f003 ffa1 	bl	100048c0 <__wrap_snprintf>
1000097e:	4644      	mov	r4, r8
10000980:	46b3      	mov	fp, r6
10000982:	f88d 9106 	strb.w	r9, [sp, #262]	@ 0x106
10000986:	f88d 911b 	strb.w	r9, [sp, #283]	@ 0x11b
1000098a:	465b      	mov	r3, fp
1000098c:	4620      	mov	r0, r4
1000098e:	2115      	movs	r1, #21
10000990:	4a96      	ldr	r2, [pc, #600]	@ (10000bec <task_Config+0x348>)
10000992:	3415      	adds	r4, #21
10000994:	f003 ff94 	bl	100048c0 <__wrap_snprintf>
10000998:	42a6      	cmp	r6, r4
1000099a:	f10b 0b15 	add.w	fp, fp, #21
1000099e:	d1f4      	bne.n	1000098a <task_Config+0xe6>
100009a0:	4893      	ldr	r0, [pc, #588]	@ (10000bf0 <task_Config+0x34c>)
100009a2:	2300      	movs	r3, #0
100009a4:	f04f 32ff 	mov.w	r2, #4294967295
100009a8:	4641      	mov	r1, r8
100009aa:	6800      	ldr	r0, [r0, #0]
100009ac:	f007 f920 	bl	10007bf0 <xQueueGenericSend>
100009b0:	9b03      	ldr	r3, [sp, #12]
100009b2:	b36b      	cbz	r3, 10000a10 <task_Config+0x16c>
100009b4:	2d04      	cmp	r5, #4
100009b6:	f200 8221 	bhi.w	10000dfc <task_Config+0x558>
100009ba:	e8df f005 	tbb	[pc, r5]
100009be:	0316      	.short	0x0316
100009c0:	0316      	.short	0x0316
100009c2:	5b          	.byte	0x5b
100009c3:	00          	.byte	0x00
100009c4:	f1c7 0102 	rsb	r1, r7, #2
100009c8:	2001      	movs	r0, #1
100009ca:	f006 ffc1 	bl	10007950 <lcd_set_cursor>
100009ce:	2101      	movs	r1, #1
100009d0:	4608      	mov	r0, r1
100009d2:	f007 f859 	bl	10007a88 <lcd_show_cursor>
100009d6:	9b04      	ldr	r3, [sp, #16]
100009d8:	42bb      	cmp	r3, r7
100009da:	d019      	beq.n	10000a10 <task_Config+0x16c>
100009dc:	1e6b      	subs	r3, r5, #1
100009de:	2b02      	cmp	r3, #2
100009e0:	d856      	bhi.n	10000a90 <task_Config+0x1ec>
100009e2:	e8df f003 	tbb	[pc, r3]
100009e6:	5507      	.short	0x5507
100009e8:	07          	.byte	0x07
100009e9:	00          	.byte	0x00
100009ea:	b239      	sxth	r1, r7
100009ec:	0049      	lsls	r1, r1, #1
100009ee:	f1c1 0103 	rsb	r1, r1, #3
100009f2:	e7e9      	b.n	100009c8 <task_Config+0x124>
100009f4:	f1c7 0402 	rsb	r4, r7, #2
100009f8:	4621      	mov	r1, r4
100009fa:	2001      	movs	r0, #1
100009fc:	f006 ffa8 	bl	10007950 <lcd_set_cursor>
10000a00:	f008 fa1a 	bl	10008e38 <xTaskGetTickCount>
10000a04:	2101      	movs	r1, #1
10000a06:	9005      	str	r0, [sp, #20]
10000a08:	4608      	mov	r0, r1
10000a0a:	f007 f83d 	bl	10007a88 <lcd_show_cursor>
10000a0e:	9704      	str	r7, [sp, #16]
10000a10:	4b78      	ldr	r3, [pc, #480]	@ (10000bf4 <task_Config+0x350>)
10000a12:	2100      	movs	r1, #0
10000a14:	6818      	ldr	r0, [r3, #0]
10000a16:	f007 fbd9 	bl	100081cc <xQueueSemaphoreTake>
10000a1a:	2801      	cmp	r0, #1
10000a1c:	f000 8100 	beq.w	10000c20 <task_Config+0x37c>
10000a20:	4b75      	ldr	r3, [pc, #468]	@ (10000bf8 <task_Config+0x354>)
10000a22:	2100      	movs	r1, #0
10000a24:	6818      	ldr	r0, [r3, #0]
10000a26:	f007 fbd1 	bl	100081cc <xQueueSemaphoreTake>
10000a2a:	2801      	cmp	r0, #1
10000a2c:	f000 80c4 	beq.w	10000bb8 <task_Config+0x314>
10000a30:	f04f 4450 	mov.w	r4, #3489660928	@ 0xd0000000
10000a34:	6863      	ldr	r3, [r4, #4]
10000a36:	0558      	lsls	r0, r3, #21
10000a38:	f100 8093 	bmi.w	10000b62 <task_Config+0x2be>
10000a3c:	9b02      	ldr	r3, [sp, #8]
10000a3e:	2b00      	cmp	r3, #0
10000a40:	f000 80ad 	beq.w	10000b9e <task_Config+0x2fa>
10000a44:	6863      	ldr	r3, [r4, #4]
10000a46:	055a      	lsls	r2, r3, #21
10000a48:	f140 8092 	bpl.w	10000b70 <task_Config+0x2cc>
10000a4c:	f008 f9f4 	bl	10008e38 <xTaskGetTickCount>
10000a50:	9b05      	ldr	r3, [sp, #20]
10000a52:	1ac0      	subs	r0, r0, r3
10000a54:	f5b0 7f7a 	cmp.w	r0, #1000	@ 0x3e8
10000a58:	f080 8111 	bcs.w	10000c7e <task_Config+0x3da>
10000a5c:	2863      	cmp	r0, #99	@ 0x63
10000a5e:	f240 8108 	bls.w	10000c72 <task_Config+0x3ce>
10000a62:	1c7b      	adds	r3, r7, #1
10000a64:	2d04      	cmp	r5, #4
10000a66:	f200 81cc 	bhi.w	10000e02 <task_Config+0x55e>
10000a6a:	e8df f005 	tbb	[pc, r5]
10000a6e:	163f      	.short	0x163f
10000a70:	163f      	.short	0x163f
10000a72:	16          	.byte	0x16
10000a73:	00          	.byte	0x00
10000a74:	f1c7 0402 	rsb	r4, r7, #2
10000a78:	4621      	mov	r1, r4
10000a7a:	2001      	movs	r0, #1
10000a7c:	f006 ff68 	bl	10007950 <lcd_set_cursor>
10000a80:	2101      	movs	r1, #1
10000a82:	4608      	mov	r0, r1
10000a84:	f007 f800 	bl	10007a88 <lcd_show_cursor>
10000a88:	9b04      	ldr	r3, [sp, #16]
10000a8a:	42bb      	cmp	r3, r7
10000a8c:	d1b4      	bne.n	100009f8 <task_Config+0x154>
10000a8e:	e7bf      	b.n	10000a10 <task_Config+0x16c>
10000a90:	b23c      	sxth	r4, r7
10000a92:	0064      	lsls	r4, r4, #1
10000a94:	f1c4 0403 	rsb	r4, r4, #3
10000a98:	e7ae      	b.n	100009f8 <task_Config+0x154>
10000a9a:	2101      	movs	r1, #1
10000a9c:	4a57      	ldr	r2, [pc, #348]	@ (10000bfc <task_Config+0x358>)
10000a9e:	4608      	mov	r0, r1
10000aa0:	fb82 2703 	smull	r2, r7, r2, r3
10000aa4:	eba7 77e3 	sub.w	r7, r7, r3, asr #31
10000aa8:	eb07 0747 	add.w	r7, r7, r7, lsl #1
10000aac:	1bdf      	subs	r7, r3, r7
10000aae:	f006 ffeb 	bl	10007a88 <lcd_show_cursor>
10000ab2:	2032      	movs	r0, #50	@ 0x32
10000ab4:	f008 f97e 	bl	10008db4 <vTaskDelay>
10000ab8:	2d01      	cmp	r5, #1
10000aba:	f000 8195 	beq.w	10000de8 <task_Config+0x544>
10000abe:	f04f 33ff 	mov.w	r3, #4294967295
10000ac2:	2001      	movs	r0, #1
10000ac4:	e9cd 0303 	strd	r0, r3, [sp, #12]
10000ac8:	2300      	movs	r3, #0
10000aca:	2d04      	cmp	r5, #4
10000acc:	9302      	str	r3, [sp, #8]
10000ace:	f47f af3e 	bne.w	1000094e <task_Config+0xaa>
10000ad2:	4634      	mov	r4, r6
10000ad4:	4b4a      	ldr	r3, [pc, #296]	@ (10000c00 <task_Config+0x35c>)
10000ad6:	cb0f      	ldmia	r3, {r0, r1, r2, r3}
10000ad8:	c407      	stmia	r4!, {r0, r1, r2}
10000ada:	2115      	movs	r1, #21
10000adc:	8023      	strh	r3, [r4, #0]
10000ade:	4a49      	ldr	r2, [pc, #292]	@ (10000c04 <task_Config+0x360>)
10000ae0:	9b0a      	ldr	r3, [sp, #40]	@ 0x28
10000ae2:	f10d 00f1 	add.w	r0, sp, #241	@ 0xf1
10000ae6:	f003 feeb 	bl	100048c0 <__wrap_snprintf>
10000aea:	e748      	b.n	1000097e <task_Config+0xda>
10000aec:	2101      	movs	r1, #1
10000aee:	2b00      	cmp	r3, #0
10000af0:	f003 0301 	and.w	r3, r3, #1
10000af4:	bfb8      	it	lt
10000af6:	425b      	neglt	r3, r3
10000af8:	4608      	mov	r0, r1
10000afa:	461f      	mov	r7, r3
10000afc:	f006 ffc4 	bl	10007a88 <lcd_show_cursor>
10000b00:	2032      	movs	r0, #50	@ 0x32
10000b02:	f008 f957 	bl	10008db4 <vTaskDelay>
10000b06:	2401      	movs	r4, #1
10000b08:	f04f 33ff 	mov.w	r3, #4294967295
10000b0c:	e9cd 4303 	strd	r4, r3, [sp, #12]
10000b10:	2300      	movs	r3, #0
10000b12:	2d01      	cmp	r5, #1
10000b14:	9302      	str	r3, [sp, #8]
10000b16:	f73f af17 	bgt.w	10000948 <task_Config+0xa4>
10000b1a:	f04f 0308 	mov.w	r3, #8
10000b1e:	f04f 0201 	mov.w	r2, #1
10000b22:	ec42 3040 	gpioc_bit_out_put r3, r2
10000b26:	f000 809d 	beq.w	10000c64 <task_Config+0x3c0>
10000b2a:	4634      	mov	r4, r6
10000b2c:	2500      	movs	r5, #0
10000b2e:	4b36      	ldr	r3, [pc, #216]	@ (10000c08 <task_Config+0x364>)
10000b30:	cb0f      	ldmia	r3, {r0, r1, r2, r3}
10000b32:	c407      	stmia	r4!, {r0, r1, r2}
10000b34:	7023      	strb	r3, [r4, #0]
10000b36:	eb0d 0385 	add.w	r3, sp, r5, lsl #2
10000b3a:	6c9b      	ldr	r3, [r3, #72]	@ 0x48
10000b3c:	4933      	ldr	r1, [pc, #204]	@ (10000c0c <task_Config+0x368>)
10000b3e:	681a      	ldr	r2, [r3, #0]
10000b40:	f10d 00f1 	add.w	r0, sp, #241	@ 0xf1
10000b44:	fb81 3102 	smull	r3, r1, r1, r2
10000b48:	17d3      	asrs	r3, r2, #31
10000b4a:	ebc3 03a1 	rsb	r3, r3, r1, asr #2
10000b4e:	eb03 0183 	add.w	r1, r3, r3, lsl #2
10000b52:	eba2 0241 	sub.w	r2, r2, r1, lsl #1
10000b56:	9200      	str	r2, [sp, #0]
10000b58:	2115      	movs	r1, #21
10000b5a:	4a2d      	ldr	r2, [pc, #180]	@ (10000c10 <task_Config+0x36c>)
10000b5c:	f003 feb0 	bl	100048c0 <__wrap_snprintf>
10000b60:	e70d      	b.n	1000097e <task_Config+0xda>
10000b62:	6863      	ldr	r3, [r4, #4]
10000b64:	055b      	lsls	r3, r3, #21
10000b66:	d503      	bpl.n	10000b70 <task_Config+0x2cc>
10000b68:	9b02      	ldr	r3, [sp, #8]
10000b6a:	2b00      	cmp	r3, #0
10000b6c:	f47f af6e 	bne.w	10000a4c <task_Config+0x1a8>
10000b70:	2032      	movs	r0, #50	@ 0x32
10000b72:	f008 f91f 	bl	10008db4 <vTaskDelay>
10000b76:	2d04      	cmp	r5, #4
10000b78:	f77f aee3 	ble.w	10000942 <task_Config+0x9e>
10000b7c:	1f2b      	subs	r3, r5, #4
10000b7e:	2115      	movs	r1, #21
10000b80:	4630      	mov	r0, r6
10000b82:	4a24      	ldr	r2, [pc, #144]	@ (10000c14 <task_Config+0x370>)
10000b84:	f003 fe9c 	bl	100048c0 <__wrap_snprintf>
10000b88:	eb0d 0385 	add.w	r3, sp, r5, lsl #2
10000b8c:	6c9b      	ldr	r3, [r3, #72]	@ 0x48
10000b8e:	2115      	movs	r1, #21
10000b90:	4a21      	ldr	r2, [pc, #132]	@ (10000c18 <task_Config+0x374>)
10000b92:	681b      	ldr	r3, [r3, #0]
10000b94:	f10d 00f1 	add.w	r0, sp, #241	@ 0xf1
10000b98:	f003 fe92 	bl	100048c0 <__wrap_snprintf>
10000b9c:	e6ef      	b.n	1000097e <task_Config+0xda>
10000b9e:	f008 f94b 	bl	10008e38 <xTaskGetTickCount>
10000ba2:	6863      	ldr	r3, [r4, #4]
10000ba4:	9005      	str	r0, [sp, #20]
10000ba6:	0559      	lsls	r1, r3, #21
10000ba8:	f53f af50 	bmi.w	10000a4c <task_Config+0x1a8>
10000bac:	2301      	movs	r3, #1
10000bae:	2032      	movs	r0, #50	@ 0x32
10000bb0:	9302      	str	r3, [sp, #8]
10000bb2:	f008 f8ff 	bl	10008db4 <vTaskDelay>
10000bb6:	e7de      	b.n	10000b76 <task_Config+0x2d2>
10000bb8:	eb0d 0385 	add.w	r3, sp, r5, lsl #2
10000bbc:	2f00      	cmp	r7, #0
10000bbe:	6c9a      	ldr	r2, [r3, #72]	@ 0x48
10000bc0:	dd07      	ble.n	10000bd2 <task_Config+0x32e>
10000bc2:	2300      	movs	r3, #0
10000bc4:	3301      	adds	r3, #1
10000bc6:	eb00 0080 	add.w	r0, r0, r0, lsl #2
10000bca:	42bb      	cmp	r3, r7
10000bcc:	ea4f 0040 	mov.w	r0, r0, lsl #1
10000bd0:	d1f8      	bne.n	10000bc4 <task_Config+0x320>
10000bd2:	6813      	ldr	r3, [r2, #0]
10000bd4:	1a1b      	subs	r3, r3, r0
10000bd6:	bf54      	ite	pl
10000bd8:	6013      	strpl	r3, [r2, #0]
10000bda:	f8c2 9000 	strmi.w	r9, [r2]
10000bde:	e727      	b.n	10000a30 <task_Config+0x18c>
10000be0:	20001d34 	.word	0x20001d34
10000be4:	1000acf4 	.word	0x1000acf4
10000be8:	1000ad2c 	.word	0x1000ad2c
10000bec:	1000ac84 	.word	0x1000ac84
10000bf0:	20001d20 	.word	0x20001d20
10000bf4:	20001d3c 	.word	0x20001d3c
10000bf8:	20001d40 	.word	0x20001d40
10000bfc:	55555556 	.word	0x55555556
10000c00:	1000ad04 	.word	0x1000ad04
10000c04:	1000ad14 	.word	0x1000ad14
10000c08:	1000acc4 	.word	0x1000acc4
10000c0c:	66666667 	.word	0x66666667
10000c10:	1000ad20 	.word	0x1000ad20
10000c14:	1000ad34 	.word	0x1000ad34
10000c18:	1000ad40 	.word	0x1000ad40
10000c1c:	20001d2c 	.word	0x20001d2c
10000c20:	eb0d 0385 	add.w	r3, sp, r5, lsl #2
10000c24:	2f00      	cmp	r7, #0
10000c26:	6c9a      	ldr	r2, [r3, #72]	@ 0x48
10000c28:	6e99      	ldr	r1, [r3, #104]	@ 0x68
10000c2a:	dd07      	ble.n	10000c3c <task_Config+0x398>
10000c2c:	2300      	movs	r3, #0
10000c2e:	3301      	adds	r3, #1
10000c30:	eb00 0080 	add.w	r0, r0, r0, lsl #2
10000c34:	42bb      	cmp	r3, r7
10000c36:	ea4f 0040 	mov.w	r0, r0, lsl #1
10000c3a:	d1f8      	bne.n	10000c2e <task_Config+0x38a>
10000c3c:	6813      	ldr	r3, [r2, #0]
10000c3e:	4418      	add	r0, r3
10000c40:	4288      	cmp	r0, r1
10000c42:	bfa8      	it	ge
10000c44:	4608      	movge	r0, r1
10000c46:	6010      	str	r0, [r2, #0]
10000c48:	e6ea      	b.n	10000a20 <task_Config+0x17c>
10000c4a:	4634      	mov	r4, r6
10000c4c:	4b78      	ldr	r3, [pc, #480]	@ (10000e30 <task_Config+0x58c>)
10000c4e:	cb0f      	ldmia	r3, {r0, r1, r2, r3}
10000c50:	c407      	stmia	r4!, {r0, r1, r2}
10000c52:	7023      	strb	r3, [r4, #0]
10000c54:	e76f      	b.n	10000b36 <task_Config+0x292>
10000c56:	ec45 4040 	gpioc_bit_out_put r4, r5
10000c5a:	2700      	movs	r7, #0
10000c5c:	f04f 33ff 	mov.w	r3, #4294967295
10000c60:	9702      	str	r7, [sp, #8]
10000c62:	9304      	str	r3, [sp, #16]
10000c64:	4634      	mov	r4, r6
10000c66:	4b73      	ldr	r3, [pc, #460]	@ (10000e34 <task_Config+0x590>)
10000c68:	2501      	movs	r5, #1
10000c6a:	cb0f      	ldmia	r3, {r0, r1, r2, r3}
10000c6c:	c407      	stmia	r4!, {r0, r1, r2}
10000c6e:	7023      	strb	r3, [r4, #0]
10000c70:	e67b      	b.n	1000096a <task_Config+0xc6>
10000c72:	2300      	movs	r3, #0
10000c74:	2032      	movs	r0, #50	@ 0x32
10000c76:	9302      	str	r3, [sp, #8]
10000c78:	f008 f89c 	bl	10008db4 <vTaskDelay>
10000c7c:	e77b      	b.n	10000b76 <task_Config+0x2d2>
10000c7e:	4b6e      	ldr	r3, [pc, #440]	@ (10000e38 <task_Config+0x594>)
10000c80:	2164      	movs	r1, #100	@ 0x64
10000c82:	6818      	ldr	r0, [r3, #0]
10000c84:	f007 faa2 	bl	100081cc <xQueueSemaphoreTake>
10000c88:	2801      	cmp	r0, #1
10000c8a:	f000 8095 	beq.w	10000db8 <task_Config+0x514>
10000c8e:	eb0d 0385 	add.w	r3, sp, r5, lsl #2
10000c92:	f035 0202 	bics.w	r2, r5, #2
10000c96:	6c9b      	ldr	r3, [r3, #72]	@ 0x48
10000c98:	f88d 5039 	strb.w	r5, [sp, #57]	@ 0x39
10000c9c:	d078      	beq.n	10000d90 <task_Config+0x4ec>
10000c9e:	edd3 7a00 	vldr	s15, [r3]
10000ca2:	eef8 7ae7 	vcvt.f32.s32	s15, s15
10000ca6:	4865      	ldr	r0, [pc, #404]	@ (10000e3c <task_Config+0x598>)
10000ca8:	2300      	movs	r3, #0
10000caa:	f04f 32ff 	mov.w	r2, #4294967295
10000cae:	a90e      	add	r1, sp, #56	@ 0x38
10000cb0:	6800      	ldr	r0, [r0, #0]
10000cb2:	edcd 7a11 	vstr	s15, [sp, #68]	@ 0x44
10000cb6:	f006 ff9b 	bl	10007bf0 <xQueueGenericSend>
10000cba:	f44f 60fa 	mov.w	r0, #2000	@ 0x7d0
10000cbe:	f008 f879 	bl	10008db4 <vTaskDelay>
10000cc2:	2408      	movs	r4, #8
10000cc4:	f04f 0300 	mov.w	r3, #0
10000cc8:	ec43 4040 	gpioc_bit_out_put r4, r3
10000ccc:	2207      	movs	r2, #7
10000cce:	ec43 2040 	gpioc_bit_out_put r2, r3
10000cd2:	2032      	movs	r0, #50	@ 0x32
10000cd4:	3501      	adds	r5, #1
10000cd6:	f008 f86d 	bl	10008db4 <vTaskDelay>
10000cda:	42a5      	cmp	r5, r4
10000cdc:	d161      	bne.n	10000da2 <task_Config+0x4fe>
10000cde:	9b06      	ldr	r3, [sp, #24]
10000ce0:	eef2 5a04 	vmov.f32	s11, #36	@ 0x41200000  10.0
10000ce4:	ee07 3a90 	vmov	s15, r3
10000ce8:	9b08      	ldr	r3, [sp, #32]
10000cea:	eeb8 6ae7 	vcvt.f32.s32	s12, s15
10000cee:	ee07 3a90 	vmov	s15, r3
10000cf2:	9b07      	ldr	r3, [sp, #28]
10000cf4:	eef8 6ae7 	vcvt.f32.s32	s13, s15
10000cf8:	ee07 3a90 	vmov	s15, r3
10000cfc:	9b09      	ldr	r3, [sp, #36]	@ 0x24
10000cfe:	eeb8 7ae7 	vcvt.f32.s32	s14, s15
10000d02:	ee07 3a90 	vmov	s15, r3
10000d06:	f44f 727a 	mov.w	r2, #1000	@ 0x3e8
10000d0a:	ee86 5a25 	vdiv.f32	s10, s12, s11
10000d0e:	eef8 7ae7 	vcvt.f32.s32	s15, s15
10000d12:	ee86 6aa5 	vdiv.f32	s12, s13, s11
10000d16:	9302      	str	r3, [sp, #8]
10000d18:	9b0a      	ldr	r3, [sp, #40]	@ 0x28
10000d1a:	fb02 f303 	mul.w	r3, r2, r3
10000d1e:	4a48      	ldr	r2, [pc, #288]	@ (10000e40 <task_Config+0x59c>)
10000d20:	6113      	str	r3, [r2, #16]
10000d22:	9b0b      	ldr	r3, [sp, #44]	@ 0x2c
10000d24:	ed82 7a01 	vstr	s14, [r2, #4]
10000d28:	6153      	str	r3, [r2, #20]
10000d2a:	9b0c      	ldr	r3, [sp, #48]	@ 0x30
10000d2c:	edc2 7a03 	vstr	s15, [r2, #12]
10000d30:	6193      	str	r3, [r2, #24]
10000d32:	9b0d      	ldr	r3, [sp, #52]	@ 0x34
10000d34:	ed82 5a00 	vstr	s10, [r2]
10000d38:	ed82 6a02 	vstr	s12, [r2, #8]
10000d3c:	61d3      	str	r3, [r2, #28]
10000d3e:	f006 fe03 	bl	10007948 <lcd_clear>
10000d42:	4b40      	ldr	r3, [pc, #256]	@ (10000e44 <task_Config+0x5a0>)
10000d44:	f88d 909d 	strb.w	r9, [sp, #157]	@ 0x9d
10000d48:	cb0f      	ldmia	r3, {r0, r1, r2, r3}
10000d4a:	e888 000f 	stmia.w	r8, {r0, r1, r2, r3}
10000d4e:	483e      	ldr	r0, [pc, #248]	@ (10000e48 <task_Config+0x5a4>)
10000d50:	2300      	movs	r3, #0
10000d52:	f04f 32ff 	mov.w	r2, #4294967295
10000d56:	4641      	mov	r1, r8
10000d58:	6800      	ldr	r0, [r0, #0]
10000d5a:	f88d 90b2 	strb.w	r9, [sp, #178]	@ 0xb2
10000d5e:	f88d 90c7 	strb.w	r9, [sp, #199]	@ 0xc7
10000d62:	f006 ff45 	bl	10007bf0 <xQueueGenericSend>
10000d66:	f44f 60fa 	mov.w	r0, #2000	@ 0x7d0
10000d6a:	f008 f823 	bl	10008db4 <vTaskDelay>
10000d6e:	2100      	movs	r1, #0
10000d70:	4608      	mov	r0, r1
10000d72:	f006 fe89 	bl	10007a88 <lcd_show_cursor>
10000d76:	2100      	movs	r1, #0
10000d78:	f8da 0000 	ldr.w	r0, [sl]
10000d7c:	f007 fa26 	bl	100081cc <xQueueSemaphoreTake>
10000d80:	2300      	movs	r3, #0
10000d82:	4a32      	ldr	r2, [pc, #200]	@ (10000e4c <task_Config+0x5a8>)
10000d84:	4619      	mov	r1, r3
10000d86:	6810      	ldr	r0, [r2, #0]
10000d88:	461a      	mov	r2, r3
10000d8a:	f006 ff31 	bl	10007bf0 <xQueueGenericSend>
10000d8e:	e5c1      	b.n	10000914 <task_Config+0x70>
10000d90:	ed93 7a00 	vldr	s14, [r3]
10000d94:	eef2 6a04 	vmov.f32	s13, #36	@ 0x41200000  10.0
10000d98:	eeb8 7ac7 	vcvt.f32.s32	s14, s14
10000d9c:	eec7 7a26 	vdiv.f32	s15, s14, s13
10000da0:	e781      	b.n	10000ca6 <task_Config+0x402>
10000da2:	2d04      	cmp	r5, #4
10000da4:	dc1a      	bgt.n	10000ddc <task_Config+0x538>
10000da6:	2d01      	cmp	r5, #1
10000da8:	f43f af55 	beq.w	10000c56 <task_Config+0x3b2>
10000dac:	2700      	movs	r7, #0
10000dae:	f04f 33ff 	mov.w	r3, #4294967295
10000db2:	9702      	str	r7, [sp, #8]
10000db4:	9304      	str	r3, [sp, #16]
10000db6:	e5c7      	b.n	10000948 <task_Config+0xa4>
10000db8:	4925      	ldr	r1, [pc, #148]	@ (10000e50 <task_Config+0x5ac>)
10000dba:	4826      	ldr	r0, [pc, #152]	@ (10000e54 <task_Config+0x5b0>)
10000dbc:	f008 ffe8 	bl	10009d90 <ds3231_get_datetime>
10000dc0:	2300      	movs	r3, #0
10000dc2:	4a24      	ldr	r2, [pc, #144]	@ (10000e54 <task_Config+0x5b0>)
10000dc4:	ca03      	ldmia	r2!, {r0, r1}
10000dc6:	f8cd 003a 	str.w	r0, [sp, #58]	@ 0x3a
10000dca:	481b      	ldr	r0, [pc, #108]	@ (10000e38 <task_Config+0x594>)
10000dcc:	f8cd 103e 	str.w	r1, [sp, #62]	@ 0x3e
10000dd0:	461a      	mov	r2, r3
10000dd2:	4619      	mov	r1, r3
10000dd4:	6800      	ldr	r0, [r0, #0]
10000dd6:	f006 ff0b 	bl	10007bf0 <xQueueGenericSend>
10000dda:	e758      	b.n	10000c8e <task_Config+0x3ea>
10000ddc:	2700      	movs	r7, #0
10000dde:	f04f 33ff 	mov.w	r3, #4294967295
10000de2:	9702      	str	r7, [sp, #8]
10000de4:	9304      	str	r3, [sp, #16]
10000de6:	e6c9      	b.n	10000b7c <task_Config+0x2d8>
10000de8:	2308      	movs	r3, #8
10000dea:	ec45 3040 	gpioc_bit_out_put r3, r5
10000dee:	f04f 33ff 	mov.w	r3, #4294967295
10000df2:	9304      	str	r3, [sp, #16]
10000df4:	2300      	movs	r3, #0
10000df6:	9503      	str	r5, [sp, #12]
10000df8:	9302      	str	r3, [sp, #8]
10000dfa:	e733      	b.n	10000c64 <task_Config+0x3c0>
10000dfc:	f1c7 0403 	rsb	r4, r7, #3
10000e00:	e63a      	b.n	10000a78 <task_Config+0x1d4>
10000e02:	2101      	movs	r1, #1
10000e04:	425a      	negs	r2, r3
10000e06:	4608      	mov	r0, r1
10000e08:	f003 0703 	and.w	r7, r3, #3
10000e0c:	f002 0303 	and.w	r3, r2, #3
10000e10:	bf58      	it	pl
10000e12:	425f      	negpl	r7, r3
10000e14:	f006 fe38 	bl	10007a88 <lcd_show_cursor>
10000e18:	2032      	movs	r0, #50	@ 0x32
10000e1a:	f007 ffcb 	bl	10008db4 <vTaskDelay>
10000e1e:	f04f 33ff 	mov.w	r3, #4294967295
10000e22:	2101      	movs	r1, #1
10000e24:	e9cd 1303 	strd	r1, r3, [sp, #12]
10000e28:	2300      	movs	r3, #0
10000e2a:	9302      	str	r3, [sp, #8]
10000e2c:	e6a6      	b.n	10000b7c <task_Config+0x2d8>
10000e2e:	bf00      	nop
10000e30:	1000ace4 	.word	0x1000ace4
10000e34:	1000acd4 	.word	0x1000acd4
10000e38:	20001d44 	.word	0x20001d44
10000e3c:	20001d1c 	.word	0x20001d1c
10000e40:	20001ca8 	.word	0x20001ca8
10000e44:	1000ad4c 	.word	0x1000ad4c
10000e48:	20001d20 	.word	0x20001d20
10000e4c:	20001d34 	.word	0x20001d34
10000e50:	20002a04 	.word	0x20002a04
10000e54:	200024fc 	.word	0x200024fc

10000e58 <task_EEPROM>:
10000e58:	e92d 4ff0 	stmdb	sp!, {r4, r5, r6, r7, r8, r9, sl, fp, lr}
10000e5c:	4b7e      	ldr	r3, [pc, #504]	@ (10001058 <task_EEPROM+0x200>)
10000e5e:	b0a7      	sub	sp, #156	@ 0x9c
10000e60:	9302      	str	r3, [sp, #8]
10000e62:	4b7e      	ldr	r3, [pc, #504]	@ (1000105c <task_EEPROM+0x204>)
10000e64:	4f7e      	ldr	r7, [pc, #504]	@ (10001060 <task_EEPROM+0x208>)
10000e66:	f8df b224 	ldr.w	fp, [pc, #548]	@ 1000108c <task_EEPROM+0x234>
10000e6a:	f8df 9224 	ldr.w	r9, [pc, #548]	@ 10001090 <task_EEPROM+0x238>
10000e6e:	f8df a224 	ldr.w	sl, [pc, #548]	@ 10001094 <task_EEPROM+0x23c>
10000e72:	9303      	str	r3, [sp, #12]
10000e74:	ac05      	add	r4, sp, #20
10000e76:	ad09      	add	r5, sp, #36	@ 0x24
10000e78:	ae0d      	add	r6, sp, #52	@ 0x34
10000e7a:	e04b      	b.n	10000f14 <task_EEPROM+0xbc>
10000e7c:	f1bc 0f00 	cmp.w	ip, #0
10000e80:	d148      	bne.n	10000f14 <task_EEPROM+0xbc>
10000e82:	f8bb 3000 	ldrh.w	r3, [fp]
10000e86:	f8df b204 	ldr.w	fp, [pc, #516]	@ 1000108c <task_EEPROM+0x234>
10000e8a:	f44f 6280 	mov.w	r2, #1024	@ 0x400
10000e8e:	46d8      	mov	r8, fp
10000e90:	3310      	adds	r3, #16
10000e92:	4293      	cmp	r3, r2
10000e94:	bf88      	it	hi
10000e96:	f8a8 c000 	strhhi.w	ip, [r8]
10000e9a:	f44f 71fa 	mov.w	r1, #500	@ 0x1f4
10000e9e:	f8d9 0000 	ldr.w	r0, [r9]
10000ea2:	f007 f993 	bl	100081cc <xQueueSemaphoreTake>
10000ea6:	2801      	cmp	r0, #1
10000ea8:	f000 8092 	beq.w	10000fd0 <task_EEPROM+0x178>
10000eac:	e896 000f 	ldmia.w	r6, {r0, r1, r2, r3}
10000eb0:	e884 000f 	stmia.w	r4, {r0, r1, r2, r3}
10000eb4:	f89d 3014 	ldrb.w	r3, [sp, #20]
10000eb8:	2b00      	cmp	r3, #0
10000eba:	d053      	beq.n	10000f64 <task_EEPROM+0x10c>
10000ebc:	2b01      	cmp	r3, #1
10000ebe:	f000 80a2 	beq.w	10001006 <task_EEPROM+0x1ae>
10000ec2:	f8bd 301c 	ldrh.w	r3, [sp, #28]
10000ec6:	2115      	movs	r1, #21
10000ec8:	9301      	str	r3, [sp, #4]
10000eca:	f89d 301b 	ldrb.w	r3, [sp, #27]
10000ece:	4a65      	ldr	r2, [pc, #404]	@ (10001064 <task_EEPROM+0x20c>)
10000ed0:	9300      	str	r3, [sp, #0]
10000ed2:	f10d 006e 	add.w	r0, sp, #110	@ 0x6e
10000ed6:	f89d 3019 	ldrb.w	r3, [sp, #25]
10000eda:	f003 fcf1 	bl	100048c0 <__wrap_snprintf>
10000ede:	f89d 3018 	ldrb.w	r3, [sp, #24]
10000ee2:	2115      	movs	r1, #21
10000ee4:	9301      	str	r3, [sp, #4]
10000ee6:	f89d 3017 	ldrb.w	r3, [sp, #23]
10000eea:	4a5f      	ldr	r2, [pc, #380]	@ (10001068 <task_EEPROM+0x210>)
10000eec:	9300      	str	r3, [sp, #0]
10000eee:	f10d 0083 	add.w	r0, sp, #131	@ 0x83
10000ef2:	f89d 3016 	ldrb.w	r3, [sp, #22]
10000ef6:	f003 fce3 	bl	100048c0 <__wrap_snprintf>
10000efa:	f006 fd25 	bl	10007948 <lcd_clear>
10000efe:	2300      	movs	r3, #0
10000f00:	f04f 32ff 	mov.w	r2, #4294967295
10000f04:	f8da 0000 	ldr.w	r0, [sl]
10000f08:	a911      	add	r1, sp, #68	@ 0x44
10000f0a:	f006 fe71 	bl	10007bf0 <xQueueGenericSend>
10000f0e:	200a      	movs	r0, #10
10000f10:	f007 ff50 	bl	10008db4 <vTaskDelay>
10000f14:	f04f 32ff 	mov.w	r2, #4294967295
10000f18:	4621      	mov	r1, r4
10000f1a:	6838      	ldr	r0, [r7, #0]
10000f1c:	f007 f812 	bl	10007f44 <xQueueReceive>
10000f20:	2801      	cmp	r0, #1
10000f22:	d1f4      	bne.n	10000f0e <task_EEPROM+0xb6>
10000f24:	e894 000f 	ldmia.w	r4, {r0, r1, r2, r3}
10000f28:	f89d c014 	ldrb.w	ip, [sp, #20]
10000f2c:	e885 000f 	stmia.w	r5, {r0, r1, r2, r3}
10000f30:	f1bc 0f01 	cmp.w	ip, #1
10000f34:	d00c      	beq.n	10000f50 <task_EEPROM+0xf8>
10000f36:	f1bc 0f02 	cmp.w	ip, #2
10000f3a:	d19f      	bne.n	10000e7c <task_EEPROM+0x24>
10000f3c:	9b03      	ldr	r3, [sp, #12]
10000f3e:	4947      	ldr	r1, [pc, #284]	@ (1000105c <task_EEPROM+0x204>)
10000f40:	f44f 5280 	mov.w	r2, #4096	@ 0x1000
10000f44:	f44f 6c00 	mov.w	ip, #2048	@ 0x800
10000f48:	4688      	mov	r8, r1
10000f4a:	881b      	ldrh	r3, [r3, #0]
10000f4c:	9103      	str	r1, [sp, #12]
10000f4e:	e79f      	b.n	10000e90 <task_EEPROM+0x38>
10000f50:	9b02      	ldr	r3, [sp, #8]
10000f52:	4941      	ldr	r1, [pc, #260]	@ (10001058 <task_EEPROM+0x200>)
10000f54:	f44f 6200 	mov.w	r2, #2048	@ 0x800
10000f58:	f44f 6c80 	mov.w	ip, #1024	@ 0x400
10000f5c:	4688      	mov	r8, r1
10000f5e:	881b      	ldrh	r3, [r3, #0]
10000f60:	9102      	str	r1, [sp, #8]
10000f62:	e795      	b.n	10000e90 <task_EEPROM+0x38>
10000f64:	9300      	str	r3, [sp, #0]
10000f66:	2115      	movs	r1, #21
10000f68:	f89d 3015 	ldrb.w	r3, [sp, #21]
10000f6c:	4a3f      	ldr	r2, [pc, #252]	@ (1000106c <task_EEPROM+0x214>)
10000f6e:	a811      	add	r0, sp, #68	@ 0x44
10000f70:	f003 fca6 	bl	100048c0 <__wrap_snprintf>
10000f74:	f89d 3015 	ldrb.w	r3, [sp, #21]
10000f78:	eddd 7a08 	vldr	s15, [sp, #32]
10000f7c:	2b04      	cmp	r3, #4
10000f7e:	d860      	bhi.n	10001042 <task_EEPROM+0x1ea>
10000f80:	e8df f003 	tbb	[pc, r3]
10000f84:	030e030e 	.word	0x030e030e
10000f88:	1b          	.byte	0x1b
10000f89:	00          	.byte	0x00
10000f8a:	eefd 7ae7 	vcvt.s32.f32	s15, s15
10000f8e:	2115      	movs	r1, #21
10000f90:	ee17 3a90 	vmov	r3, s15
10000f94:	4a36      	ldr	r2, [pc, #216]	@ (10001070 <task_EEPROM+0x218>)
10000f96:	f10d 0059 	add.w	r0, sp, #89	@ 0x59
10000f9a:	f003 fc91 	bl	100048c0 <__wrap_snprintf>
10000f9e:	e790      	b.n	10000ec2 <task_EEPROM+0x6a>
10000fa0:	ee17 0a90 	vmov	r0, s15
10000fa4:	f009 fe18 	bl	1000abd8 <____aeabi_f2d_veneer>
10000fa8:	4a32      	ldr	r2, [pc, #200]	@ (10001074 <task_EEPROM+0x21c>)
10000faa:	e9cd 0100 	strd	r0, r1, [sp]
10000fae:	2115      	movs	r1, #21
10000fb0:	f10d 0059 	add.w	r0, sp, #89	@ 0x59
10000fb4:	f003 fc84 	bl	100048c0 <__wrap_snprintf>
10000fb8:	e783      	b.n	10000ec2 <task_EEPROM+0x6a>
10000fba:	eefd 7ae7 	vcvt.s32.f32	s15, s15
10000fbe:	2115      	movs	r1, #21
10000fc0:	ee17 3a90 	vmov	r3, s15
10000fc4:	4a2c      	ldr	r2, [pc, #176]	@ (10001078 <task_EEPROM+0x220>)
10000fc6:	f10d 0059 	add.w	r0, sp, #89	@ 0x59
10000fca:	f003 fc79 	bl	100048c0 <__wrap_snprintf>
10000fce:	e778      	b.n	10000ec2 <task_EEPROM+0x6a>
10000fd0:	2310      	movs	r3, #16
10000fd2:	462a      	mov	r2, r5
10000fd4:	f8b8 1000 	ldrh.w	r1, [r8]
10000fd8:	4828      	ldr	r0, [pc, #160]	@ (1000107c <task_EEPROM+0x224>)
10000fda:	f008 fdcb 	bl	10009b74 <eeprom_write_data>
10000fde:	2310      	movs	r3, #16
10000fe0:	4632      	mov	r2, r6
10000fe2:	4826      	ldr	r0, [pc, #152]	@ (1000107c <task_EEPROM+0x224>)
10000fe4:	f8b8 1000 	ldrh.w	r1, [r8]
10000fe8:	f008 fdde 	bl	10009ba8 <eeprom_read_data>
10000fec:	2300      	movs	r3, #0
10000fee:	f8d9 0000 	ldr.w	r0, [r9]
10000ff2:	461a      	mov	r2, r3
10000ff4:	4619      	mov	r1, r3
10000ff6:	f006 fdfb 	bl	10007bf0 <xQueueGenericSend>
10000ffa:	f8b8 3000 	ldrh.w	r3, [r8]
10000ffe:	3310      	adds	r3, #16
10001000:	f8a8 3000 	strh.w	r3, [r8]
10001004:	e752      	b.n	10000eac <task_EEPROM+0x54>
10001006:	4b1e      	ldr	r3, [pc, #120]	@ (10001080 <task_EEPROM+0x228>)
10001008:	2115      	movs	r1, #21
1000100a:	4a1e      	ldr	r2, [pc, #120]	@ (10001084 <task_EEPROM+0x22c>)
1000100c:	a811      	add	r0, sp, #68	@ 0x44
1000100e:	f003 fc57 	bl	100048c0 <__wrap_snprintf>
10001012:	f89d 3015 	ldrb.w	r3, [sp, #21]
10001016:	2b03      	cmp	r3, #3
10001018:	f63f af53 	bhi.w	10000ec2 <task_EEPROM+0x6a>
1000101c:	e8df f003 	tbb	[pc, r3]
10001020:	020f020f 	.word	0x020f020f
10001024:	eddd 7a08 	vldr	s15, [sp, #32]
10001028:	eefd 7ae7 	vcvt.s32.f32	s15, s15
1000102c:	2115      	movs	r1, #21
1000102e:	ee17 3a90 	vmov	r3, s15
10001032:	4a0f      	ldr	r2, [pc, #60]	@ (10001070 <task_EEPROM+0x218>)
10001034:	f10d 0059 	add.w	r0, sp, #89	@ 0x59
10001038:	f003 fc42 	bl	100048c0 <__wrap_snprintf>
1000103c:	e741      	b.n	10000ec2 <task_EEPROM+0x6a>
1000103e:	9808      	ldr	r0, [sp, #32]
10001040:	e7b0      	b.n	10000fa4 <task_EEPROM+0x14c>
10001042:	eefd 7ae7 	vcvt.s32.f32	s15, s15
10001046:	2115      	movs	r1, #21
10001048:	ee17 3a90 	vmov	r3, s15
1000104c:	4a0e      	ldr	r2, [pc, #56]	@ (10001088 <task_EEPROM+0x230>)
1000104e:	f10d 0059 	add.w	r0, sp, #89	@ 0x59
10001052:	f003 fc35 	bl	100048c0 <__wrap_snprintf>
10001056:	e734      	b.n	10000ec2 <task_EEPROM+0x6a>
10001058:	200014fa 	.word	0x200014fa
1000105c:	200014f8 	.word	0x200014f8
10001060:	20001d1c 	.word	0x20001d1c
10001064:	1000adb8 	.word	0x1000adb8
10001068:	1000adc8 	.word	0x1000adc8
1000106c:	1000ad5c 	.word	0x1000ad5c
10001070:	1000ad80 	.word	0x1000ad80
10001074:	1000ad70 	.word	0x1000ad70
10001078:	1000ad90 	.word	0x1000ad90
1000107c:	20001598 	.word	0x20001598
10001080:	1000adb0 	.word	0x1000adb0
10001084:	1000ac84 	.word	0x1000ac84
10001088:	1000ada0 	.word	0x1000ada0
1000108c:	20002afc 	.word	0x20002afc
10001090:	20001d44 	.word	0x20001d44
10001094:	20001d20 	.word	0x20001d20

10001098 <task_LCD>:
10001098:	2254      	movs	r2, #84	@ 0x54
1000109a:	b530      	push	{r4, r5, lr}
1000109c:	b0ab      	sub	sp, #172	@ 0xac
1000109e:	2100      	movs	r1, #0
100010a0:	eb0d 0002 	add.w	r0, sp, r2
100010a4:	f009 fab6 	bl	1000a614 <memset>
100010a8:	4c3b      	ldr	r4, [pc, #236]	@ (10001198 <task_LCD+0x100>)
100010aa:	4d3c      	ldr	r5, [pc, #240]	@ (1000119c <task_LCD+0x104>)
100010ac:	e002      	b.n	100010b4 <task_LCD+0x1c>
100010ae:	2014      	movs	r0, #20
100010b0:	f007 fe80 	bl	10008db4 <vTaskDelay>
100010b4:	f04f 32ff 	mov.w	r2, #4294967295
100010b8:	4669      	mov	r1, sp
100010ba:	6820      	ldr	r0, [r4, #0]
100010bc:	f006 ff42 	bl	10007f44 <xQueueReceive>
100010c0:	2801      	cmp	r0, #1
100010c2:	d1f4      	bne.n	100010ae <task_LCD+0x16>
100010c4:	2164      	movs	r1, #100	@ 0x64
100010c6:	6828      	ldr	r0, [r5, #0]
100010c8:	f007 f880 	bl	100081cc <xQueueSemaphoreTake>
100010cc:	2801      	cmp	r0, #1
100010ce:	d1ee      	bne.n	100010ae <task_LCD+0x16>
100010d0:	2215      	movs	r2, #21
100010d2:	4669      	mov	r1, sp
100010d4:	a815      	add	r0, sp, #84	@ 0x54
100010d6:	f009 faeb 	bl	1000a6b0 <strncmp>
100010da:	b9f8      	cbnz	r0, 1000111c <task_LCD+0x84>
100010dc:	2215      	movs	r2, #21
100010de:	f10d 0069 	add.w	r0, sp, #105	@ 0x69
100010e2:	eb0d 0102 	add.w	r1, sp, r2
100010e6:	f009 fae3 	bl	1000a6b0 <strncmp>
100010ea:	2800      	cmp	r0, #0
100010ec:	d143      	bne.n	10001176 <task_LCD+0xde>
100010ee:	2215      	movs	r2, #21
100010f0:	f10d 012a 	add.w	r1, sp, #42	@ 0x2a
100010f4:	f10d 007e 	add.w	r0, sp, #126	@ 0x7e
100010f8:	f009 fada 	bl	1000a6b0 <strncmp>
100010fc:	bb58      	cbnz	r0, 10001156 <task_LCD+0xbe>
100010fe:	2215      	movs	r2, #21
10001100:	f10d 013f 	add.w	r1, sp, #63	@ 0x3f
10001104:	f10d 0093 	add.w	r0, sp, #147	@ 0x93
10001108:	f009 fad2 	bl	1000a6b0 <strncmp>
1000110c:	b998      	cbnz	r0, 10001136 <task_LCD+0x9e>
1000110e:	2300      	movs	r3, #0
10001110:	6828      	ldr	r0, [r5, #0]
10001112:	461a      	mov	r2, r3
10001114:	4619      	mov	r1, r3
10001116:	f006 fd6b 	bl	10007bf0 <xQueueGenericSend>
1000111a:	e7c8      	b.n	100010ae <task_LCD+0x16>
1000111c:	2100      	movs	r1, #0
1000111e:	4608      	mov	r0, r1
10001120:	f006 fc16 	bl	10007950 <lcd_set_cursor>
10001124:	4668      	mov	r0, sp
10001126:	f006 fc2b 	bl	10007980 <lcd_string>
1000112a:	2215      	movs	r2, #21
1000112c:	4669      	mov	r1, sp
1000112e:	a815      	add	r0, sp, #84	@ 0x54
10001130:	f009 faf8 	bl	1000a724 <strncpy>
10001134:	e7d2      	b.n	100010dc <task_LCD+0x44>
10001136:	2100      	movs	r1, #0
10001138:	2003      	movs	r0, #3
1000113a:	f006 fc09 	bl	10007950 <lcd_set_cursor>
1000113e:	f10d 003f 	add.w	r0, sp, #63	@ 0x3f
10001142:	f006 fc1d 	bl	10007980 <lcd_string>
10001146:	2215      	movs	r2, #21
10001148:	f10d 013f 	add.w	r1, sp, #63	@ 0x3f
1000114c:	f10d 0093 	add.w	r0, sp, #147	@ 0x93
10001150:	f009 fae8 	bl	1000a724 <strncpy>
10001154:	e7db      	b.n	1000110e <task_LCD+0x76>
10001156:	2100      	movs	r1, #0
10001158:	2002      	movs	r0, #2
1000115a:	f006 fbf9 	bl	10007950 <lcd_set_cursor>
1000115e:	f10d 002a 	add.w	r0, sp, #42	@ 0x2a
10001162:	f006 fc0d 	bl	10007980 <lcd_string>
10001166:	2215      	movs	r2, #21
10001168:	f10d 012a 	add.w	r1, sp, #42	@ 0x2a
1000116c:	f10d 007e 	add.w	r0, sp, #126	@ 0x7e
10001170:	f009 fad8 	bl	1000a724 <strncpy>
10001174:	e7c3      	b.n	100010fe <task_LCD+0x66>
10001176:	2100      	movs	r1, #0
10001178:	2001      	movs	r0, #1
1000117a:	f006 fbe9 	bl	10007950 <lcd_set_cursor>
1000117e:	f10d 0015 	add.w	r0, sp, #21
10001182:	f006 fbfd 	bl	10007980 <lcd_string>
10001186:	2215      	movs	r2, #21
10001188:	f10d 0069 	add.w	r0, sp, #105	@ 0x69
1000118c:	eb0d 0102 	add.w	r1, sp, r2
10001190:	f009 fac8 	bl	1000a724 <strncpy>
10001194:	e7ab      	b.n	100010ee <task_LCD+0x56>
10001196:	bf00      	nop
10001198:	20001d20 	.word	0x20001d20
1000119c:	20001d44 	.word	0x20001d44

100011a0 <task_Init>:
100011a0:	e92d 41f0 	stmdb	sp!, {r4, r5, r6, r7, r8, lr}
100011a4:	200c      	movs	r0, #12
100011a6:	b084      	sub	sp, #16
100011a8:	f000 fb7c 	bl	100018a4 <gpio_init>
100011ac:	f04f 080c 	mov.w	r8, #12
100011b0:	f04f 0400 	mov.w	r4, #0
100011b4:	ec44 8044 	gpioc_bit_oe_put r8, r4
100011b8:	2200      	movs	r2, #0
100011ba:	2101      	movs	r1, #1
100011bc:	4640      	mov	r0, r8
100011be:	f000 fad5 	bl	1000176c <gpio_set_pulls>
100011c2:	200b      	movs	r0, #11
100011c4:	f000 fb6e 	bl	100018a4 <gpio_init>
100011c8:	200b      	movs	r0, #11
100011ca:	ec44 0044 	gpioc_bit_oe_put r0, r4
100011ce:	2200      	movs	r2, #0
100011d0:	2101      	movs	r1, #1
100011d2:	f000 facb 	bl	1000176c <gpio_set_pulls>
100011d6:	200a      	movs	r0, #10
100011d8:	f000 fb64 	bl	100018a4 <gpio_init>
100011dc:	270a      	movs	r7, #10
100011de:	ec44 7044 	gpioc_bit_oe_put r7, r4
100011e2:	2200      	movs	r2, #0
100011e4:	2101      	movs	r1, #1
100011e6:	4638      	mov	r0, r7
100011e8:	f000 fac0 	bl	1000176c <gpio_set_pulls>
100011ec:	2008      	movs	r0, #8
100011ee:	f000 fb59 	bl	100018a4 <gpio_init>
100011f2:	2508      	movs	r5, #8
100011f4:	f04f 0601 	mov.w	r6, #1
100011f8:	ec46 5044 	gpioc_bit_oe_put r5, r6
100011fc:	ec44 5040 	gpioc_bit_out_put r5, r4
10001200:	2007      	movs	r0, #7
10001202:	f000 fb4f 	bl	100018a4 <gpio_init>
10001206:	2307      	movs	r3, #7
10001208:	ec46 3044 	gpioc_bit_oe_put r3, r6
1000120c:	ec44 3040 	gpioc_bit_out_put r3, r4
10001210:	2009      	movs	r0, #9
10001212:	f000 fb47 	bl	100018a4 <gpio_init>
10001216:	2609      	movs	r6, #9
10001218:	ec44 6044 	gpioc_bit_oe_put r6, r4
1000121c:	2201      	movs	r2, #1
1000121e:	4630      	mov	r0, r6
10001220:	2100      	movs	r1, #0
10001222:	f000 faa3 	bl	1000176c <gpio_set_pulls>
10001226:	4b7a      	ldr	r3, [pc, #488]	@ (10001410 <task_Init+0x270>)
10001228:	4629      	mov	r1, r5
1000122a:	2201      	movs	r2, #1
1000122c:	4640      	mov	r0, r8
1000122e:	f000 fad5 	bl	100017dc <gpio_set_irq_enabled_with_callback>
10001232:	4c78      	ldr	r4, [pc, #480]	@ (10001414 <task_Init+0x274>)
10001234:	2201      	movs	r2, #1
10001236:	2104      	movs	r1, #4
10001238:	4638      	mov	r0, r7
1000123a:	f000 faab 	bl	10001794 <gpio_set_irq_enabled>
1000123e:	2201      	movs	r2, #1
10001240:	4629      	mov	r1, r5
10001242:	4630      	mov	r0, r6
10001244:	f000 faa6 	bl	10001794 <gpio_set_irq_enabled>
10001248:	4973      	ldr	r1, [pc, #460]	@ (10001418 <task_Init+0x278>)
1000124a:	4620      	mov	r0, r4
1000124c:	f006 fa4c 	bl	100076e8 <i2c_init>
10001250:	f006 fabc 	bl	100077cc <adc_init>
10001254:	211f      	movs	r1, #31
10001256:	201a      	movs	r0, #26
10001258:	f000 fa6a 	bl	10001730 <gpio_set_function>
1000125c:	2200      	movs	r2, #0
1000125e:	4e6f      	ldr	r6, [pc, #444]	@ (1000141c <task_Init+0x27c>)
10001260:	4611      	mov	r1, r2
10001262:	201a      	movs	r0, #26
10001264:	f000 fa82 	bl	1000176c <gpio_set_pulls>
10001268:	2100      	movs	r1, #0
1000126a:	201a      	movs	r0, #26
1000126c:	f000 fb0a 	bl	10001884 <gpio_set_input_enabled>
10001270:	6833      	ldr	r3, [r6, #0]
10001272:	4d6b      	ldr	r5, [pc, #428]	@ (10001420 <task_Init+0x280>)
10001274:	f403 4370 	and.w	r3, r3, #61440	@ 0xf000
10001278:	602b      	str	r3, [r5, #0]
1000127a:	211f      	movs	r1, #31
1000127c:	201b      	movs	r0, #27
1000127e:	f000 fa57 	bl	10001730 <gpio_set_function>
10001282:	2200      	movs	r2, #0
10001284:	201b      	movs	r0, #27
10001286:	4611      	mov	r1, r2
10001288:	f000 fa70 	bl	1000176c <gpio_set_pulls>
1000128c:	2100      	movs	r1, #0
1000128e:	201b      	movs	r0, #27
10001290:	f000 faf8 	bl	10001884 <gpio_set_input_enabled>
10001294:	6833      	ldr	r3, [r6, #0]
10001296:	2103      	movs	r1, #3
10001298:	f483 5380 	eor.w	r3, r3, #4096	@ 0x1000
1000129c:	f403 4370 	and.w	r3, r3, #61440	@ 0xf000
100012a0:	602b      	str	r3, [r5, #0]
100012a2:	2014      	movs	r0, #20
100012a4:	f000 fa44 	bl	10001730 <gpio_set_function>
100012a8:	2103      	movs	r1, #3
100012aa:	2015      	movs	r0, #21
100012ac:	f000 fa40 	bl	10001730 <gpio_set_function>
100012b0:	2200      	movs	r2, #0
100012b2:	2101      	movs	r1, #1
100012b4:	2014      	movs	r0, #20
100012b6:	f000 fa59 	bl	1000176c <gpio_set_pulls>
100012ba:	2200      	movs	r2, #0
100012bc:	2101      	movs	r1, #1
100012be:	2015      	movs	r0, #21
100012c0:	f000 fa54 	bl	1000176c <gpio_set_pulls>
100012c4:	2127      	movs	r1, #39	@ 0x27
100012c6:	4620      	mov	r0, r4
100012c8:	f006 fbe8 	bl	10007a9c <lcd_init>
100012cc:	2515      	movs	r5, #21
100012ce:	2214      	movs	r2, #20
100012d0:	f44f 767a 	mov.w	r6, #1000	@ 0x3e8
100012d4:	2364      	movs	r3, #100	@ 0x64
100012d6:	2160      	movs	r1, #96	@ 0x60
100012d8:	e9cd 5601 	strd	r5, r6, [sp, #4]
100012dc:	9200      	str	r2, [sp, #0]
100012de:	4851      	ldr	r0, [pc, #324]	@ (10001424 <task_Init+0x284>)
100012e0:	4622      	mov	r2, r4
100012e2:	f008 fdb9 	bl	10009e58 <mcp4725_begin>
100012e6:	4950      	ldr	r1, [pc, #320]	@ (10001428 <task_Init+0x288>)
100012e8:	484e      	ldr	r0, [pc, #312]	@ (10001424 <task_Init+0x284>)
100012ea:	f008 fe17 	bl	10009f1c <mcp4725_set_reference_voltage>
100012ee:	2240      	movs	r2, #64	@ 0x40
100012f0:	2300      	movs	r3, #0
100012f2:	494d      	ldr	r1, [pc, #308]	@ (10001428 <task_Init+0x288>)
100012f4:	484b      	ldr	r0, [pc, #300]	@ (10001424 <task_Init+0x284>)
100012f6:	f008 fe29 	bl	10009f4c <mcp4725_set_voltage>
100012fa:	2368      	movs	r3, #104	@ 0x68
100012fc:	4d4b      	ldr	r5, [pc, #300]	@ (1000142c <task_Init+0x28c>)
100012fe:	494c      	ldr	r1, [pc, #304]	@ (10001430 <task_Init+0x290>)
10001300:	4628      	mov	r0, r5
10001302:	710b      	strb	r3, [r1, #4]
10001304:	600c      	str	r4, [r1, #0]
10001306:	f008 fd43 	bl	10009d90 <ds3231_get_datetime>
1000130a:	f240 73d2 	movw	r3, #2002	@ 0x7d2
1000130e:	88ea      	ldrh	r2, [r5, #6]
10001310:	429a      	cmp	r2, r3
10001312:	d973      	bls.n	100013fc <task_Init+0x25c>
10001314:	2200      	movs	r2, #0
10001316:	2154      	movs	r1, #84	@ 0x54
10001318:	2001      	movs	r0, #1
1000131a:	f006 fc2d 	bl	10007b78 <xQueueGenericCreate>
1000131e:	4604      	mov	r4, r0
10001320:	4b44      	ldr	r3, [pc, #272]	@ (10001434 <task_Init+0x294>)
10001322:	2200      	movs	r2, #0
10001324:	2110      	movs	r1, #16
10001326:	2001      	movs	r0, #1
10001328:	601c      	str	r4, [r3, #0]
1000132a:	f006 fc25 	bl	10007b78 <xQueueGenericCreate>
1000132e:	4604      	mov	r4, r0
10001330:	4b41      	ldr	r3, [pc, #260]	@ (10001438 <task_Init+0x298>)
10001332:	2200      	movs	r2, #0
10001334:	210c      	movs	r1, #12
10001336:	2005      	movs	r0, #5
10001338:	601c      	str	r4, [r3, #0]
1000133a:	f006 fc1d 	bl	10007b78 <xQueueGenericCreate>
1000133e:	4604      	mov	r4, r0
10001340:	4b3e      	ldr	r3, [pc, #248]	@ (1000143c <task_Init+0x29c>)
10001342:	2200      	movs	r2, #0
10001344:	2104      	movs	r1, #4
10001346:	2005      	movs	r0, #5
10001348:	601c      	str	r4, [r3, #0]
1000134a:	f006 fc15 	bl	10007b78 <xQueueGenericCreate>
1000134e:	4604      	mov	r4, r0
10001350:	4b3b      	ldr	r3, [pc, #236]	@ (10001440 <task_Init+0x2a0>)
10001352:	2203      	movs	r2, #3
10001354:	2100      	movs	r1, #0
10001356:	2001      	movs	r0, #1
10001358:	601c      	str	r4, [r3, #0]
1000135a:	f006 fc0d 	bl	10007b78 <xQueueGenericCreate>
1000135e:	4604      	mov	r4, r0
10001360:	4b38      	ldr	r3, [pc, #224]	@ (10001444 <task_Init+0x2a4>)
10001362:	2203      	movs	r2, #3
10001364:	2100      	movs	r1, #0
10001366:	2001      	movs	r0, #1
10001368:	601c      	str	r4, [r3, #0]
1000136a:	f006 fc05 	bl	10007b78 <xQueueGenericCreate>
1000136e:	4604      	mov	r4, r0
10001370:	4b35      	ldr	r3, [pc, #212]	@ (10001448 <task_Init+0x2a8>)
10001372:	2203      	movs	r2, #3
10001374:	2100      	movs	r1, #0
10001376:	2001      	movs	r0, #1
10001378:	601c      	str	r4, [r3, #0]
1000137a:	f006 fbfd 	bl	10007b78 <xQueueGenericCreate>
1000137e:	4604      	mov	r4, r0
10001380:	4b32      	ldr	r3, [pc, #200]	@ (1000144c <task_Init+0x2ac>)
10001382:	2203      	movs	r2, #3
10001384:	2100      	movs	r1, #0
10001386:	2001      	movs	r0, #1
10001388:	601c      	str	r4, [r3, #0]
1000138a:	f006 fbf5 	bl	10007b78 <xQueueGenericCreate>
1000138e:	4603      	mov	r3, r0
10001390:	4c2f      	ldr	r4, [pc, #188]	@ (10001450 <task_Init+0x2b0>)
10001392:	2203      	movs	r2, #3
10001394:	2100      	movs	r1, #0
10001396:	2001      	movs	r0, #1
10001398:	6023      	str	r3, [r4, #0]
1000139a:	f006 fbed 	bl	10007b78 <xQueueGenericCreate>
1000139e:	4605      	mov	r5, r0
100013a0:	4b2c      	ldr	r3, [pc, #176]	@ (10001454 <task_Init+0x2b4>)
100013a2:	2100      	movs	r1, #0
100013a4:	2203      	movs	r2, #3
100013a6:	2001      	movs	r0, #1
100013a8:	601d      	str	r5, [r3, #0]
100013aa:	f006 fbe5 	bl	10007b78 <xQueueGenericCreate>
100013ae:	4602      	mov	r2, r0
100013b0:	4b29      	ldr	r3, [pc, #164]	@ (10001458 <task_Init+0x2b8>)
100013b2:	2001      	movs	r0, #1
100013b4:	601a      	str	r2, [r3, #0]
100013b6:	4d29      	ldr	r5, [pc, #164]	@ (1000145c <task_Init+0x2bc>)
100013b8:	f006 fd5a 	bl	10007e70 <xQueueCreateMutex>
100013bc:	4928      	ldr	r1, [pc, #160]	@ (10001460 <task_Init+0x2c0>)
100013be:	4a29      	ldr	r2, [pc, #164]	@ (10001464 <task_Init+0x2c4>)
100013c0:	604d      	str	r5, [r1, #4]
100013c2:	600a      	str	r2, [r1, #0]
100013c4:	f242 7510 	movw	r5, #10000	@ 0x2710
100013c8:	f04f 527e 	mov.w	r2, #1065353216	@ 0x3f800000
100013cc:	4e26      	ldr	r6, [pc, #152]	@ (10001468 <task_Init+0x2c8>)
100013ce:	2300      	movs	r3, #0
100013d0:	6030      	str	r0, [r6, #0]
100013d2:	6820      	ldr	r0, [r4, #0]
100013d4:	4c25      	ldr	r4, [pc, #148]	@ (1000146c <task_Init+0x2cc>)
100013d6:	610d      	str	r5, [r1, #16]
100013d8:	608a      	str	r2, [r1, #8]
100013da:	60cc      	str	r4, [r1, #12]
100013dc:	2232      	movs	r2, #50	@ 0x32
100013de:	2464      	movs	r4, #100	@ 0x64
100013e0:	2596      	movs	r5, #150	@ 0x96
100013e2:	614a      	str	r2, [r1, #20]
100013e4:	61cd      	str	r5, [r1, #28]
100013e6:	618c      	str	r4, [r1, #24]
100013e8:	461a      	mov	r2, r3
100013ea:	4619      	mov	r1, r3
100013ec:	f006 fc00 	bl	10007bf0 <xQueueGenericSend>
100013f0:	2000      	movs	r0, #0
100013f2:	b004      	add	sp, #16
100013f4:	e8bd 41f0 	ldmia.w	sp!, {r4, r5, r6, r7, r8, lr}
100013f8:	f007 bb56 	b.w	10008aa8 <vTaskDelete>
100013fc:	4a1c      	ldr	r2, [pc, #112]	@ (10001470 <task_Init+0x2d0>)
100013fe:	4b1d      	ldr	r3, [pc, #116]	@ (10001474 <task_Init+0x2d4>)
10001400:	4628      	mov	r0, r5
10001402:	490b      	ldr	r1, [pc, #44]	@ (10001430 <task_Init+0x290>)
10001404:	e9c5 2300 	strd	r2, r3, [r5]
10001408:	f008 fbe8 	bl	10009bdc <ds3231_set_datetime>
1000140c:	e782      	b.n	10001314 <task_Init+0x174>
1000140e:	bf00      	nop
10001410:	1000023d 	.word	0x1000023d
10001414:	20001598 	.word	0x20001598
10001418:	000186a0 	.word	0x000186a0
1000141c:	400a0000 	.word	0x400a0000
10001420:	400a1000 	.word	0x400a1000
10001424:	200024b0 	.word	0x200024b0
10001428:	40a00000 	.word	0x40a00000
1000142c:	200024fc 	.word	0x200024fc
10001430:	20002a04 	.word	0x20002a04
10001434:	20001d20 	.word	0x20001d20
10001438:	20001d1c 	.word	0x20001d1c
1000143c:	20001d24 	.word	0x20001d24
10001440:	20001d18 	.word	0x20001d18
10001444:	20001d3c 	.word	0x20001d3c
10001448:	20001d40 	.word	0x20001d40
1000144c:	20001d30 	.word	0x20001d30
10001450:	20001d2c 	.word	0x20001d2c
10001454:	20001d34 	.word	0x20001d34
10001458:	20001d38 	.word	0x20001d38
1000145c:	43700000 	.word	0x43700000
10001460:	20001ca8 	.word	0x20001ca8
10001464:	41300000 	.word	0x41300000
10001468:	20001d44 	.word	0x20001d44
1000146c:	40400000 	.word	0x40400000
10001470:	0c000015 	.word	0x0c000015
10001474:	07e90801 	.word	0x07e90801

10001478 <main>:
10001478:	2400      	movs	r4, #0
1000147a:	2505      	movs	r5, #5
1000147c:	b500      	push	{lr}
1000147e:	b083      	sub	sp, #12
10001480:	f003 fb60 	bl	10004b44 <stdio_init_all>
10001484:	e9cd 5400 	strd	r5, r4, [sp]
10001488:	2504      	movs	r5, #4
1000148a:	2280      	movs	r2, #128	@ 0x80
1000148c:	4623      	mov	r3, r4
1000148e:	4923      	ldr	r1, [pc, #140]	@ (1000151c <main+0xa4>)
10001490:	4823      	ldr	r0, [pc, #140]	@ (10001520 <main+0xa8>)
10001492:	f007 fa87 	bl	100089a4 <xTaskCreate>
10001496:	e9cd 5400 	strd	r5, r4, [sp]
1000149a:	2503      	movs	r5, #3
1000149c:	2280      	movs	r2, #128	@ 0x80
1000149e:	4623      	mov	r3, r4
100014a0:	4920      	ldr	r1, [pc, #128]	@ (10001524 <main+0xac>)
100014a2:	4821      	ldr	r0, [pc, #132]	@ (10001528 <main+0xb0>)
100014a4:	f007 fa7e 	bl	100089a4 <xTaskCreate>
100014a8:	2280      	movs	r2, #128	@ 0x80
100014aa:	4623      	mov	r3, r4
100014ac:	e9cd 5400 	strd	r5, r4, [sp]
100014b0:	491e      	ldr	r1, [pc, #120]	@ (1000152c <main+0xb4>)
100014b2:	481f      	ldr	r0, [pc, #124]	@ (10001530 <main+0xb8>)
100014b4:	f007 fa76 	bl	100089a4 <xTaskCreate>
100014b8:	e9cd 5400 	strd	r5, r4, [sp]
100014bc:	2502      	movs	r5, #2
100014be:	f44f 7280 	mov.w	r2, #256	@ 0x100
100014c2:	4623      	mov	r3, r4
100014c4:	491b      	ldr	r1, [pc, #108]	@ (10001534 <main+0xbc>)
100014c6:	481c      	ldr	r0, [pc, #112]	@ (10001538 <main+0xc0>)
100014c8:	f007 fa6c 	bl	100089a4 <xTaskCreate>
100014cc:	e9cd 5400 	strd	r5, r4, [sp]
100014d0:	2501      	movs	r5, #1
100014d2:	f44f 7280 	mov.w	r2, #256	@ 0x100
100014d6:	4623      	mov	r3, r4
100014d8:	4918      	ldr	r1, [pc, #96]	@ (1000153c <main+0xc4>)
100014da:	4819      	ldr	r0, [pc, #100]	@ (10001540 <main+0xc8>)
100014dc:	f007 fa62 	bl	100089a4 <xTaskCreate>
100014e0:	f44f 6280 	mov.w	r2, #1024	@ 0x400
100014e4:	4623      	mov	r3, r4
100014e6:	4917      	ldr	r1, [pc, #92]	@ (10001544 <main+0xcc>)
100014e8:	e9cd 5400 	strd	r5, r4, [sp]
100014ec:	4816      	ldr	r0, [pc, #88]	@ (10001548 <main+0xd0>)
100014ee:	f007 fa59 	bl	100089a4 <xTaskCreate>
100014f2:	f44f 6280 	mov.w	r2, #1024	@ 0x400
100014f6:	4623      	mov	r3, r4
100014f8:	4914      	ldr	r1, [pc, #80]	@ (1000154c <main+0xd4>)
100014fa:	e9cd 5400 	strd	r5, r4, [sp]
100014fe:	4814      	ldr	r0, [pc, #80]	@ (10001550 <main+0xd8>)
10001500:	f007 fa50 	bl	100089a4 <xTaskCreate>
10001504:	2280      	movs	r2, #128	@ 0x80
10001506:	4623      	mov	r3, r4
10001508:	4912      	ldr	r1, [pc, #72]	@ (10001554 <main+0xdc>)
1000150a:	e9cd 5400 	strd	r5, r4, [sp]
1000150e:	4812      	ldr	r0, [pc, #72]	@ (10001558 <main+0xe0>)
10001510:	f007 fa48 	bl	100089a4 <xTaskCreate>
10001514:	f007 fb26 	bl	10008b64 <vTaskStartScheduler>
10001518:	e7fe      	b.n	10001518 <main+0xa0>
1000151a:	bf00      	nop
1000151c:	1000add8 	.word	0x1000add8
10001520:	100011a1 	.word	0x100011a1
10001524:	1000ade0 	.word	0x1000ade0
10001528:	100004b1 	.word	0x100004b1
1000152c:	1000adf0 	.word	0x1000adf0
10001530:	10001099 	.word	0x10001099
10001534:	1000adf4 	.word	0x1000adf4
10001538:	10000e59 	.word	0x10000e59
1000153c:	1000adfc 	.word	0x1000adfc
10001540:	100008a5 	.word	0x100008a5
10001544:	1000ae04 	.word	0x1000ae04
10001548:	10000381 	.word	0x10000381
1000154c:	1000ae0c 	.word	0x1000ae0c
10001550:	100004fd 	.word	0x100004fd
10001554:	1000ae14 	.word	0x1000ae14
10001558:	1000085d 	.word	0x1000085d

1000155c <gpio_default_irq_handler>:
1000155c:	f04f 4250 	mov.w	r2, #3489660928	@ 0xd0000000
10001560:	e92d 4ff8 	stmdb	sp!, {r3, r4, r5, r6, r7, r8, r9, sl, fp, lr}
10001564:	4b6d      	ldr	r3, [pc, #436]	@ (1000171c <gpio_default_irq_handler+0x1c0>)
10001566:	f8d2 a000 	ldr.w	sl, [r2]
1000156a:	f853 702a 	ldr.w	r7, [r3, sl, lsl #2]
1000156e:	f1ba 0f00 	cmp.w	sl, #0
10001572:	d02c      	beq.n	100015ce <gpio_default_irq_handler+0x72>
10001574:	f8df 81b0 	ldr.w	r8, [pc, #432]	@ 10001728 <gpio_default_irq_handler+0x1cc>
10001578:	b36f      	cbz	r7, 100015d6 <gpio_default_irq_handler+0x7a>
1000157a:	2600      	movs	r6, #0
1000157c:	f8df b1a0 	ldr.w	fp, [pc, #416]	@ 10001720 <gpio_default_irq_handler+0x1c4>
10001580:	f8df 91a0 	ldr.w	r9, [pc, #416]	@ 10001724 <gpio_default_irq_handler+0x1c8>
10001584:	08f3      	lsrs	r3, r6, #3
10001586:	330c      	adds	r3, #12
10001588:	f858 5023 	ldr.w	r5, [r8, r3, lsl #2]
1000158c:	4634      	mov	r4, r6
1000158e:	3608      	adds	r6, #8
10001590:	b1cd      	cbz	r5, 100015c6 <gpio_default_irq_handler+0x6a>
10001592:	f005 010f 	and.w	r1, r5, #15
10001596:	4620      	mov	r0, r4
10001598:	092d      	lsrs	r5, r5, #4
1000159a:	3401      	adds	r4, #1
1000159c:	b189      	cbz	r1, 100015c2 <gpio_default_irq_handler+0x66>
1000159e:	f85b 202a 	ldr.w	r2, [fp, sl, lsl #2]
100015a2:	f000 0307 	and.w	r3, r0, #7
100015a6:	40c2      	lsrs	r2, r0
100015a8:	ea4f 0cd0 	mov.w	ip, r0, lsr #3
100015ac:	009b      	lsls	r3, r3, #2
100015ae:	07d2      	lsls	r2, r2, #31
100015b0:	fa01 f303 	lsl.w	r3, r1, r3
100015b4:	f10c 0c8c 	add.w	ip, ip, #140	@ 0x8c
100015b8:	d402      	bmi.n	100015c0 <gpio_default_irq_handler+0x64>
100015ba:	f849 302c 	str.w	r3, [r9, ip, lsl #2]
100015be:	47b8      	blx	r7
100015c0:	b10d      	cbz	r5, 100015c6 <gpio_default_irq_handler+0x6a>
100015c2:	42b4      	cmp	r4, r6
100015c4:	d3e5      	bcc.n	10001592 <gpio_default_irq_handler+0x36>
100015c6:	2e20      	cmp	r6, #32
100015c8:	d1dc      	bne.n	10001584 <gpio_default_irq_handler+0x28>
100015ca:	e8bd 8ff8 	ldmia.w	sp!, {r3, r4, r5, r6, r7, r8, r9, sl, fp, pc}
100015ce:	f8df 815c 	ldr.w	r8, [pc, #348]	@ 1000172c <gpio_default_irq_handler+0x1d0>
100015d2:	2f00      	cmp	r7, #0
100015d4:	d1d1      	bne.n	1000157a <gpio_default_irq_handler+0x1e>
100015d6:	4852      	ldr	r0, [pc, #328]	@ (10001720 <gpio_default_irq_handler+0x1c4>)
100015d8:	08f9      	lsrs	r1, r7, #3
100015da:	f101 030c 	add.w	r3, r1, #12
100015de:	f858 3023 	ldr.w	r3, [r8, r3, lsl #2]
100015e2:	2b00      	cmp	r3, #0
100015e4:	d07b      	beq.n	100016de <gpio_default_irq_handler+0x182>
100015e6:	f013 050f 	ands.w	r5, r3, #15
100015ea:	ea4f 1213 	mov.w	r2, r3, lsr #4
100015ee:	d00a      	beq.n	10001606 <gpio_default_irq_handler+0xaa>
100015f0:	f850 402a 	ldr.w	r4, [r0, sl, lsl #2]
100015f4:	40fc      	lsrs	r4, r7
100015f6:	07e6      	lsls	r6, r4, #31
100015f8:	d403      	bmi.n	10001602 <gpio_default_irq_handler+0xa6>
100015fa:	4c4a      	ldr	r4, [pc, #296]	@ (10001724 <gpio_default_irq_handler+0x1c8>)
100015fc:	318c      	adds	r1, #140	@ 0x8c
100015fe:	f844 5021 	str.w	r5, [r4, r1, lsl #2]
10001602:	2a00      	cmp	r2, #0
10001604:	d06b      	beq.n	100016de <gpio_default_irq_handler+0x182>
10001606:	f012 020f 	ands.w	r2, r2, #15
1000160a:	ea4f 2113 	mov.w	r1, r3, lsr #8
1000160e:	d00d      	beq.n	1000162c <gpio_default_irq_handler+0xd0>
10001610:	f850 402a 	ldr.w	r4, [r0, sl, lsl #2]
10001614:	1c7d      	adds	r5, r7, #1
10001616:	40ec      	lsrs	r4, r5
10001618:	07e4      	lsls	r4, r4, #31
1000161a:	d405      	bmi.n	10001628 <gpio_default_irq_handler+0xcc>
1000161c:	08ec      	lsrs	r4, r5, #3
1000161e:	4d41      	ldr	r5, [pc, #260]	@ (10001724 <gpio_default_irq_handler+0x1c8>)
10001620:	0112      	lsls	r2, r2, #4
10001622:	348c      	adds	r4, #140	@ 0x8c
10001624:	f845 2024 	str.w	r2, [r5, r4, lsl #2]
10001628:	2900      	cmp	r1, #0
1000162a:	d058      	beq.n	100016de <gpio_default_irq_handler+0x182>
1000162c:	f011 010f 	ands.w	r1, r1, #15
10001630:	ea4f 3213 	mov.w	r2, r3, lsr #12
10001634:	d007      	beq.n	10001646 <gpio_default_irq_handler+0xea>
10001636:	f850 402a 	ldr.w	r4, [r0, sl, lsl #2]
1000163a:	1cbd      	adds	r5, r7, #2
1000163c:	40ec      	lsrs	r4, r5
1000163e:	07e6      	lsls	r6, r4, #31
10001640:	d557      	bpl.n	100016f2 <gpio_default_irq_handler+0x196>
10001642:	2a00      	cmp	r2, #0
10001644:	d04b      	beq.n	100016de <gpio_default_irq_handler+0x182>
10001646:	f012 020f 	ands.w	r2, r2, #15
1000164a:	ea4f 4113 	mov.w	r1, r3, lsr #16
1000164e:	d007      	beq.n	10001660 <gpio_default_irq_handler+0x104>
10001650:	f850 402a 	ldr.w	r4, [r0, sl, lsl #2]
10001654:	1cfd      	adds	r5, r7, #3
10001656:	40ec      	lsrs	r4, r5
10001658:	07e4      	lsls	r4, r4, #31
1000165a:	d551      	bpl.n	10001700 <gpio_default_irq_handler+0x1a4>
1000165c:	2900      	cmp	r1, #0
1000165e:	d03e      	beq.n	100016de <gpio_default_irq_handler+0x182>
10001660:	f011 010f 	ands.w	r1, r1, #15
10001664:	ea4f 5213 	mov.w	r2, r3, lsr #20
10001668:	d007      	beq.n	1000167a <gpio_default_irq_handler+0x11e>
1000166a:	4c2d      	ldr	r4, [pc, #180]	@ (10001720 <gpio_default_irq_handler+0x1c4>)
1000166c:	f854 502a 	ldr.w	r5, [r4, sl, lsl #2]
10001670:	1d3c      	adds	r4, r7, #4
10001672:	40e5      	lsrs	r5, r4
10001674:	07ee      	lsls	r6, r5, #31
10001676:	d54a      	bpl.n	1000170e <gpio_default_irq_handler+0x1b2>
10001678:	b38a      	cbz	r2, 100016de <gpio_default_irq_handler+0x182>
1000167a:	f012 020f 	ands.w	r2, r2, #15
1000167e:	ea4f 6113 	mov.w	r1, r3, lsr #24
10001682:	d00d      	beq.n	100016a0 <gpio_default_irq_handler+0x144>
10001684:	4c26      	ldr	r4, [pc, #152]	@ (10001720 <gpio_default_irq_handler+0x1c4>)
10001686:	f854 502a 	ldr.w	r5, [r4, sl, lsl #2]
1000168a:	1d7c      	adds	r4, r7, #5
1000168c:	40e5      	lsrs	r5, r4
1000168e:	07ed      	lsls	r5, r5, #31
10001690:	d405      	bmi.n	1000169e <gpio_default_irq_handler+0x142>
10001692:	4d24      	ldr	r5, [pc, #144]	@ (10001724 <gpio_default_irq_handler+0x1c8>)
10001694:	08e4      	lsrs	r4, r4, #3
10001696:	0512      	lsls	r2, r2, #20
10001698:	348c      	adds	r4, #140	@ 0x8c
1000169a:	f845 2024 	str.w	r2, [r5, r4, lsl #2]
1000169e:	b1f1      	cbz	r1, 100016de <gpio_default_irq_handler+0x182>
100016a0:	f011 010f 	ands.w	r1, r1, #15
100016a4:	ea4f 7313 	mov.w	r3, r3, lsr #28
100016a8:	d01f      	beq.n	100016ea <gpio_default_irq_handler+0x18e>
100016aa:	4c1d      	ldr	r4, [pc, #116]	@ (10001720 <gpio_default_irq_handler+0x1c4>)
100016ac:	1dbd      	adds	r5, r7, #6
100016ae:	f854 202a 	ldr.w	r2, [r4, sl, lsl #2]
100016b2:	40ea      	lsrs	r2, r5
100016b4:	07d6      	lsls	r6, r2, #31
100016b6:	d405      	bmi.n	100016c4 <gpio_default_irq_handler+0x168>
100016b8:	08ea      	lsrs	r2, r5, #3
100016ba:	4d1a      	ldr	r5, [pc, #104]	@ (10001724 <gpio_default_irq_handler+0x1c8>)
100016bc:	0609      	lsls	r1, r1, #24
100016be:	328c      	adds	r2, #140	@ 0x8c
100016c0:	f845 1022 	str.w	r1, [r5, r2, lsl #2]
100016c4:	b15b      	cbz	r3, 100016de <gpio_default_irq_handler+0x182>
100016c6:	f854 102a 	ldr.w	r1, [r4, sl, lsl #2]
100016ca:	1dfa      	adds	r2, r7, #7
100016cc:	40d1      	lsrs	r1, r2
100016ce:	07c9      	lsls	r1, r1, #31
100016d0:	d405      	bmi.n	100016de <gpio_default_irq_handler+0x182>
100016d2:	4914      	ldr	r1, [pc, #80]	@ (10001724 <gpio_default_irq_handler+0x1c8>)
100016d4:	08d2      	lsrs	r2, r2, #3
100016d6:	071b      	lsls	r3, r3, #28
100016d8:	328c      	adds	r2, #140	@ 0x8c
100016da:	f841 3022 	str.w	r3, [r1, r2, lsl #2]
100016de:	3708      	adds	r7, #8
100016e0:	2f20      	cmp	r7, #32
100016e2:	f47f af79 	bne.w	100015d8 <gpio_default_irq_handler+0x7c>
100016e6:	e8bd 8ff8 	ldmia.w	sp!, {r3, r4, r5, r6, r7, r8, r9, sl, fp, pc}
100016ea:	2b00      	cmp	r3, #0
100016ec:	d0f7      	beq.n	100016de <gpio_default_irq_handler+0x182>
100016ee:	4c0c      	ldr	r4, [pc, #48]	@ (10001720 <gpio_default_irq_handler+0x1c4>)
100016f0:	e7e9      	b.n	100016c6 <gpio_default_irq_handler+0x16a>
100016f2:	08ec      	lsrs	r4, r5, #3
100016f4:	4d0b      	ldr	r5, [pc, #44]	@ (10001724 <gpio_default_irq_handler+0x1c8>)
100016f6:	0209      	lsls	r1, r1, #8
100016f8:	348c      	adds	r4, #140	@ 0x8c
100016fa:	f845 1024 	str.w	r1, [r5, r4, lsl #2]
100016fe:	e7a0      	b.n	10001642 <gpio_default_irq_handler+0xe6>
10001700:	08ec      	lsrs	r4, r5, #3
10001702:	4d08      	ldr	r5, [pc, #32]	@ (10001724 <gpio_default_irq_handler+0x1c8>)
10001704:	0312      	lsls	r2, r2, #12
10001706:	348c      	adds	r4, #140	@ 0x8c
10001708:	f845 2024 	str.w	r2, [r5, r4, lsl #2]
1000170c:	e7a6      	b.n	1000165c <gpio_default_irq_handler+0x100>
1000170e:	4d05      	ldr	r5, [pc, #20]	@ (10001724 <gpio_default_irq_handler+0x1c8>)
10001710:	08e4      	lsrs	r4, r4, #3
10001712:	0409      	lsls	r1, r1, #16
10001714:	348c      	adds	r4, #140	@ 0x8c
10001716:	f845 1024 	str.w	r1, [r5, r4, lsl #2]
1000171a:	e7ad      	b.n	10001678 <gpio_default_irq_handler+0x11c>
1000171c:	20002470 	.word	0x20002470
10001720:	200029f4 	.word	0x200029f4
10001724:	40028000 	.word	0x40028000
10001728:	40028290 	.word	0x40028290
1000172c:	40028248 	.word	0x40028248

10001730 <gpio_set_function>:
10001730:	b410      	push	{r4}
10001732:	f44f 7480 	mov.w	r4, #256	@ 0x100
10001736:	4b0c      	ldr	r3, [pc, #48]	@ (10001768 <gpio_set_function+0x38>)
10001738:	f853 2020 	ldr.w	r2, [r3, r0, lsl #2]
1000173c:	eb03 0380 	add.w	r3, r3, r0, lsl #2
10001740:	00c0      	lsls	r0, r0, #3
10001742:	f082 0240 	eor.w	r2, r2, #64	@ 0x40
10001746:	f100 4080 	add.w	r0, r0, #1073741824	@ 0x40000000
1000174a:	f503 5c80 	add.w	ip, r3, #4096	@ 0x1000
1000174e:	f002 02c0 	and.w	r2, r2, #192	@ 0xc0
10001752:	f500 3020 	add.w	r0, r0, #163840	@ 0x28000
10001756:	f503 5340 	add.w	r3, r3, #12288	@ 0x3000
1000175a:	f8cc 2000 	str.w	r2, [ip]
1000175e:	6041      	str	r1, [r0, #4]
10001760:	601c      	str	r4, [r3, #0]
10001762:	f85d 4b04 	ldr.w	r4, [sp], #4
10001766:	4770      	bx	lr
10001768:	40038004 	.word	0x40038004

1000176c <gpio_set_pulls>:
1000176c:	b410      	push	{r4}
1000176e:	4c08      	ldr	r4, [pc, #32]	@ (10001790 <gpio_set_pulls+0x24>)
10001770:	00c9      	lsls	r1, r1, #3
10001772:	ea41 0182 	orr.w	r1, r1, r2, lsl #2
10001776:	f854 2020 	ldr.w	r2, [r4, r0, lsl #2]
1000177a:	eb04 0380 	add.w	r3, r4, r0, lsl #2
1000177e:	4051      	eors	r1, r2
10001780:	f503 5380 	add.w	r3, r3, #4096	@ 0x1000
10001784:	f001 010c 	and.w	r1, r1, #12
10001788:	f85d 4b04 	ldr.w	r4, [sp], #4
1000178c:	6019      	str	r1, [r3, #0]
1000178e:	4770      	bx	lr
10001790:	40038004 	.word	0x40038004

10001794 <gpio_set_irq_enabled>:
10001794:	f04f 4350 	mov.w	r3, #3489660928	@ 0xd0000000
10001798:	681b      	ldr	r3, [r3, #0]
1000179a:	b193      	cbz	r3, 100017c2 <gpio_set_irq_enabled+0x2e>
1000179c:	4b0c      	ldr	r3, [pc, #48]	@ (100017d0 <gpio_set_irq_enabled+0x3c>)
1000179e:	ea4f 0cd0 	mov.w	ip, r0, lsr #3
100017a2:	f000 0007 	and.w	r0, r0, #7
100017a6:	0080      	lsls	r0, r0, #2
100017a8:	4081      	lsls	r1, r0
100017aa:	480a      	ldr	r0, [pc, #40]	@ (100017d4 <gpio_set_irq_enabled+0x40>)
100017ac:	eb03 038c 	add.w	r3, r3, ip, lsl #2
100017b0:	f10c 0c8c 	add.w	ip, ip, #140	@ 0x8c
100017b4:	f840 102c 	str.w	r1, [r0, ip, lsl #2]
100017b8:	b12a      	cbz	r2, 100017c6 <gpio_set_irq_enabled+0x32>
100017ba:	f503 5300 	add.w	r3, r3, #8192	@ 0x2000
100017be:	6019      	str	r1, [r3, #0]
100017c0:	4770      	bx	lr
100017c2:	4b05      	ldr	r3, [pc, #20]	@ (100017d8 <gpio_set_irq_enabled+0x44>)
100017c4:	e7eb      	b.n	1000179e <gpio_set_irq_enabled+0xa>
100017c6:	f503 5340 	add.w	r3, r3, #12288	@ 0x3000
100017ca:	6019      	str	r1, [r3, #0]
100017cc:	4770      	bx	lr
100017ce:	bf00      	nop
100017d0:	40028290 	.word	0x40028290
100017d4:	40028000 	.word	0x40028000
100017d8:	40028248 	.word	0x40028248

100017dc <gpio_set_irq_enabled_with_callback>:
100017dc:	e92d 43f0 	stmdb	sp!, {r4, r5, r6, r7, r8, r9, lr}
100017e0:	f04f 4950 	mov.w	r9, #3489660928	@ 0xd0000000
100017e4:	461f      	mov	r7, r3
100017e6:	f8df 8098 	ldr.w	r8, [pc, #152]	@ 10001880 <gpio_set_irq_enabled_with_callback+0xa4>
100017ea:	f8d9 3000 	ldr.w	r3, [r9]
100017ee:	4616      	mov	r6, r2
100017f0:	f858 2023 	ldr.w	r2, [r8, r3, lsl #2]
100017f4:	4604      	mov	r4, r0
100017f6:	460d      	mov	r5, r1
100017f8:	b083      	sub	sp, #12
100017fa:	b332      	cbz	r2, 1000184a <gpio_set_irq_enabled_with_callback+0x6e>
100017fc:	b387      	cbz	r7, 10001860 <gpio_set_irq_enabled_with_callback+0x84>
100017fe:	f848 7023 	str.w	r7, [r8, r3, lsl #2]
10001802:	f04f 4350 	mov.w	r3, #3489660928	@ 0xd0000000
10001806:	681b      	ldr	r3, [r3, #0]
10001808:	b1bb      	cbz	r3, 1000183a <gpio_set_irq_enabled_with_callback+0x5e>
1000180a:	4b19      	ldr	r3, [pc, #100]	@ (10001870 <gpio_set_irq_enabled_with_callback+0x94>)
1000180c:	08e1      	lsrs	r1, r4, #3
1000180e:	f004 0407 	and.w	r4, r4, #7
10001812:	4a18      	ldr	r2, [pc, #96]	@ (10001874 <gpio_set_irq_enabled_with_callback+0x98>)
10001814:	00a4      	lsls	r4, r4, #2
10001816:	fa05 f404 	lsl.w	r4, r5, r4
1000181a:	eb03 0381 	add.w	r3, r3, r1, lsl #2
1000181e:	318c      	adds	r1, #140	@ 0x8c
10001820:	f842 4021 	str.w	r4, [r2, r1, lsl #2]
10001824:	b15e      	cbz	r6, 1000183e <gpio_set_irq_enabled_with_callback+0x62>
10001826:	2101      	movs	r1, #1
10001828:	2015      	movs	r0, #21
1000182a:	f503 5300 	add.w	r3, r3, #8192	@ 0x2000
1000182e:	601c      	str	r4, [r3, #0]
10001830:	b003      	add	sp, #12
10001832:	e8bd 43f0 	ldmia.w	sp!, {r4, r5, r6, r7, r8, r9, lr}
10001836:	f000 b92d 	b.w	10001a94 <irq_set_enabled>
1000183a:	4b0f      	ldr	r3, [pc, #60]	@ (10001878 <gpio_set_irq_enabled_with_callback+0x9c>)
1000183c:	e7e6      	b.n	1000180c <gpio_set_irq_enabled_with_callback+0x30>
1000183e:	f503 5340 	add.w	r3, r3, #12288	@ 0x3000
10001842:	601c      	str	r4, [r3, #0]
10001844:	b003      	add	sp, #12
10001846:	e8bd 83f0 	ldmia.w	sp!, {r4, r5, r6, r7, r8, r9, pc}
1000184a:	2f00      	cmp	r7, #0
1000184c:	d0dc      	beq.n	10001808 <gpio_set_irq_enabled_with_callback+0x2c>
1000184e:	2015      	movs	r0, #21
10001850:	490a      	ldr	r1, [pc, #40]	@ (1000187c <gpio_set_irq_enabled_with_callback+0xa0>)
10001852:	f848 7023 	str.w	r7, [r8, r3, lsl #2]
10001856:	f000 f98f 	bl	10001b78 <irq_add_shared_handler>
1000185a:	f8d9 3000 	ldr.w	r3, [r9]
1000185e:	e7d3      	b.n	10001808 <gpio_set_irq_enabled_with_callback+0x2c>
10001860:	2015      	movs	r0, #21
10001862:	4906      	ldr	r1, [pc, #24]	@ (1000187c <gpio_set_irq_enabled_with_callback+0xa0>)
10001864:	9301      	str	r3, [sp, #4]
10001866:	f000 fa7b 	bl	10001d60 <irq_remove_handler>
1000186a:	9b01      	ldr	r3, [sp, #4]
1000186c:	e7c7      	b.n	100017fe <gpio_set_irq_enabled_with_callback+0x22>
1000186e:	bf00      	nop
10001870:	40028290 	.word	0x40028290
10001874:	40028000 	.word	0x40028000
10001878:	40028248 	.word	0x40028248
1000187c:	1000155d 	.word	0x1000155d
10001880:	20002470 	.word	0x20002470

10001884 <gpio_set_input_enabled>:
10001884:	4b06      	ldr	r3, [pc, #24]	@ (100018a0 <gpio_set_input_enabled+0x1c>)
10001886:	2240      	movs	r2, #64	@ 0x40
10001888:	eb03 0380 	add.w	r3, r3, r0, lsl #2
1000188c:	b119      	cbz	r1, 10001896 <gpio_set_input_enabled+0x12>
1000188e:	f503 5300 	add.w	r3, r3, #8192	@ 0x2000
10001892:	601a      	str	r2, [r3, #0]
10001894:	4770      	bx	lr
10001896:	f503 5340 	add.w	r3, r3, #12288	@ 0x3000
1000189a:	601a      	str	r2, [r3, #0]
1000189c:	4770      	bx	lr
1000189e:	bf00      	nop
100018a0:	40038004 	.word	0x40038004

100018a4 <gpio_init>:
100018a4:	b430      	push	{r4, r5}
100018a6:	f04f 0300 	mov.w	r3, #0
100018aa:	ec43 0044 	gpioc_bit_oe_put r0, r3
100018ae:	ec43 0040 	gpioc_bit_out_put r0, r3
100018b2:	2505      	movs	r5, #5
100018b4:	f44f 7480 	mov.w	r4, #256	@ 0x100
100018b8:	4b0b      	ldr	r3, [pc, #44]	@ (100018e8 <gpio_init+0x44>)
100018ba:	00c2      	lsls	r2, r0, #3
100018bc:	f853 1020 	ldr.w	r1, [r3, r0, lsl #2]
100018c0:	eb03 0080 	add.w	r0, r3, r0, lsl #2
100018c4:	f081 0140 	eor.w	r1, r1, #64	@ 0x40
100018c8:	f102 4380 	add.w	r3, r2, #1073741824	@ 0x40000000
100018cc:	f503 3320 	add.w	r3, r3, #163840	@ 0x28000
100018d0:	f001 02c0 	and.w	r2, r1, #192	@ 0xc0
100018d4:	f500 5180 	add.w	r1, r0, #4096	@ 0x1000
100018d8:	f500 5040 	add.w	r0, r0, #12288	@ 0x3000
100018dc:	600a      	str	r2, [r1, #0]
100018de:	605d      	str	r5, [r3, #4]
100018e0:	6004      	str	r4, [r0, #0]
100018e2:	bc30      	pop	{r4, r5}
100018e4:	4770      	bx	lr
100018e6:	bf00      	nop
100018e8:	40038004 	.word	0x40038004

100018ec <panic>:
100018ec:	b40f      	push	{r0, r1, r2, r3}
100018ee:	b500      	push	{lr}
100018f0:	b083      	sub	sp, #12
100018f2:	9c04      	ldr	r4, [sp, #16]
100018f4:	4807      	ldr	r0, [pc, #28]	@ (10001914 <panic+0x28>)
100018f6:	f003 f969 	bl	10004bcc <__wrap_puts>
100018fa:	b13c      	cbz	r4, 1000190c <panic+0x20>
100018fc:	a905      	add	r1, sp, #20
100018fe:	4620      	mov	r0, r4
10001900:	9101      	str	r1, [sp, #4]
10001902:	f002 fff3 	bl	100048ec <weak_raw_vprintf>
10001906:	4804      	ldr	r0, [pc, #16]	@ (10001918 <panic+0x2c>)
10001908:	f003 f960 	bl	10004bcc <__wrap_puts>
1000190c:	2001      	movs	r0, #1
1000190e:	f003 f805 	bl	1000491c <_exit>
10001912:	bf00      	nop
10001914:	1000ae18 	.word	0x1000ae18
10001918:	1000ae28 	.word	0x1000ae28

1000191c <hw_claim_or_assert>:
1000191c:	b570      	push	{r4, r5, r6, lr}
1000191e:	4686      	mov	lr, r0
10001920:	f3ef 8510 	mrs	r5, PRIMASK
10001924:	b672      	cpsid	i
10001926:	4c12      	ldr	r4, [pc, #72]	@ (10001970 <hw_claim_or_assert+0x54>)
10001928:	e8d4 6fcf 	ldaexb	r6, [r4]
1000192c:	2001      	movs	r0, #1
1000192e:	2e00      	cmp	r6, #0
10001930:	d1fa      	bne.n	10001928 <hw_claim_or_assert+0xc>
10001932:	e8c4 0f46 	strexb	r6, r0, [r4]
10001936:	2e00      	cmp	r6, #0
10001938:	d1f6      	bne.n	10001928 <hw_claim_or_assert+0xc>
1000193a:	f3bf 8f5f 	dmb	sy
1000193e:	f04f 0c01 	mov.w	ip, #1
10001942:	08c8      	lsrs	r0, r1, #3
10001944:	f001 0307 	and.w	r3, r1, #7
10001948:	fa0c f303 	lsl.w	r3, ip, r3
1000194c:	f81e c000 	ldrb.w	ip, [lr, r0]
10001950:	ea1c 0603 	ands.w	r6, ip, r3
10001954:	d108      	bne.n	10001968 <hw_claim_or_assert+0x4c>
10001956:	ea4c 0c03 	orr.w	ip, ip, r3
1000195a:	f80e c000 	strb.w	ip, [lr, r0]
1000195e:	e8c4 6f8f 	stlb	r6, [r4]
10001962:	f385 8810 	msr	PRIMASK, r5
10001966:	bd70      	pop	{r4, r5, r6, pc}
10001968:	4610      	mov	r0, r2
1000196a:	f7ff ffbf 	bl	100018ec <panic>
1000196e:	bf00      	nop
10001970:	20002067 	.word	0x20002067

10001974 <hw_claim_unused_from_range>:
10001974:	b5f8      	push	{r3, r4, r5, r6, r7, lr}
10001976:	f3ef 8710 	mrs	r7, PRIMASK
1000197a:	b672      	cpsid	i
1000197c:	4e1c      	ldr	r6, [pc, #112]	@ (100019f0 <hw_claim_unused_from_range+0x7c>)
1000197e:	e8d6 5fcf 	ldaexb	r5, [r6]
10001982:	2401      	movs	r4, #1
10001984:	2d00      	cmp	r5, #0
10001986:	d1fa      	bne.n	1000197e <hw_claim_unused_from_range+0xa>
10001988:	e8c6 4f45 	strexb	r5, r4, [r6]
1000198c:	2d00      	cmp	r5, #0
1000198e:	d1f6      	bne.n	1000197e <hw_claim_unused_from_range+0xa>
10001990:	f3bf 8f5f 	dmb	sy
10001994:	429a      	cmp	r2, r3
10001996:	d81b      	bhi.n	100019d0 <hw_claim_unused_from_range+0x5c>
10001998:	2501      	movs	r5, #1
1000199a:	e002      	b.n	100019a2 <hw_claim_unused_from_range+0x2e>
1000199c:	3201      	adds	r2, #1
1000199e:	4293      	cmp	r3, r2
100019a0:	d322      	bcc.n	100019e8 <hw_claim_unused_from_range+0x74>
100019a2:	08d4      	lsrs	r4, r2, #3
100019a4:	f810 e004 	ldrb.w	lr, [r0, r4]
100019a8:	f002 0c07 	and.w	ip, r2, #7
100019ac:	fa05 fc0c 	lsl.w	ip, r5, ip
100019b0:	ea1e 0f0c 	tst.w	lr, ip
100019b4:	d1f2      	bne.n	1000199c <hw_claim_unused_from_range+0x28>
100019b6:	ea4e 0e0c 	orr.w	lr, lr, ip
100019ba:	f800 e004 	strb.w	lr, [r0, r4]
100019be:	4610      	mov	r0, r2
100019c0:	2300      	movs	r3, #0
100019c2:	e8c6 3f8f 	stlb	r3, [r6]
100019c6:	f387 8810 	msr	PRIMASK, r7
100019ca:	4298      	cmp	r0, r3
100019cc:	db07      	blt.n	100019de <hw_claim_unused_from_range+0x6a>
100019ce:	bdf8      	pop	{r3, r4, r5, r6, r7, pc}
100019d0:	2300      	movs	r3, #0
100019d2:	e8c6 3f8f 	stlb	r3, [r6]
100019d6:	f387 8810 	msr	PRIMASK, r7
100019da:	f04f 30ff 	mov.w	r0, #4294967295
100019de:	2900      	cmp	r1, #0
100019e0:	d0f5      	beq.n	100019ce <hw_claim_unused_from_range+0x5a>
100019e2:	9806      	ldr	r0, [sp, #24]
100019e4:	f7ff ff82 	bl	100018ec <panic>
100019e8:	f04f 30ff 	mov.w	r0, #4294967295
100019ec:	e7e8      	b.n	100019c0 <hw_claim_unused_from_range+0x4c>
100019ee:	bf00      	nop
100019f0:	20002067 	.word	0x20002067

100019f4 <next_striped_spin_lock_num>:
100019f4:	4a04      	ldr	r2, [pc, #16]	@ (10001a08 <next_striped_spin_lock_num+0x14>)
100019f6:	7810      	ldrb	r0, [r2, #0]
100019f8:	1c43      	adds	r3, r0, #1
100019fa:	b2db      	uxtb	r3, r3
100019fc:	2b18      	cmp	r3, #24
100019fe:	bf28      	it	cs
10001a00:	2310      	movcs	r3, #16
10001a02:	7013      	strb	r3, [r2, #0]
10001a04:	4770      	bx	lr
10001a06:	bf00      	nop
10001a08:	200014fe 	.word	0x200014fe

10001a0c <spin_lock_claim_unused>:
10001a0c:	b510      	push	{r4, lr}
10001a0e:	4c05      	ldr	r4, [pc, #20]	@ (10001a24 <spin_lock_claim_unused+0x18>)
10001a10:	b082      	sub	sp, #8
10001a12:	4601      	mov	r1, r0
10001a14:	231f      	movs	r3, #31
10001a16:	2218      	movs	r2, #24
10001a18:	9400      	str	r4, [sp, #0]
10001a1a:	4803      	ldr	r0, [pc, #12]	@ (10001a28 <spin_lock_claim_unused+0x1c>)
10001a1c:	f7ff ffaa 	bl	10001974 <hw_claim_unused_from_range>
10001a20:	b002      	add	sp, #8
10001a22:	bd10      	pop	{r4, pc}
10001a24:	1000ae2c 	.word	0x1000ae2c
10001a28:	20002480 	.word	0x20002480

10001a2c <spinlock_set_extexclall>:
10001a2c:	f04f 22e0 	mov.w	r2, #3758153728	@ 0xe000e000
10001a30:	6893      	ldr	r3, [r2, #8]
10001a32:	f043 5300 	orr.w	r3, r3, #536870912	@ 0x20000000
10001a36:	6093      	str	r3, [r2, #8]
10001a38:	4770      	bx	lr
10001a3a:	bf00      	nop

10001a3c <spin_locks_reset>:
10001a3c:	2100      	movs	r1, #0
10001a3e:	4b04      	ldr	r3, [pc, #16]	@ (10001a50 <spin_locks_reset+0x14>)
10001a40:	f103 0220 	add.w	r2, r3, #32
10001a44:	e8c3 1f8f 	stlb	r1, [r3]
10001a48:	3301      	adds	r3, #1
10001a4a:	4293      	cmp	r3, r2
10001a4c:	d1fa      	bne.n	10001a44 <spin_locks_reset+0x8>
10001a4e:	4770      	bx	lr
10001a50:	2000205c 	.word	0x2000205c

10001a54 <runtime_init_per_core_irq_priorities>:
10001a54:	f04f 23e0 	mov.w	r3, #3758153728	@ 0xe000e000
10001a58:	f04f 3280 	mov.w	r2, #2155905152	@ 0x80808080
10001a5c:	f8c3 2400 	str.w	r2, [r3, #1024]	@ 0x400
10001a60:	f8c3 2404 	str.w	r2, [r3, #1028]	@ 0x404
10001a64:	f8c3 2408 	str.w	r2, [r3, #1032]	@ 0x408
10001a68:	f8c3 240c 	str.w	r2, [r3, #1036]	@ 0x40c
10001a6c:	f8c3 2410 	str.w	r2, [r3, #1040]	@ 0x410
10001a70:	f8c3 2414 	str.w	r2, [r3, #1044]	@ 0x414
10001a74:	f8c3 2418 	str.w	r2, [r3, #1048]	@ 0x418
10001a78:	f8c3 241c 	str.w	r2, [r3, #1052]	@ 0x41c
10001a7c:	f8c3 2420 	str.w	r2, [r3, #1056]	@ 0x420
10001a80:	f8c3 2424 	str.w	r2, [r3, #1060]	@ 0x424
10001a84:	f8c3 2428 	str.w	r2, [r3, #1064]	@ 0x428
10001a88:	f8c3 242c 	str.w	r2, [r3, #1068]	@ 0x42c
10001a8c:	f8c3 2430 	str.w	r2, [r3, #1072]	@ 0x430
10001a90:	4770      	bx	lr
10001a92:	bf00      	nop

10001a94 <irq_set_enabled>:
10001a94:	2301      	movs	r3, #1
10001a96:	f000 021f 	and.w	r2, r0, #31
10001a9a:	4093      	lsls	r3, r2
10001a9c:	0940      	lsrs	r0, r0, #5
10001a9e:	b141      	cbz	r1, 10001ab2 <irq_set_enabled+0x1e>
10001aa0:	0080      	lsls	r0, r0, #2
10001aa2:	f100 4060 	add.w	r0, r0, #3758096384	@ 0xe0000000
10001aa6:	f500 4061 	add.w	r0, r0, #57600	@ 0xe100
10001aaa:	f8c0 3180 	str.w	r3, [r0, #384]	@ 0x180
10001aae:	6003      	str	r3, [r0, #0]
10001ab0:	4770      	bx	lr
10001ab2:	4a02      	ldr	r2, [pc, #8]	@ (10001abc <irq_set_enabled+0x28>)
10001ab4:	3020      	adds	r0, #32
10001ab6:	f842 3020 	str.w	r3, [r2, r0, lsl #2]
10001aba:	4770      	bx	lr
10001abc:	e000e100 	.word	0xe000e100

10001ac0 <irq_is_enabled>:
10001ac0:	2301      	movs	r3, #1
10001ac2:	4a06      	ldr	r2, [pc, #24]	@ (10001adc <irq_is_enabled+0x1c>)
10001ac4:	0941      	lsrs	r1, r0, #5
10001ac6:	f852 2021 	ldr.w	r2, [r2, r1, lsl #2]
10001aca:	f000 001f 	and.w	r0, r0, #31
10001ace:	fa03 f000 	lsl.w	r0, r3, r0
10001ad2:	4010      	ands	r0, r2
10001ad4:	3800      	subs	r0, #0
10001ad6:	bf18      	it	ne
10001ad8:	2001      	movne	r0, #1
10001ada:	4770      	bx	lr
10001adc:	e000e100 	.word	0xe000e100

10001ae0 <irq_set_pending>:
10001ae0:	2201      	movs	r2, #1
10001ae2:	0943      	lsrs	r3, r0, #5
10001ae4:	4903      	ldr	r1, [pc, #12]	@ (10001af4 <irq_set_pending+0x14>)
10001ae6:	f000 001f 	and.w	r0, r0, #31
10001aea:	4082      	lsls	r2, r0
10001aec:	3340      	adds	r3, #64	@ 0x40
10001aee:	f841 2023 	str.w	r2, [r1, r3, lsl #2]
10001af2:	4770      	bx	lr
10001af4:	e000e100 	.word	0xe000e100

10001af8 <irq_has_shared_handler>:
10001af8:	4a05      	ldr	r2, [pc, #20]	@ (10001b10 <irq_has_shared_handler+0x18>)
10001afa:	3010      	adds	r0, #16
10001afc:	6892      	ldr	r2, [r2, #8]
10001afe:	4b05      	ldr	r3, [pc, #20]	@ (10001b14 <irq_has_shared_handler+0x1c>)
10001b00:	f852 0020 	ldr.w	r0, [r2, r0, lsl #2]
10001b04:	1ac0      	subs	r0, r0, r3
10001b06:	282f      	cmp	r0, #47	@ 0x2f
10001b08:	bf8c      	ite	hi
10001b0a:	2000      	movhi	r0, #0
10001b0c:	2001      	movls	r0, #1
10001b0e:	4770      	bx	lr
10001b10:	e000ed00 	.word	0xe000ed00
10001b14:	20001500 	.word	0x20001500

10001b18 <irq_set_exclusive_handler>:
10001b18:	b5f8      	push	{r3, r4, r5, r6, r7, lr}
10001b1a:	460d      	mov	r5, r1
10001b1c:	f3ef 8710 	mrs	r7, PRIMASK
10001b20:	b672      	cpsid	i
10001b22:	4e12      	ldr	r6, [pc, #72]	@ (10001b6c <irq_set_exclusive_handler+0x54>)
10001b24:	e8d6 2fcf 	ldaexb	r2, [r6]
10001b28:	2301      	movs	r3, #1
10001b2a:	2a00      	cmp	r2, #0
10001b2c:	d1fa      	bne.n	10001b24 <irq_set_exclusive_handler+0xc>
10001b2e:	e8c6 3f42 	strexb	r2, r3, [r6]
10001b32:	2a00      	cmp	r2, #0
10001b34:	d1f6      	bne.n	10001b24 <irq_set_exclusive_handler+0xc>
10001b36:	f3bf 8f5f 	dmb	sy
10001b3a:	4b0d      	ldr	r3, [pc, #52]	@ (10001b70 <irq_set_exclusive_handler+0x58>)
10001b3c:	f100 0410 	add.w	r4, r0, #16
10001b40:	689b      	ldr	r3, [r3, #8]
10001b42:	4a0c      	ldr	r2, [pc, #48]	@ (10001b74 <irq_set_exclusive_handler+0x5c>)
10001b44:	f853 3024 	ldr.w	r3, [r3, r4, lsl #2]
10001b48:	4293      	cmp	r3, r2
10001b4a:	d003      	beq.n	10001b54 <irq_set_exclusive_handler+0x3c>
10001b4c:	4299      	cmp	r1, r3
10001b4e:	d001      	beq.n	10001b54 <irq_set_exclusive_handler+0x3c>
10001b50:	f001 f8fe 	bl	10002d50 <hard_assertion_failure>
10001b54:	4b06      	ldr	r3, [pc, #24]	@ (10001b70 <irq_set_exclusive_handler+0x58>)
10001b56:	689b      	ldr	r3, [r3, #8]
10001b58:	f843 5024 	str.w	r5, [r3, r4, lsl #2]
10001b5c:	f3bf 8f5f 	dmb	sy
10001b60:	2300      	movs	r3, #0
10001b62:	e8c6 3f8f 	stlb	r3, [r6]
10001b66:	f387 8810 	msr	PRIMASK, r7
10001b6a:	bdf8      	pop	{r3, r4, r5, r6, r7, pc}
10001b6c:	20002065 	.word	0x20002065
10001b70:	e000ed00 	.word	0xe000ed00
10001b74:	1000011d 	.word	0x1000011d

10001b78 <irq_add_shared_handler>:
10001b78:	e92d 4ff0 	stmdb	sp!, {r4, r5, r6, r7, r8, r9, sl, fp, lr}
10001b7c:	4681      	mov	r9, r0
10001b7e:	468b      	mov	fp, r1
10001b80:	4616      	mov	r6, r2
10001b82:	b083      	sub	sp, #12
10001b84:	f3ef 8310 	mrs	r3, PRIMASK
10001b88:	b672      	cpsid	i
10001b8a:	f8df a1d0 	ldr.w	sl, [pc, #464]	@ 10001d5c <irq_add_shared_handler+0x1e4>
10001b8e:	9300      	str	r3, [sp, #0]
10001b90:	e8da 1fcf 	ldaexb	r1, [sl]
10001b94:	2301      	movs	r3, #1
10001b96:	2900      	cmp	r1, #0
10001b98:	d1fa      	bne.n	10001b90 <irq_add_shared_handler+0x18>
10001b9a:	e8ca 3f41 	strexb	r1, r3, [sl]
10001b9e:	2900      	cmp	r1, #0
10001ba0:	d1f6      	bne.n	10001b90 <irq_add_shared_handler+0x18>
10001ba2:	f3bf 8f5f 	dmb	sy
10001ba6:	4b66      	ldr	r3, [pc, #408]	@ (10001d40 <irq_add_shared_handler+0x1c8>)
10001ba8:	f993 4000 	ldrsb.w	r4, [r3]
10001bac:	2c00      	cmp	r4, #0
10001bae:	f2c0 80a0 	blt.w	10001cf2 <irq_add_shared_handler+0x17a>
10001bb2:	4d64      	ldr	r5, [pc, #400]	@ (10001d44 <irq_add_shared_handler+0x1cc>)
10001bb4:	eb04 0744 	add.w	r7, r4, r4, lsl #1
10001bb8:	eb05 0887 	add.w	r8, r5, r7, lsl #2
10001bbc:	f898 1006 	ldrb.w	r1, [r8, #6]
10001bc0:	f109 0910 	add.w	r9, r9, #16
10001bc4:	7019      	strb	r1, [r3, #0]
10001bc6:	4b60      	ldr	r3, [pc, #384]	@ (10001d48 <irq_add_shared_handler+0x1d0>)
10001bc8:	00bf      	lsls	r7, r7, #2
10001bca:	689b      	ldr	r3, [r3, #8]
10001bcc:	f853 0029 	ldr.w	r0, [r3, r9, lsl #2]
10001bd0:	0063      	lsls	r3, r4, #1
10001bd2:	1b41      	subs	r1, r0, r5
10001bd4:	292f      	cmp	r1, #47	@ 0x2f
10001bd6:	d92f      	bls.n	10001c38 <irq_add_shared_handler+0xc0>
10001bd8:	495c      	ldr	r1, [pc, #368]	@ (10001d4c <irq_add_shared_handler+0x1d4>)
10001bda:	4288      	cmp	r0, r1
10001bdc:	f040 80a4 	bne.w	10001d28 <irq_add_shared_handler+0x1b0>
10001be0:	441c      	add	r4, r3
10001be2:	4b5b      	ldr	r3, [pc, #364]	@ (10001d50 <irq_add_shared_handler+0x1d8>)
10001be4:	3702      	adds	r7, #2
10001be6:	442f      	add	r7, r5
10001be8:	3b04      	subs	r3, #4
10001bea:	1bdb      	subs	r3, r3, r7
10001bec:	f3c3 034a 	ubfx	r3, r3, #1, #11
10001bf0:	ea6f 43c3 	mvn.w	r3, r3, lsl #19
10001bf4:	f44f 4121 	mov.w	r1, #41216	@ 0xa100
10001bf8:	ea6f 43d3 	mvn.w	r3, r3, lsr #19
10001bfc:	f825 1024 	strh.w	r1, [r5, r4, lsl #2]
10001c00:	eb05 0484 	add.w	r4, r5, r4, lsl #2
10001c04:	8063      	strh	r3, [r4, #2]
10001c06:	f64b 5301 	movw	r3, #48385	@ 0xbd01
10001c0a:	80a3      	strh	r3, [r4, #4]
10001c0c:	23ff      	movs	r3, #255	@ 0xff
10001c0e:	f048 0001 	orr.w	r0, r8, #1
10001c12:	71e6      	strb	r6, [r4, #7]
10001c14:	f8c4 b008 	str.w	fp, [r4, #8]
10001c18:	71a3      	strb	r3, [r4, #6]
10001c1a:	4b4b      	ldr	r3, [pc, #300]	@ (10001d48 <irq_add_shared_handler+0x1d0>)
10001c1c:	689b      	ldr	r3, [r3, #8]
10001c1e:	f843 0029 	str.w	r0, [r3, r9, lsl #2]
10001c22:	f3bf 8f5f 	dmb	sy
10001c26:	2300      	movs	r3, #0
10001c28:	e8ca 3f8f 	stlb	r3, [sl]
10001c2c:	9b00      	ldr	r3, [sp, #0]
10001c2e:	f383 8810 	msr	PRIMASK, r3
10001c32:	b003      	add	sp, #12
10001c34:	e8bd 8ff0 	ldmia.w	sp!, {r4, r5, r6, r7, r8, r9, sl, fp, pc}
10001c38:	f020 0e01 	bic.w	lr, r0, #1
10001c3c:	f89e 1007 	ldrb.w	r1, [lr, #7]
10001c40:	42b1      	cmp	r1, r6
10001c42:	d82e      	bhi.n	10001ca2 <irq_add_shared_handler+0x12a>
10001c44:	f44f 4321 	mov.w	r3, #41216	@ 0xa100
10001c48:	53eb      	strh	r3, [r5, r7]
10001c4a:	4b41      	ldr	r3, [pc, #260]	@ (10001d50 <irq_add_shared_handler+0x1d8>)
10001c4c:	1cb9      	adds	r1, r7, #2
10001c4e:	4429      	add	r1, r5
10001c50:	3b04      	subs	r3, #4
10001c52:	3704      	adds	r7, #4
10001c54:	1a5b      	subs	r3, r3, r1
10001c56:	442f      	add	r7, r5
10001c58:	f1ae 0104 	sub.w	r1, lr, #4
10001c5c:	1bc9      	subs	r1, r1, r7
10001c5e:	f3c1 044a 	ubfx	r4, r1, #1, #11
10001c62:	493c      	ldr	r1, [pc, #240]	@ (10001d54 <irq_add_shared_handler+0x1dc>)
10001c64:	f3c3 034a 	ubfx	r3, r3, #1, #11
10001c68:	430b      	orrs	r3, r1
10001c6a:	4321      	orrs	r1, r4
10001c6c:	f8a8 1004 	strh.w	r1, [r8, #4]
10001c70:	4939      	ldr	r1, [pc, #228]	@ (10001d58 <irq_add_shared_handler+0x1e0>)
10001c72:	f8a8 3002 	strh.w	r3, [r8, #2]
10001c76:	f64a 20aa 	movw	r0, #43690	@ 0xaaaa
10001c7a:	4673      	mov	r3, lr
10001c7c:	1b5b      	subs	r3, r3, r5
10001c7e:	415b      	adcs	r3, r3
10001c80:	4358      	muls	r0, r3
10001c82:	0d00      	lsrs	r0, r0, #20
10001c84:	f888 6007 	strb.w	r6, [r8, #7]
10001c88:	f888 0006 	strb.w	r0, [r8, #6]
10001c8c:	f8c8 b008 	str.w	fp, [r8, #8]
10001c90:	f048 0001 	orr.w	r0, r8, #1
10001c94:	f8ce 1000 	str.w	r1, [lr]
10001c98:	e7bf      	b.n	10001c1a <irq_add_shared_handler+0xa2>
10001c9a:	79d1      	ldrb	r1, [r2, #7]
10001c9c:	42b1      	cmp	r1, r6
10001c9e:	d92e      	bls.n	10001cfe <irq_add_shared_handler+0x186>
10001ca0:	4696      	mov	lr, r2
10001ca2:	f99e c006 	ldrsb.w	ip, [lr, #6]
10001ca6:	eb0c 024c 	add.w	r2, ip, ip, lsl #1
10001caa:	f1bc 0f00 	cmp.w	ip, #0
10001cae:	eb05 0282 	add.w	r2, r5, r2, lsl #2
10001cb2:	daf2      	bge.n	10001c9a <irq_add_shared_handler+0x122>
10001cb4:	f64b 5101 	movw	r1, #48385	@ 0xbd01
10001cb8:	f10e 0204 	add.w	r2, lr, #4
10001cbc:	f1a8 0704 	sub.w	r7, r8, #4
10001cc0:	1abf      	subs	r7, r7, r2
10001cc2:	f3c7 074a 	ubfx	r7, r7, #1, #11
10001cc6:	ea6f 47c7 	mvn.w	r7, r7, lsl #19
10001cca:	ea6f 47d7 	mvn.w	r7, r7, lsr #19
10001cce:	f88e 4006 	strb.w	r4, [lr, #6]
10001cd2:	eb03 0804 	add.w	r8, r3, r4
10001cd6:	4c20      	ldr	r4, [pc, #128]	@ (10001d58 <irq_add_shared_handler+0x1e0>)
10001cd8:	eb05 0388 	add.w	r3, r5, r8, lsl #2
10001cdc:	f8ae 7004 	strh.w	r7, [lr, #4]
10001ce0:	f845 4028 	str.w	r4, [r5, r8, lsl #2]
10001ce4:	8099      	strh	r1, [r3, #4]
10001ce6:	f883 c006 	strb.w	ip, [r3, #6]
10001cea:	71de      	strb	r6, [r3, #7]
10001cec:	f8c3 b008 	str.w	fp, [r3, #8]
10001cf0:	e793      	b.n	10001c1a <irq_add_shared_handler+0xa2>
10001cf2:	f001 f82d 	bl	10002d50 <hard_assertion_failure>
10001cf6:	4b12      	ldr	r3, [pc, #72]	@ (10001d40 <irq_add_shared_handler+0x1c8>)
10001cf8:	f993 4000 	ldrsb.w	r4, [r3]
10001cfc:	e759      	b.n	10001bb2 <irq_add_shared_handler+0x3a>
10001cfe:	4672      	mov	r2, lr
10001d00:	f832 1f04 	ldrh.w	r1, [r2, #4]!
10001d04:	0549      	lsls	r1, r1, #21
10001d06:	d414      	bmi.n	10001d32 <irq_add_shared_handler+0x1ba>
10001d08:	1549      	asrs	r1, r1, #21
10001d0a:	3102      	adds	r1, #2
10001d0c:	eb02 0141 	add.w	r1, r2, r1, lsl #1
10001d10:	9101      	str	r1, [sp, #4]
10001d12:	f06f 0107 	mvn.w	r1, #7
10001d16:	1bc9      	subs	r1, r1, r7
10001d18:	9f01      	ldr	r7, [sp, #4]
10001d1a:	1b49      	subs	r1, r1, r5
10001d1c:	4439      	add	r1, r7
10001d1e:	f3c1 014a 	ubfx	r1, r1, #1, #11
10001d22:	f441 4160 	orr.w	r1, r1, #57344	@ 0xe000
10001d26:	e7c9      	b.n	10001cbc <irq_add_shared_handler+0x144>
10001d28:	9301      	str	r3, [sp, #4]
10001d2a:	f001 f811 	bl	10002d50 <hard_assertion_failure>
10001d2e:	9b01      	ldr	r3, [sp, #4]
10001d30:	e756      	b.n	10001be0 <irq_add_shared_handler+0x68>
10001d32:	f501 11ff 	add.w	r1, r1, #2088960	@ 0x1fe000
10001d36:	f501 51ff 	add.w	r1, r1, #8160	@ 0x1fe0
10001d3a:	311f      	adds	r1, #31
10001d3c:	e7e4      	b.n	10001d08 <irq_add_shared_handler+0x190>
10001d3e:	bf00      	nop
10001d40:	20002b03 	.word	0x20002b03
10001d44:	20001500 	.word	0x20001500
10001d48:	e000ed00 	.word	0xe000ed00
10001d4c:	1000011d 	.word	0x1000011d
10001d50:	20001530 	.word	0x20001530
10001d54:	ffffe000 	.word	0xffffe000
10001d58:	47804801 	.word	0x47804801
10001d5c:	20002065 	.word	0x20002065

10001d60 <irq_remove_handler>:
10001d60:	e92d 4ff0 	stmdb	sp!, {r4, r5, r6, r7, r8, r9, sl, fp, lr}
10001d64:	b083      	sub	sp, #12
10001d66:	f3ef 8a10 	mrs	sl, PRIMASK
10001d6a:	b672      	cpsid	i
10001d6c:	4e71      	ldr	r6, [pc, #452]	@ (10001f34 <irq_remove_handler+0x1d4>)
10001d6e:	e8d6 2fcf 	ldaexb	r2, [r6]
10001d72:	2301      	movs	r3, #1
10001d74:	2a00      	cmp	r2, #0
10001d76:	d1fa      	bne.n	10001d6e <irq_remove_handler+0xe>
10001d78:	e8c6 3f42 	strexb	r2, r3, [r6]
10001d7c:	2a00      	cmp	r2, #0
10001d7e:	d1f6      	bne.n	10001d6e <irq_remove_handler+0xe>
10001d80:	f3bf 8f5f 	dmb	sy
10001d84:	4b6c      	ldr	r3, [pc, #432]	@ (10001f38 <irq_remove_handler+0x1d8>)
10001d86:	f100 0810 	add.w	r8, r0, #16
10001d8a:	689b      	ldr	r3, [r3, #8]
10001d8c:	4a6b      	ldr	r2, [pc, #428]	@ (10001f3c <irq_remove_handler+0x1dc>)
10001d8e:	f853 5028 	ldr.w	r5, [r3, r8, lsl #2]
10001d92:	4295      	cmp	r5, r2
10001d94:	d045      	beq.n	10001e22 <irq_remove_handler+0xc2>
10001d96:	428d      	cmp	r5, r1
10001d98:	460c      	mov	r4, r1
10001d9a:	d050      	beq.n	10001e3e <irq_remove_handler+0xde>
10001d9c:	4f68      	ldr	r7, [pc, #416]	@ (10001f40 <irq_remove_handler+0x1e0>)
10001d9e:	1beb      	subs	r3, r5, r7
10001da0:	2b2f      	cmp	r3, #47	@ 0x2f
10001da2:	d83e      	bhi.n	10001e22 <irq_remove_handler+0xc2>
10001da4:	2101      	movs	r1, #1
10001da6:	ea4f 1950 	mov.w	r9, r0, lsr #5
10001daa:	ea4f 0989 	mov.w	r9, r9, lsl #2
10001dae:	f109 4960 	add.w	r9, r9, #3758096384	@ 0xe0000000
10001db2:	f509 4961 	add.w	r9, r9, #57600	@ 0xe100
10001db6:	f000 031f 	and.w	r3, r0, #31
10001dba:	fa01 f003 	lsl.w	r0, r1, r3
10001dbe:	f8d9 3000 	ldr.w	r3, [r9]
10001dc2:	f8c9 0080 	str.w	r0, [r9, #128]	@ 0x80
10001dc6:	ea00 0b03 	and.w	fp, r0, r3
10001dca:	f3bf 8f5f 	dmb	sy
10001dce:	f3ef 8105 	mrs	r1, IPSR
10001dd2:	b2c9      	uxtb	r1, r1
10001dd4:	2900      	cmp	r1, #0
10001dd6:	d034      	beq.n	10001e42 <irq_remove_handler+0xe2>
10001dd8:	4588      	cmp	r8, r1
10001dda:	d005      	beq.n	10001de8 <irq_remove_handler+0x88>
10001ddc:	e9cd 1000 	strd	r1, r0, [sp]
10001de0:	f000 ffb6 	bl	10002d50 <hard_assertion_failure>
10001de4:	e9dd 1000 	ldrd	r1, r0, [sp]
10001de8:	f025 0e01 	bic.w	lr, r5, #1
10001dec:	f8de c008 	ldr.w	ip, [lr, #8]
10001df0:	4564      	cmp	r4, ip
10001df2:	d105      	bne.n	10001e00 <irq_remove_handler+0xa0>
10001df4:	e089      	b.n	10001f0a <irq_remove_handler+0x1aa>
10001df6:	f8d3 c008 	ldr.w	ip, [r3, #8]
10001dfa:	4564      	cmp	r4, ip
10001dfc:	d031      	beq.n	10001e62 <irq_remove_handler+0x102>
10001dfe:	469e      	mov	lr, r3
10001e00:	f99e 2006 	ldrsb.w	r2, [lr, #6]
10001e04:	eb02 0342 	add.w	r3, r2, r2, lsl #1
10001e08:	2a00      	cmp	r2, #0
10001e0a:	eb07 0383 	add.w	r3, r7, r3, lsl #2
10001e0e:	daf2      	bge.n	10001df6 <irq_remove_handler+0x96>
10001e10:	4564      	cmp	r4, ip
10001e12:	d061      	beq.n	10001ed8 <irq_remove_handler+0x178>
10001e14:	f1bb 0f00 	cmp.w	fp, #0
10001e18:	d020      	beq.n	10001e5c <irq_remove_handler+0xfc>
10001e1a:	f8c9 0180 	str.w	r0, [r9, #384]	@ 0x180
10001e1e:	f8c9 0000 	str.w	r0, [r9]
10001e22:	4b45      	ldr	r3, [pc, #276]	@ (10001f38 <irq_remove_handler+0x1d8>)
10001e24:	689b      	ldr	r3, [r3, #8]
10001e26:	f843 5028 	str.w	r5, [r3, r8, lsl #2]
10001e2a:	f3bf 8f5f 	dmb	sy
10001e2e:	2300      	movs	r3, #0
10001e30:	e8c6 3f8f 	stlb	r3, [r6]
10001e34:	f38a 8810 	msr	PRIMASK, sl
10001e38:	b003      	add	sp, #12
10001e3a:	e8bd 8ff0 	ldmia.w	sp!, {r4, r5, r6, r7, r8, r9, sl, fp, pc}
10001e3e:	4615      	mov	r5, r2
10001e40:	e7ef      	b.n	10001e22 <irq_remove_handler+0xc2>
10001e42:	f025 0e01 	bic.w	lr, r5, #1
10001e46:	f8de c008 	ldr.w	ip, [lr, #8]
10001e4a:	4564      	cmp	r4, ip
10001e4c:	d1d8      	bne.n	10001e00 <irq_remove_handler+0xa0>
10001e4e:	f99e 4006 	ldrsb.w	r4, [lr, #6]
10001e52:	4673      	mov	r3, lr
10001e54:	2c00      	cmp	r4, #0
10001e56:	da08      	bge.n	10001e6a <irq_remove_handler+0x10a>
10001e58:	4615      	mov	r5, r2
10001e5a:	e046      	b.n	10001eea <irq_remove_handler+0x18a>
10001e5c:	f8c9 0080 	str.w	r0, [r9, #128]	@ 0x80
10001e60:	e7df      	b.n	10001e22 <irq_remove_handler+0xc2>
10001e62:	f993 4006 	ldrsb.w	r4, [r3, #6]
10001e66:	2c00      	cmp	r4, #0
10001e68:	db37      	blt.n	10001eda <irq_remove_handler+0x17a>
10001e6a:	eb04 0c44 	add.w	ip, r4, r4, lsl #1
10001e6e:	eb07 0c8c 	add.w	ip, r7, ip, lsl #2
10001e72:	f89c 1007 	ldrb.w	r1, [ip, #7]
10001e76:	f8dc 2008 	ldr.w	r2, [ip, #8]
10001e7a:	71d9      	strb	r1, [r3, #7]
10001e7c:	609a      	str	r2, [r3, #8]
10001e7e:	f99c 2006 	ldrsb.w	r2, [ip, #6]
10001e82:	0061      	lsls	r1, r4, #1
10001e84:	2a00      	cmp	r2, #0
10001e86:	719a      	strb	r2, [r3, #6]
10001e88:	db3d      	blt.n	10001f06 <irq_remove_handler+0x1a6>
10001e8a:	f8bc e004 	ldrh.w	lr, [ip, #4]
10001e8e:	ea5f 5e4e 	movs.w	lr, lr, lsl #21
10001e92:	d505      	bpl.n	10001ea0 <irq_remove_handler+0x140>
10001e94:	f50e 1eff 	add.w	lr, lr, #2088960	@ 0x1fe000
10001e98:	f50e 5eff 	add.w	lr, lr, #8160	@ 0x1fe0
10001e9c:	f10e 0e1f 	add.w	lr, lr, #31
10001ea0:	f06f 0c07 	mvn.w	ip, #7
10001ea4:	190a      	adds	r2, r1, r4
10001ea6:	ea4f 5e6e 	mov.w	lr, lr, asr #21
10001eaa:	0092      	lsls	r2, r2, #2
10001eac:	eb02 024e 	add.w	r2, r2, lr, lsl #1
10001eb0:	3208      	adds	r2, #8
10001eb2:	443a      	add	r2, r7
10001eb4:	ebac 0c03 	sub.w	ip, ip, r3
10001eb8:	4462      	add	r2, ip
10001eba:	f3c2 024a 	ubfx	r2, r2, #1, #11
10001ebe:	ea6f 42c2 	mvn.w	r2, r2, lsl #19
10001ec2:	ea6f 42d2 	mvn.w	r2, r2, lsr #19
10001ec6:	809a      	strh	r2, [r3, #4]
10001ec8:	4b1e      	ldr	r3, [pc, #120]	@ (10001f44 <irq_remove_handler+0x1e4>)
10001eca:	4421      	add	r1, r4
10001ecc:	781a      	ldrb	r2, [r3, #0]
10001ece:	eb07 0181 	add.w	r1, r7, r1, lsl #2
10001ed2:	701c      	strb	r4, [r3, #0]
10001ed4:	718a      	strb	r2, [r1, #6]
10001ed6:	e79d      	b.n	10001e14 <irq_remove_handler+0xb4>
10001ed8:	4673      	mov	r3, lr
10001eda:	b9d9      	cbnz	r1, 10001f14 <irq_remove_handler+0x1b4>
10001edc:	22ff      	movs	r2, #255	@ 0xff
10001ede:	f88e 2006 	strb.w	r2, [lr, #6]
10001ee2:	f64b 5201 	movw	r2, #48385	@ 0xbd01
10001ee6:	f8ae 2004 	strh.w	r2, [lr, #4]
10001eea:	4c16      	ldr	r4, [pc, #88]	@ (10001f44 <irq_remove_handler+0x1e4>)
10001eec:	f64a 22aa 	movw	r2, #43690	@ 0xaaaa
10001ef0:	f894 c000 	ldrb.w	ip, [r4]
10001ef4:	4619      	mov	r1, r3
10001ef6:	1bc9      	subs	r1, r1, r7
10001ef8:	4149      	adcs	r1, r1
10001efa:	434a      	muls	r2, r1
10001efc:	0d12      	lsrs	r2, r2, #20
10001efe:	f883 c006 	strb.w	ip, [r3, #6]
10001f02:	7022      	strb	r2, [r4, #0]
10001f04:	e786      	b.n	10001e14 <irq_remove_handler+0xb4>
10001f06:	4a10      	ldr	r2, [pc, #64]	@ (10001f48 <irq_remove_handler+0x1e8>)
10001f08:	e7dd      	b.n	10001ec6 <irq_remove_handler+0x166>
10001f0a:	f99e 4006 	ldrsb.w	r4, [lr, #6]
10001f0e:	4673      	mov	r3, lr
10001f10:	2c00      	cmp	r4, #0
10001f12:	daaa      	bge.n	10001e6a <irq_remove_handler+0x10a>
10001f14:	4a0d      	ldr	r2, [pc, #52]	@ (10001f4c <irq_remove_handler+0x1ec>)
10001f16:	4c0e      	ldr	r4, [pc, #56]	@ (10001f50 <irq_remove_handler+0x1f0>)
10001f18:	1ad2      	subs	r2, r2, r3
10001f1a:	3a08      	subs	r2, #8
10001f1c:	f3c2 310a 	ubfx	r1, r2, #12, #11
10001f20:	ea6f 5101 	mvn.w	r1, r1, lsl #20
10001f24:	ea6f 5111 	mvn.w	r1, r1, lsr #20
10001f28:	ea44 0252 	orr.w	r2, r4, r2, lsr #1
10001f2c:	80da      	strh	r2, [r3, #6]
10001f2e:	8099      	strh	r1, [r3, #4]
10001f30:	e770      	b.n	10001e14 <irq_remove_handler+0xb4>
10001f32:	bf00      	nop
10001f34:	20002065 	.word	0x20002065
10001f38:	e000ed00 	.word	0xe000ed00
10001f3c:	1000011d 	.word	0x1000011d
10001f40:	20001500 	.word	0x20001500
10001f44:	20002b03 	.word	0x20002b03
10001f48:	ffffbd01 	.word	0xffffbd01
10001f4c:	2000153a 	.word	0x2000153a
10001f50:	fffff800 	.word	0xfffff800

10001f54 <irq_add_tail_to_free_list>:
10001f54:	b5f0      	push	{r4, r5, r6, r7, lr}
10001f56:	f3ef 8505 	mrs	r5, IPSR
10001f5a:	b2ed      	uxtb	r5, r5
10001f5c:	f3ef 8c10 	mrs	ip, PRIMASK
10001f60:	b672      	cpsid	i
10001f62:	4926      	ldr	r1, [pc, #152]	@ (10001ffc <irq_add_tail_to_free_list+0xa8>)
10001f64:	e8d1 2fcf 	ldaexb	r2, [r1]
10001f68:	2301      	movs	r3, #1
10001f6a:	2a00      	cmp	r2, #0
10001f6c:	d1fa      	bne.n	10001f64 <irq_add_tail_to_free_list+0x10>
10001f6e:	e8c1 3f42 	strexb	r2, r3, [r1]
10001f72:	2a00      	cmp	r2, #0
10001f74:	d1f6      	bne.n	10001f64 <irq_add_tail_to_free_list+0x10>
10001f76:	f3bf 8f5f 	dmb	sy
10001f7a:	4e21      	ldr	r6, [pc, #132]	@ (10002000 <irq_add_tail_to_free_list+0xac>)
10001f7c:	f040 0e01 	orr.w	lr, r0, #1
10001f80:	68b4      	ldr	r4, [r6, #8]
10001f82:	f64a 23aa 	movw	r3, #43690	@ 0xaaaa
10001f86:	f854 7025 	ldr.w	r7, [r4, r5, lsl #2]
10001f8a:	4a1e      	ldr	r2, [pc, #120]	@ (10002004 <irq_add_tail_to_free_list+0xb0>)
10001f8c:	4604      	mov	r4, r0
10001f8e:	1aa4      	subs	r4, r4, r2
10001f90:	4164      	adcs	r4, r4
10001f92:	4363      	muls	r3, r4
10001f94:	0d1b      	lsrs	r3, r3, #20
10001f96:	4577      	cmp	r7, lr
10001f98:	b25b      	sxtb	r3, r3
10001f9a:	d01b      	beq.n	10001fd4 <irq_add_tail_to_free_list+0x80>
10001f9c:	f992 4006 	ldrsb.w	r4, [r2, #6]
10001fa0:	429c      	cmp	r4, r3
10001fa2:	d01c      	beq.n	10001fde <irq_add_tail_to_free_list+0x8a>
10001fa4:	f992 4012 	ldrsb.w	r4, [r2, #18]
10001fa8:	429c      	cmp	r4, r3
10001faa:	d023      	beq.n	10001ff4 <irq_add_tail_to_free_list+0xa0>
10001fac:	f992 401e 	ldrsb.w	r4, [r2, #30]
10001fb0:	429c      	cmp	r4, r3
10001fb2:	d021      	beq.n	10001ff8 <irq_add_tail_to_free_list+0xa4>
10001fb4:	f992 402a 	ldrsb.w	r4, [r2, #42]	@ 0x2a
10001fb8:	429c      	cmp	r4, r3
10001fba:	bf08      	it	eq
10001fbc:	2403      	moveq	r4, #3
10001fbe:	d00f      	beq.n	10001fe0 <irq_add_tail_to_free_list+0x8c>
10001fc0:	4a11      	ldr	r2, [pc, #68]	@ (10002008 <irq_add_tail_to_free_list+0xb4>)
10001fc2:	2400      	movs	r4, #0
10001fc4:	7815      	ldrb	r5, [r2, #0]
10001fc6:	7013      	strb	r3, [r2, #0]
10001fc8:	7185      	strb	r5, [r0, #6]
10001fca:	e8c1 4f8f 	stlb	r4, [r1]
10001fce:	f38c 8810 	msr	PRIMASK, ip
10001fd2:	bdf0      	pop	{r4, r5, r6, r7, pc}
10001fd4:	68b2      	ldr	r2, [r6, #8]
10001fd6:	4c0d      	ldr	r4, [pc, #52]	@ (1000200c <irq_add_tail_to_free_list+0xb8>)
10001fd8:	f842 4025 	str.w	r4, [r2, r5, lsl #2]
10001fdc:	e7f0      	b.n	10001fc0 <irq_add_tail_to_free_list+0x6c>
10001fde:	2400      	movs	r4, #0
10001fe0:	eb04 0444 	add.w	r4, r4, r4, lsl #1
10001fe4:	eb02 0284 	add.w	r2, r2, r4, lsl #2
10001fe8:	24ff      	movs	r4, #255	@ 0xff
10001fea:	7194      	strb	r4, [r2, #6]
10001fec:	f64b 5401 	movw	r4, #48385	@ 0xbd01
10001ff0:	8094      	strh	r4, [r2, #4]
10001ff2:	e7e5      	b.n	10001fc0 <irq_add_tail_to_free_list+0x6c>
10001ff4:	2401      	movs	r4, #1
10001ff6:	e7f3      	b.n	10001fe0 <irq_add_tail_to_free_list+0x8c>
10001ff8:	2402      	movs	r4, #2
10001ffa:	e7f1      	b.n	10001fe0 <irq_add_tail_to_free_list+0x8c>
10001ffc:	20002065 	.word	0x20002065
10002000:	e000ed00 	.word	0xe000ed00
10002004:	20001500 	.word	0x20001500
10002008:	20002b03 	.word	0x20002b03
1000200c:	1000011d 	.word	0x1000011d

10002010 <user_irq_claim_unused>:
10002010:	b510      	push	{r4, lr}
10002012:	4c07      	ldr	r4, [pc, #28]	@ (10002030 <user_irq_claim_unused+0x20>)
10002014:	b082      	sub	sp, #8
10002016:	4601      	mov	r1, r0
10002018:	2305      	movs	r3, #5
1000201a:	2200      	movs	r2, #0
1000201c:	9400      	str	r4, [sp, #0]
1000201e:	4805      	ldr	r0, [pc, #20]	@ (10002034 <user_irq_claim_unused+0x24>)
10002020:	f7ff fca8 	bl	10001974 <hw_claim_unused_from_range>
10002024:	2800      	cmp	r0, #0
10002026:	bfa8      	it	ge
10002028:	f1c0 0033 	rsbge	r0, r0, #51	@ 0x33
1000202c:	b002      	add	sp, #8
1000202e:	bd10      	pop	{r4, pc}
10002030:	1000ae48 	.word	0x1000ae48
10002034:	20002b07 	.word	0x20002b07

10002038 <lock_init>:
10002038:	4b01      	ldr	r3, [pc, #4]	@ (10002040 <lock_init+0x8>)
1000203a:	440b      	add	r3, r1
1000203c:	6003      	str	r3, [r0, #0]
1000203e:	4770      	bx	lr
10002040:	2000205c 	.word	0x2000205c

10002044 <runtime_init_mutex>:
10002044:	b570      	push	{r4, r5, r6, lr}
10002046:	4c10      	ldr	r4, [pc, #64]	@ (10002088 <runtime_init_mutex+0x44>)
10002048:	4d10      	ldr	r5, [pc, #64]	@ (1000208c <runtime_init_mutex+0x48>)
1000204a:	42ac      	cmp	r4, r5
1000204c:	d20e      	bcs.n	1000206c <runtime_init_mutex+0x28>
1000204e:	26ff      	movs	r6, #255	@ 0xff
10002050:	6823      	ldr	r3, [r4, #0]
10002052:	b163      	cbz	r3, 1000206e <runtime_init_mutex+0x2a>
10002054:	f7ff fcce 	bl	100019f4 <next_striped_spin_lock_num>
10002058:	4601      	mov	r1, r0
1000205a:	4620      	mov	r0, r4
1000205c:	f7ff ffec 	bl	10002038 <lock_init>
10002060:	80a6      	strh	r6, [r4, #4]
10002062:	f3bf 8f5f 	dmb	sy
10002066:	3408      	adds	r4, #8
10002068:	42ac      	cmp	r4, r5
1000206a:	d3f1      	bcc.n	10002050 <runtime_init_mutex+0xc>
1000206c:	bd70      	pop	{r4, r5, r6, pc}
1000206e:	f7ff fcc1 	bl	100019f4 <next_striped_spin_lock_num>
10002072:	4601      	mov	r1, r0
10002074:	4620      	mov	r0, r4
10002076:	f7ff ffdf 	bl	10002038 <lock_init>
1000207a:	7126      	strb	r6, [r4, #4]
1000207c:	f3bf 8f5f 	dmb	sy
10002080:	3408      	adds	r4, #8
10002082:	42ac      	cmp	r4, r5
10002084:	d3e4      	bcc.n	10002050 <runtime_init_mutex+0xc>
10002086:	bd70      	pop	{r4, r5, r6, pc}
10002088:	20001b00 	.word	0x20001b00
1000208c:	20001b08 	.word	0x20001b08

10002090 <mutex_init>:
10002090:	b510      	push	{r4, lr}
10002092:	4604      	mov	r4, r0
10002094:	f7ff fcae 	bl	100019f4 <next_striped_spin_lock_num>
10002098:	4601      	mov	r1, r0
1000209a:	4620      	mov	r0, r4
1000209c:	f7ff ffcc 	bl	10002038 <lock_init>
100020a0:	23ff      	movs	r3, #255	@ 0xff
100020a2:	7123      	strb	r3, [r4, #4]
100020a4:	f3bf 8f5f 	dmb	sy
100020a8:	bd10      	pop	{r4, pc}
100020aa:	bf00      	nop

100020ac <critical_section_init>:
100020ac:	b510      	push	{r4, lr}
100020ae:	4604      	mov	r4, r0
100020b0:	2001      	movs	r0, #1
100020b2:	f7ff fcab 	bl	10001a0c <spin_lock_claim_unused>
100020b6:	4b03      	ldr	r3, [pc, #12]	@ (100020c4 <critical_section_init+0x18>)
100020b8:	4403      	add	r3, r0
100020ba:	6023      	str	r3, [r4, #0]
100020bc:	f3bf 8f5f 	dmb	sy
100020c0:	bd10      	pop	{r4, pc}
100020c2:	bf00      	nop
100020c4:	2000205c 	.word	0x2000205c

100020c8 <critical_section_init_with_lock_num>:
100020c8:	4b02      	ldr	r3, [pc, #8]	@ (100020d4 <critical_section_init_with_lock_num+0xc>)
100020ca:	440b      	add	r3, r1
100020cc:	6003      	str	r3, [r0, #0]
100020ce:	f3bf 8f5f 	dmb	sy
100020d2:	4770      	bx	lr
100020d4:	2000205c 	.word	0x2000205c

100020d8 <sleep_until_callback>:
100020d8:	4b0d      	ldr	r3, [pc, #52]	@ (10002110 <sleep_until_callback+0x38>)
100020da:	681a      	ldr	r2, [r3, #0]
100020dc:	f3ef 8110 	mrs	r1, PRIMASK
100020e0:	b672      	cpsid	i
100020e2:	e8d2 cfcf 	ldaexb	ip, [r2]
100020e6:	2001      	movs	r0, #1
100020e8:	f1bc 0f00 	cmp.w	ip, #0
100020ec:	d1f9      	bne.n	100020e2 <sleep_until_callback+0xa>
100020ee:	e8c2 0f4c 	strexb	ip, r0, [r2]
100020f2:	f1bc 0f00 	cmp.w	ip, #0
100020f6:	d1f4      	bne.n	100020e2 <sleep_until_callback+0xa>
100020f8:	f3bf 8f5f 	dmb	sy
100020fc:	2200      	movs	r2, #0
100020fe:	681b      	ldr	r3, [r3, #0]
10002100:	e8c3 2f8f 	stlb	r2, [r3]
10002104:	f381 8810 	msr	PRIMASK, r1
10002108:	bf40      	sev
1000210a:	2000      	movs	r0, #0
1000210c:	2100      	movs	r1, #0
1000210e:	4770      	bx	lr
10002110:	20002a0c 	.word	0x20002a0c
10002114:	00000000 	.word	0x00000000

10002118 <alarm_pool_irq_handler>:
10002118:	e92d 4ff0 	stmdb	sp!, {r4, r5, r6, r7, r8, r9, sl, fp, lr}
1000211c:	ed2d 8b02 	vpush	{d8}
10002120:	b085      	sub	sp, #20
10002122:	f3ef 8305 	mrs	r3, IPSR
10002126:	b2db      	uxtb	r3, r3
10002128:	3b10      	subs	r3, #16
1000212a:	089a      	lsrs	r2, r3, #2
1000212c:	bf18      	it	ne
1000212e:	2201      	movne	r2, #1
10002130:	f04f 0101 	mov.w	r1, #1
10002134:	f003 0b03 	and.w	fp, r3, #3
10002138:	bf18      	it	ne
1000213a:	4daf      	ldrne	r5, [pc, #700]	@ (100023f8 <alarm_pool_irq_handler+0x2e0>)
1000213c:	4baf      	ldr	r3, [pc, #700]	@ (100023fc <alarm_pool_irq_handler+0x2e4>)
1000213e:	bf08      	it	eq
10002140:	4daf      	ldreq	r5, [pc, #700]	@ (10002400 <alarm_pool_irq_handler+0x2e8>)
10002142:	eb0b 0282 	add.w	r2, fp, r2, lsl #2
10002146:	f853 6022 	ldr.w	r6, [r3, r2, lsl #2]
1000214a:	fa01 f20b 	lsl.w	r2, r1, fp
1000214e:	f505 5341 	add.w	r3, r5, #12352	@ 0x3040
10002152:	ed9f 8ba7 	vldr	d8, [pc, #668]	@ 100023f0 <alarm_pool_irq_handler+0x2d8>
10002156:	9201      	str	r2, [sp, #4]
10002158:	605a      	str	r2, [r3, #4]
1000215a:	e02f      	b.n	100021bc <alarm_pool_irq_handler+0xa4>
1000215c:	88b3      	ldrh	r3, [r6, #4]
1000215e:	041c      	lsls	r4, r3, #16
10002160:	f140 8093 	bpl.w	1000228a <alarm_pool_irq_handler+0x172>
10002164:	79b3      	ldrb	r3, [r6, #6]
10002166:	2b00      	cmp	r3, #0
10002168:	f040 80dd 	bne.w	10002326 <alarm_pool_irq_handler+0x20e>
1000216c:	f9b6 2008 	ldrsh.w	r2, [r6, #8]
10002170:	2a00      	cmp	r2, #0
10002172:	f2c0 811e 	blt.w	100023b2 <alarm_pool_irq_handler+0x29a>
10002176:	6973      	ldr	r3, [r6, #20]
10002178:	eb02 0242 	add.w	r2, r2, r2, lsl #1
1000217c:	eb03 03c2 	add.w	r3, r3, r2, lsl #3
10002180:	e9d3 4702 	ldrd	r4, r7, [r3, #8]
10002184:	f1b7 3fff 	cmp.w	r7, #4294967295
10002188:	bf08      	it	eq
1000218a:	f1b4 3fff 	cmpeq.w	r4, #4294967295
1000218e:	d00e      	beq.n	100021ae <alarm_pool_irq_handler+0x96>
10002190:	eb05 018b 	add.w	r1, r5, fp, lsl #2
10002194:	6aab      	ldr	r3, [r5, #40]	@ 0x28
10002196:	690a      	ldr	r2, [r1, #16]
10002198:	1ad2      	subs	r2, r2, r3
1000219a:	1ae3      	subs	r3, r4, r3
1000219c:	4293      	cmp	r3, r2
1000219e:	d305      	bcc.n	100021ac <alarm_pool_irq_handler+0x94>
100021a0:	2301      	movs	r3, #1
100021a2:	6a2a      	ldr	r2, [r5, #32]
100021a4:	fa03 f30b 	lsl.w	r3, r3, fp
100021a8:	4213      	tst	r3, r2
100021aa:	d100      	bne.n	100021ae <alarm_pool_irq_handler+0x96>
100021ac:	610c      	str	r4, [r1, #16]
100021ae:	4628      	mov	r0, r5
100021b0:	f000 fc38 	bl	10002a24 <timer_time_us_64>
100021b4:	42a0      	cmp	r0, r4
100021b6:	41b9      	sbcs	r1, r7
100021b8:	f2c0 80fb 	blt.w	100023b2 <alarm_pool_irq_handler+0x29a>
100021bc:	f9b6 3008 	ldrsh.w	r3, [r6, #8]
100021c0:	9a01      	ldr	r2, [sp, #4]
100021c2:	2b00      	cmp	r3, #0
100021c4:	9300      	str	r3, [sp, #0]
100021c6:	63ea      	str	r2, [r5, #60]	@ 0x3c
100021c8:	dbc8      	blt.n	1000215c <alarm_pool_irq_handler+0x44>
100021ca:	f8d6 8014 	ldr.w	r8, [r6, #20]
100021ce:	eb03 0943 	add.w	r9, r3, r3, lsl #1
100021d2:	4628      	mov	r0, r5
100021d4:	eb08 07c9 	add.w	r7, r8, r9, lsl #3
100021d8:	e9d7 4a02 	ldrd	r4, sl, [r7, #8]
100021dc:	f000 fc22 	bl	10002a24 <timer_time_us_64>
100021e0:	42a0      	cmp	r0, r4
100021e2:	eb71 010a 	sbcs.w	r1, r1, sl
100021e6:	dbb9      	blt.n	1000215c <alarm_pool_irq_handler+0x44>
100021e8:	f1ba 0f00 	cmp.w	sl, #0
100021ec:	f2c0 80c3 	blt.w	10002376 <alarm_pool_irq_handler+0x25e>
100021f0:	e9d7 3104 	ldrd	r3, r1, [r7, #16]
100021f4:	4a83      	ldr	r2, [pc, #524]	@ (10002404 <alarm_pool_irq_handler+0x2ec>)
100021f6:	4293      	cmp	r3, r2
100021f8:	f000 80ed 	beq.w	100023d6 <alarm_pool_irq_handler+0x2be>
100021fc:	887a      	ldrh	r2, [r7, #2]
100021fe:	f9b6 0008 	ldrsh.w	r0, [r6, #8]
10002202:	b292      	uxth	r2, r2
10002204:	ea42 4000 	orr.w	r0, r2, r0, lsl #16
10002208:	4798      	blx	r3
1000220a:	4602      	mov	r2, r0
1000220c:	460b      	mov	r3, r1
1000220e:	ea52 0103 	orrs.w	r1, r2, r3
10002212:	f000 80b0 	beq.w	10002376 <alarm_pool_irq_handler+0x25e>
10002216:	2b00      	cmp	r3, #0
10002218:	f280 80d1 	bge.w	100023be <alarm_pool_irq_handler+0x2a6>
1000221c:	ebb4 0e02 	subs.w	lr, r4, r2
10002220:	eb6a 0a03 	sbc.w	sl, sl, r3
10002224:	f938 3039 	ldrsh.w	r3, [r8, r9, lsl #3]
10002228:	e9c7 ea02 	strd	lr, sl, [r7, #8]
1000222c:	2b00      	cmp	r3, #0
1000222e:	db95      	blt.n	1000215c <alarm_pool_irq_handler+0x44>
10002230:	6971      	ldr	r1, [r6, #20]
10002232:	eb03 0243 	add.w	r2, r3, r3, lsl #1
10002236:	eb01 02c2 	add.w	r2, r1, r2, lsl #3
1000223a:	e9d2 7002 	ldrd	r7, r0, [r2, #8]
1000223e:	45be      	cmp	lr, r7
10002240:	eb7a 0c00 	sbcs.w	ip, sl, r0
10002244:	ea4f 0243 	mov.w	r2, r3, lsl #1
10002248:	db88      	blt.n	1000215c <alarm_pool_irq_handler+0x44>
1000224a:	46b4      	mov	ip, r6
1000224c:	f82c 3f08 	strh.w	r3, [ip, #8]!
10002250:	e006      	b.n	10002260 <alarm_pool_irq_handler+0x148>
10002252:	eb03 0043 	add.w	r0, r3, r3, lsl #1
10002256:	eb01 00c0 	add.w	r0, r1, r0, lsl #3
1000225a:	005a      	lsls	r2, r3, #1
1000225c:	e9d0 7002 	ldrd	r7, r0, [r0, #8]
10002260:	45be      	cmp	lr, r7
10002262:	441a      	add	r2, r3
10002264:	eb7a 0000 	sbcs.w	r0, sl, r0
10002268:	eb01 04c2 	add.w	r4, r1, r2, lsl #3
1000226c:	db04      	blt.n	10002278 <alarm_pool_irq_handler+0x160>
1000226e:	f931 3032 	ldrsh.w	r3, [r1, r2, lsl #3]
10002272:	46a4      	mov	ip, r4
10002274:	2b00      	cmp	r3, #0
10002276:	daec      	bge.n	10002252 <alarm_pool_irq_handler+0x13a>
10002278:	f828 3039 	strh.w	r3, [r8, r9, lsl #3]
1000227c:	9b00      	ldr	r3, [sp, #0]
1000227e:	f8ac 3000 	strh.w	r3, [ip]
10002282:	88b3      	ldrh	r3, [r6, #4]
10002284:	041c      	lsls	r4, r3, #16
10002286:	f53f af6d 	bmi.w	10002164 <alarm_pool_irq_handler+0x4c>
1000228a:	6933      	ldr	r3, [r6, #16]
1000228c:	f3ef 8210 	mrs	r2, PRIMASK
10002290:	b672      	cpsid	i
10002292:	e8d3 0fcf 	ldaexb	r0, [r3]
10002296:	2101      	movs	r1, #1
10002298:	2800      	cmp	r0, #0
1000229a:	d1fa      	bne.n	10002292 <alarm_pool_irq_handler+0x17a>
1000229c:	e8c3 1f40 	strexb	r0, r1, [r3]
100022a0:	2800      	cmp	r0, #0
100022a2:	d1f6      	bne.n	10002292 <alarm_pool_irq_handler+0x17a>
100022a4:	f3bf 8f5f 	dmb	sy
100022a8:	f64f 74ff 	movw	r4, #65535	@ 0xffff
100022ac:	88b0      	ldrh	r0, [r6, #4]
100022ae:	2300      	movs	r3, #0
100022b0:	6931      	ldr	r1, [r6, #16]
100022b2:	b200      	sxth	r0, r0
100022b4:	80b4      	strh	r4, [r6, #4]
100022b6:	e8c1 3f8f 	stlb	r3, [r1]
100022ba:	f382 8810 	msr	PRIMASK, r2
100022be:	4298      	cmp	r0, r3
100022c0:	f6ff af50 	blt.w	10002164 <alarm_pool_irq_handler+0x4c>
100022c4:	4607      	mov	r7, r0
100022c6:	46a9      	mov	r9, r5
100022c8:	6974      	ldr	r4, [r6, #20]
100022ca:	f106 0808 	add.w	r8, r6, #8
100022ce:	eb07 0e47 	add.w	lr, r7, r7, lsl #1
100022d2:	eb04 03ce 	add.w	r3, r4, lr, lsl #3
100022d6:	e9d3 5002 	ldrd	r5, r0, [r3, #8]
100022da:	f9b6 3008 	ldrsh.w	r3, [r6, #8]
100022de:	46c4      	mov	ip, r8
100022e0:	2b00      	cmp	r3, #0
100022e2:	db13      	blt.n	1000230c <alarm_pool_irq_handler+0x1f4>
100022e4:	46b2      	mov	sl, r6
100022e6:	9700      	str	r7, [sp, #0]
100022e8:	e004      	b.n	100022f4 <alarm_pool_irq_handler+0x1dc>
100022ea:	f934 3036 	ldrsh.w	r3, [r4, r6, lsl #3]
100022ee:	4694      	mov	ip, r2
100022f0:	2b00      	cmp	r3, #0
100022f2:	db09      	blt.n	10002308 <alarm_pool_irq_handler+0x1f0>
100022f4:	eb03 0643 	add.w	r6, r3, r3, lsl #1
100022f8:	eb04 02c6 	add.w	r2, r4, r6, lsl #3
100022fc:	e9d2 7102 	ldrd	r7, r1, [r2, #8]
10002300:	42bd      	cmp	r5, r7
10002302:	eb70 0101 	sbcs.w	r1, r0, r1
10002306:	daf0      	bge.n	100022ea <alarm_pool_irq_handler+0x1d2>
10002308:	4656      	mov	r6, sl
1000230a:	9f00      	ldr	r7, [sp, #0]
1000230c:	f8ac 7000 	strh.w	r7, [ip]
10002310:	f934 703e 	ldrsh.w	r7, [r4, lr, lsl #3]
10002314:	f824 303e 	strh.w	r3, [r4, lr, lsl #3]
10002318:	2f00      	cmp	r7, #0
1000231a:	dad8      	bge.n	100022ce <alarm_pool_irq_handler+0x1b6>
1000231c:	79b3      	ldrb	r3, [r6, #6]
1000231e:	464d      	mov	r5, r9
10002320:	2b00      	cmp	r3, #0
10002322:	f43f af23 	beq.w	1000216c <alarm_pool_irq_handler+0x54>
10002326:	2300      	movs	r3, #0
10002328:	71b3      	strb	r3, [r6, #6]
1000232a:	f9b6 3008 	ldrsh.w	r3, [r6, #8]
1000232e:	f106 0808 	add.w	r8, r6, #8
10002332:	1c58      	adds	r0, r3, #1
10002334:	d03d      	beq.n	100023b2 <alarm_pool_irq_handler+0x29a>
10002336:	461a      	mov	r2, r3
10002338:	6977      	ldr	r7, [r6, #20]
1000233a:	e003      	b.n	10002344 <alarm_pool_irq_handler+0x22c>
1000233c:	4680      	mov	r8, r0
1000233e:	1c59      	adds	r1, r3, #1
10002340:	f43f af16 	beq.w	10002170 <alarm_pool_irq_handler+0x58>
10002344:	eb03 0143 	add.w	r1, r3, r3, lsl #1
10002348:	eb07 00c1 	add.w	r0, r7, r1, lsl #3
1000234c:	f8b0 c002 	ldrh.w	ip, [r0, #2]
10002350:	461c      	mov	r4, r3
10002352:	f41c 4f00 	tst.w	ip, #32768	@ 0x8000
10002356:	469e      	mov	lr, r3
10002358:	f937 3031 	ldrsh.w	r3, [r7, r1, lsl #3]
1000235c:	d0ee      	beq.n	1000233c <alarm_pool_irq_handler+0x224>
1000235e:	4294      	cmp	r4, r2
10002360:	ed80 8b02 	vstr	d8, [r0, #8]
10002364:	d005      	beq.n	10002372 <alarm_pool_irq_handler+0x25a>
10002366:	f8a8 3000 	strh.w	r3, [r8]
1000236a:	8932      	ldrh	r2, [r6, #8]
1000236c:	f827 2031 	strh.w	r2, [r7, r1, lsl #3]
10002370:	8134      	strh	r4, [r6, #8]
10002372:	4672      	mov	r2, lr
10002374:	e7e3      	b.n	1000233e <alarm_pool_irq_handler+0x226>
10002376:	f838 3039 	ldrh.w	r3, [r8, r9, lsl #3]
1000237a:	8133      	strh	r3, [r6, #8]
1000237c:	6933      	ldr	r3, [r6, #16]
1000237e:	f3ef 8210 	mrs	r2, PRIMASK
10002382:	b672      	cpsid	i
10002384:	e8d3 0fcf 	ldaexb	r0, [r3]
10002388:	2101      	movs	r1, #1
1000238a:	2800      	cmp	r0, #0
1000238c:	d1fa      	bne.n	10002384 <alarm_pool_irq_handler+0x26c>
1000238e:	e8c3 1f40 	strexb	r0, r1, [r3]
10002392:	2800      	cmp	r0, #0
10002394:	d1f6      	bne.n	10002384 <alarm_pool_irq_handler+0x26c>
10002396:	f3bf 8f5f 	dmb	sy
1000239a:	8873      	ldrh	r3, [r6, #2]
1000239c:	6931      	ldr	r1, [r6, #16]
1000239e:	f828 3039 	strh.w	r3, [r8, r9, lsl #3]
100023a2:	9b00      	ldr	r3, [sp, #0]
100023a4:	8073      	strh	r3, [r6, #2]
100023a6:	2300      	movs	r3, #0
100023a8:	e8c1 3f8f 	stlb	r3, [r1]
100023ac:	f382 8810 	msr	PRIMASK, r2
100023b0:	e6d4      	b.n	1000215c <alarm_pool_irq_handler+0x44>
100023b2:	bf40      	sev
100023b4:	b005      	add	sp, #20
100023b6:	ecbd 8b02 	vpop	{d8}
100023ba:	e8bd 8ff0 	ldmia.w	sp!, {r4, r5, r6, r7, r8, r9, sl, fp, pc}
100023be:	4628      	mov	r0, r5
100023c0:	e9cd 2302 	strd	r2, r3, [sp, #8]
100023c4:	f000 fb2e 	bl	10002a24 <timer_time_us_64>
100023c8:	9a02      	ldr	r2, [sp, #8]
100023ca:	9b03      	ldr	r3, [sp, #12]
100023cc:	eb10 0e02 	adds.w	lr, r0, r2
100023d0:	eb43 0a01 	adc.w	sl, r3, r1
100023d4:	e726      	b.n	10002224 <alarm_pool_irq_handler+0x10c>
100023d6:	4608      	mov	r0, r1
100023d8:	690b      	ldr	r3, [r1, #16]
100023da:	9102      	str	r1, [sp, #8]
100023dc:	4798      	blx	r3
100023de:	2800      	cmp	r0, #0
100023e0:	d0c9      	beq.n	10002376 <alarm_pool_irq_handler+0x25e>
100023e2:	9902      	ldr	r1, [sp, #8]
100023e4:	e9d1 2300 	ldrd	r2, r3, [r1]
100023e8:	e711      	b.n	1000220e <alarm_pool_irq_handler+0xf6>
100023ea:	bf00      	nop
100023ec:	f3af 8000 	nop.w
100023f0:	ffffffff 	.word	0xffffffff
100023f4:	ffffffff 	.word	0xffffffff
100023f8:	400b8000 	.word	0x400b8000
100023fc:	20002944 	.word	0x20002944
10002400:	400b0000 	.word	0x400b0000
10002404:	10002119 	.word	0x10002119

10002408 <runtime_init_default_alarm_pool>:
10002408:	e92d 4ff8 	stmdb	sp!, {r3, r4, r5, r6, r7, r8, r9, sl, fp, lr}
1000240c:	4c36      	ldr	r4, [pc, #216]	@ (100024e8 <runtime_init_default_alarm_pool+0xe0>)
1000240e:	6925      	ldr	r5, [r4, #16]
10002410:	b12d      	cbz	r5, 1000241e <runtime_init_default_alarm_pool+0x16>
10002412:	e8bd 4ff8 	ldmia.w	sp!, {r3, r4, r5, r6, r7, r8, r9, sl, fp, lr}
10002416:	210a      	movs	r1, #10
10002418:	4834      	ldr	r0, [pc, #208]	@ (100024ec <runtime_init_default_alarm_pool+0xe4>)
1000241a:	f7ff be0d 	b.w	10002038 <lock_init>
1000241e:	f8df 80e4 	ldr.w	r8, [pc, #228]	@ 10002504 <runtime_init_default_alarm_pool+0xfc>
10002422:	2103      	movs	r1, #3
10002424:	4640      	mov	r0, r8
10002426:	f000 faeb 	bl	10002a00 <timer_hardware_alarm_claim>
1000242a:	2603      	movs	r6, #3
1000242c:	f8c4 800c 	str.w	r8, [r4, #12]
10002430:	f7ff fae0 	bl	100019f4 <next_striped_spin_lock_num>
10002434:	f04f 4c50 	mov.w	ip, #3489660928	@ 0xd0000000
10002438:	4b2d      	ldr	r3, [pc, #180]	@ (100024f0 <runtime_init_default_alarm_pool+0xe8>)
1000243a:	7026      	strb	r6, [r4, #0]
1000243c:	4403      	add	r3, r0
1000243e:	6123      	str	r3, [r4, #16]
10002440:	f8dc 3000 	ldr.w	r3, [ip]
10002444:	210f      	movs	r1, #15
10002446:	7063      	strb	r3, [r4, #1]
10002448:	6963      	ldr	r3, [r4, #20]
1000244a:	8061      	strh	r1, [r4, #2]
1000244c:	831d      	strh	r5, [r3, #24]
1000244e:	f04f 0504 	mov.w	r5, #4
10002452:	f8a3 5078 	strh.w	r5, [r3, #120]	@ 0x78
10002456:	f04f 0505 	mov.w	r5, #5
1000245a:	f8a3 5090 	strh.w	r5, [r3, #144]	@ 0x90
1000245e:	f04f 0506 	mov.w	r5, #6
10002462:	f8a3 50a8 	strh.w	r5, [r3, #168]	@ 0xa8
10002466:	f04f 0507 	mov.w	r5, #7
1000246a:	210e      	movs	r1, #14
1000246c:	f64f 72ff 	movw	r2, #65535	@ 0xffff
10002470:	2708      	movs	r7, #8
10002472:	f04f 0e0a 	mov.w	lr, #10
10002476:	f8a3 50c0 	strh.w	r5, [r3, #192]	@ 0xc0
1000247a:	f04f 0901 	mov.w	r9, #1
1000247e:	f04f 0c0c 	mov.w	ip, #12
10002482:	f04f 0b02 	mov.w	fp, #2
10002486:	f04f 0a09 	mov.w	sl, #9
1000248a:	200d      	movs	r0, #13
1000248c:	f04f 050b 	mov.w	r5, #11
10002490:	f8a3 1168 	strh.w	r1, [r3, #360]	@ 0x168
10002494:	4917      	ldr	r1, [pc, #92]	@ (100024f4 <runtime_init_default_alarm_pool+0xec>)
10002496:	80a2      	strh	r2, [r4, #4]
10002498:	f8a3 e108 	strh.w	lr, [r3, #264]	@ 0x108
1000249c:	60a1      	str	r1, [r4, #8]
1000249e:	f8a3 b048 	strh.w	fp, [r3, #72]	@ 0x48
100024a2:	f8a3 a0f0 	strh.w	sl, [r3, #240]	@ 0xf0
100024a6:	f8a3 5120 	strh.w	r5, [r3, #288]	@ 0x120
100024aa:	f8a3 c138 	strh.w	ip, [r3, #312]	@ 0x138
100024ae:	f8a3 0150 	strh.w	r0, [r3, #336]	@ 0x150
100024b2:	f8a3 9030 	strh.w	r9, [r3, #48]	@ 0x30
100024b6:	f8a3 6060 	strh.w	r6, [r3, #96]	@ 0x60
100024ba:	f8a3 70d8 	strh.w	r7, [r3, #216]	@ 0xd8
100024be:	801a      	strh	r2, [r3, #0]
100024c0:	4b0d      	ldr	r3, [pc, #52]	@ (100024f8 <runtime_init_default_alarm_pool+0xf0>)
100024c2:	4630      	mov	r0, r6
100024c4:	f8c8 7020 	str.w	r7, [r8, #32]
100024c8:	490c      	ldr	r1, [pc, #48]	@ (100024fc <runtime_init_default_alarm_pool+0xf4>)
100024ca:	60dc      	str	r4, [r3, #12]
100024cc:	f7ff fb24 	bl	10001b18 <irq_set_exclusive_handler>
100024d0:	4649      	mov	r1, r9
100024d2:	4630      	mov	r0, r6
100024d4:	f7ff fade 	bl	10001a94 <irq_set_enabled>
100024d8:	4b09      	ldr	r3, [pc, #36]	@ (10002500 <runtime_init_default_alarm_pool+0xf8>)
100024da:	210a      	movs	r1, #10
100024dc:	641f      	str	r7, [r3, #64]	@ 0x40
100024de:	4803      	ldr	r0, [pc, #12]	@ (100024ec <runtime_init_default_alarm_pool+0xe4>)
100024e0:	e8bd 4ff8 	ldmia.w	sp!, {r3, r4, r5, r6, r7, r8, r9, sl, fp, lr}
100024e4:	f7ff bda8 	b.w	10002038 <lock_init>
100024e8:	20001548 	.word	0x20001548
100024ec:	20002a0c 	.word	0x20002a0c
100024f0:	2000205c 	.word	0x2000205c
100024f4:	0010ffff 	.word	0x0010ffff
100024f8:	20002944 	.word	0x20002944
100024fc:	10002119 	.word	0x10002119
10002500:	400b2000 	.word	0x400b2000
10002504:	400b0000 	.word	0x400b0000

10002508 <alarm_pool_get_default>:
10002508:	4800      	ldr	r0, [pc, #0]	@ (1000250c <alarm_pool_get_default+0x4>)
1000250a:	4770      	bx	lr
1000250c:	20001548 	.word	0x20001548

10002510 <alarm_pool_add_alarm_at>:
10002510:	b5f8      	push	{r3, r4, r5, r6, r7, lr}
10002512:	f89d 5020 	ldrb.w	r5, [sp, #32]
10002516:	4604      	mov	r4, r0
10002518:	4617      	mov	r7, r2
1000251a:	461e      	mov	r6, r3
1000251c:	b935      	cbnz	r5, 1000252c <alarm_pool_add_alarm_at+0x1c>
1000251e:	f000 fa89 	bl	10002a34 <time_us_64>
10002522:	4287      	cmp	r7, r0
10002524:	eb66 0101 	sbc.w	r1, r6, r1
10002528:	2900      	cmp	r1, #0
1000252a:	db5c      	blt.n	100025e6 <alarm_pool_add_alarm_at+0xd6>
1000252c:	6921      	ldr	r1, [r4, #16]
1000252e:	f3ef 8310 	mrs	r3, PRIMASK
10002532:	b672      	cpsid	i
10002534:	e8d1 0fcf 	ldaexb	r0, [r1]
10002538:	2201      	movs	r2, #1
1000253a:	2800      	cmp	r0, #0
1000253c:	d1fa      	bne.n	10002534 <alarm_pool_add_alarm_at+0x24>
1000253e:	e8c1 2f40 	strexb	r0, r2, [r1]
10002542:	2800      	cmp	r0, #0
10002544:	d1f6      	bne.n	10002534 <alarm_pool_add_alarm_at+0x24>
10002546:	f3bf 8f5f 	dmb	sy
1000254a:	f9b4 2002 	ldrsh.w	r2, [r4, #2]
1000254e:	6965      	ldr	r5, [r4, #20]
10002550:	eb02 0142 	add.w	r1, r2, r2, lsl #1
10002554:	2a00      	cmp	r2, #0
10002556:	ea4f 0cc1 	mov.w	ip, r1, lsl #3
1000255a:	6920      	ldr	r0, [r4, #16]
1000255c:	eb05 01c1 	add.w	r1, r5, r1, lsl #3
10002560:	db39      	blt.n	100025d6 <alarm_pool_add_alarm_at+0xc6>
10002562:	f835 e00c 	ldrh.w	lr, [r5, ip]
10002566:	f8a4 e002 	strh.w	lr, [r4, #2]
1000256a:	f04f 0e00 	mov.w	lr, #0
1000256e:	e8c0 ef8f 	stlb	lr, [r0]
10002572:	f383 8810 	msr	PRIMASK, r3
10002576:	8848      	ldrh	r0, [r1, #2]
10002578:	9b06      	ldr	r3, [sp, #24]
1000257a:	3001      	adds	r0, #1
1000257c:	f3c0 000e 	ubfx	r0, r0, #0, #15
10002580:	2801      	cmp	r0, #1
10002582:	bf38      	it	cc
10002584:	2001      	movcc	r0, #1
10002586:	610b      	str	r3, [r1, #16]
10002588:	9b07      	ldr	r3, [sp, #28]
1000258a:	8048      	strh	r0, [r1, #2]
1000258c:	614b      	str	r3, [r1, #20]
1000258e:	e9c1 7602 	strd	r7, r6, [r1, #8]
10002592:	ea40 4002 	orr.w	r0, r0, r2, lsl #16
10002596:	6923      	ldr	r3, [r4, #16]
10002598:	f3ef 8110 	mrs	r1, PRIMASK
1000259c:	b672      	cpsid	i
1000259e:	e8d3 7fcf 	ldaexb	r7, [r3]
100025a2:	2601      	movs	r6, #1
100025a4:	2f00      	cmp	r7, #0
100025a6:	d1fa      	bne.n	1000259e <alarm_pool_add_alarm_at+0x8e>
100025a8:	e8c3 6f47 	strexb	r7, r6, [r3]
100025ac:	2f00      	cmp	r7, #0
100025ae:	d1f6      	bne.n	1000259e <alarm_pool_add_alarm_at+0x8e>
100025b0:	f3bf 8f5f 	dmb	sy
100025b4:	88a3      	ldrh	r3, [r4, #4]
100025b6:	f825 300c 	strh.w	r3, [r5, ip]
100025ba:	80a2      	strh	r2, [r4, #4]
100025bc:	6923      	ldr	r3, [r4, #16]
100025be:	e8c3 ef8f 	stlb	lr, [r3]
100025c2:	f381 8810 	msr	PRIMASK, r1
100025c6:	2201      	movs	r2, #1
100025c8:	68e3      	ldr	r3, [r4, #12]
100025ca:	7821      	ldrb	r1, [r4, #0]
100025cc:	f503 5301 	add.w	r3, r3, #8256	@ 0x2040
100025d0:	408a      	lsls	r2, r1
100025d2:	605a      	str	r2, [r3, #4]
100025d4:	bdf8      	pop	{r3, r4, r5, r6, r7, pc}
100025d6:	2200      	movs	r2, #0
100025d8:	e8c0 2f8f 	stlb	r2, [r0]
100025dc:	f383 8810 	msr	PRIMASK, r3
100025e0:	f04f 30ff 	mov.w	r0, #4294967295
100025e4:	bdf8      	pop	{r3, r4, r5, r6, r7, pc}
100025e6:	4628      	mov	r0, r5
100025e8:	bdf8      	pop	{r3, r4, r5, r6, r7, pc}
100025ea:	bf00      	nop

100025ec <alarm_pool_add_alarm_at_force_in_context>:
100025ec:	4601      	mov	r1, r0
100025ee:	b5f0      	push	{r4, r5, r6, r7, lr}
100025f0:	6900      	ldr	r0, [r0, #16]
100025f2:	f3ef 8710 	mrs	r7, PRIMASK
100025f6:	b672      	cpsid	i
100025f8:	e8d0 5fcf 	ldaexb	r5, [r0]
100025fc:	2401      	movs	r4, #1
100025fe:	2d00      	cmp	r5, #0
10002600:	d1fa      	bne.n	100025f8 <alarm_pool_add_alarm_at_force_in_context+0xc>
10002602:	e8c0 4f45 	strexb	r5, r4, [r0]
10002606:	2d00      	cmp	r5, #0
10002608:	d1f6      	bne.n	100025f8 <alarm_pool_add_alarm_at_force_in_context+0xc>
1000260a:	f3bf 8f5f 	dmb	sy
1000260e:	f9b1 e002 	ldrsh.w	lr, [r1, #2]
10002612:	694c      	ldr	r4, [r1, #20]
10002614:	eb0e 0c4e 	add.w	ip, lr, lr, lsl #1
10002618:	f1be 0f00 	cmp.w	lr, #0
1000261c:	ea4f 05cc 	mov.w	r5, ip, lsl #3
10002620:	6908      	ldr	r0, [r1, #16]
10002622:	eb04 0ccc 	add.w	ip, r4, ip, lsl #3
10002626:	db3c      	blt.n	100026a2 <alarm_pool_add_alarm_at_force_in_context+0xb6>
10002628:	5b66      	ldrh	r6, [r4, r5]
1000262a:	804e      	strh	r6, [r1, #2]
1000262c:	2600      	movs	r6, #0
1000262e:	e8c0 6f8f 	stlb	r6, [r0]
10002632:	f387 8810 	msr	PRIMASK, r7
10002636:	f8bc 0002 	ldrh.w	r0, [ip, #2]
1000263a:	e9cc 2302 	strd	r2, r3, [ip, #8]
1000263e:	3001      	adds	r0, #1
10002640:	f3c0 000e 	ubfx	r0, r0, #0, #15
10002644:	2801      	cmp	r0, #1
10002646:	bf38      	it	cc
10002648:	2001      	movcc	r0, #1
1000264a:	9b05      	ldr	r3, [sp, #20]
1000264c:	f8ac 0002 	strh.w	r0, [ip, #2]
10002650:	f8cc 3010 	str.w	r3, [ip, #16]
10002654:	9b06      	ldr	r3, [sp, #24]
10002656:	ea40 400e 	orr.w	r0, r0, lr, lsl #16
1000265a:	f8cc 3014 	str.w	r3, [ip, #20]
1000265e:	690b      	ldr	r3, [r1, #16]
10002660:	f3ef 8210 	mrs	r2, PRIMASK
10002664:	b672      	cpsid	i
10002666:	e8d3 cfcf 	ldaexb	ip, [r3]
1000266a:	2701      	movs	r7, #1
1000266c:	f1bc 0f00 	cmp.w	ip, #0
10002670:	d1f9      	bne.n	10002666 <alarm_pool_add_alarm_at_force_in_context+0x7a>
10002672:	e8c3 7f4c 	strexb	ip, r7, [r3]
10002676:	f1bc 0f00 	cmp.w	ip, #0
1000267a:	d1f4      	bne.n	10002666 <alarm_pool_add_alarm_at_force_in_context+0x7a>
1000267c:	f3bf 8f5f 	dmb	sy
10002680:	888b      	ldrh	r3, [r1, #4]
10002682:	5363      	strh	r3, [r4, r5]
10002684:	f8a1 e004 	strh.w	lr, [r1, #4]
10002688:	690b      	ldr	r3, [r1, #16]
1000268a:	e8c3 6f8f 	stlb	r6, [r3]
1000268e:	f382 8810 	msr	PRIMASK, r2
10002692:	2201      	movs	r2, #1
10002694:	68cb      	ldr	r3, [r1, #12]
10002696:	7809      	ldrb	r1, [r1, #0]
10002698:	f503 5301 	add.w	r3, r3, #8256	@ 0x2040
1000269c:	408a      	lsls	r2, r1
1000269e:	605a      	str	r2, [r3, #4]
100026a0:	bdf0      	pop	{r4, r5, r6, r7, pc}
100026a2:	2300      	movs	r3, #0
100026a4:	e8c0 3f8f 	stlb	r3, [r0]
100026a8:	f387 8810 	msr	PRIMASK, r7
100026ac:	f04f 30ff 	mov.w	r0, #4294967295
100026b0:	bdf0      	pop	{r4, r5, r6, r7, pc}
100026b2:	bf00      	nop

100026b4 <alarm_pool_cancel_alarm>:
100026b4:	4603      	mov	r3, r0
100026b6:	8940      	ldrh	r0, [r0, #10]
100026b8:	ebb0 4f21 	cmp.w	r0, r1, asr #16
100026bc:	dd37      	ble.n	1000272e <alarm_pool_cancel_alarm+0x7a>
100026be:	6958      	ldr	r0, [r3, #20]
100026c0:	140a      	asrs	r2, r1, #16
100026c2:	eb02 0242 	add.w	r2, r2, r2, lsl #1
100026c6:	b510      	push	{r4, lr}
100026c8:	eb00 00c2 	add.w	r0, r0, r2, lsl #3
100026cc:	691c      	ldr	r4, [r3, #16]
100026ce:	f3ef 8c10 	mrs	ip, PRIMASK
100026d2:	b672      	cpsid	i
100026d4:	e8d4 efcf 	ldaexb	lr, [r4]
100026d8:	2201      	movs	r2, #1
100026da:	f1be 0f00 	cmp.w	lr, #0
100026de:	d1f9      	bne.n	100026d4 <alarm_pool_cancel_alarm+0x20>
100026e0:	e8c4 2f4e 	strexb	lr, r2, [r4]
100026e4:	f1be 0f00 	cmp.w	lr, #0
100026e8:	d1f4      	bne.n	100026d4 <alarm_pool_cancel_alarm+0x20>
100026ea:	f3bf 8f5f 	dmb	sy
100026ee:	8842      	ldrh	r2, [r0, #2]
100026f0:	b289      	uxth	r1, r1
100026f2:	b292      	uxth	r2, r2
100026f4:	428a      	cmp	r2, r1
100026f6:	d007      	beq.n	10002708 <alarm_pool_cancel_alarm+0x54>
100026f8:	2200      	movs	r2, #0
100026fa:	691b      	ldr	r3, [r3, #16]
100026fc:	e8c3 2f8f 	stlb	r2, [r3]
10002700:	f38c 8810 	msr	PRIMASK, ip
10002704:	2000      	movs	r0, #0
10002706:	bd10      	pop	{r4, pc}
10002708:	f442 4200 	orr.w	r2, r2, #32768	@ 0x8000
1000270c:	8042      	strh	r2, [r0, #2]
1000270e:	2101      	movs	r1, #1
10002710:	2200      	movs	r2, #0
10002712:	6918      	ldr	r0, [r3, #16]
10002714:	7199      	strb	r1, [r3, #6]
10002716:	e8c0 2f8f 	stlb	r2, [r0]
1000271a:	f38c 8810 	msr	PRIMASK, ip
1000271e:	781c      	ldrb	r4, [r3, #0]
10002720:	68da      	ldr	r2, [r3, #12]
10002722:	4608      	mov	r0, r1
10002724:	f502 5301 	add.w	r3, r2, #8256	@ 0x2040
10002728:	40a1      	lsls	r1, r4
1000272a:	6059      	str	r1, [r3, #4]
1000272c:	bd10      	pop	{r4, pc}
1000272e:	2000      	movs	r0, #0
10002730:	4770      	bx	lr
10002732:	bf00      	nop

10002734 <alarm_pool_core_num>:
10002734:	7840      	ldrb	r0, [r0, #1]
10002736:	4770      	bx	lr

10002738 <sleep_us>:
10002738:	e92d 41f0 	stmdb	sp!, {r4, r5, r6, r7, r8, lr}
1000273c:	b082      	sub	sp, #8
1000273e:	4604      	mov	r4, r0
10002740:	460e      	mov	r6, r1
10002742:	f000 f977 	bl	10002a34 <time_us_64>
10002746:	f04f 32ff 	mov.w	r2, #4294967295
1000274a:	f06f 4300 	mvn.w	r3, #2147483648	@ 0x80000000
1000274e:	1824      	adds	r4, r4, r0
10002750:	eb46 0601 	adc.w	r6, r6, r1
10002754:	42a2      	cmp	r2, r4
10002756:	eb73 0106 	sbcs.w	r1, r3, r6
1000275a:	bf3c      	itt	cc
1000275c:	4614      	movcc	r4, r2
1000275e:	461e      	movcc	r6, r3
10002760:	1fa5      	subs	r5, r4, #6
10002762:	f146 37ff 	adc.w	r7, r6, #4294967295
10002766:	42ac      	cmp	r4, r5
10002768:	eb76 0307 	sbcs.w	r3, r6, r7
1000276c:	bf3c      	itt	cc
1000276e:	2500      	movcc	r5, #0
10002770:	462f      	movcc	r7, r5
10002772:	f000 f95f 	bl	10002a34 <time_us_64>
10002776:	1a28      	subs	r0, r5, r0
10002778:	eb67 0c01 	sbc.w	ip, r7, r1
1000277c:	2801      	cmp	r0, #1
1000277e:	f17c 0c00 	sbcs.w	ip, ip, #0
10002782:	da06      	bge.n	10002792 <sleep_us+0x5a>
10002784:	4620      	mov	r0, r4
10002786:	4631      	mov	r1, r6
10002788:	b002      	add	sp, #8
1000278a:	e8bd 41f0 	ldmia.w	sp!, {r4, r5, r6, r7, r8, lr}
1000278e:	f000 b95b 	b.w	10002a48 <busy_wait_until>
10002792:	f000 f94f 	bl	10002a34 <time_us_64>
10002796:	4285      	cmp	r5, r0
10002798:	eb67 0101 	sbc.w	r1, r7, r1
1000279c:	2900      	cmp	r1, #0
1000279e:	db0a      	blt.n	100027b6 <sleep_us+0x7e>
100027a0:	2100      	movs	r1, #0
100027a2:	4b17      	ldr	r3, [pc, #92]	@ (10002800 <sleep_us+0xc8>)
100027a4:	462a      	mov	r2, r5
100027a6:	9300      	str	r3, [sp, #0]
100027a8:	4816      	ldr	r0, [pc, #88]	@ (10002804 <sleep_us+0xcc>)
100027aa:	463b      	mov	r3, r7
100027ac:	9101      	str	r1, [sp, #4]
100027ae:	f7ff ff1d 	bl	100025ec <alarm_pool_add_alarm_at_force_in_context>
100027b2:	3001      	adds	r0, #1
100027b4:	d0e6      	beq.n	10002784 <sleep_us+0x4c>
100027b6:	f04f 0c00 	mov.w	ip, #0
100027ba:	4a13      	ldr	r2, [pc, #76]	@ (10002808 <sleep_us+0xd0>)
100027bc:	4913      	ldr	r1, [pc, #76]	@ (1000280c <sleep_us+0xd4>)
100027be:	6a53      	ldr	r3, [r2, #36]	@ 0x24
100027c0:	429f      	cmp	r7, r3
100027c2:	d804      	bhi.n	100027ce <sleep_us+0x96>
100027c4:	6a90      	ldr	r0, [r2, #40]	@ 0x28
100027c6:	42a8      	cmp	r0, r5
100027c8:	d2dc      	bcs.n	10002784 <sleep_us+0x4c>
100027ca:	429f      	cmp	r7, r3
100027cc:	d1da      	bne.n	10002784 <sleep_us+0x4c>
100027ce:	680b      	ldr	r3, [r1, #0]
100027d0:	f3ef 8010 	mrs	r0, PRIMASK
100027d4:	b672      	cpsid	i
100027d6:	e8d3 8fcf 	ldaexb	r8, [r3]
100027da:	f05f 0e01 	movs.w	lr, #1
100027de:	f1b8 0f00 	cmp.w	r8, #0
100027e2:	d1f8      	bne.n	100027d6 <sleep_us+0x9e>
100027e4:	e8c3 ef48 	strexb	r8, lr, [r3]
100027e8:	f1b8 0f00 	cmp.w	r8, #0
100027ec:	d1f3      	bne.n	100027d6 <sleep_us+0x9e>
100027ee:	f3bf 8f5f 	dmb	sy
100027f2:	680b      	ldr	r3, [r1, #0]
100027f4:	e8c3 cf8f 	stlb	ip, [r3]
100027f8:	f380 8810 	msr	PRIMASK, r0
100027fc:	bf20      	wfe
100027fe:	e7de      	b.n	100027be <sleep_us+0x86>
10002800:	100020d9 	.word	0x100020d9
10002804:	20001548 	.word	0x20001548
10002808:	400b0000 	.word	0x400b0000
1000280c:	20002a0c 	.word	0x20002a0c

10002810 <sleep_ms>:
10002810:	e92d 41f0 	stmdb	sp!, {r4, r5, r6, r7, r8, lr}
10002814:	b082      	sub	sp, #8
10002816:	4606      	mov	r6, r0
10002818:	f000 f90c 	bl	10002a34 <time_us_64>
1000281c:	f44f 737a 	mov.w	r3, #1000	@ 0x3e8
10002820:	4604      	mov	r4, r0
10002822:	f04f 30ff 	mov.w	r0, #4294967295
10002826:	f06f 4200 	mvn.w	r2, #2147483648	@ 0x80000000
1000282a:	fbe6 4103 	umlal	r4, r1, r6, r3
1000282e:	42a0      	cmp	r0, r4
10002830:	eb72 0301 	sbcs.w	r3, r2, r1
10002834:	bf3a      	itte	cc
10002836:	4604      	movcc	r4, r0
10002838:	4615      	movcc	r5, r2
1000283a:	460d      	movcs	r5, r1
1000283c:	1fa6      	subs	r6, r4, #6
1000283e:	f145 37ff 	adc.w	r7, r5, #4294967295
10002842:	42b4      	cmp	r4, r6
10002844:	eb75 0307 	sbcs.w	r3, r5, r7
10002848:	bf3c      	itt	cc
1000284a:	2600      	movcc	r6, #0
1000284c:	4637      	movcc	r7, r6
1000284e:	f000 f8f1 	bl	10002a34 <time_us_64>
10002852:	1a30      	subs	r0, r6, r0
10002854:	eb67 0101 	sbc.w	r1, r7, r1
10002858:	2801      	cmp	r0, #1
1000285a:	f171 0100 	sbcs.w	r1, r1, #0
1000285e:	da06      	bge.n	1000286e <sleep_ms+0x5e>
10002860:	4620      	mov	r0, r4
10002862:	4629      	mov	r1, r5
10002864:	b002      	add	sp, #8
10002866:	e8bd 41f0 	ldmia.w	sp!, {r4, r5, r6, r7, r8, lr}
1000286a:	f000 b8ed 	b.w	10002a48 <busy_wait_until>
1000286e:	f000 f8e1 	bl	10002a34 <time_us_64>
10002872:	4286      	cmp	r6, r0
10002874:	eb67 0101 	sbc.w	r1, r7, r1
10002878:	2900      	cmp	r1, #0
1000287a:	db0a      	blt.n	10002892 <sleep_ms+0x82>
1000287c:	2100      	movs	r1, #0
1000287e:	4b17      	ldr	r3, [pc, #92]	@ (100028dc <sleep_ms+0xcc>)
10002880:	4632      	mov	r2, r6
10002882:	9300      	str	r3, [sp, #0]
10002884:	4816      	ldr	r0, [pc, #88]	@ (100028e0 <sleep_ms+0xd0>)
10002886:	463b      	mov	r3, r7
10002888:	9101      	str	r1, [sp, #4]
1000288a:	f7ff feaf 	bl	100025ec <alarm_pool_add_alarm_at_force_in_context>
1000288e:	3001      	adds	r0, #1
10002890:	d0e6      	beq.n	10002860 <sleep_ms+0x50>
10002892:	f04f 0c00 	mov.w	ip, #0
10002896:	4a13      	ldr	r2, [pc, #76]	@ (100028e4 <sleep_ms+0xd4>)
10002898:	4913      	ldr	r1, [pc, #76]	@ (100028e8 <sleep_ms+0xd8>)
1000289a:	6a53      	ldr	r3, [r2, #36]	@ 0x24
1000289c:	429f      	cmp	r7, r3
1000289e:	d804      	bhi.n	100028aa <sleep_ms+0x9a>
100028a0:	6a90      	ldr	r0, [r2, #40]	@ 0x28
100028a2:	42b0      	cmp	r0, r6
100028a4:	d2dc      	bcs.n	10002860 <sleep_ms+0x50>
100028a6:	429f      	cmp	r7, r3
100028a8:	d1da      	bne.n	10002860 <sleep_ms+0x50>
100028aa:	680b      	ldr	r3, [r1, #0]
100028ac:	f3ef 8010 	mrs	r0, PRIMASK
100028b0:	b672      	cpsid	i
100028b2:	e8d3 8fcf 	ldaexb	r8, [r3]
100028b6:	f05f 0e01 	movs.w	lr, #1
100028ba:	f1b8 0f00 	cmp.w	r8, #0
100028be:	d1f8      	bne.n	100028b2 <sleep_ms+0xa2>
100028c0:	e8c3 ef48 	strexb	r8, lr, [r3]
100028c4:	f1b8 0f00 	cmp.w	r8, #0
100028c8:	d1f3      	bne.n	100028b2 <sleep_ms+0xa2>
100028ca:	f3bf 8f5f 	dmb	sy
100028ce:	680b      	ldr	r3, [r1, #0]
100028d0:	e8c3 cf8f 	stlb	ip, [r3]
100028d4:	f380 8810 	msr	PRIMASK, r0
100028d8:	bf20      	wfe
100028da:	e7de      	b.n	1000289a <sleep_ms+0x8a>
100028dc:	100020d9 	.word	0x100020d9
100028e0:	20001548 	.word	0x20001548
100028e4:	400b0000 	.word	0x400b0000
100028e8:	20002a0c 	.word	0x20002a0c

100028ec <best_effort_wfe_or_timeout>:
100028ec:	e92d 43f0 	stmdb	sp!, {r4, r5, r6, r7, r8, r9, lr}
100028f0:	4606      	mov	r6, r0
100028f2:	460d      	mov	r5, r1
100028f4:	b083      	sub	sp, #12
100028f6:	f3ef 8405 	mrs	r4, IPSR
100028fa:	b2e4      	uxtb	r4, r4
100028fc:	b13c      	cbz	r4, 1000290e <best_effort_wfe_or_timeout+0x22>
100028fe:	4b2d      	ldr	r3, [pc, #180]	@ (100029b4 <best_effort_wfe_or_timeout+0xc8>)
10002900:	6a5a      	ldr	r2, [r3, #36]	@ 0x24
10002902:	42aa      	cmp	r2, r5
10002904:	d21c      	bcs.n	10002940 <best_effort_wfe_or_timeout+0x54>
10002906:	2000      	movs	r0, #0
10002908:	b003      	add	sp, #12
1000290a:	e8bd 83f0 	ldmia.w	sp!, {r4, r5, r6, r7, r8, r9, pc}
1000290e:	4f2a      	ldr	r7, [pc, #168]	@ (100029b8 <best_effort_wfe_or_timeout+0xcc>)
10002910:	f8d7 900c 	ldr.w	r9, [r7, #12]
10002914:	f897 8000 	ldrb.w	r8, [r7]
10002918:	4648      	mov	r0, r9
1000291a:	f000 f883 	bl	10002a24 <timer_time_us_64>
1000291e:	f108 0804 	add.w	r8, r8, #4
10002922:	f859 3028 	ldr.w	r3, [r9, r8, lsl #2]
10002926:	1a1b      	subs	r3, r3, r0
10002928:	1a30      	subs	r0, r6, r0
1000292a:	eb65 0101 	sbc.w	r1, r5, r1
1000292e:	4298      	cmp	r0, r3
10002930:	f171 0100 	sbcs.w	r1, r1, #0
10002934:	db10      	blt.n	10002958 <best_effort_wfe_or_timeout+0x6c>
10002936:	bf20      	wfe
10002938:	4b1e      	ldr	r3, [pc, #120]	@ (100029b4 <best_effort_wfe_or_timeout+0xc8>)
1000293a:	6a5a      	ldr	r2, [r3, #36]	@ 0x24
1000293c:	42aa      	cmp	r2, r5
1000293e:	d3e2      	bcc.n	10002906 <best_effort_wfe_or_timeout+0x1a>
10002940:	bf14      	ite	ne
10002942:	2401      	movne	r4, #1
10002944:	2400      	moveq	r4, #0
10002946:	6a9b      	ldr	r3, [r3, #40]	@ 0x28
10002948:	42b3      	cmp	r3, r6
1000294a:	bf34      	ite	cc
1000294c:	4620      	movcc	r0, r4
1000294e:	f044 0001 	orrcs.w	r0, r4, #1
10002952:	b003      	add	sp, #12
10002954:	e8bd 83f0 	ldmia.w	sp!, {r4, r5, r6, r7, r8, r9, pc}
10002958:	f000 f86c 	bl	10002a34 <time_us_64>
1000295c:	4286      	cmp	r6, r0
1000295e:	eb65 0101 	sbc.w	r1, r5, r1
10002962:	2900      	cmp	r1, #0
10002964:	db14      	blt.n	10002990 <best_effort_wfe_or_timeout+0xa4>
10002966:	4b15      	ldr	r3, [pc, #84]	@ (100029bc <best_effort_wfe_or_timeout+0xd0>)
10002968:	4638      	mov	r0, r7
1000296a:	e9cd 3400 	strd	r3, r4, [sp]
1000296e:	4632      	mov	r2, r6
10002970:	462b      	mov	r3, r5
10002972:	f7ff fe3b 	bl	100025ec <alarm_pool_add_alarm_at_force_in_context>
10002976:	1e01      	subs	r1, r0, #0
10002978:	dd0a      	ble.n	10002990 <best_effort_wfe_or_timeout+0xa4>
1000297a:	4b0e      	ldr	r3, [pc, #56]	@ (100029b4 <best_effort_wfe_or_timeout+0xc8>)
1000297c:	6a5a      	ldr	r2, [r3, #36]	@ 0x24
1000297e:	42aa      	cmp	r2, r5
10002980:	d316      	bcc.n	100029b0 <best_effort_wfe_or_timeout+0xc4>
10002982:	6a9b      	ldr	r3, [r3, #40]	@ 0x28
10002984:	42b3      	cmp	r3, r6
10002986:	d311      	bcc.n	100029ac <best_effort_wfe_or_timeout+0xc0>
10002988:	480b      	ldr	r0, [pc, #44]	@ (100029b8 <best_effort_wfe_or_timeout+0xcc>)
1000298a:	f7ff fe93 	bl	100026b4 <alarm_pool_cancel_alarm>
1000298e:	e7b6      	b.n	100028fe <best_effort_wfe_or_timeout+0x12>
10002990:	4b08      	ldr	r3, [pc, #32]	@ (100029b4 <best_effort_wfe_or_timeout+0xc8>)
10002992:	6a5c      	ldr	r4, [r3, #36]	@ 0x24
10002994:	42ac      	cmp	r4, r5
10002996:	d3b6      	bcc.n	10002906 <best_effort_wfe_or_timeout+0x1a>
10002998:	1b64      	subs	r4, r4, r5
1000299a:	bf18      	it	ne
1000299c:	2401      	movne	r4, #1
1000299e:	6a9b      	ldr	r3, [r3, #40]	@ 0x28
100029a0:	42b3      	cmp	r3, r6
100029a2:	bf34      	ite	cc
100029a4:	4620      	movcc	r0, r4
100029a6:	f044 0001 	orrcs.w	r0, r4, #1
100029aa:	e7ad      	b.n	10002908 <best_effort_wfe_or_timeout+0x1c>
100029ac:	42aa      	cmp	r2, r5
100029ae:	d1eb      	bne.n	10002988 <best_effort_wfe_or_timeout+0x9c>
100029b0:	bf20      	wfe
100029b2:	e7e9      	b.n	10002988 <best_effort_wfe_or_timeout+0x9c>
100029b4:	400b0000 	.word	0x400b0000
100029b8:	20001548 	.word	0x20001548
100029bc:	100020d9 	.word	0x100020d9

100029c0 <check_single_timeout_us>:
100029c0:	4b0a      	ldr	r3, [pc, #40]	@ (100029ec <check_single_timeout_us+0x2c>)
100029c2:	b410      	push	{r4}
100029c4:	e9d0 4100 	ldrd	r4, r1, [r0]
100029c8:	6a5a      	ldr	r2, [r3, #36]	@ 0x24
100029ca:	4291      	cmp	r1, r2
100029cc:	d80a      	bhi.n	100029e4 <check_single_timeout_us+0x24>
100029ce:	bf14      	ite	ne
100029d0:	2001      	movne	r0, #1
100029d2:	2000      	moveq	r0, #0
100029d4:	6a9b      	ldr	r3, [r3, #40]	@ 0x28
100029d6:	42a3      	cmp	r3, r4
100029d8:	bf28      	it	cs
100029da:	f040 0001 	orrcs.w	r0, r0, #1
100029de:	f85d 4b04 	ldr.w	r4, [sp], #4
100029e2:	4770      	bx	lr
100029e4:	2000      	movs	r0, #0
100029e6:	f85d 4b04 	ldr.w	r4, [sp], #4
100029ea:	4770      	bx	lr
100029ec:	400b0000 	.word	0x400b0000

100029f0 <init_single_timeout_until>:
100029f0:	4601      	mov	r1, r0
100029f2:	4802      	ldr	r0, [pc, #8]	@ (100029fc <init_single_timeout_until+0xc>)
100029f4:	e9c1 2300 	strd	r2, r3, [r1]
100029f8:	4770      	bx	lr
100029fa:	bf00      	nop
100029fc:	100029c1 	.word	0x100029c1

10002a00 <timer_hardware_alarm_claim>:
10002a00:	b410      	push	{r4}
10002a02:	4b05      	ldr	r3, [pc, #20]	@ (10002a18 <timer_hardware_alarm_claim+0x18>)
10002a04:	4c05      	ldr	r4, [pc, #20]	@ (10002a1c <timer_hardware_alarm_claim+0x1c>)
10002a06:	4a06      	ldr	r2, [pc, #24]	@ (10002a20 <timer_hardware_alarm_claim+0x20>)
10002a08:	42a0      	cmp	r0, r4
10002a0a:	bf14      	ite	ne
10002a0c:	4618      	movne	r0, r3
10002a0e:	1c58      	addeq	r0, r3, #1
10002a10:	f85d 4b04 	ldr.w	r4, [sp], #4
10002a14:	f7fe bf82 	b.w	1000191c <hw_claim_or_assert>
10002a18:	20002484 	.word	0x20002484
10002a1c:	400b8000 	.word	0x400b8000
10002a20:	1000ae64 	.word	0x1000ae64

10002a24 <timer_time_us_64>:
10002a24:	4603      	mov	r3, r0
10002a26:	6a41      	ldr	r1, [r0, #36]	@ 0x24
10002a28:	460a      	mov	r2, r1
10002a2a:	6a98      	ldr	r0, [r3, #40]	@ 0x28
10002a2c:	6a59      	ldr	r1, [r3, #36]	@ 0x24
10002a2e:	428a      	cmp	r2, r1
10002a30:	d1fa      	bne.n	10002a28 <timer_time_us_64+0x4>
10002a32:	4770      	bx	lr

10002a34 <time_us_64>:
10002a34:	4b03      	ldr	r3, [pc, #12]	@ (10002a44 <time_us_64+0x10>)
10002a36:	6a59      	ldr	r1, [r3, #36]	@ 0x24
10002a38:	460a      	mov	r2, r1
10002a3a:	6a98      	ldr	r0, [r3, #40]	@ 0x28
10002a3c:	6a59      	ldr	r1, [r3, #36]	@ 0x24
10002a3e:	4291      	cmp	r1, r2
10002a40:	d1fa      	bne.n	10002a38 <time_us_64+0x4>
10002a42:	4770      	bx	lr
10002a44:	400b0000 	.word	0x400b0000

10002a48 <busy_wait_until>:
10002a48:	4a07      	ldr	r2, [pc, #28]	@ (10002a68 <busy_wait_until+0x20>)
10002a4a:	6a53      	ldr	r3, [r2, #36]	@ 0x24
10002a4c:	4299      	cmp	r1, r3
10002a4e:	d8fc      	bhi.n	10002a4a <busy_wait_until+0x2>
10002a50:	4299      	cmp	r1, r3
10002a52:	d107      	bne.n	10002a64 <busy_wait_until+0x1c>
10002a54:	4b04      	ldr	r3, [pc, #16]	@ (10002a68 <busy_wait_until+0x20>)
10002a56:	e002      	b.n	10002a5e <busy_wait_until+0x16>
10002a58:	6a5a      	ldr	r2, [r3, #36]	@ 0x24
10002a5a:	4291      	cmp	r1, r2
10002a5c:	d102      	bne.n	10002a64 <busy_wait_until+0x1c>
10002a5e:	6a9a      	ldr	r2, [r3, #40]	@ 0x28
10002a60:	4290      	cmp	r0, r2
10002a62:	d8f9      	bhi.n	10002a58 <busy_wait_until+0x10>
10002a64:	4770      	bx	lr
10002a66:	bf00      	nop
10002a68:	400b0000 	.word	0x400b0000

10002a6c <clock_configure_undivided>:
10002a6c:	eb00 0c40 	add.w	ip, r0, r0, lsl #1
10002a70:	ea4f 0c8c 	mov.w	ip, ip, lsl #2
10002a74:	f10c 4c80 	add.w	ip, ip, #1073741824	@ 0x40000000
10002a78:	f50c 3c80 	add.w	ip, ip, #65536	@ 0x10000
10002a7c:	b5f0      	push	{r4, r5, r6, r7, lr}
10002a7e:	4616      	mov	r6, r2
10002a80:	f8dc 2004 	ldr.w	r2, [ip, #4]
10002a84:	1f05      	subs	r5, r0, #4
10002a86:	f5b2 3f80 	cmp.w	r2, #65536	@ 0x10000
10002a8a:	bf38      	it	cc
10002a8c:	f44f 3280 	movcc.w	r2, #65536	@ 0x10000
10002a90:	b2ed      	uxtb	r5, r5
10002a92:	bf38      	it	cc
10002a94:	f8cc 2004 	strcc.w	r2, [ip, #4]
10002a98:	2d01      	cmp	r5, #1
10002a9a:	d92a      	bls.n	10002af2 <clock_configure_undivided+0x86>
10002a9c:	f44f 6700 	mov.w	r7, #2048	@ 0x800
10002aa0:	4c25      	ldr	r4, [pc, #148]	@ (10002b38 <clock_configure_undivided+0xcc>)
10002aa2:	f50c 5240 	add.w	r2, ip, #12288	@ 0x3000
10002aa6:	6017      	str	r7, [r2, #0]
10002aa8:	f854 2020 	ldr.w	r2, [r4, r0, lsl #2]
10002aac:	b9b2      	cbnz	r2, 10002adc <clock_configure_undivided+0x70>
10002aae:	f8dc 2000 	ldr.w	r2, [ip]
10002ab2:	2d01      	cmp	r5, #1
10002ab4:	ea82 1246 	eor.w	r2, r2, r6, lsl #5
10002ab8:	f002 02e0 	and.w	r2, r2, #224	@ 0xe0
10002abc:	f50c 5680 	add.w	r6, ip, #4096	@ 0x1000
10002ac0:	6032      	str	r2, [r6, #0]
10002ac2:	d92a      	bls.n	10002b1a <clock_configure_undivided+0xae>
10002ac4:	f44f 6100 	mov.w	r1, #2048	@ 0x800
10002ac8:	f844 3020 	str.w	r3, [r4, r0, lsl #2]
10002acc:	f44f 3380 	mov.w	r3, #65536	@ 0x10000
10002ad0:	f50c 5200 	add.w	r2, ip, #8192	@ 0x2000
10002ad4:	6011      	str	r1, [r2, #0]
10002ad6:	f8cc 3004 	str.w	r3, [ip, #4]
10002ada:	bdf0      	pop	{r4, r5, r6, r7, pc}
10002adc:	6967      	ldr	r7, [r4, #20]
10002ade:	fbb7 fef2 	udiv	lr, r7, r2
10002ae2:	f10e 0e01 	add.w	lr, lr, #1
10002ae6:	eb0e 0e4e 	add.w	lr, lr, lr, lsl #1
10002aea:	f1be 0e03 	subs.w	lr, lr, #3
10002aee:	d2fc      	bcs.n	10002aea <clock_configure_undivided+0x7e>
10002af0:	e7dd      	b.n	10002aae <clock_configure_undivided+0x42>
10002af2:	2901      	cmp	r1, #1
10002af4:	d1d2      	bne.n	10002a9c <clock_configure_undivided+0x30>
10002af6:	2403      	movs	r4, #3
10002af8:	f50c 5240 	add.w	r2, ip, #12288	@ 0x3000
10002afc:	6014      	str	r4, [r2, #0]
10002afe:	f8dc 2008 	ldr.w	r2, [ip, #8]
10002b02:	07d2      	lsls	r2, r2, #31
10002b04:	d5fb      	bpl.n	10002afe <clock_configure_undivided+0x92>
10002b06:	f8dc 2000 	ldr.w	r2, [ip]
10002b0a:	4c0b      	ldr	r4, [pc, #44]	@ (10002b38 <clock_configure_undivided+0xcc>)
10002b0c:	ea82 1246 	eor.w	r2, r2, r6, lsl #5
10002b10:	f002 02e0 	and.w	r2, r2, #224	@ 0xe0
10002b14:	f50c 5680 	add.w	r6, ip, #4096	@ 0x1000
10002b18:	6032      	str	r2, [r6, #0]
10002b1a:	2201      	movs	r2, #1
10002b1c:	f8dc 5000 	ldr.w	r5, [ip]
10002b20:	404d      	eors	r5, r1
10002b22:	f005 0503 	and.w	r5, r5, #3
10002b26:	6035      	str	r5, [r6, #0]
10002b28:	fa02 f101 	lsl.w	r1, r2, r1
10002b2c:	f8dc 2008 	ldr.w	r2, [ip, #8]
10002b30:	420a      	tst	r2, r1
10002b32:	d0fb      	beq.n	10002b2c <clock_configure_undivided+0xc0>
10002b34:	e7c6      	b.n	10002ac4 <clock_configure_undivided+0x58>
10002b36:	bf00      	nop
10002b38:	20002488 	.word	0x20002488

10002b3c <clock_get_hz>:
10002b3c:	4b01      	ldr	r3, [pc, #4]	@ (10002b44 <clock_get_hz+0x8>)
10002b3e:	f853 0020 	ldr.w	r0, [r3, r0, lsl #2]
10002b42:	4770      	bx	lr
10002b44:	20002488 	.word	0x20002488

10002b48 <pll_init>:
10002b48:	b470      	push	{r4, r5, r6}
10002b4a:	9d03      	ldr	r5, [sp, #12]
10002b4c:	6804      	ldr	r4, [r0, #0]
10002b4e:	032d      	lsls	r5, r5, #12
10002b50:	ea45 4503 	orr.w	r5, r5, r3, lsl #16
10002b54:	4b1b      	ldr	r3, [pc, #108]	@ (10002bc4 <pll_init+0x7c>)
10002b56:	2c00      	cmp	r4, #0
10002b58:	fbb3 f3f1 	udiv	r3, r3, r1
10002b5c:	fbb2 f6f3 	udiv	r6, r2, r3
10002b60:	db1f      	blt.n	10002ba2 <pll_init+0x5a>
10002b62:	4a19      	ldr	r2, [pc, #100]	@ (10002bc8 <pll_init+0x80>)
10002b64:	4b19      	ldr	r3, [pc, #100]	@ (10002bcc <pll_init+0x84>)
10002b66:	4290      	cmp	r0, r2
10002b68:	bf14      	ite	ne
10002b6a:	f44f 4280 	movne.w	r2, #16384	@ 0x4000
10002b6e:	f44f 4200 	moveq.w	r2, #32768	@ 0x8000
10002b72:	4c17      	ldr	r4, [pc, #92]	@ (10002bd0 <pll_init+0x88>)
10002b74:	601a      	str	r2, [r3, #0]
10002b76:	f503 5380 	add.w	r3, r3, #4096	@ 0x1000
10002b7a:	601a      	str	r2, [r3, #0]
10002b7c:	68a3      	ldr	r3, [r4, #8]
10002b7e:	ea32 0303 	bics.w	r3, r2, r3
10002b82:	d1fb      	bne.n	10002b7c <pll_init+0x34>
10002b84:	2221      	movs	r2, #33	@ 0x21
10002b86:	f500 5340 	add.w	r3, r0, #12288	@ 0x3000
10002b8a:	3304      	adds	r3, #4
10002b8c:	6001      	str	r1, [r0, #0]
10002b8e:	6086      	str	r6, [r0, #8]
10002b90:	601a      	str	r2, [r3, #0]
10002b92:	6802      	ldr	r2, [r0, #0]
10002b94:	2a00      	cmp	r2, #0
10002b96:	dafc      	bge.n	10002b92 <pll_init+0x4a>
10002b98:	2208      	movs	r2, #8
10002b9a:	60c5      	str	r5, [r0, #12]
10002b9c:	601a      	str	r2, [r3, #0]
10002b9e:	bc70      	pop	{r4, r5, r6}
10002ba0:	4770      	bx	lr
10002ba2:	6803      	ldr	r3, [r0, #0]
10002ba4:	f003 033f 	and.w	r3, r3, #63	@ 0x3f
10002ba8:	428b      	cmp	r3, r1
10002baa:	d1da      	bne.n	10002b62 <pll_init+0x1a>
10002bac:	6883      	ldr	r3, [r0, #8]
10002bae:	f3c3 030b 	ubfx	r3, r3, #0, #12
10002bb2:	42b3      	cmp	r3, r6
10002bb4:	d1d5      	bne.n	10002b62 <pll_init+0x1a>
10002bb6:	68c3      	ldr	r3, [r0, #12]
10002bb8:	f403 23ee 	and.w	r3, r3, #487424	@ 0x77000
10002bbc:	42ab      	cmp	r3, r5
10002bbe:	d1d0      	bne.n	10002b62 <pll_init+0x1a>
10002bc0:	e7ed      	b.n	10002b9e <pll_init+0x56>
10002bc2:	bf00      	nop
10002bc4:	00b71b00 	.word	0x00b71b00
10002bc8:	40058000 	.word	0x40058000
10002bcc:	40022000 	.word	0x40022000
10002bd0:	40020000 	.word	0x40020000

10002bd4 <watchdog_reboot>:
10002bd4:	b430      	push	{r4, r5}
10002bd6:	f04f 4480 	mov.w	r4, #1073741824	@ 0x40000000
10002bda:	4b1c      	ldr	r3, [pc, #112]	@ (10002c4c <watchdog_reboot+0x78>)
10002bdc:	601c      	str	r4, [r3, #0]
10002bde:	b1e0      	cbz	r0, 10002c1a <watchdog_reboot+0x46>
10002be0:	4c1b      	ldr	r4, [pc, #108]	@ (10002c50 <watchdog_reboot+0x7c>)
10002be2:	f5a3 5340 	sub.w	r3, r3, #12288	@ 0x3000
10002be6:	61dc      	str	r4, [r3, #28]
10002be8:	4c1a      	ldr	r4, [pc, #104]	@ (10002c54 <watchdog_reboot+0x80>)
10002bea:	f040 0001 	orr.w	r0, r0, #1
10002bee:	4044      	eors	r4, r0
10002bf0:	621c      	str	r4, [r3, #32]
10002bf2:	6259      	str	r1, [r3, #36]	@ 0x24
10002bf4:	6298      	str	r0, [r3, #40]	@ 0x28
10002bf6:	f04f 4580 	mov.w	r5, #1073741824	@ 0x40000000
10002bfa:	f04f 61e0 	mov.w	r1, #117440512	@ 0x7000000
10002bfe:	4b13      	ldr	r3, [pc, #76]	@ (10002c4c <watchdog_reboot+0x78>)
10002c00:	4815      	ldr	r0, [pc, #84]	@ (10002c58 <watchdog_reboot+0x84>)
10002c02:	4c16      	ldr	r4, [pc, #88]	@ (10002c5c <watchdog_reboot+0x88>)
10002c04:	601d      	str	r5, [r3, #0]
10002c06:	6084      	str	r4, [r0, #8]
10002c08:	6019      	str	r1, [r3, #0]
10002c0a:	b94a      	cbnz	r2, 10002c20 <watchdog_reboot+0x4c>
10002c0c:	bc30      	pop	{r4, r5}
10002c0e:	f04f 4200 	mov.w	r2, #2147483648	@ 0x80000000
10002c12:	f5a3 5380 	sub.w	r3, r3, #4096	@ 0x1000
10002c16:	601a      	str	r2, [r3, #0]
10002c18:	4770      	bx	lr
10002c1a:	4b11      	ldr	r3, [pc, #68]	@ (10002c60 <watchdog_reboot+0x8c>)
10002c1c:	61d8      	str	r0, [r3, #28]
10002c1e:	e7ea      	b.n	10002bf6 <watchdog_reboot+0x22>
10002c20:	f44f 737a 	mov.w	r3, #1000	@ 0x3e8
10002c24:	fb03 f202 	mul.w	r2, r3, r2
10002c28:	f1b2 7f80 	cmp.w	r2, #16777216	@ 0x1000000
10002c2c:	bf2a      	itet	cs
10002c2e:	f06f 437f 	mvncs.w	r3, #4278190080	@ 0xff000000
10002c32:	4613      	movcc	r3, r2
10002c34:	461a      	movcs	r2, r3
10002c36:	f04f 4180 	mov.w	r1, #1073741824	@ 0x40000000
10002c3a:	4c0a      	ldr	r4, [pc, #40]	@ (10002c64 <watchdog_reboot+0x90>)
10002c3c:	4808      	ldr	r0, [pc, #32]	@ (10002c60 <watchdog_reboot+0x8c>)
10002c3e:	6023      	str	r3, [r4, #0]
10002c40:	4b09      	ldr	r3, [pc, #36]	@ (10002c68 <watchdog_reboot+0x94>)
10002c42:	6042      	str	r2, [r0, #4]
10002c44:	bc30      	pop	{r4, r5}
10002c46:	6019      	str	r1, [r3, #0]
10002c48:	4770      	bx	lr
10002c4a:	bf00      	nop
10002c4c:	400db000 	.word	0x400db000
10002c50:	b007c0d3 	.word	0xb007c0d3
10002c54:	4ff83f2d 	.word	0x4ff83f2d
10002c58:	4001a000 	.word	0x4001a000
10002c5c:	01fffff3 	.word	0x01fffff3
10002c60:	400d8000 	.word	0x400d8000
10002c64:	2000291c 	.word	0x2000291c
10002c68:	400da000 	.word	0x400da000

10002c6c <tick_start>:
10002c6c:	2301      	movs	r3, #1
10002c6e:	eb00 0040 	add.w	r0, r0, r0, lsl #1
10002c72:	0080      	lsls	r0, r0, #2
10002c74:	f100 4080 	add.w	r0, r0, #1073741824	@ 0x40000000
10002c78:	f500 1084 	add.w	r0, r0, #1081344	@ 0x108000
10002c7c:	6041      	str	r1, [r0, #4]
10002c7e:	6003      	str	r3, [r0, #0]
10002c80:	4770      	bx	lr
10002c82:	bf00      	nop

10002c84 <rom_reboot.constprop.0.isra.0>:
10002c84:	2300      	movs	r3, #0
10002c86:	b570      	push	{r4, r5, r6, lr}
10002c88:	8adb      	ldrh	r3, [r3, #22]
10002c8a:	4604      	mov	r4, r0
10002c8c:	460d      	mov	r5, r1
10002c8e:	2200      	movs	r2, #0
10002c90:	e842 f200 	tt	r2, r2
10002c94:	0252      	lsls	r2, r2, #9
10002c96:	bf54      	ite	pl
10002c98:	2110      	movpl	r1, #16
10002c9a:	2104      	movmi	r1, #4
10002c9c:	f244 2052 	movw	r0, #16978	@ 0x4252
10002ca0:	4798      	blx	r3
10002ca2:	4686      	mov	lr, r0
10002ca4:	462b      	mov	r3, r5
10002ca6:	4622      	mov	r2, r4
10002ca8:	46f4      	mov	ip, lr
10002caa:	e8bd 4070 	ldmia.w	sp!, {r4, r5, r6, lr}
10002cae:	210a      	movs	r1, #10
10002cb0:	f44f 7081 	mov.w	r0, #258	@ 0x102
10002cb4:	4760      	bx	ip
10002cb6:	bf00      	nop

10002cb8 <rom_func_lookup>:
10002cb8:	2300      	movs	r3, #0
10002cba:	8adb      	ldrh	r3, [r3, #22]
10002cbc:	2200      	movs	r2, #0
10002cbe:	e842 f200 	tt	r2, r2
10002cc2:	0252      	lsls	r2, r2, #9
10002cc4:	d401      	bmi.n	10002cca <rom_func_lookup+0x12>
10002cc6:	2110      	movs	r1, #16
10002cc8:	4718      	bx	r3
10002cca:	2104      	movs	r1, #4
10002ccc:	4718      	bx	r3
10002cce:	bf00      	nop

10002cd0 <rom_reset_usb_boot_extra>:
10002cd0:	b508      	push	{r3, lr}
10002cd2:	4603      	mov	r3, r0
10002cd4:	4608      	mov	r0, r1
10002cd6:	1e19      	subs	r1, r3, #0
10002cd8:	db02      	blt.n	10002ce0 <rom_reset_usb_boot_extra+0x10>
10002cda:	b11a      	cbz	r2, 10002ce4 <rom_reset_usb_boot_extra+0x14>
10002cdc:	f040 0030 	orr.w	r0, r0, #48	@ 0x30
10002ce0:	f7ff ffd0 	bl	10002c84 <rom_reboot.constprop.0.isra.0>
10002ce4:	f040 0020 	orr.w	r0, r0, #32
10002ce8:	e7fa      	b.n	10002ce0 <rom_reset_usb_boot_extra+0x10>
10002cea:	bf00      	nop

10002cec <runtime_init_bootrom_locking_enable>:
10002cec:	4a03      	ldr	r2, [pc, #12]	@ (10002cfc <runtime_init_bootrom_locking_enable+0x10>)
10002cee:	f8d2 3828 	ldr.w	r3, [r2, #2088]	@ 0x828
10002cf2:	2b00      	cmp	r3, #0
10002cf4:	d0fb      	beq.n	10002cee <runtime_init_bootrom_locking_enable+0x2>
10002cf6:	f3bf 8f5f 	dmb	sy
10002cfa:	4770      	bx	lr
10002cfc:	400e0000 	.word	0x400e0000

10002d00 <runtime_init_boot_locks_reset>:
10002d00:	2100      	movs	r1, #0
10002d02:	4b04      	ldr	r3, [pc, #16]	@ (10002d14 <runtime_init_boot_locks_reset+0x14>)
10002d04:	4a04      	ldr	r2, [pc, #16]	@ (10002d18 <runtime_init_boot_locks_reset+0x18>)
10002d06:	f3bf 8f5f 	dmb	sy
10002d0a:	f843 1b04 	str.w	r1, [r3], #4
10002d0e:	4293      	cmp	r3, r2
10002d10:	d1f9      	bne.n	10002d06 <runtime_init_boot_locks_reset+0x6>
10002d12:	4770      	bx	lr
10002d14:	400e080c 	.word	0x400e080c
10002d18:	400e082c 	.word	0x400e082c

10002d1c <xosc_init>:
10002d1c:	b410      	push	{r4}
10002d1e:	f44f 708d 	mov.w	r0, #282	@ 0x11a
10002d22:	f44f 642a 	mov.w	r4, #2720	@ 0xaa0
10002d26:	4a06      	ldr	r2, [pc, #24]	@ (10002d40 <xosc_init+0x24>)
10002d28:	4b06      	ldr	r3, [pc, #24]	@ (10002d44 <xosc_init+0x28>)
10002d2a:	4907      	ldr	r1, [pc, #28]	@ (10002d48 <xosc_init+0x2c>)
10002d2c:	6014      	str	r4, [r2, #0]
10002d2e:	60d0      	str	r0, [r2, #12]
10002d30:	6019      	str	r1, [r3, #0]
10002d32:	6853      	ldr	r3, [r2, #4]
10002d34:	2b00      	cmp	r3, #0
10002d36:	dafc      	bge.n	10002d32 <xosc_init+0x16>
10002d38:	f85d 4b04 	ldr.w	r4, [sp], #4
10002d3c:	4770      	bx	lr
10002d3e:	bf00      	nop
10002d40:	40048000 	.word	0x40048000
10002d44:	4004a000 	.word	0x4004a000
10002d48:	00fab000 	.word	0x00fab000

10002d4c <first_per_core_initializer>:
10002d4c:	4770      	bx	lr
10002d4e:	bf00      	nop

10002d50 <hard_assertion_failure>:
10002d50:	b508      	push	{r3, lr}
10002d52:	4801      	ldr	r0, [pc, #4]	@ (10002d58 <hard_assertion_failure+0x8>)
10002d54:	f7fe fdca 	bl	100018ec <panic>
10002d58:	1000ae88 	.word	0x1000ae88

10002d5c <runtime_run_initializers>:
10002d5c:	b538      	push	{r3, r4, r5, lr}
10002d5e:	4c05      	ldr	r4, [pc, #20]	@ (10002d74 <runtime_run_initializers+0x18>)
10002d60:	4d05      	ldr	r5, [pc, #20]	@ (10002d78 <runtime_run_initializers+0x1c>)
10002d62:	42ac      	cmp	r4, r5
10002d64:	d204      	bcs.n	10002d70 <runtime_run_initializers+0x14>
10002d66:	f854 3b04 	ldr.w	r3, [r4], #4
10002d6a:	4798      	blx	r3
10002d6c:	42ac      	cmp	r4, r5
10002d6e:	d3fa      	bcc.n	10002d66 <runtime_run_initializers+0xa>
10002d70:	bd38      	pop	{r3, r4, r5, pc}
10002d72:	bf00      	nop
10002d74:	1000ac20 	.word	0x1000ac20
10002d78:	1000ac60 	.word	0x1000ac60

10002d7c <runtime_init_early_resets>:
10002d7c:	b410      	push	{r4}
10002d7e:	4807      	ldr	r0, [pc, #28]	@ (10002d9c <runtime_init_early_resets+0x20>)
10002d80:	4c07      	ldr	r4, [pc, #28]	@ (10002da0 <runtime_init_early_resets+0x24>)
10002d82:	4b08      	ldr	r3, [pc, #32]	@ (10002da4 <runtime_init_early_resets+0x28>)
10002d84:	4a08      	ldr	r2, [pc, #32]	@ (10002da8 <runtime_init_early_resets+0x2c>)
10002d86:	4909      	ldr	r1, [pc, #36]	@ (10002dac <runtime_init_early_resets+0x30>)
10002d88:	6004      	str	r4, [r0, #0]
10002d8a:	601a      	str	r2, [r3, #0]
10002d8c:	688b      	ldr	r3, [r1, #8]
10002d8e:	ea32 0303 	bics.w	r3, r2, r3
10002d92:	d1fb      	bne.n	10002d8c <runtime_init_early_resets+0x10>
10002d94:	f85d 4b04 	ldr.w	r4, [sp], #4
10002d98:	4770      	bx	lr
10002d9a:	bf00      	nop
10002d9c:	40022000 	.word	0x40022000
10002da0:	efef3b7f 	.word	0xefef3b7f
10002da4:	40023000 	.word	0x40023000
10002da8:	03f3fff6 	.word	0x03f3fff6
10002dac:	40020000 	.word	0x40020000

10002db0 <runtime_init_usb_power_down>:
10002db0:	4b04      	ldr	r3, [pc, #16]	@ (10002dc4 <runtime_init_usb_power_down+0x14>)
10002db2:	6cdb      	ldr	r3, [r3, #76]	@ 0x4c
10002db4:	f5b3 4f00 	cmp.w	r3, #32768	@ 0x8000
10002db8:	d103      	bne.n	10002dc2 <runtime_init_usb_power_down+0x12>
10002dba:	f44f 2280 	mov.w	r2, #262144	@ 0x40000
10002dbe:	4b02      	ldr	r3, [pc, #8]	@ (10002dc8 <runtime_init_usb_power_down+0x18>)
10002dc0:	64da      	str	r2, [r3, #76]	@ 0x4c
10002dc2:	4770      	bx	lr
10002dc4:	50110000 	.word	0x50110000
10002dc8:	50112000 	.word	0x50112000

10002dcc <runtime_init_per_core_enable_coprocessors>:
10002dcc:	f04f 22e0 	mov.w	r2, #3758153728	@ 0xe000e000
10002dd0:	4b04      	ldr	r3, [pc, #16]	@ (10002de4 <runtime_init_per_core_enable_coprocessors+0x18>)
10002dd2:	f8d2 1d88 	ldr.w	r1, [r2, #3464]	@ 0xd88
10002dd6:	430b      	orrs	r3, r1
10002dd8:	f8c2 3d88 	str.w	r3, [r2, #3464]	@ 0xd88
10002ddc:	ee10 0430 			dcp_rcmp r0
10002de0:	4770      	bx	lr
10002de2:	bf00      	nop
10002de4:	00300303 	.word	0x00300303

10002de8 <runtime_init_post_clock_resets>:
10002de8:	f06f 4160 	mvn.w	r1, #3758096384	@ 0xe0000000
10002dec:	4b04      	ldr	r3, [pc, #16]	@ (10002e00 <runtime_init_post_clock_resets+0x18>)
10002dee:	4a05      	ldr	r2, [pc, #20]	@ (10002e04 <runtime_init_post_clock_resets+0x1c>)
10002df0:	6019      	str	r1, [r3, #0]
10002df2:	6893      	ldr	r3, [r2, #8]
10002df4:	43db      	mvns	r3, r3
10002df6:	f033 4360 	bics.w	r3, r3, #3758096384	@ 0xe0000000
10002dfa:	d1fa      	bne.n	10002df2 <runtime_init_post_clock_resets+0xa>
10002dfc:	4770      	bx	lr
10002dfe:	bf00      	nop
10002e00:	40023000 	.word	0x40023000
10002e04:	40020000 	.word	0x40020000

10002e08 <runtime_init_bootrom_reset>:
10002e08:	b510      	push	{r4, lr}
10002e0a:	f245 2053 	movw	r0, #21075	@ 0x5253
10002e0e:	f7ff ff53 	bl	10002cb8 <rom_func_lookup>
10002e12:	e8bd 4010 	ldmia.w	sp!, {r4, lr}
10002e16:	4603      	mov	r3, r0
10002e18:	2004      	movs	r0, #4
10002e1a:	4718      	bx	r3

10002e1c <runtime_init_per_core_bootrom_reset>:
10002e1c:	b510      	push	{r4, lr}
10002e1e:	f245 2053 	movw	r0, #21075	@ 0x5253
10002e22:	f7ff ff49 	bl	10002cb8 <rom_func_lookup>
10002e26:	e8bd 4010 	ldmia.w	sp!, {r4, lr}
10002e2a:	4603      	mov	r3, r0
10002e2c:	2001      	movs	r0, #1
10002e2e:	4718      	bx	r3

10002e30 <runtime_init_spin_locks_reset>:
10002e30:	f7fe be04 	b.w	10001a3c <spin_locks_reset>

10002e34 <runtime_init_install_ram_vector_table>:
10002e34:	b510      	push	{r4, lr}
10002e36:	4b05      	ldr	r3, [pc, #20]	@ (10002e4c <runtime_init_install_ram_vector_table+0x18>)
10002e38:	4c05      	ldr	r4, [pc, #20]	@ (10002e50 <runtime_init_install_ram_vector_table+0x1c>)
10002e3a:	f44f 7288 	mov.w	r2, #272	@ 0x110
10002e3e:	4618      	mov	r0, r3
10002e40:	68a1      	ldr	r1, [r4, #8]
10002e42:	f007 fccb 	bl	1000a7dc <memcpy>
10002e46:	60a0      	str	r0, [r4, #8]
10002e48:	bd10      	pop	{r4, pc}
10002e4a:	bf00      	nop
10002e4c:	20000000 	.word	0x20000000
10002e50:	e000ed00 	.word	0xe000ed00

10002e54 <runtime_init_clocks>:
10002e54:	2300      	movs	r3, #0
10002e56:	b570      	push	{r4, r5, r6, lr}
10002e58:	4c2b      	ldr	r4, [pc, #172]	@ (10002f08 <runtime_init_clocks+0xb4>)
10002e5a:	b082      	sub	sp, #8
10002e5c:	f8c4 3084 	str.w	r3, [r4, #132]	@ 0x84
10002e60:	f7ff ff5c 	bl	10002d1c <xosc_init>
10002e64:	2201      	movs	r2, #1
10002e66:	4b29      	ldr	r3, [pc, #164]	@ (10002f0c <runtime_init_clocks+0xb8>)
10002e68:	63da      	str	r2, [r3, #60]	@ 0x3c
10002e6a:	6c63      	ldr	r3, [r4, #68]	@ 0x44
10002e6c:	2b01      	cmp	r3, #1
10002e6e:	d1fc      	bne.n	10002e6a <runtime_init_clocks+0x16>
10002e70:	2103      	movs	r1, #3
10002e72:	4a26      	ldr	r2, [pc, #152]	@ (10002f0c <runtime_init_clocks+0xb8>)
10002e74:	4b24      	ldr	r3, [pc, #144]	@ (10002f08 <runtime_init_clocks+0xb4>)
10002e76:	6311      	str	r1, [r2, #48]	@ 0x30
10002e78:	6b9c      	ldr	r4, [r3, #56]	@ 0x38
10002e7a:	2c01      	cmp	r4, #1
10002e7c:	d1fc      	bne.n	10002e78 <runtime_init_clocks+0x24>
10002e7e:	2602      	movs	r6, #2
10002e80:	2505      	movs	r5, #5
10002e82:	4621      	mov	r1, r4
10002e84:	2305      	movs	r3, #5
10002e86:	4a22      	ldr	r2, [pc, #136]	@ (10002f10 <runtime_init_clocks+0xbc>)
10002e88:	4822      	ldr	r0, [pc, #136]	@ (10002f14 <runtime_init_clocks+0xc0>)
10002e8a:	9600      	str	r6, [sp, #0]
10002e8c:	f7ff fe5c 	bl	10002b48 <pll_init>
10002e90:	4621      	mov	r1, r4
10002e92:	462b      	mov	r3, r5
10002e94:	4a20      	ldr	r2, [pc, #128]	@ (10002f18 <runtime_init_clocks+0xc4>)
10002e96:	4821      	ldr	r0, [pc, #132]	@ (10002f1c <runtime_init_clocks+0xc8>)
10002e98:	9500      	str	r5, [sp, #0]
10002e9a:	f7ff fe55 	bl	10002b48 <pll_init>
10002e9e:	2200      	movs	r2, #0
10002ea0:	2004      	movs	r0, #4
10002ea2:	4631      	mov	r1, r6
10002ea4:	4b1e      	ldr	r3, [pc, #120]	@ (10002f20 <runtime_init_clocks+0xcc>)
10002ea6:	f7ff fde1 	bl	10002a6c <clock_configure_undivided>
10002eaa:	4621      	mov	r1, r4
10002eac:	4628      	mov	r0, r5
10002eae:	2200      	movs	r2, #0
10002eb0:	4b1c      	ldr	r3, [pc, #112]	@ (10002f24 <runtime_init_clocks+0xd0>)
10002eb2:	f7ff fddb 	bl	10002a6c <clock_configure_undivided>
10002eb6:	2200      	movs	r2, #0
10002eb8:	2008      	movs	r0, #8
10002eba:	4611      	mov	r1, r2
10002ebc:	4b1a      	ldr	r3, [pc, #104]	@ (10002f28 <runtime_init_clocks+0xd4>)
10002ebe:	f7ff fdd5 	bl	10002a6c <clock_configure_undivided>
10002ec2:	2200      	movs	r2, #0
10002ec4:	2009      	movs	r0, #9
10002ec6:	4611      	mov	r1, r2
10002ec8:	4b17      	ldr	r3, [pc, #92]	@ (10002f28 <runtime_init_clocks+0xd4>)
10002eca:	f7ff fdcf 	bl	10002a6c <clock_configure_undivided>
10002ece:	2200      	movs	r2, #0
10002ed0:	2006      	movs	r0, #6
10002ed2:	4611      	mov	r1, r2
10002ed4:	4b13      	ldr	r3, [pc, #76]	@ (10002f24 <runtime_init_clocks+0xd0>)
10002ed6:	f7ff fdc9 	bl	10002a6c <clock_configure_undivided>
10002eda:	2200      	movs	r2, #0
10002edc:	4b11      	ldr	r3, [pc, #68]	@ (10002f24 <runtime_init_clocks+0xd0>)
10002ede:	2007      	movs	r0, #7
10002ee0:	4611      	mov	r1, r2
10002ee2:	f7ff fdc3 	bl	10002a6c <clock_configure_undivided>
10002ee6:	2004      	movs	r0, #4
10002ee8:	f7ff fe28 	bl	10002b3c <clock_get_hz>
10002eec:	2400      	movs	r4, #0
10002eee:	4b0f      	ldr	r3, [pc, #60]	@ (10002f2c <runtime_init_clocks+0xd8>)
10002ef0:	fba3 3500 	umull	r3, r5, r3, r0
10002ef4:	0cad      	lsrs	r5, r5, #18
10002ef6:	b2e0      	uxtb	r0, r4
10002ef8:	4629      	mov	r1, r5
10002efa:	3401      	adds	r4, #1
10002efc:	f7ff feb6 	bl	10002c6c <tick_start>
10002f00:	2c06      	cmp	r4, #6
10002f02:	d1f8      	bne.n	10002ef6 <runtime_init_clocks+0xa2>
10002f04:	b002      	add	sp, #8
10002f06:	bd70      	pop	{r4, r5, r6, pc}
10002f08:	40010000 	.word	0x40010000
10002f0c:	40013000 	.word	0x40013000
10002f10:	59682f00 	.word	0x59682f00
10002f14:	40050000 	.word	0x40050000
10002f18:	47868c00 	.word	0x47868c00
10002f1c:	40058000 	.word	0x40058000
10002f20:	00b71b00 	.word	0x00b71b00
10002f24:	08f0d180 	.word	0x08f0d180
10002f28:	02dc6c00 	.word	0x02dc6c00
10002f2c:	431bde83 	.word	0x431bde83

10002f30 <generic_save_state>:
10002f30:	b086      	sub	sp, #24
10002f32:	b403      	push	{r0, r1}
10002f34:	fc51 0408 	dcp_pxmd r0, r1
10002f38:	e9cd 0102 	strd	r0, r1, [sp, #8]
10002f3c:	fc51 0409 	dcp_pymd r0, r1
10002f40:	e9cd 0104 	strd	r0, r1, [sp, #16]
10002f44:	ec51 040a 	dcp_refd r0, r1
10002f48:	e9cd 0106 	strd	r0, r1, [sp, #24]
10002f4c:	bc03      	pop	{r0, r1}
10002f4e:	47f0      	blx	lr

10002f50 <generic_restore_state>:
10002f50:	e8bd 5000 	ldmia.w	sp!, {ip, lr}
10002f54:	ec4e c400 	dcp_wxmd ip, lr
10002f58:	e8bd 5000 	ldmia.w	sp!, {ip, lr}
10002f5c:	ec4e c401 	dcp_wymd ip, lr
10002f60:	e8bd 5000 	ldmia.w	sp!, {ip, lr}
10002f64:	ec4e c402 	dcp_wefd ip, lr
10002f68:	bd00      	pop	{pc}
10002f6a:	0000      	movs	r0, r0
10002f6c:	b500      	push	{lr}
10002f6e:	f7ff ffdf 	bl	10002f30 <generic_save_state>
10002f72:	e002      	b.n	10002f7a <__wrap___aeabi_dadd+0x6>

10002f74 <__wrap___aeabi_dadd>:
10002f74:	fe10 f430 	dcp_pcmp APSR_nzcv
10002f78:	d4f8      	bmi.n	10002f6c <generic_restore_state+0x1c>
10002f7a:	ec41 0410 	dcp_wxup r0, r1
10002f7e:	ec43 2411 	dcp_wyup r2, r3
10002f82:	ee00 0401 			dcp_add0
10002f86:	ee10 0401 			dcp_add1
10002f8a:	ee80 0420 			dcp_nrdd
10002f8e:	ec51 0410 	dcp_rdda r0, r1
10002f92:	4770      	bx	lr
10002f94:	b500      	push	{lr}
10002f96:	f7ff ffcb 	bl	10002f30 <generic_save_state>
10002f9a:	e002      	b.n	10002fa2 <__wrap___aeabi_dsub+0x6>

10002f9c <__wrap___aeabi_dsub>:
10002f9c:	fe10 f430 	dcp_pcmp APSR_nzcv
10002fa0:	d4f8      	bmi.n	10002f94 <__wrap___aeabi_dadd+0x20>
10002fa2:	ec41 0410 	dcp_wxup r0, r1
10002fa6:	ec43 2411 	dcp_wyup r2, r3
10002faa:	ee00 0401 			dcp_add0
10002fae:	ee10 0421 			dcp_sub1
10002fb2:	ee80 0420 			dcp_nrdd
10002fb6:	ec51 0430 	dcp_rdds r0, r1
10002fba:	4770      	bx	lr
10002fbc:	b500      	push	{lr}
10002fbe:	f7ff ffb7 	bl	10002f30 <generic_save_state>
10002fc2:	e002      	b.n	10002fca <__wrap___aeabi_dmul+0x6>

10002fc4 <__wrap___aeabi_dmul>:
10002fc4:	fe10 f430 	dcp_pcmp APSR_nzcv
10002fc8:	d4f8      	bmi.n	10002fbc <__wrap___aeabi_dsub+0x20>
10002fca:	b510      	push	{r4, lr}
10002fcc:	ec41 0410 	dcp_wxup r0, r1
10002fd0:	ec43 2411 	dcp_wyup r2, r3
10002fd4:	ec51 0404 	dcp_rxms r0, r1, #0x0
10002fd8:	ec53 2405 	dcp_ryms r2, r3, #0x0
10002fdc:	fba0 4c02 	umull	r4, ip, r0, r2
10002fe0:	f05f 0e00 	movs.w	lr, #0
10002fe4:	fbe0 ce03 	umlal	ip, lr, r0, r3
10002fe8:	fbe1 ce02 	umlal	ip, lr, r1, r2
10002fec:	ec4c 4420 	dcp_wxms r4, ip
10002ff0:	2400      	movs	r4, #0
10002ff2:	fbe1 e403 	umlal	lr, r4, r1, r3
10002ff6:	ec44 e430 	dcp_wxmo lr, r4
10002ffa:	ee80 0420 			dcp_nrdd
10002ffe:	ec51 0450 	dcp_rddm r0, r1
10003002:	e8bd 4010 	ldmia.w	sp!, {r4, lr}
10003006:	4770      	bx	lr
10003008:	b500      	push	{lr}
1000300a:	f7ff ff91 	bl	10002f30 <generic_save_state>
1000300e:	e002      	b.n	10003016 <__wrap___aeabi_ddiv+0x6>

10003010 <__wrap___aeabi_ddiv>:
10003010:	fe10 f430 	dcp_pcmp APSR_nzcv
10003014:	d4f8      	bmi.n	10003008 <__wrap___aeabi_dmul+0x44>
10003016:	ec41 0410 	dcp_wxup r0, r1
1000301a:	ec43 2411 	dcp_wyup r2, r3
1000301e:	ec51 0421 	dcp_rymr r0, r1
10003022:	fba0 1201 	umull	r1, r2, r0, r1
10003026:	ea6f 0282 	mvn.w	r2, r2, lsl #2
1000302a:	fb52 0010 	smmlar	r0, r2, r0, r0
1000302e:	fb52 f212 	smmulr	r2, r2, r2
10003032:	fb52 0010 	smmlar	r0, r2, r0, r0
10003036:	eba0 7cd0 	sub.w	ip, r0, r0, lsr #31
1000303a:	ec53 2404 	dcp_rxms r2, r3, #0x0
1000303e:	fb5c f113 	smmulr	r1, ip, r3
10003042:	ec53 2415 	dcp_ryms r2, r3, #0x1
10003046:	fba1 2002 	umull	r2, r0, r1, r2
1000304a:	fb01 0003 	mla	r0, r1, r3, r0
1000304e:	ec53 2444 	dcp_rxms r2, r3, #0x4
10003052:	eba2 0000 	sub.w	r0, r2, r0
10003056:	fb50 f21c 	smmulr	r2, r0, ip
1000305a:	ea4f 1311 	mov.w	r3, r1, lsr #4
1000305e:	eb12 7001 	adds.w	r0, r2, r1, lsl #28
10003062:	eb43 71e2 	adc.w	r1, r3, r2, asr #31
10003066:	ea40 5051 	orr.w	r0, r0, r1, lsr #21
1000306a:	ea20 5091 	bic.w	r0, r0, r1, lsr #22
1000306e:	f020 0007 	bic.w	r0, r0, #7
10003072:	ec53 2475 	dcp_ryms r2, r3, #0x7
10003076:	fba0 3c02 	umull	r3, ip, r0, r2
1000307a:	ec53 2475 	dcp_ryms r2, r3, #0x7
1000307e:	fb00 cc03 	mla	ip, r0, r3, ip
10003082:	fb01 cc02 	mla	ip, r1, r2, ip
10003086:	ec53 2404 	dcp_rxms r2, r3, #0x0
1000308a:	ebac 4c82 	sub.w	ip, ip, r2, lsl #18
1000308e:	ea40 705c 	orr.w	r0, r0, ip, lsr #29
10003092:	f1a0 0001 	sub.w	r0, r0, #1
10003096:	ec41 0440 	dcp_wxdd r0, r1
1000309a:	ee80 0420 			dcp_nrdd
1000309e:	ec51 0470 	dcp_rddd r0, r1
100030a2:	4770      	bx	lr
100030a4:	b500      	push	{lr}
100030a6:	f7ff ff43 	bl	10002f30 <generic_save_state>
100030aa:	e002      	b.n	100030b2 <__wrap___aeabi_i2d+0x6>

100030ac <__wrap___aeabi_i2d>:
100030ac:	fe10 f430 	dcp_pcmp APSR_nzcv
100030b0:	d4f8      	bmi.n	100030a4 <__wrap___aeabi_ddiv+0x94>
100030b2:	ec40 0470 	dcp_wxic r0, r0
100030b6:	ee00 0401 			dcp_add0
100030ba:	ee10 0421 			dcp_sub1
100030be:	ee80 0420 			dcp_nrdd
100030c2:	ec51 0430 	dcp_rdds r0, r1
100030c6:	4770      	bx	lr
100030c8:	b500      	push	{lr}
100030ca:	f7ff ff31 	bl	10002f30 <generic_save_state>
100030ce:	e002      	b.n	100030d6 <__wrap___aeabi_ui2d+0x6>

100030d0 <__wrap___aeabi_ui2d>:
100030d0:	fe10 f430 	dcp_pcmp APSR_nzcv
100030d4:	d4f8      	bmi.n	100030c8 <__wrap___aeabi_i2d+0x1c>
100030d6:	ec40 0460 	dcp_wxuc r0, r0
100030da:	ee00 0401 			dcp_add0
100030de:	ee10 0421 			dcp_sub1
100030e2:	ee80 0420 			dcp_nrdd
100030e6:	ec51 0430 	dcp_rdds r0, r1
100030ea:	4770      	bx	lr
100030ec:	b500      	push	{lr}
100030ee:	f7ff ff1f 	bl	10002f30 <generic_save_state>
100030f2:	e002      	b.n	100030fa <double2int_z_entry>

100030f4 <__wrap___aeabi_d2iz>:
100030f4:	fe10 f430 	dcp_pcmp APSR_nzcv
100030f8:	d4f8      	bmi.n	100030ec <__wrap___aeabi_ui2d+0x1c>

100030fa <double2int_z_entry>:
100030fa:	ec41 0480 	dcp_wxdc r0, r1
100030fe:	ee00 0401 			dcp_add0
10003102:	ee10 0401 			dcp_add1
10003106:	ee80 0440 			dcp_ntdc
1000310a:	ee10 0413 			dcp_rdic r0
1000310e:	4770      	bx	lr
10003110:	b500      	push	{lr}
10003112:	f7ff ff0d 	bl	10002f30 <generic_save_state>
10003116:	e002      	b.n	1000311e <double2uint_z_entry>

10003118 <__wrap___aeabi_d2uiz>:
10003118:	fe10 f430 	dcp_pcmp APSR_nzcv
1000311c:	d4f8      	bmi.n	10003110 <double2int_z_entry+0x16>

1000311e <double2uint_z_entry>:
1000311e:	ec41 0480 	dcp_wxdc r0, r1
10003122:	ee00 0401 			dcp_add0
10003126:	ee10 0401 			dcp_add1
1000312a:	ee80 0440 			dcp_ntdc
1000312e:	ee10 0433 			dcp_rduc r0
10003132:	4770      	bx	lr
10003134:	b500      	push	{lr}
10003136:	f7ff fefb 	bl	10002f30 <generic_save_state>
1000313a:	e002      	b.n	10003142 <__wrap___aeabi_dcmpun+0x6>

1000313c <__wrap___aeabi_dcmpun>:
1000313c:	fe10 f430 	dcp_pcmp APSR_nzcv
10003140:	d4f8      	bmi.n	10003134 <double2uint_z_entry+0x16>
10003142:	ec41 0410 	dcp_wxup r0, r1
10003146:	ec43 2411 	dcp_wyup r2, r3
1000314a:	ee00 0401 			dcp_add0
1000314e:	ee10 0430 			dcp_rcmp r0
10003152:	f3c0 7000 	ubfx	r0, r0, #28, #1
10003156:	4770      	bx	lr
10003158:	b500      	push	{lr}
1000315a:	f7ff fee9 	bl	10002f30 <generic_save_state>
1000315e:	e002      	b.n	10003166 <__wrap___aeabi_dcmplt+0x6>

10003160 <__wrap___aeabi_dcmplt>:
10003160:	fe10 f430 	dcp_pcmp APSR_nzcv
10003164:	d4f8      	bmi.n	10003158 <__wrap___aeabi_dcmpun+0x1c>
10003166:	ec43 2410 	dcp_wxup r2, r3
1000316a:	ec41 0411 	dcp_wyup r0, r1
1000316e:	ee00 0401 			dcp_add0
10003172:	ee10 f430 			dcp_rcmp APSR_nzcv
10003176:	bf8c      	ite	hi
10003178:	2001      	movhi	r0, #1
1000317a:	2000      	movls	r0, #0
1000317c:	4770      	bx	lr
1000317e:	bf00      	nop
10003180:	b500      	push	{lr}
10003182:	f7ff fed5 	bl	10002f30 <generic_save_state>
10003186:	e002      	b.n	1000318e <__wrap___aeabi_dcmple+0x6>

10003188 <__wrap___aeabi_dcmple>:
10003188:	fe10 f430 	dcp_pcmp APSR_nzcv
1000318c:	d4f8      	bmi.n	10003180 <__wrap___aeabi_dcmplt+0x20>
1000318e:	ec43 2410 	dcp_wxup r2, r3
10003192:	ec41 0411 	dcp_wyup r0, r1
10003196:	ee00 0401 			dcp_add0
1000319a:	ee10 f430 			dcp_rcmp APSR_nzcv
1000319e:	bf2c      	ite	cs
100031a0:	2001      	movcs	r0, #1
100031a2:	2000      	movcc	r0, #0
100031a4:	4770      	bx	lr
100031a6:	bf00      	nop
100031a8:	b500      	push	{lr}
100031aa:	f7ff fec1 	bl	10002f30 <generic_save_state>
100031ae:	e002      	b.n	100031b6 <__wrap___aeabi_dcmpge+0x6>

100031b0 <__wrap___aeabi_dcmpge>:
100031b0:	fe10 f430 	dcp_pcmp APSR_nzcv
100031b4:	d4f8      	bmi.n	100031a8 <__wrap___aeabi_dcmple+0x20>
100031b6:	ec41 0410 	dcp_wxup r0, r1
100031ba:	ec43 2411 	dcp_wyup r2, r3
100031be:	ee00 0401 			dcp_add0
100031c2:	ee10 f430 			dcp_rcmp APSR_nzcv
100031c6:	bf2c      	ite	cs
100031c8:	2001      	movcs	r0, #1
100031ca:	2000      	movcc	r0, #0
100031cc:	4770      	bx	lr
100031ce:	bf00      	nop
100031d0:	b500      	push	{lr}
100031d2:	f7ff fead 	bl	10002f30 <generic_save_state>
100031d6:	e002      	b.n	100031de <__wrap___aeabi_dcmpgt+0x6>

100031d8 <__wrap___aeabi_dcmpgt>:
100031d8:	fe10 f430 	dcp_pcmp APSR_nzcv
100031dc:	d4f8      	bmi.n	100031d0 <__wrap___aeabi_dcmpge+0x20>
100031de:	ec41 0410 	dcp_wxup r0, r1
100031e2:	ec43 2411 	dcp_wyup r2, r3
100031e6:	ee00 0401 			dcp_add0
100031ea:	ee10 f430 			dcp_rcmp APSR_nzcv
100031ee:	bf8c      	ite	hi
100031f0:	2001      	movhi	r0, #1
100031f2:	2000      	movls	r0, #0
100031f4:	4770      	bx	lr
100031f6:	bf00      	nop

100031f8 <__wrap_malloc>:
100031f8:	b510      	push	{r4, lr}
100031fa:	4604      	mov	r4, r0
100031fc:	f006 ff32 	bl	1000a064 <malloc>
10003200:	b128      	cbz	r0, 1000320e <__wrap_malloc+0x16>
10003202:	4603      	mov	r3, r0
10003204:	4a03      	ldr	r2, [pc, #12]	@ (10003214 <__wrap_malloc+0x1c>)
10003206:	4423      	add	r3, r4
10003208:	4293      	cmp	r3, r2
1000320a:	d800      	bhi.n	1000320e <__wrap_malloc+0x16>
1000320c:	bd10      	pop	{r4, pc}
1000320e:	4802      	ldr	r0, [pc, #8]	@ (10003218 <__wrap_malloc+0x20>)
10003210:	f7fe fb6c 	bl	100018ec <panic>
10003214:	20080000 	.word	0x20080000
10003218:	1000ae94 	.word	0x1000ae94

1000321c <__wrap_free>:
1000321c:	f006 bf2a 	b.w	1000a074 <free>

10003220 <_out_buffer>:
10003220:	429a      	cmp	r2, r3
10003222:	bf38      	it	cc
10003224:	5488      	strbcc	r0, [r1, r2]
10003226:	4770      	bx	lr

10003228 <_out_null>:
10003228:	4770      	bx	lr
1000322a:	bf00      	nop

1000322c <_out_rev>:
1000322c:	e92d 4ff0 	stmdb	sp!, {r4, r5, r6, r7, r8, r9, sl, fp, lr}
10003230:	b083      	sub	sp, #12
10003232:	4699      	mov	r9, r3
10003234:	e9dd ab0d 	ldrd	sl, fp, [sp, #52]	@ 0x34
10003238:	9b0f      	ldr	r3, [sp, #60]	@ 0x3c
1000323a:	4688      	mov	r8, r1
1000323c:	4611      	mov	r1, r2
1000323e:	079a      	lsls	r2, r3, #30
10003240:	4607      	mov	r7, r0
10003242:	d116      	bne.n	10003272 <_out_rev+0x46>
10003244:	45da      	cmp	sl, fp
10003246:	d23a      	bcs.n	100032be <_out_rev+0x92>
10003248:	460c      	mov	r4, r1
1000324a:	460d      	mov	r5, r1
1000324c:	ebab 060a 	sub.w	r6, fp, sl
10003250:	440e      	add	r6, r1
10003252:	4622      	mov	r2, r4
10003254:	464b      	mov	r3, r9
10003256:	4641      	mov	r1, r8
10003258:	2020      	movs	r0, #32
1000325a:	3401      	adds	r4, #1
1000325c:	47b8      	blx	r7
1000325e:	42b4      	cmp	r4, r6
10003260:	d1f7      	bne.n	10003252 <_out_rev+0x26>
10003262:	4629      	mov	r1, r5
10003264:	f1ba 0f00 	cmp.w	sl, #0
10003268:	d108      	bne.n	1000327c <_out_rev+0x50>
1000326a:	4620      	mov	r0, r4
1000326c:	b003      	add	sp, #12
1000326e:	e8bd 8ff0 	ldmia.w	sp!, {r4, r5, r6, r7, r8, r9, sl, fp, pc}
10003272:	460c      	mov	r4, r1
10003274:	f1ba 0f00 	cmp.w	sl, #0
10003278:	d010      	beq.n	1000329c <_out_rev+0x70>
1000327a:	460e      	mov	r6, r1
1000327c:	4655      	mov	r5, sl
1000327e:	9b0c      	ldr	r3, [sp, #48]	@ 0x30
10003280:	442e      	add	r6, r5
10003282:	449a      	add	sl, r3
10003284:	9101      	str	r1, [sp, #4]
10003286:	1b72      	subs	r2, r6, r5
10003288:	464b      	mov	r3, r9
1000328a:	3d01      	subs	r5, #1
1000328c:	4641      	mov	r1, r8
1000328e:	f81a 0d01 	ldrb.w	r0, [sl, #-1]!
10003292:	4634      	mov	r4, r6
10003294:	47b8      	blx	r7
10003296:	2d00      	cmp	r5, #0
10003298:	d1f5      	bne.n	10003286 <_out_rev+0x5a>
1000329a:	9901      	ldr	r1, [sp, #4]
1000329c:	9b0f      	ldr	r3, [sp, #60]	@ 0x3c
1000329e:	079b      	lsls	r3, r3, #30
100032a0:	d5e3      	bpl.n	1000326a <_out_rev+0x3e>
100032a2:	1a65      	subs	r5, r4, r1
100032a4:	45ab      	cmp	fp, r5
100032a6:	d9e0      	bls.n	1000326a <_out_rev+0x3e>
100032a8:	4622      	mov	r2, r4
100032aa:	464b      	mov	r3, r9
100032ac:	4641      	mov	r1, r8
100032ae:	2020      	movs	r0, #32
100032b0:	3501      	adds	r5, #1
100032b2:	47b8      	blx	r7
100032b4:	455d      	cmp	r5, fp
100032b6:	f104 0401 	add.w	r4, r4, #1
100032ba:	d3f5      	bcc.n	100032a8 <_out_rev+0x7c>
100032bc:	e7d5      	b.n	1000326a <_out_rev+0x3e>
100032be:	460c      	mov	r4, r1
100032c0:	f1ba 0f00 	cmp.w	sl, #0
100032c4:	d1d9      	bne.n	1000327a <_out_rev+0x4e>
100032c6:	e7d0      	b.n	1000326a <_out_rev+0x3e>

100032c8 <_ntoa_format>:
100032c8:	e92d 4ff0 	stmdb	sp!, {r4, r5, r6, r7, r8, r9, sl, fp, lr}
100032cc:	9f0f      	ldr	r7, [sp, #60]	@ 0x3c
100032ce:	f8dd 8024 	ldr.w	r8, [sp, #36]	@ 0x24
100032d2:	f017 0f02 	tst.w	r7, #2
100032d6:	9c0a      	ldr	r4, [sp, #40]	@ 0x28
100032d8:	f89d a02c 	ldrb.w	sl, [sp, #44]	@ 0x2c
100032dc:	9d0e      	ldr	r5, [sp, #56]	@ 0x38
100032de:	e9dd 960c 	ldrd	r9, r6, [sp, #48]	@ 0x30
100032e2:	d144      	bne.n	1000336e <_ntoa_format+0xa6>
100032e4:	bbf5      	cbnz	r5, 10003364 <_ntoa_format+0x9c>
100032e6:	42b4      	cmp	r4, r6
100032e8:	d241      	bcs.n	1000336e <_ntoa_format+0xa6>
100032ea:	f007 0b01 	and.w	fp, r7, #1
100032ee:	f104 3cff 	add.w	ip, r4, #4294967295
100032f2:	f04f 0e30 	mov.w	lr, #48	@ 0x30
100032f6:	44c4      	add	ip, r8
100032f8:	e004      	b.n	10003304 <_ntoa_format+0x3c>
100032fa:	3401      	adds	r4, #1
100032fc:	42a6      	cmp	r6, r4
100032fe:	f80c ef01 	strb.w	lr, [ip, #1]!
10003302:	d901      	bls.n	10003308 <_ntoa_format+0x40>
10003304:	2c20      	cmp	r4, #32
10003306:	d1f8      	bne.n	100032fa <_ntoa_format+0x32>
10003308:	f1bb 0f00 	cmp.w	fp, #0
1000330c:	f000 8088 	beq.w	10003420 <_ntoa_format+0x158>
10003310:	42a5      	cmp	r5, r4
10003312:	d92c      	bls.n	1000336e <_ntoa_format+0xa6>
10003314:	f104 3cff 	add.w	ip, r4, #4294967295
10003318:	f04f 0e30 	mov.w	lr, #48	@ 0x30
1000331c:	44c4      	add	ip, r8
1000331e:	e004      	b.n	1000332a <_ntoa_format+0x62>
10003320:	3401      	adds	r4, #1
10003322:	42ac      	cmp	r4, r5
10003324:	f80c ef01 	strb.w	lr, [ip, #1]!
10003328:	d021      	beq.n	1000336e <_ntoa_format+0xa6>
1000332a:	2c20      	cmp	r4, #32
1000332c:	d1f8      	bne.n	10003320 <_ntoa_format+0x58>
1000332e:	f017 0f10 	tst.w	r7, #16
10003332:	d00e      	beq.n	10003352 <_ntoa_format+0x8a>
10003334:	f417 6f80 	tst.w	r7, #1024	@ 0x400
10003338:	d154      	bne.n	100033e4 <_ntoa_format+0x11c>
1000333a:	42a6      	cmp	r6, r4
1000333c:	d063      	beq.n	10003406 <_ntoa_format+0x13e>
1000333e:	42a5      	cmp	r5, r4
10003340:	d061      	beq.n	10003406 <_ntoa_format+0x13e>
10003342:	f1b9 0f10 	cmp.w	r9, #16
10003346:	d050      	beq.n	100033ea <_ntoa_format+0x122>
10003348:	f1b9 0f02 	cmp.w	r9, #2
1000334c:	d056      	beq.n	100033fc <_ntoa_format+0x134>
1000334e:	2c20      	cmp	r4, #32
10003350:	d129      	bne.n	100033a6 <_ntoa_format+0xde>
10003352:	2420      	movs	r4, #32
10003354:	e9cd 570b 	strd	r5, r7, [sp, #44]	@ 0x2c
10003358:	e9cd 8409 	strd	r8, r4, [sp, #36]	@ 0x24
1000335c:	e8bd 4ff0 	ldmia.w	sp!, {r4, r5, r6, r7, r8, r9, sl, fp, lr}
10003360:	f7ff bf64 	b.w	1000322c <_out_rev>
10003364:	f017 0b01 	ands.w	fp, r7, #1
10003368:	d134      	bne.n	100033d4 <_ntoa_format+0x10c>
1000336a:	42b4      	cmp	r4, r6
1000336c:	d3bf      	bcc.n	100032ee <_ntoa_format+0x26>
1000336e:	f017 0f10 	tst.w	r7, #16
10003372:	d01e      	beq.n	100033b2 <_ntoa_format+0xea>
10003374:	f417 6f80 	tst.w	r7, #1024	@ 0x400
10003378:	d1e3      	bne.n	10003342 <_ntoa_format+0x7a>
1000337a:	2c00      	cmp	r4, #0
1000337c:	d1dd      	bne.n	1000333a <_ntoa_format+0x72>
1000337e:	f1b9 0f10 	cmp.w	r9, #16
10003382:	d063      	beq.n	1000344c <_ntoa_format+0x184>
10003384:	f1b9 0f02 	cmp.w	r9, #2
10003388:	d077      	beq.n	1000347a <_ntoa_format+0x1b2>
1000338a:	2430      	movs	r4, #48	@ 0x30
1000338c:	f888 4000 	strb.w	r4, [r8]
10003390:	2401      	movs	r4, #1
10003392:	f1ba 0f00 	cmp.w	sl, #0
10003396:	d111      	bne.n	100033bc <_ntoa_format+0xf4>
10003398:	077e      	lsls	r6, r7, #29
1000339a:	d548      	bpl.n	1000342e <_ntoa_format+0x166>
1000339c:	262b      	movs	r6, #43	@ 0x2b
1000339e:	f808 6004 	strb.w	r6, [r8, r4]
100033a2:	3401      	adds	r4, #1
100033a4:	e7d6      	b.n	10003354 <_ntoa_format+0x8c>
100033a6:	4626      	mov	r6, r4
100033a8:	3401      	adds	r4, #1
100033aa:	f04f 0c30 	mov.w	ip, #48	@ 0x30
100033ae:	f808 c006 	strb.w	ip, [r8, r6]
100033b2:	2c20      	cmp	r4, #32
100033b4:	d0cd      	beq.n	10003352 <_ntoa_format+0x8a>
100033b6:	f1ba 0f00 	cmp.w	sl, #0
100033ba:	d0ed      	beq.n	10003398 <_ntoa_format+0xd0>
100033bc:	262d      	movs	r6, #45	@ 0x2d
100033be:	f808 6004 	strb.w	r6, [r8, r4]
100033c2:	3401      	adds	r4, #1
100033c4:	e9cd 570b 	strd	r5, r7, [sp, #44]	@ 0x2c
100033c8:	e9cd 8409 	strd	r8, r4, [sp, #36]	@ 0x24
100033cc:	e8bd 4ff0 	ldmia.w	sp!, {r4, r5, r6, r7, r8, r9, sl, fp, lr}
100033d0:	f7ff bf2c 	b.w	1000322c <_out_rev>
100033d4:	f1ba 0f00 	cmp.w	sl, #0
100033d8:	d030      	beq.n	1000343c <_ntoa_format+0x174>
100033da:	42b4      	cmp	r4, r6
100033dc:	f105 35ff 	add.w	r5, r5, #4294967295
100033e0:	d385      	bcc.n	100032ee <_ntoa_format+0x26>
100033e2:	e795      	b.n	10003310 <_ntoa_format+0x48>
100033e4:	f1b9 0f10 	cmp.w	r9, #16
100033e8:	d1b3      	bne.n	10003352 <_ntoa_format+0x8a>
100033ea:	06be      	lsls	r6, r7, #26
100033ec:	d53b      	bpl.n	10003466 <_ntoa_format+0x19e>
100033ee:	2c20      	cmp	r4, #32
100033f0:	d0af      	beq.n	10003352 <_ntoa_format+0x8a>
100033f2:	2658      	movs	r6, #88	@ 0x58
100033f4:	f808 6004 	strb.w	r6, [r8, r4]
100033f8:	3401      	adds	r4, #1
100033fa:	e7a8      	b.n	1000334e <_ntoa_format+0x86>
100033fc:	2c20      	cmp	r4, #32
100033fe:	d0a8      	beq.n	10003352 <_ntoa_format+0x8a>
10003400:	4626      	mov	r6, r4
10003402:	3401      	adds	r4, #1
10003404:	e007      	b.n	10003416 <_ntoa_format+0x14e>
10003406:	1e66      	subs	r6, r4, #1
10003408:	d0b9      	beq.n	1000337e <_ntoa_format+0xb6>
1000340a:	f1b9 0f10 	cmp.w	r9, #16
1000340e:	d036      	beq.n	1000347e <_ntoa_format+0x1b6>
10003410:	f1b9 0f02 	cmp.w	r9, #2
10003414:	d1c9      	bne.n	100033aa <_ntoa_format+0xe2>
10003416:	f04f 0c62 	mov.w	ip, #98	@ 0x62
1000341a:	f808 c006 	strb.w	ip, [r8, r6]
1000341e:	e796      	b.n	1000334e <_ntoa_format+0x86>
10003420:	f017 0f10 	tst.w	r7, #16
10003424:	d0c5      	beq.n	100033b2 <_ntoa_format+0xea>
10003426:	f417 6f80 	tst.w	r7, #1024	@ 0x400
1000342a:	d086      	beq.n	1000333a <_ntoa_format+0x72>
1000342c:	e789      	b.n	10003342 <_ntoa_format+0x7a>
1000342e:	073e      	lsls	r6, r7, #28
10003430:	d590      	bpl.n	10003354 <_ntoa_format+0x8c>
10003432:	2620      	movs	r6, #32
10003434:	f808 6004 	strb.w	r6, [r8, r4]
10003438:	3401      	adds	r4, #1
1000343a:	e78b      	b.n	10003354 <_ntoa_format+0x8c>
1000343c:	f017 0f0c 	tst.w	r7, #12
10003440:	d000      	beq.n	10003444 <_ntoa_format+0x17c>
10003442:	3d01      	subs	r5, #1
10003444:	42b4      	cmp	r4, r6
10003446:	f4ff af52 	bcc.w	100032ee <_ntoa_format+0x26>
1000344a:	e761      	b.n	10003310 <_ntoa_format+0x48>
1000344c:	06bc      	lsls	r4, r7, #26
1000344e:	d412      	bmi.n	10003476 <_ntoa_format+0x1ae>
10003450:	2478      	movs	r4, #120	@ 0x78
10003452:	f888 4000 	strb.w	r4, [r8]
10003456:	2430      	movs	r4, #48	@ 0x30
10003458:	f888 4001 	strb.w	r4, [r8, #1]
1000345c:	2402      	movs	r4, #2
1000345e:	f1ba 0f00 	cmp.w	sl, #0
10003462:	d099      	beq.n	10003398 <_ntoa_format+0xd0>
10003464:	e7aa      	b.n	100033bc <_ntoa_format+0xf4>
10003466:	2c20      	cmp	r4, #32
10003468:	f43f af73 	beq.w	10003352 <_ntoa_format+0x8a>
1000346c:	2678      	movs	r6, #120	@ 0x78
1000346e:	f808 6004 	strb.w	r6, [r8, r4]
10003472:	3401      	adds	r4, #1
10003474:	e76b      	b.n	1000334e <_ntoa_format+0x86>
10003476:	2458      	movs	r4, #88	@ 0x58
10003478:	e7eb      	b.n	10003452 <_ntoa_format+0x18a>
1000347a:	2462      	movs	r4, #98	@ 0x62
1000347c:	e7e9      	b.n	10003452 <_ntoa_format+0x18a>
1000347e:	f017 0f20 	tst.w	r7, #32
10003482:	f1a4 0c02 	sub.w	ip, r4, #2
10003486:	d004      	beq.n	10003492 <_ntoa_format+0x1ca>
10003488:	f04f 0e58 	mov.w	lr, #88	@ 0x58
1000348c:	f808 e00c 	strb.w	lr, [r8, ip]
10003490:	e78b      	b.n	100033aa <_ntoa_format+0xe2>
10003492:	f04f 0e78 	mov.w	lr, #120	@ 0x78
10003496:	f808 e00c 	strb.w	lr, [r8, ip]
1000349a:	e786      	b.n	100033aa <_ntoa_format+0xe2>

1000349c <_out_char>:
1000349c:	b900      	cbnz	r0, 100034a0 <_out_char+0x4>
1000349e:	4770      	bx	lr
100034a0:	f001 bb52 	b.w	10004b48 <__wrap_putchar>
100034a4:	0000      	movs	r0, r0
	...

100034a8 <_ftoa>:
100034a8:	e92d 4ff0 	stmdb	sp!, {r4, r5, r6, r7, r8, r9, sl, fp, lr}
100034ac:	b097      	sub	sp, #92	@ 0x5c
100034ae:	ed9d 7b20 	vldr	d7, [sp, #128]	@ 0x80
100034b2:	e9dd 5b22 	ldrd	r5, fp, [sp, #136]	@ 0x88
100034b6:	4607      	mov	r7, r0
100034b8:	4688      	mov	r8, r1
100034ba:	ec51 0b17 	vmov	r0, r1, d7
100034be:	9c24      	ldr	r4, [sp, #144]	@ 0x90
100034c0:	4699      	mov	r9, r3
100034c2:	920c      	str	r2, [sp, #48]	@ 0x30
100034c4:	460b      	mov	r3, r1
100034c6:	4602      	mov	r2, r0
100034c8:	ed8d 7b04 	vstr	d7, [sp, #16]
100034cc:	9407      	str	r4, [sp, #28]
100034ce:	f7ff fe35 	bl	1000313c <__wrap___aeabi_dcmpun>
100034d2:	2800      	cmp	r0, #0
100034d4:	f040 81f4 	bne.w	100038c0 <_ftoa+0x418>
100034d8:	e9dd 0104 	ldrd	r0, r1, [sp, #16]
100034dc:	f04f 32ff 	mov.w	r2, #4294967295
100034e0:	f46f 1380 	mvn.w	r3, #1048576	@ 0x100000
100034e4:	f7ff fe3c 	bl	10003160 <__wrap___aeabi_dcmplt>
100034e8:	2800      	cmp	r0, #0
100034ea:	f040 811b 	bne.w	10003724 <_ftoa+0x27c>
100034ee:	e9dd 0104 	ldrd	r0, r1, [sp, #16]
100034f2:	f04f 32ff 	mov.w	r2, #4294967295
100034f6:	4bac      	ldr	r3, [pc, #688]	@ (100037a8 <_ftoa+0x300>)
100034f8:	f7ff fe6e 	bl	100031d8 <__wrap___aeabi_dcmpgt>
100034fc:	2800      	cmp	r0, #0
100034fe:	f040 80ee 	bne.w	100036de <_ftoa+0x236>
10003502:	e9dd 0104 	ldrd	r0, r1, [sp, #16]
10003506:	a3a4      	add	r3, pc, #656	@ (adr r3, 10003798 <_ftoa+0x2f0>)
10003508:	e9d3 2300 	ldrd	r2, r3, [r3]
1000350c:	f7ff fe64 	bl	100031d8 <__wrap___aeabi_dcmpgt>
10003510:	2800      	cmp	r0, #0
10003512:	f040 80d3 	bne.w	100036bc <_ftoa+0x214>
10003516:	e9dd 0104 	ldrd	r0, r1, [sp, #16]
1000351a:	a3a1      	add	r3, pc, #644	@ (adr r3, 100037a0 <_ftoa+0x2f8>)
1000351c:	e9d3 2300 	ldrd	r2, r3, [r3]
10003520:	f7ff fe1e 	bl	10003160 <__wrap___aeabi_dcmplt>
10003524:	2800      	cmp	r0, #0
10003526:	f040 80c9 	bne.w	100036bc <_ftoa+0x214>
1000352a:	e9dd 0104 	ldrd	r0, r1, [sp, #16]
1000352e:	2200      	movs	r2, #0
10003530:	2300      	movs	r3, #0
10003532:	f7ff fe15 	bl	10003160 <__wrap___aeabi_dcmplt>
10003536:	2800      	cmp	r0, #0
10003538:	f040 80e8 	bne.w	1000370c <_ftoa+0x264>
1000353c:	4623      	mov	r3, r4
1000353e:	900d      	str	r0, [sp, #52]	@ 0x34
10003540:	f413 6f80 	tst.w	r3, #1024	@ 0x400
10003544:	bf08      	it	eq
10003546:	2506      	moveq	r5, #6
10003548:	2130      	movs	r1, #48	@ 0x30
1000354a:	462b      	mov	r3, r5
1000354c:	aa0e      	add	r2, sp, #56	@ 0x38
1000354e:	f1a5 0620 	sub.w	r6, r5, #32
10003552:	e005      	b.n	10003560 <_ftoa+0xb8>
10003554:	3b01      	subs	r3, #1
10003556:	42b3      	cmp	r3, r6
10003558:	f802 1b01 	strb.w	r1, [r2], #1
1000355c:	f000 8193 	beq.w	10003886 <_ftoa+0x3de>
10003560:	2b09      	cmp	r3, #9
10003562:	d8f7      	bhi.n	10003554 <_ftoa+0xac>
10003564:	461e      	mov	r6, r3
10003566:	1aed      	subs	r5, r5, r3
10003568:	e9dd 0104 	ldrd	r0, r1, [sp, #16]
1000356c:	f7ff fdc2 	bl	100030f4 <__wrap___aeabi_d2iz>
10003570:	4b8e      	ldr	r3, [pc, #568]	@ (100037ac <_ftoa+0x304>)
10003572:	4604      	mov	r4, r0
10003574:	eb03 03c6 	add.w	r3, r3, r6, lsl #3
10003578:	ed93 7b00 	vldr	d7, [r3]
1000357c:	ed8d 7b08 	vstr	d7, [sp, #32]
10003580:	f7ff fd94 	bl	100030ac <__wrap___aeabi_i2d>
10003584:	4602      	mov	r2, r0
10003586:	460b      	mov	r3, r1
10003588:	e9dd 0104 	ldrd	r0, r1, [sp, #16]
1000358c:	f7ff fd06 	bl	10002f9c <__wrap___aeabi_dsub>
10003590:	e9dd 2308 	ldrd	r2, r3, [sp, #32]
10003594:	f7ff fd16 	bl	10002fc4 <__wrap___aeabi_dmul>
10003598:	4602      	mov	r2, r0
1000359a:	460b      	mov	r3, r1
1000359c:	e9cd 230a 	strd	r2, r3, [sp, #40]	@ 0x28
100035a0:	f7ff fdba 	bl	10003118 <__wrap___aeabi_d2uiz>
100035a4:	4682      	mov	sl, r0
100035a6:	f7ff fd93 	bl	100030d0 <__wrap___aeabi_ui2d>
100035aa:	4602      	mov	r2, r0
100035ac:	460b      	mov	r3, r1
100035ae:	e9dd 010a 	ldrd	r0, r1, [sp, #40]	@ 0x28
100035b2:	f7ff fcf3 	bl	10002f9c <__wrap___aeabi_dsub>
100035b6:	4602      	mov	r2, r0
100035b8:	460b      	mov	r3, r1
100035ba:	e9cd 230a 	strd	r2, r3, [sp, #40]	@ 0x28
100035be:	2200      	movs	r2, #0
100035c0:	4b7b      	ldr	r3, [pc, #492]	@ (100037b0 <_ftoa+0x308>)
100035c2:	f7ff fe09 	bl	100031d8 <__wrap___aeabi_dcmpgt>
100035c6:	2800      	cmp	r0, #0
100035c8:	f000 80fe 	beq.w	100037c8 <_ftoa+0x320>
100035cc:	f10a 0a01 	add.w	sl, sl, #1
100035d0:	4650      	mov	r0, sl
100035d2:	f7ff fd7d 	bl	100030d0 <__wrap___aeabi_ui2d>
100035d6:	4602      	mov	r2, r0
100035d8:	460b      	mov	r3, r1
100035da:	e9dd 0108 	ldrd	r0, r1, [sp, #32]
100035de:	f7ff fdd3 	bl	10003188 <__wrap___aeabi_dcmple>
100035e2:	b110      	cbz	r0, 100035ea <_ftoa+0x142>
100035e4:	f04f 0a00 	mov.w	sl, #0
100035e8:	3401      	adds	r4, #1
100035ea:	2e00      	cmp	r6, #0
100035ec:	f000 80fd 	beq.w	100037ea <_ftoa+0x342>
100035f0:	1e68      	subs	r0, r5, #1
100035f2:	ab0e      	add	r3, sp, #56	@ 0x38
100035f4:	f8df c1cc 	ldr.w	ip, [pc, #460]	@ 100037c4 <_ftoa+0x31c>
100035f8:	4418      	add	r0, r3
100035fa:	e00f      	b.n	1000361c <_ftoa+0x174>
100035fc:	fbac 210a 	umull	r2, r1, ip, sl
10003600:	08c9      	lsrs	r1, r1, #3
10003602:	eb01 0281 	add.w	r2, r1, r1, lsl #2
10003606:	ebaa 0242 	sub.w	r2, sl, r2, lsl #1
1000360a:	3230      	adds	r2, #48	@ 0x30
1000360c:	f1ba 0f09 	cmp.w	sl, #9
10003610:	f800 2f01 	strb.w	r2, [r0, #1]!
10003614:	f240 811c 	bls.w	10003850 <_ftoa+0x3a8>
10003618:	468a      	mov	sl, r1
1000361a:	461d      	mov	r5, r3
1000361c:	2d20      	cmp	r5, #32
1000361e:	f105 0301 	add.w	r3, r5, #1
10003622:	f106 36ff 	add.w	r6, r6, #4294967295
10003626:	d1e9      	bne.n	100035fc <_ftoa+0x154>
10003628:	2520      	movs	r5, #32
1000362a:	1e69      	subs	r1, r5, #1
1000362c:	ab0e      	add	r3, sp, #56	@ 0x38
1000362e:	4861      	ldr	r0, [pc, #388]	@ (100037b4 <_ftoa+0x30c>)
10003630:	4419      	add	r1, r3
10003632:	e010      	b.n	10003656 <_ftoa+0x1ae>
10003634:	fb80 6204 	smull	r6, r2, r0, r4
10003638:	ebc3 03a2 	rsb	r3, r3, r2, asr #2
1000363c:	eb03 0283 	add.w	r2, r3, r3, lsl #2
10003640:	eba4 0442 	sub.w	r4, r4, r2, lsl #1
10003644:	f104 0230 	add.w	r2, r4, #48	@ 0x30
10003648:	3501      	adds	r5, #1
1000364a:	461c      	mov	r4, r3
1000364c:	f801 2f01 	strb.w	r2, [r1, #1]!
10003650:	2b00      	cmp	r3, #0
10003652:	f000 80eb 	beq.w	1000382c <_ftoa+0x384>
10003656:	2d20      	cmp	r5, #32
10003658:	ea4f 73e4 	mov.w	r3, r4, asr #31
1000365c:	d1ea      	bne.n	10003634 <_ftoa+0x18c>
1000365e:	9b07      	ldr	r3, [sp, #28]
10003660:	f003 0303 	and.w	r3, r3, #3
10003664:	2b01      	cmp	r3, #1
10003666:	d118      	bne.n	1000369a <_ftoa+0x1f2>
10003668:	f1bb 0f00 	cmp.w	fp, #0
1000366c:	d015      	beq.n	1000369a <_ftoa+0x1f2>
1000366e:	9b0d      	ldr	r3, [sp, #52]	@ 0x34
10003670:	2b00      	cmp	r3, #0
10003672:	f000 810a 	beq.w	1000388a <_ftoa+0x3e2>
10003676:	f10b 3bff 	add.w	fp, fp, #4294967295
1000367a:	f1bb 0f20 	cmp.w	fp, #32
1000367e:	d90c      	bls.n	1000369a <_ftoa+0x1f2>
10003680:	1e6b      	subs	r3, r5, #1
10003682:	a90e      	add	r1, sp, #56	@ 0x38
10003684:	2230      	movs	r2, #48	@ 0x30
10003686:	440b      	add	r3, r1
10003688:	e005      	b.n	10003696 <_ftoa+0x1ee>
1000368a:	3501      	adds	r5, #1
1000368c:	455d      	cmp	r5, fp
1000368e:	f803 2f01 	strb.w	r2, [r3, #1]!
10003692:	f080 80d1 	bcs.w	10003838 <_ftoa+0x390>
10003696:	2d20      	cmp	r5, #32
10003698:	d1f7      	bne.n	1000368a <_ftoa+0x1e2>
1000369a:	9b07      	ldr	r3, [sp, #28]
1000369c:	ac0e      	add	r4, sp, #56	@ 0x38
1000369e:	e9cd b302 	strd	fp, r3, [sp, #8]
100036a2:	4641      	mov	r1, r8
100036a4:	464b      	mov	r3, r9
100036a6:	4638      	mov	r0, r7
100036a8:	9a0c      	ldr	r2, [sp, #48]	@ 0x30
100036aa:	9501      	str	r5, [sp, #4]
100036ac:	9400      	str	r4, [sp, #0]
100036ae:	f7ff fdbd 	bl	1000322c <_out_rev>
100036b2:	4682      	mov	sl, r0
100036b4:	4650      	mov	r0, sl
100036b6:	b017      	add	sp, #92	@ 0x5c
100036b8:	e8bd 8ff0 	ldmia.w	sp!, {r4, r5, r6, r7, r8, r9, sl, fp, pc}
100036bc:	9b07      	ldr	r3, [sp, #28]
100036be:	ed9d 7b04 	vldr	d7, [sp, #16]
100036c2:	e9cd b323 	strd	fp, r3, [sp, #140]	@ 0x8c
100036c6:	4641      	mov	r1, r8
100036c8:	464b      	mov	r3, r9
100036ca:	4638      	mov	r0, r7
100036cc:	9a0c      	ldr	r2, [sp, #48]	@ 0x30
100036ce:	ed8d 7b20 	vstr	d7, [sp, #128]	@ 0x80
100036d2:	9522      	str	r5, [sp, #136]	@ 0x88
100036d4:	b017      	add	sp, #92	@ 0x5c
100036d6:	e8bd 4ff0 	ldmia.w	sp!, {r4, r5, r6, r7, r8, r9, sl, fp, lr}
100036da:	f000 b945 	b.w	10003968 <_etoa>
100036de:	0761      	lsls	r1, r4, #29
100036e0:	4623      	mov	r3, r4
100036e2:	bf4c      	ite	mi
100036e4:	2304      	movmi	r3, #4
100036e6:	2303      	movpl	r3, #3
100036e8:	4641      	mov	r1, r8
100036ea:	9321      	str	r3, [sp, #132]	@ 0x84
100036ec:	4638      	mov	r0, r7
100036ee:	464b      	mov	r3, r9
100036f0:	9a07      	ldr	r2, [sp, #28]
100036f2:	bf48      	it	mi
100036f4:	4c30      	ldrmi	r4, [pc, #192]	@ (100037b8 <_ftoa+0x310>)
100036f6:	e9cd b222 	strd	fp, r2, [sp, #136]	@ 0x88
100036fa:	bf58      	it	pl
100036fc:	4c2f      	ldrpl	r4, [pc, #188]	@ (100037bc <_ftoa+0x314>)
100036fe:	9a0c      	ldr	r2, [sp, #48]	@ 0x30
10003700:	9420      	str	r4, [sp, #128]	@ 0x80
10003702:	b017      	add	sp, #92	@ 0x5c
10003704:	e8bd 4ff0 	ldmia.w	sp!, {r4, r5, r6, r7, r8, r9, sl, fp, lr}
10003708:	f7ff bd90 	b.w	1000322c <_out_rev>
1000370c:	e9dd 2304 	ldrd	r2, r3, [sp, #16]
10003710:	2000      	movs	r0, #0
10003712:	2100      	movs	r1, #0
10003714:	f7ff fc42 	bl	10002f9c <__wrap___aeabi_dsub>
10003718:	2301      	movs	r3, #1
1000371a:	e9cd 0104 	strd	r0, r1, [sp, #16]
1000371e:	930d      	str	r3, [sp, #52]	@ 0x34
10003720:	4623      	mov	r3, r4
10003722:	e70d      	b.n	10003540 <_ftoa+0x98>
10003724:	4623      	mov	r3, r4
10003726:	079c      	lsls	r4, r3, #30
10003728:	f040 80aa 	bne.w	10003880 <_ftoa+0x3d8>
1000372c:	f1bb 0f04 	cmp.w	fp, #4
10003730:	f240 80a6 	bls.w	10003880 <_ftoa+0x3d8>
10003734:	9b0c      	ldr	r3, [sp, #48]	@ 0x30
10003736:	461d      	mov	r5, r3
10003738:	1f1c      	subs	r4, r3, #4
1000373a:	eb04 0a0b 	add.w	sl, r4, fp
1000373e:	462a      	mov	r2, r5
10003740:	464b      	mov	r3, r9
10003742:	4641      	mov	r1, r8
10003744:	2020      	movs	r0, #32
10003746:	3501      	adds	r5, #1
10003748:	47b8      	blx	r7
1000374a:	45aa      	cmp	sl, r5
1000374c:	d1f7      	bne.n	1000373e <_ftoa+0x296>
1000374e:	4655      	mov	r5, sl
10003750:	4c1b      	ldr	r4, [pc, #108]	@ (100037c0 <_ftoa+0x318>)
10003752:	1f26      	subs	r6, r4, #4
10003754:	f814 0d01 	ldrb.w	r0, [r4, #-1]!
10003758:	462a      	mov	r2, r5
1000375a:	464b      	mov	r3, r9
1000375c:	4641      	mov	r1, r8
1000375e:	47b8      	blx	r7
10003760:	42b4      	cmp	r4, r6
10003762:	f105 0501 	add.w	r5, r5, #1
10003766:	d1f5      	bne.n	10003754 <_ftoa+0x2ac>
10003768:	9b07      	ldr	r3, [sp, #28]
1000376a:	f10a 0a04 	add.w	sl, sl, #4
1000376e:	0798      	lsls	r0, r3, #30
10003770:	d5a0      	bpl.n	100036b4 <_ftoa+0x20c>
10003772:	9c0c      	ldr	r4, [sp, #48]	@ 0x30
10003774:	ebaa 0304 	sub.w	r3, sl, r4
10003778:	459b      	cmp	fp, r3
1000377a:	d99b      	bls.n	100036b4 <_ftoa+0x20c>
1000377c:	4652      	mov	r2, sl
1000377e:	464b      	mov	r3, r9
10003780:	4641      	mov	r1, r8
10003782:	2020      	movs	r0, #32
10003784:	f10a 0a01 	add.w	sl, sl, #1
10003788:	47b8      	blx	r7
1000378a:	ebaa 0304 	sub.w	r3, sl, r4
1000378e:	455b      	cmp	r3, fp
10003790:	d3f4      	bcc.n	1000377c <_ftoa+0x2d4>
10003792:	e78f      	b.n	100036b4 <_ftoa+0x20c>
10003794:	f3af 8000 	nop.w
10003798:	00000000 	.word	0x00000000
1000379c:	41cdcd65 	.word	0x41cdcd65
100037a0:	00000000 	.word	0x00000000
100037a4:	c1cdcd65 	.word	0xc1cdcd65
100037a8:	7fefffff 	.word	0x7fefffff
100037ac:	1000b010 	.word	0x1000b010
100037b0:	3fe00000 	.word	0x3fe00000
100037b4:	66666667 	.word	0x66666667
100037b8:	1000aee8 	.word	0x1000aee8
100037bc:	1000aef0 	.word	0x1000aef0
100037c0:	1000aefc 	.word	0x1000aefc
100037c4:	cccccccd 	.word	0xcccccccd
100037c8:	2200      	movs	r2, #0
100037ca:	e9dd 010a 	ldrd	r0, r1, [sp, #40]	@ 0x28
100037ce:	4b63      	ldr	r3, [pc, #396]	@ (1000395c <_ftoa+0x4b4>)
100037d0:	f7ff fcc6 	bl	10003160 <__wrap___aeabi_dcmplt>
100037d4:	2800      	cmp	r0, #0
100037d6:	f47f af08 	bne.w	100035ea <_ftoa+0x142>
100037da:	f1ba 0f00 	cmp.w	sl, #0
100037de:	d16a      	bne.n	100038b6 <_ftoa+0x40e>
100037e0:	f10a 0a01 	add.w	sl, sl, #1
100037e4:	2e00      	cmp	r6, #0
100037e6:	f47f af03 	bne.w	100035f0 <_ftoa+0x148>
100037ea:	4620      	mov	r0, r4
100037ec:	f7ff fc5e 	bl	100030ac <__wrap___aeabi_i2d>
100037f0:	4602      	mov	r2, r0
100037f2:	460b      	mov	r3, r1
100037f4:	e9dd 0104 	ldrd	r0, r1, [sp, #16]
100037f8:	f7ff fbd0 	bl	10002f9c <__wrap___aeabi_dsub>
100037fc:	4602      	mov	r2, r0
100037fe:	460b      	mov	r3, r1
10003800:	e9cd 2304 	strd	r2, r3, [sp, #16]
10003804:	2200      	movs	r2, #0
10003806:	4b55      	ldr	r3, [pc, #340]	@ (1000395c <_ftoa+0x4b4>)
10003808:	f7ff fcaa 	bl	10003160 <__wrap___aeabi_dcmplt>
1000380c:	2800      	cmp	r0, #0
1000380e:	f47f af0c 	bne.w	1000362a <_ftoa+0x182>
10003812:	e9dd 0104 	ldrd	r0, r1, [sp, #16]
10003816:	2200      	movs	r2, #0
10003818:	4b50      	ldr	r3, [pc, #320]	@ (1000395c <_ftoa+0x4b4>)
1000381a:	f7ff fcdd 	bl	100031d8 <__wrap___aeabi_dcmpgt>
1000381e:	2800      	cmp	r0, #0
10003820:	f47f af03 	bne.w	1000362a <_ftoa+0x182>
10003824:	3401      	adds	r4, #1
10003826:	f024 0401 	bic.w	r4, r4, #1
1000382a:	e6fe      	b.n	1000362a <_ftoa+0x182>
1000382c:	9b07      	ldr	r3, [sp, #28]
1000382e:	f003 0303 	and.w	r3, r3, #3
10003832:	2b01      	cmp	r3, #1
10003834:	f000 8082 	beq.w	1000393c <_ftoa+0x494>
10003838:	2d20      	cmp	r5, #32
1000383a:	f43f af2e 	beq.w	1000369a <_ftoa+0x1f2>
1000383e:	9b0d      	ldr	r3, [sp, #52]	@ 0x34
10003840:	b37b      	cbz	r3, 100038a2 <_ftoa+0x3fa>
10003842:	222d      	movs	r2, #45	@ 0x2d
10003844:	eb0d 0305 	add.w	r3, sp, r5
10003848:	f883 2038 	strb.w	r2, [r3, #56]	@ 0x38
1000384c:	3501      	adds	r5, #1
1000384e:	e724      	b.n	1000369a <_ftoa+0x1f2>
10003850:	2b20      	cmp	r3, #32
10003852:	f43f aee9 	beq.w	10003628 <_ftoa+0x180>
10003856:	aa0e      	add	r2, sp, #56	@ 0x38
10003858:	4415      	add	r5, r2
1000385a:	441e      	add	r6, r3
1000385c:	2230      	movs	r2, #48	@ 0x30
1000385e:	e004      	b.n	1000386a <_ftoa+0x3c2>
10003860:	2b20      	cmp	r3, #32
10003862:	f805 2f01 	strb.w	r2, [r5, #1]!
10003866:	f43f aedf 	beq.w	10003628 <_ftoa+0x180>
1000386a:	429e      	cmp	r6, r3
1000386c:	f103 0301 	add.w	r3, r3, #1
10003870:	d1f6      	bne.n	10003860 <_ftoa+0x3b8>
10003872:	222e      	movs	r2, #46	@ 0x2e
10003874:	eb0d 0306 	add.w	r3, sp, r6
10003878:	f883 2038 	strb.w	r2, [r3, #56]	@ 0x38
1000387c:	1c75      	adds	r5, r6, #1
1000387e:	e6d4      	b.n	1000362a <_ftoa+0x182>
10003880:	f8dd a030 	ldr.w	sl, [sp, #48]	@ 0x30
10003884:	e763      	b.n	1000374e <_ftoa+0x2a6>
10003886:	2520      	movs	r5, #32
10003888:	e66e      	b.n	10003568 <_ftoa+0xc0>
1000388a:	9b07      	ldr	r3, [sp, #28]
1000388c:	f013 0f0c 	tst.w	r3, #12
10003890:	d050      	beq.n	10003934 <_ftoa+0x48c>
10003892:	f10b 3bff 	add.w	fp, fp, #4294967295
10003896:	45ab      	cmp	fp, r5
10003898:	f63f aef2 	bhi.w	10003680 <_ftoa+0x1d8>
1000389c:	2d20      	cmp	r5, #32
1000389e:	f43f aefc 	beq.w	1000369a <_ftoa+0x1f2>
100038a2:	9b07      	ldr	r3, [sp, #28]
100038a4:	075a      	lsls	r2, r3, #29
100038a6:	d501      	bpl.n	100038ac <_ftoa+0x404>
100038a8:	222b      	movs	r2, #43	@ 0x2b
100038aa:	e7cb      	b.n	10003844 <_ftoa+0x39c>
100038ac:	071b      	lsls	r3, r3, #28
100038ae:	f57f aef4 	bpl.w	1000369a <_ftoa+0x1f2>
100038b2:	2220      	movs	r2, #32
100038b4:	e7c6      	b.n	10003844 <_ftoa+0x39c>
100038b6:	f01a 0f01 	tst.w	sl, #1
100038ba:	f43f ae96 	beq.w	100035ea <_ftoa+0x142>
100038be:	e78f      	b.n	100037e0 <_ftoa+0x338>
100038c0:	07a6      	lsls	r6, r4, #30
100038c2:	d134      	bne.n	1000392e <_ftoa+0x486>
100038c4:	f1bb 0f03 	cmp.w	fp, #3
100038c8:	d931      	bls.n	1000392e <_ftoa+0x486>
100038ca:	9b0c      	ldr	r3, [sp, #48]	@ 0x30
100038cc:	461d      	mov	r5, r3
100038ce:	1edc      	subs	r4, r3, #3
100038d0:	eb04 0a0b 	add.w	sl, r4, fp
100038d4:	462a      	mov	r2, r5
100038d6:	464b      	mov	r3, r9
100038d8:	4641      	mov	r1, r8
100038da:	2020      	movs	r0, #32
100038dc:	3501      	adds	r5, #1
100038de:	47b8      	blx	r7
100038e0:	4555      	cmp	r5, sl
100038e2:	d1f7      	bne.n	100038d4 <_ftoa+0x42c>
100038e4:	4655      	mov	r5, sl
100038e6:	4c1e      	ldr	r4, [pc, #120]	@ (10003960 <_ftoa+0x4b8>)
100038e8:	1ee6      	subs	r6, r4, #3
100038ea:	f814 0d01 	ldrb.w	r0, [r4, #-1]!
100038ee:	462a      	mov	r2, r5
100038f0:	464b      	mov	r3, r9
100038f2:	4641      	mov	r1, r8
100038f4:	47b8      	blx	r7
100038f6:	42a6      	cmp	r6, r4
100038f8:	f105 0501 	add.w	r5, r5, #1
100038fc:	d1f5      	bne.n	100038ea <_ftoa+0x442>
100038fe:	9b07      	ldr	r3, [sp, #28]
10003900:	f10a 0a03 	add.w	sl, sl, #3
10003904:	079d      	lsls	r5, r3, #30
10003906:	f57f aed5 	bpl.w	100036b4 <_ftoa+0x20c>
1000390a:	9c0c      	ldr	r4, [sp, #48]	@ 0x30
1000390c:	ebaa 0304 	sub.w	r3, sl, r4
10003910:	459b      	cmp	fp, r3
10003912:	f67f aecf 	bls.w	100036b4 <_ftoa+0x20c>
10003916:	4652      	mov	r2, sl
10003918:	464b      	mov	r3, r9
1000391a:	4641      	mov	r1, r8
1000391c:	2020      	movs	r0, #32
1000391e:	f10a 0a01 	add.w	sl, sl, #1
10003922:	47b8      	blx	r7
10003924:	ebaa 0304 	sub.w	r3, sl, r4
10003928:	459b      	cmp	fp, r3
1000392a:	d8f4      	bhi.n	10003916 <_ftoa+0x46e>
1000392c:	e6c2      	b.n	100036b4 <_ftoa+0x20c>
1000392e:	f8dd a030 	ldr.w	sl, [sp, #48]	@ 0x30
10003932:	e7d7      	b.n	100038e4 <_ftoa+0x43c>
10003934:	45ab      	cmp	fp, r5
10003936:	f63f aea3 	bhi.w	10003680 <_ftoa+0x1d8>
1000393a:	e6ae      	b.n	1000369a <_ftoa+0x1f2>
1000393c:	f1bb 0f00 	cmp.w	fp, #0
10003940:	f43f af7a 	beq.w	10003838 <_ftoa+0x390>
10003944:	9b0d      	ldr	r3, [sp, #52]	@ 0x34
10003946:	2b00      	cmp	r3, #0
10003948:	d09f      	beq.n	1000388a <_ftoa+0x3e2>
1000394a:	f10b 3bff 	add.w	fp, fp, #4294967295
1000394e:	455d      	cmp	r5, fp
10003950:	f4ff ae96 	bcc.w	10003680 <_ftoa+0x1d8>
10003954:	2d20      	cmp	r5, #32
10003956:	f47f af74 	bne.w	10003842 <_ftoa+0x39a>
1000395a:	e69e      	b.n	1000369a <_ftoa+0x1f2>
1000395c:	3fe00000 	.word	0x3fe00000
10003960:	1000aef7 	.word	0x1000aef7
10003964:	00000000 	.word	0x00000000

10003968 <_etoa>:
10003968:	e92d 4ff0 	stmdb	sp!, {r4, r5, r6, r7, r8, r9, sl, fp, lr}
1000396c:	b09f      	sub	sp, #124	@ 0x7c
1000396e:	9e2a      	ldr	r6, [sp, #168]	@ 0xa8
10003970:	e9dd 4528 	ldrd	r4, r5, [sp, #160]	@ 0xa0
10003974:	4607      	mov	r7, r0
10003976:	4693      	mov	fp, r2
10003978:	9108      	str	r1, [sp, #32]
1000397a:	9309      	str	r3, [sp, #36]	@ 0x24
1000397c:	4622      	mov	r2, r4
1000397e:	462b      	mov	r3, r5
10003980:	4620      	mov	r0, r4
10003982:	4629      	mov	r1, r5
10003984:	960e      	str	r6, [sp, #56]	@ 0x38
10003986:	e9dd a62b 	ldrd	sl, r6, [sp, #172]	@ 0xac
1000398a:	f7ff fbd7 	bl	1000313c <__wrap___aeabi_dcmpun>
1000398e:	2800      	cmp	r0, #0
10003990:	f040 80be 	bne.w	10003b10 <_etoa+0x1a8>
10003994:	4620      	mov	r0, r4
10003996:	4629      	mov	r1, r5
10003998:	f04f 32ff 	mov.w	r2, #4294967295
1000399c:	4b78      	ldr	r3, [pc, #480]	@ (10003b80 <_etoa+0x218>)
1000399e:	f7ff fc1b 	bl	100031d8 <__wrap___aeabi_dcmpgt>
100039a2:	2800      	cmp	r0, #0
100039a4:	f040 80b4 	bne.w	10003b10 <_etoa+0x1a8>
100039a8:	4620      	mov	r0, r4
100039aa:	4629      	mov	r1, r5
100039ac:	f04f 32ff 	mov.w	r2, #4294967295
100039b0:	f46f 1380 	mvn.w	r3, #1048576	@ 0x100000
100039b4:	f7ff fbd4 	bl	10003160 <__wrap___aeabi_dcmplt>
100039b8:	2800      	cmp	r0, #0
100039ba:	f040 80a9 	bne.w	10003b10 <_etoa+0x1a8>
100039be:	4620      	mov	r0, r4
100039c0:	4629      	mov	r1, r5
100039c2:	2200      	movs	r2, #0
100039c4:	2300      	movs	r3, #0
100039c6:	f7ff fbcb 	bl	10003160 <__wrap___aeabi_dcmplt>
100039ca:	2800      	cmp	r0, #0
100039cc:	f040 81d5 	bne.w	10003d7a <_etoa+0x412>
100039d0:	e9cd 450a 	strd	r4, r5, [sp, #40]	@ 0x28
100039d4:	e9dd 230a 	ldrd	r2, r3, [sp, #40]	@ 0x28
100039d8:	4690      	mov	r8, r2
100039da:	4699      	mov	r9, r3
100039dc:	f406 6200 	and.w	r2, r6, #2048	@ 0x800
100039e0:	f416 6380 	ands.w	r3, r6, #1024	@ 0x400
100039e4:	920f      	str	r2, [sp, #60]	@ 0x3c
100039e6:	9313      	str	r3, [sp, #76]	@ 0x4c
100039e8:	f040 80a1 	bne.w	10003b2e <_etoa+0x1c6>
100039ec:	ea58 0309 	orrs.w	r3, r8, r9
100039f0:	f040 80ca 	bne.w	10003b88 <_etoa+0x220>
100039f4:	2a00      	cmp	r2, #0
100039f6:	f040 81e3 	bne.w	10003dc0 <_etoa+0x458>
100039fa:	2306      	movs	r3, #6
100039fc:	930e      	str	r3, [sp, #56]	@ 0x38
100039fe:	f016 0202 	ands.w	r2, r6, #2
10003a02:	9210      	str	r2, [sp, #64]	@ 0x40
10003a04:	f040 81d4 	bne.w	10003db0 <_etoa+0x448>
10003a08:	4653      	mov	r3, sl
10003a0a:	2b04      	cmp	r3, #4
10003a0c:	bf38      	it	cc
10003a0e:	2304      	movcc	r3, #4
10003a10:	920c      	str	r2, [sp, #48]	@ 0x30
10003a12:	2204      	movs	r2, #4
10003a14:	3b04      	subs	r3, #4
10003a16:	9212      	str	r2, [sp, #72]	@ 0x48
10003a18:	930f      	str	r3, [sp, #60]	@ 0x3c
10003a1a:	4620      	mov	r0, r4
10003a1c:	4629      	mov	r1, r5
10003a1e:	2200      	movs	r2, #0
10003a20:	2300      	movs	r3, #0
10003a22:	f7ff fb9d 	bl	10003160 <__wrap___aeabi_dcmplt>
10003a26:	2800      	cmp	r0, #0
10003a28:	f040 81f3 	bne.w	10003e12 <_etoa+0x4aa>
10003a2c:	ed9d 7b0a 	vldr	d7, [sp, #40]	@ 0x28
10003a30:	9b0f      	ldr	r3, [sp, #60]	@ 0x3c
10003a32:	465a      	mov	r2, fp
10003a34:	9303      	str	r3, [sp, #12]
10003a36:	9b0e      	ldr	r3, [sp, #56]	@ 0x38
10003a38:	ed8d 7b00 	vstr	d7, [sp]
10003a3c:	9302      	str	r3, [sp, #8]
10003a3e:	f426 6300 	bic.w	r3, r6, #2048	@ 0x800
10003a42:	9304      	str	r3, [sp, #16]
10003a44:	4638      	mov	r0, r7
10003a46:	9b09      	ldr	r3, [sp, #36]	@ 0x24
10003a48:	9908      	ldr	r1, [sp, #32]
10003a4a:	f7ff fd2d 	bl	100034a8 <_ftoa>
10003a4e:	4602      	mov	r2, r0
10003a50:	f016 0f20 	tst.w	r6, #32
10003a54:	9b09      	ldr	r3, [sp, #36]	@ 0x24
10003a56:	9908      	ldr	r1, [sp, #32]
10003a58:	bf0c      	ite	eq
10003a5a:	2065      	moveq	r0, #101	@ 0x65
10003a5c:	2045      	movne	r0, #69	@ 0x45
10003a5e:	f102 0801 	add.w	r8, r2, #1
10003a62:	47b8      	blx	r7
10003a64:	9a0c      	ldr	r2, [sp, #48]	@ 0x30
10003a66:	9b12      	ldr	r3, [sp, #72]	@ 0x48
10003a68:	ac16      	add	r4, sp, #88	@ 0x58
10003a6a:	1e5d      	subs	r5, r3, #1
10003a6c:	ea82 73e2 	eor.w	r3, r2, r2, asr #31
10003a70:	eba3 73e2 	sub.w	r3, r3, r2, asr #31
10003a74:	0fd1      	lsrs	r1, r2, #31
10003a76:	2600      	movs	r6, #0
10003a78:	4622      	mov	r2, r4
10003a7a:	4699      	mov	r9, r3
10003a7c:	f8df c104 	ldr.w	ip, [pc, #260]	@ 10003b84 <_etoa+0x21c>
10003a80:	e001      	b.n	10003a86 <_etoa+0x11e>
10003a82:	2e20      	cmp	r6, #32
10003a84:	d010      	beq.n	10003aa8 <_etoa+0x140>
10003a86:	46ce      	mov	lr, r9
10003a88:	fbac 3009 	umull	r3, r0, ip, r9
10003a8c:	08c0      	lsrs	r0, r0, #3
10003a8e:	eb00 0380 	add.w	r3, r0, r0, lsl #2
10003a92:	eba9 0343 	sub.w	r3, r9, r3, lsl #1
10003a96:	3330      	adds	r3, #48	@ 0x30
10003a98:	f1be 0f09 	cmp.w	lr, #9
10003a9c:	4681      	mov	r9, r0
10003a9e:	f106 0601 	add.w	r6, r6, #1
10003aa2:	f802 3b01 	strb.w	r3, [r2], #1
10003aa6:	d8ec      	bhi.n	10003a82 <_etoa+0x11a>
10003aa8:	2305      	movs	r3, #5
10003aaa:	2000      	movs	r0, #0
10003aac:	9306      	str	r3, [sp, #24]
10003aae:	230a      	movs	r3, #10
10003ab0:	9505      	str	r5, [sp, #20]
10003ab2:	9400      	str	r4, [sp, #0]
10003ab4:	9d09      	ldr	r5, [sp, #36]	@ 0x24
10003ab6:	9c08      	ldr	r4, [sp, #32]
10003ab8:	4642      	mov	r2, r8
10003aba:	e9cd 3003 	strd	r3, r0, [sp, #12]
10003abe:	e9cd 6101 	strd	r6, r1, [sp, #4]
10003ac2:	462b      	mov	r3, r5
10003ac4:	4621      	mov	r1, r4
10003ac6:	4638      	mov	r0, r7
10003ac8:	f7ff fbfe 	bl	100032c8 <_ntoa_format>
10003acc:	9a10      	ldr	r2, [sp, #64]	@ 0x40
10003ace:	4680      	mov	r8, r0
10003ad0:	b1d2      	cbz	r2, 10003b08 <_etoa+0x1a0>
10003ad2:	eba0 060b 	sub.w	r6, r0, fp
10003ad6:	45b2      	cmp	sl, r6
10003ad8:	d916      	bls.n	10003b08 <_etoa+0x1a0>
10003ada:	eb0b 0206 	add.w	r2, fp, r6
10003ade:	462b      	mov	r3, r5
10003ae0:	4621      	mov	r1, r4
10003ae2:	2020      	movs	r0, #32
10003ae4:	3601      	adds	r6, #1
10003ae6:	47b8      	blx	r7
10003ae8:	45b2      	cmp	sl, r6
10003aea:	d8f6      	bhi.n	10003ada <_etoa+0x172>
10003aec:	f10b 33ff 	add.w	r3, fp, #4294967295
10003af0:	4453      	add	r3, sl
10003af2:	f1cb 0201 	rsb	r2, fp, #1
10003af6:	eba3 0308 	sub.w	r3, r3, r8
10003afa:	4442      	add	r2, r8
10003afc:	4592      	cmp	sl, r2
10003afe:	bf38      	it	cc
10003b00:	2300      	movcc	r3, #0
10003b02:	f108 0801 	add.w	r8, r8, #1
10003b06:	4498      	add	r8, r3
10003b08:	4640      	mov	r0, r8
10003b0a:	b01f      	add	sp, #124	@ 0x7c
10003b0c:	e8bd 8ff0 	ldmia.w	sp!, {r4, r5, r6, r7, r8, r9, sl, fp, pc}
10003b10:	465a      	mov	r2, fp
10003b12:	4638      	mov	r0, r7
10003b14:	e9cd 4528 	strd	r4, r5, [sp, #160]	@ 0xa0
10003b18:	e9cd a62b 	strd	sl, r6, [sp, #172]	@ 0xac
10003b1c:	9c0e      	ldr	r4, [sp, #56]	@ 0x38
10003b1e:	9b09      	ldr	r3, [sp, #36]	@ 0x24
10003b20:	9908      	ldr	r1, [sp, #32]
10003b22:	942a      	str	r4, [sp, #168]	@ 0xa8
10003b24:	b01f      	add	sp, #124	@ 0x7c
10003b26:	e8bd 4ff0 	ldmia.w	sp!, {r4, r5, r6, r7, r8, r9, sl, fp, lr}
10003b2a:	f7ff bcbd 	b.w	100034a8 <_ftoa>
10003b2e:	ea58 0309 	orrs.w	r3, r8, r9
10003b32:	d12b      	bne.n	10003b8c <_etoa+0x224>
10003b34:	2a00      	cmp	r2, #0
10003b36:	f43f af62 	beq.w	100039fe <_etoa+0x96>
10003b3a:	2300      	movs	r3, #0
10003b3c:	930c      	str	r3, [sp, #48]	@ 0x30
10003b3e:	9b0e      	ldr	r3, [sp, #56]	@ 0x38
10003b40:	9a0c      	ldr	r2, [sp, #48]	@ 0x30
10003b42:	4293      	cmp	r3, r2
10003b44:	f300 81b9 	bgt.w	10003eba <_etoa+0x552>
10003b48:	f04f 0800 	mov.w	r8, #0
10003b4c:	4620      	mov	r0, r4
10003b4e:	4629      	mov	r1, r5
10003b50:	2200      	movs	r2, #0
10003b52:	2300      	movs	r3, #0
10003b54:	f7ff fb04 	bl	10003160 <__wrap___aeabi_dcmplt>
10003b58:	2800      	cmp	r0, #0
10003b5a:	f040 8113 	bne.w	10003d84 <_etoa+0x41c>
10003b5e:	ed9d 7b0a 	vldr	d7, [sp, #40]	@ 0x28
10003b62:	f426 6600 	bic.w	r6, r6, #2048	@ 0x800
10003b66:	f446 6680 	orr.w	r6, r6, #1024	@ 0x400
10003b6a:	ed8d 7b28 	vstr	d7, [sp, #160]	@ 0xa0
10003b6e:	465a      	mov	r2, fp
10003b70:	4638      	mov	r0, r7
10003b72:	e9cd 8a2a 	strd	r8, sl, [sp, #168]	@ 0xa8
10003b76:	9b09      	ldr	r3, [sp, #36]	@ 0x24
10003b78:	9908      	ldr	r1, [sp, #32]
10003b7a:	962c      	str	r6, [sp, #176]	@ 0xb0
10003b7c:	e7d2      	b.n	10003b24 <_etoa+0x1bc>
10003b7e:	bf00      	nop
10003b80:	7fefffff 	.word	0x7fefffff
10003b84:	cccccccd 	.word	0xcccccccd
10003b88:	2306      	movs	r3, #6
10003b8a:	930e      	str	r3, [sp, #56]	@ 0x38
10003b8c:	f3c9 500a 	ubfx	r0, r9, #20, #11
10003b90:	f2a0 30ff 	subw	r0, r0, #1023	@ 0x3ff
10003b94:	f7ff fa8a 	bl	100030ac <__wrap___aeabi_i2d>
10003b98:	a3c1      	add	r3, pc, #772	@ (adr r3, 10003ea0 <_etoa+0x538>)
10003b9a:	e9d3 2300 	ldrd	r2, r3, [r3]
10003b9e:	f7ff fa11 	bl	10002fc4 <__wrap___aeabi_dmul>
10003ba2:	a3c1      	add	r3, pc, #772	@ (adr r3, 10003ea8 <_etoa+0x540>)
10003ba4:	e9d3 2300 	ldrd	r2, r3, [r3]
10003ba8:	f7ff f9e4 	bl	10002f74 <__wrap___aeabi_dadd>
10003bac:	f3c9 0913 	ubfx	r9, r9, #0, #20
10003bb0:	e9cd 010c 	strd	r0, r1, [sp, #48]	@ 0x30
10003bb4:	f049 517f 	orr.w	r1, r9, #1069547520	@ 0x3fc00000
10003bb8:	4640      	mov	r0, r8
10003bba:	2200      	movs	r2, #0
10003bbc:	4bb2      	ldr	r3, [pc, #712]	@ (10003e88 <_etoa+0x520>)
10003bbe:	f441 1140 	orr.w	r1, r1, #3145728	@ 0x300000
10003bc2:	f7ff f9eb 	bl	10002f9c <__wrap___aeabi_dsub>
10003bc6:	a3a4      	add	r3, pc, #656	@ (adr r3, 10003e58 <_etoa+0x4f0>)
10003bc8:	e9d3 2300 	ldrd	r2, r3, [r3]
10003bcc:	f7ff f9fa 	bl	10002fc4 <__wrap___aeabi_dmul>
10003bd0:	4602      	mov	r2, r0
10003bd2:	460b      	mov	r3, r1
10003bd4:	e9dd 010c 	ldrd	r0, r1, [sp, #48]	@ 0x30
10003bd8:	f7ff f9cc 	bl	10002f74 <__wrap___aeabi_dadd>
10003bdc:	f7ff fa8a 	bl	100030f4 <__wrap___aeabi_d2iz>
10003be0:	900c      	str	r0, [sp, #48]	@ 0x30
10003be2:	f7ff fa63 	bl	100030ac <__wrap___aeabi_i2d>
10003be6:	a39e      	add	r3, pc, #632	@ (adr r3, 10003e60 <_etoa+0x4f8>)
10003be8:	e9d3 2300 	ldrd	r2, r3, [r3]
10003bec:	4680      	mov	r8, r0
10003bee:	4689      	mov	r9, r1
10003bf0:	f7ff f9e8 	bl	10002fc4 <__wrap___aeabi_dmul>
10003bf4:	2200      	movs	r2, #0
10003bf6:	4ba5      	ldr	r3, [pc, #660]	@ (10003e8c <_etoa+0x524>)
10003bf8:	f7ff f9bc 	bl	10002f74 <__wrap___aeabi_dadd>
10003bfc:	f7ff fa7a 	bl	100030f4 <__wrap___aeabi_d2iz>
10003c00:	4603      	mov	r3, r0
10003c02:	4649      	mov	r1, r9
10003c04:	4640      	mov	r0, r8
10003c06:	9312      	str	r3, [sp, #72]	@ 0x48
10003c08:	a397      	add	r3, pc, #604	@ (adr r3, 10003e68 <_etoa+0x500>)
10003c0a:	e9d3 2300 	ldrd	r2, r3, [r3]
10003c0e:	f7ff f9d9 	bl	10002fc4 <__wrap___aeabi_dmul>
10003c12:	4680      	mov	r8, r0
10003c14:	9812      	ldr	r0, [sp, #72]	@ 0x48
10003c16:	4689      	mov	r9, r1
10003c18:	f7ff fa48 	bl	100030ac <__wrap___aeabi_i2d>
10003c1c:	a394      	add	r3, pc, #592	@ (adr r3, 10003e70 <_etoa+0x508>)
10003c1e:	e9d3 2300 	ldrd	r2, r3, [r3]
10003c22:	f7ff f9cf 	bl	10002fc4 <__wrap___aeabi_dmul>
10003c26:	4602      	mov	r2, r0
10003c28:	460b      	mov	r3, r1
10003c2a:	4640      	mov	r0, r8
10003c2c:	4649      	mov	r1, r9
10003c2e:	f7ff f9b5 	bl	10002f9c <__wrap___aeabi_dsub>
10003c32:	4602      	mov	r2, r0
10003c34:	460b      	mov	r3, r1
10003c36:	4680      	mov	r8, r0
10003c38:	4689      	mov	r9, r1
10003c3a:	f7ff f9c3 	bl	10002fc4 <__wrap___aeabi_dmul>
10003c3e:	4642      	mov	r2, r8
10003c40:	464b      	mov	r3, r9
10003c42:	e9cd 0110 	strd	r0, r1, [sp, #64]	@ 0x40
10003c46:	4640      	mov	r0, r8
10003c48:	4649      	mov	r1, r9
10003c4a:	f7ff f993 	bl	10002f74 <__wrap___aeabi_dadd>
10003c4e:	2200      	movs	r2, #0
10003c50:	e9cd 0114 	strd	r0, r1, [sp, #80]	@ 0x50
10003c54:	e9dd 0110 	ldrd	r0, r1, [sp, #64]	@ 0x40
10003c58:	4b8d      	ldr	r3, [pc, #564]	@ (10003e90 <_etoa+0x528>)
10003c5a:	f7ff f9d9 	bl	10003010 <__wrap___aeabi_ddiv>
10003c5e:	2200      	movs	r2, #0
10003c60:	4b8c      	ldr	r3, [pc, #560]	@ (10003e94 <_etoa+0x52c>)
10003c62:	f7ff f987 	bl	10002f74 <__wrap___aeabi_dadd>
10003c66:	4602      	mov	r2, r0
10003c68:	460b      	mov	r3, r1
10003c6a:	e9dd 0110 	ldrd	r0, r1, [sp, #64]	@ 0x40
10003c6e:	f7ff f9cf 	bl	10003010 <__wrap___aeabi_ddiv>
10003c72:	2200      	movs	r2, #0
10003c74:	4b88      	ldr	r3, [pc, #544]	@ (10003e98 <_etoa+0x530>)
10003c76:	f7ff f97d 	bl	10002f74 <__wrap___aeabi_dadd>
10003c7a:	4602      	mov	r2, r0
10003c7c:	460b      	mov	r3, r1
10003c7e:	e9dd 0110 	ldrd	r0, r1, [sp, #64]	@ 0x40
10003c82:	f7ff f9c5 	bl	10003010 <__wrap___aeabi_ddiv>
10003c86:	4642      	mov	r2, r8
10003c88:	464b      	mov	r3, r9
10003c8a:	4680      	mov	r8, r0
10003c8c:	4689      	mov	r9, r1
10003c8e:	2000      	movs	r0, #0
10003c90:	f04f 4180 	mov.w	r1, #1073741824	@ 0x40000000
10003c94:	f7ff f982 	bl	10002f9c <__wrap___aeabi_dsub>
10003c98:	4602      	mov	r2, r0
10003c9a:	460b      	mov	r3, r1
10003c9c:	4640      	mov	r0, r8
10003c9e:	4649      	mov	r1, r9
10003ca0:	f7ff f968 	bl	10002f74 <__wrap___aeabi_dadd>
10003ca4:	4602      	mov	r2, r0
10003ca6:	460b      	mov	r3, r1
10003ca8:	e9dd 0114 	ldrd	r0, r1, [sp, #80]	@ 0x50
10003cac:	f7ff f9b0 	bl	10003010 <__wrap___aeabi_ddiv>
10003cb0:	2200      	movs	r2, #0
10003cb2:	4b7a      	ldr	r3, [pc, #488]	@ (10003e9c <_etoa+0x534>)
10003cb4:	f7ff f95e 	bl	10002f74 <__wrap___aeabi_dadd>
10003cb8:	9b12      	ldr	r3, [sp, #72]	@ 0x48
10003cba:	2200      	movs	r2, #0
10003cbc:	f203 3cff 	addw	ip, r3, #1023	@ 0x3ff
10003cc0:	ea4f 530c 	mov.w	r3, ip, lsl #20
10003cc4:	f7ff f97e 	bl	10002fc4 <__wrap___aeabi_dmul>
10003cc8:	4680      	mov	r8, r0
10003cca:	4689      	mov	r9, r1
10003ccc:	e9dd 010a 	ldrd	r0, r1, [sp, #40]	@ 0x28
10003cd0:	4642      	mov	r2, r8
10003cd2:	464b      	mov	r3, r9
10003cd4:	f7ff fa44 	bl	10003160 <__wrap___aeabi_dcmplt>
10003cd8:	b150      	cbz	r0, 10003cf0 <_etoa+0x388>
10003cda:	9b0c      	ldr	r3, [sp, #48]	@ 0x30
10003cdc:	4640      	mov	r0, r8
10003cde:	3b01      	subs	r3, #1
10003ce0:	4649      	mov	r1, r9
10003ce2:	930c      	str	r3, [sp, #48]	@ 0x30
10003ce4:	2200      	movs	r2, #0
10003ce6:	4b6b      	ldr	r3, [pc, #428]	@ (10003e94 <_etoa+0x52c>)
10003ce8:	f7ff f992 	bl	10003010 <__wrap___aeabi_ddiv>
10003cec:	4680      	mov	r8, r0
10003cee:	4689      	mov	r9, r1
10003cf0:	9a0c      	ldr	r2, [sp, #48]	@ 0x30
10003cf2:	4643      	mov	r3, r8
10003cf4:	3263      	adds	r2, #99	@ 0x63
10003cf6:	2ac6      	cmp	r2, #198	@ 0xc6
10003cf8:	f006 0202 	and.w	r2, r6, #2
10003cfc:	9210      	str	r2, [sp, #64]	@ 0x40
10003cfe:	4649      	mov	r1, r9
10003d00:	9a0f      	ldr	r2, [sp, #60]	@ 0x3c
10003d02:	d82c      	bhi.n	10003d5e <_etoa+0x3f6>
10003d04:	2a00      	cmp	r2, #0
10003d06:	d05e      	beq.n	10003dc6 <_etoa+0x45e>
10003d08:	2204      	movs	r2, #4
10003d0a:	9212      	str	r2, [sp, #72]	@ 0x48
10003d0c:	430b      	orrs	r3, r1
10003d0e:	f43f af16 	beq.w	10003b3e <_etoa+0x1d6>
10003d12:	e9dd 010a 	ldrd	r0, r1, [sp, #40]	@ 0x28
10003d16:	a358      	add	r3, pc, #352	@ (adr r3, 10003e78 <_etoa+0x510>)
10003d18:	e9d3 2300 	ldrd	r2, r3, [r3]
10003d1c:	f7ff fa48 	bl	100031b0 <__wrap___aeabi_dcmpge>
10003d20:	b148      	cbz	r0, 10003d36 <_etoa+0x3ce>
10003d22:	e9dd 010a 	ldrd	r0, r1, [sp, #40]	@ 0x28
10003d26:	a356      	add	r3, pc, #344	@ (adr r3, 10003e80 <_etoa+0x518>)
10003d28:	e9d3 2300 	ldrd	r2, r3, [r3]
10003d2c:	f7ff fa18 	bl	10003160 <__wrap___aeabi_dcmplt>
10003d30:	2800      	cmp	r0, #0
10003d32:	f47f af04 	bne.w	10003b3e <_etoa+0x1d6>
10003d36:	9b0e      	ldr	r3, [sp, #56]	@ 0x38
10003d38:	2b00      	cmp	r3, #0
10003d3a:	d050      	beq.n	10003dde <_etoa+0x476>
10003d3c:	9a13      	ldr	r2, [sp, #76]	@ 0x4c
10003d3e:	2a00      	cmp	r2, #0
10003d40:	d07d      	beq.n	10003e3e <_etoa+0x4d6>
10003d42:	3b01      	subs	r3, #1
10003d44:	930e      	str	r3, [sp, #56]	@ 0x38
10003d46:	9b12      	ldr	r3, [sp, #72]	@ 0x48
10003d48:	459a      	cmp	sl, r3
10003d4a:	d905      	bls.n	10003d58 <_etoa+0x3f0>
10003d4c:	9b10      	ldr	r3, [sp, #64]	@ 0x40
10003d4e:	2b00      	cmp	r3, #0
10003d50:	f000 80ae 	beq.w	10003eb0 <_etoa+0x548>
10003d54:	2302      	movs	r3, #2
10003d56:	9310      	str	r3, [sp, #64]	@ 0x40
10003d58:	2300      	movs	r3, #0
10003d5a:	930f      	str	r3, [sp, #60]	@ 0x3c
10003d5c:	e044      	b.n	10003de8 <_etoa+0x480>
10003d5e:	bb22      	cbnz	r2, 10003daa <_etoa+0x442>
10003d60:	f1ba 0f05 	cmp.w	sl, #5
10003d64:	d94f      	bls.n	10003e06 <_etoa+0x49e>
10003d66:	f006 0302 	and.w	r3, r6, #2
10003d6a:	2b00      	cmp	r3, #0
10003d6c:	d149      	bne.n	10003e02 <_etoa+0x49a>
10003d6e:	2305      	movs	r3, #5
10003d70:	9312      	str	r3, [sp, #72]	@ 0x48
10003d72:	f1aa 0305 	sub.w	r3, sl, #5
10003d76:	930f      	str	r3, [sp, #60]	@ 0x3c
10003d78:	e03a      	b.n	10003df0 <_etoa+0x488>
10003d7a:	f105 4300 	add.w	r3, r5, #2147483648	@ 0x80000000
10003d7e:	940a      	str	r4, [sp, #40]	@ 0x28
10003d80:	930b      	str	r3, [sp, #44]	@ 0x2c
10003d82:	e627      	b.n	100039d4 <_etoa+0x6c>
10003d84:	f426 6600 	bic.w	r6, r6, #2048	@ 0x800
10003d88:	f446 6680 	orr.w	r6, r6, #1024	@ 0x400
10003d8c:	4638      	mov	r0, r7
10003d8e:	962c      	str	r6, [sp, #176]	@ 0xb0
10003d90:	e9dd 670a 	ldrd	r6, r7, [sp, #40]	@ 0x28
10003d94:	4634      	mov	r4, r6
10003d96:	f107 4500 	add.w	r5, r7, #2147483648	@ 0x80000000
10003d9a:	465a      	mov	r2, fp
10003d9c:	e9cd 8a2a 	strd	r8, sl, [sp, #168]	@ 0xa8
10003da0:	e9cd 4528 	strd	r4, r5, [sp, #160]	@ 0xa0
10003da4:	9b09      	ldr	r3, [sp, #36]	@ 0x24
10003da6:	9908      	ldr	r1, [sp, #32]
10003da8:	e6bc      	b.n	10003b24 <_etoa+0x1bc>
10003daa:	2205      	movs	r2, #5
10003dac:	9212      	str	r2, [sp, #72]	@ 0x48
10003dae:	e7ad      	b.n	10003d0c <_etoa+0x3a4>
10003db0:	2300      	movs	r3, #0
10003db2:	2202      	movs	r2, #2
10003db4:	e9cd 320f 	strd	r3, r2, [sp, #60]	@ 0x3c
10003db8:	2204      	movs	r2, #4
10003dba:	930c      	str	r3, [sp, #48]	@ 0x30
10003dbc:	9212      	str	r2, [sp, #72]	@ 0x48
10003dbe:	e62c      	b.n	10003a1a <_etoa+0xb2>
10003dc0:	f04f 0805 	mov.w	r8, #5
10003dc4:	e6c2      	b.n	10003b4c <_etoa+0x1e4>
10003dc6:	f1ba 0f04 	cmp.w	sl, #4
10003dca:	d91f      	bls.n	10003e0c <_etoa+0x4a4>
10003dcc:	9b10      	ldr	r3, [sp, #64]	@ 0x40
10003dce:	2b00      	cmp	r3, #0
10003dd0:	d178      	bne.n	10003ec4 <_etoa+0x55c>
10003dd2:	2304      	movs	r3, #4
10003dd4:	9312      	str	r3, [sp, #72]	@ 0x48
10003dd6:	f1aa 0304 	sub.w	r3, sl, #4
10003dda:	930f      	str	r3, [sp, #60]	@ 0x3c
10003ddc:	e004      	b.n	10003de8 <_etoa+0x480>
10003dde:	9b12      	ldr	r3, [sp, #72]	@ 0x48
10003de0:	459a      	cmp	sl, r3
10003de2:	d831      	bhi.n	10003e48 <_etoa+0x4e0>
10003de4:	9b0e      	ldr	r3, [sp, #56]	@ 0x38
10003de6:	930f      	str	r3, [sp, #60]	@ 0x3c
10003de8:	9b0c      	ldr	r3, [sp, #48]	@ 0x30
10003dea:	2b00      	cmp	r3, #0
10003dec:	f43f ae15 	beq.w	10003a1a <_etoa+0xb2>
10003df0:	e9dd 010a 	ldrd	r0, r1, [sp, #40]	@ 0x28
10003df4:	4642      	mov	r2, r8
10003df6:	464b      	mov	r3, r9
10003df8:	f7ff f90a 	bl	10003010 <__wrap___aeabi_ddiv>
10003dfc:	e9cd 010a 	strd	r0, r1, [sp, #40]	@ 0x28
10003e00:	e60b      	b.n	10003a1a <_etoa+0xb2>
10003e02:	2302      	movs	r3, #2
10003e04:	9310      	str	r3, [sp, #64]	@ 0x40
10003e06:	2305      	movs	r3, #5
10003e08:	9312      	str	r3, [sp, #72]	@ 0x48
10003e0a:	e7f1      	b.n	10003df0 <_etoa+0x488>
10003e0c:	2304      	movs	r3, #4
10003e0e:	9312      	str	r3, [sp, #72]	@ 0x48
10003e10:	e7ea      	b.n	10003de8 <_etoa+0x480>
10003e12:	e9dd 450a 	ldrd	r4, r5, [sp, #40]	@ 0x28
10003e16:	46a0      	mov	r8, r4
10003e18:	9b0f      	ldr	r3, [sp, #60]	@ 0x3c
10003e1a:	f105 4900 	add.w	r9, r5, #2147483648	@ 0x80000000
10003e1e:	9303      	str	r3, [sp, #12]
10003e20:	9b0e      	ldr	r3, [sp, #56]	@ 0x38
10003e22:	465a      	mov	r2, fp
10003e24:	9302      	str	r3, [sp, #8]
10003e26:	f426 6300 	bic.w	r3, r6, #2048	@ 0x800
10003e2a:	9304      	str	r3, [sp, #16]
10003e2c:	4638      	mov	r0, r7
10003e2e:	e9cd 8900 	strd	r8, r9, [sp]
10003e32:	9b09      	ldr	r3, [sp, #36]	@ 0x24
10003e34:	9908      	ldr	r1, [sp, #32]
10003e36:	f7ff fb37 	bl	100034a8 <_ftoa>
10003e3a:	4602      	mov	r2, r0
10003e3c:	e608      	b.n	10003a50 <_etoa+0xe8>
10003e3e:	9b12      	ldr	r3, [sp, #72]	@ 0x48
10003e40:	459a      	cmp	sl, r3
10003e42:	d844      	bhi.n	10003ece <_etoa+0x566>
10003e44:	920f      	str	r2, [sp, #60]	@ 0x3c
10003e46:	e7cf      	b.n	10003de8 <_etoa+0x480>
10003e48:	9b10      	ldr	r3, [sp, #64]	@ 0x40
10003e4a:	b38b      	cbz	r3, 10003eb0 <_etoa+0x548>
10003e4c:	9b0e      	ldr	r3, [sp, #56]	@ 0x38
10003e4e:	930f      	str	r3, [sp, #60]	@ 0x3c
10003e50:	2302      	movs	r3, #2
10003e52:	9310      	str	r3, [sp, #64]	@ 0x40
10003e54:	e7c8      	b.n	10003de8 <_etoa+0x480>
10003e56:	bf00      	nop
10003e58:	636f4361 	.word	0x636f4361
10003e5c:	3fd287a7 	.word	0x3fd287a7
10003e60:	0979a371 	.word	0x0979a371
10003e64:	400a934f 	.word	0x400a934f
10003e68:	bbb55516 	.word	0xbbb55516
10003e6c:	40026bb1 	.word	0x40026bb1
10003e70:	fefa39ef 	.word	0xfefa39ef
10003e74:	3fe62e42 	.word	0x3fe62e42
10003e78:	eb1c432d 	.word	0xeb1c432d
10003e7c:	3f1a36e2 	.word	0x3f1a36e2
10003e80:	00000000 	.word	0x00000000
10003e84:	412e8480 	.word	0x412e8480
10003e88:	3ff80000 	.word	0x3ff80000
10003e8c:	3fe00000 	.word	0x3fe00000
10003e90:	402c0000 	.word	0x402c0000
10003e94:	40240000 	.word	0x40240000
10003e98:	40180000 	.word	0x40180000
10003e9c:	3ff00000 	.word	0x3ff00000
10003ea0:	509f79fb 	.word	0x509f79fb
10003ea4:	3fd34413 	.word	0x3fd34413
10003ea8:	8b60c8b3 	.word	0x8b60c8b3
10003eac:	3fc68a28 	.word	0x3fc68a28
10003eb0:	9b12      	ldr	r3, [sp, #72]	@ 0x48
10003eb2:	ebaa 0303 	sub.w	r3, sl, r3
10003eb6:	930f      	str	r3, [sp, #60]	@ 0x3c
10003eb8:	e796      	b.n	10003de8 <_etoa+0x480>
10003eba:	eba3 0802 	sub.w	r8, r3, r2
10003ebe:	f108 38ff 	add.w	r8, r8, #4294967295
10003ec2:	e643      	b.n	10003b4c <_etoa+0x1e4>
10003ec4:	2304      	movs	r3, #4
10003ec6:	9312      	str	r3, [sp, #72]	@ 0x48
10003ec8:	2302      	movs	r3, #2
10003eca:	9310      	str	r3, [sp, #64]	@ 0x40
10003ecc:	e78c      	b.n	10003de8 <_etoa+0x480>
10003ece:	9b10      	ldr	r3, [sp, #64]	@ 0x40
10003ed0:	2b00      	cmp	r3, #0
10003ed2:	d0ed      	beq.n	10003eb0 <_etoa+0x548>
10003ed4:	2302      	movs	r3, #2
10003ed6:	920f      	str	r2, [sp, #60]	@ 0x3c
10003ed8:	9310      	str	r3, [sp, #64]	@ 0x40
10003eda:	e785      	b.n	10003de8 <_etoa+0x480>

10003edc <_vsnprintf>:
10003edc:	e92d 4ff0 	stmdb	sp!, {r4, r5, r6, r7, r8, r9, sl, fp, lr}
10003ee0:	b09b      	sub	sp, #108	@ 0x6c
10003ee2:	9c24      	ldr	r4, [sp, #144]	@ 0x90
10003ee4:	4d95      	ldr	r5, [pc, #596]	@ (1000413c <_vsnprintf+0x260>)
10003ee6:	940a      	str	r4, [sp, #40]	@ 0x28
10003ee8:	4c95      	ldr	r4, [pc, #596]	@ (10004140 <_vsnprintf+0x264>)
10003eea:	f1b1 0a00 	subs.w	sl, r1, #0
10003eee:	bf18      	it	ne
10003ef0:	4683      	movne	fp, r0
10003ef2:	6025      	str	r5, [r4, #0]
10003ef4:	7818      	ldrb	r0, [r3, #0]
10003ef6:	4c93      	ldr	r4, [pc, #588]	@ (10004144 <_vsnprintf+0x268>)
10003ef8:	4691      	mov	r9, r2
10003efa:	bf08      	it	eq
10003efc:	46a3      	moveq	fp, r4
10003efe:	9309      	str	r3, [sp, #36]	@ 0x24
10003f00:	2800      	cmp	r0, #0
10003f02:	f000 8293 	beq.w	1000442c <_vsnprintf+0x550>
10003f06:	f04f 0800 	mov.w	r8, #0
10003f0a:	e00a      	b.n	10003f22 <_vsnprintf+0x46>
10003f0c:	4642      	mov	r2, r8
10003f0e:	464b      	mov	r3, r9
10003f10:	4651      	mov	r1, sl
10003f12:	f108 0801 	add.w	r8, r8, #1
10003f16:	47d8      	blx	fp
10003f18:	9b09      	ldr	r3, [sp, #36]	@ 0x24
10003f1a:	7818      	ldrb	r0, [r3, #0]
10003f1c:	2800      	cmp	r0, #0
10003f1e:	f000 80ce 	beq.w	100040be <_vsnprintf+0x1e2>
10003f22:	9b09      	ldr	r3, [sp, #36]	@ 0x24
10003f24:	2825      	cmp	r0, #37	@ 0x25
10003f26:	f103 0301 	add.w	r3, r3, #1
10003f2a:	9309      	str	r3, [sp, #36]	@ 0x24
10003f2c:	d1ee      	bne.n	10003f0c <_vsnprintf+0x30>
10003f2e:	461c      	mov	r4, r3
10003f30:	2300      	movs	r3, #0
10003f32:	4622      	mov	r2, r4
10003f34:	f812 0b01 	ldrb.w	r0, [r2], #1
10003f38:	f1a0 0120 	sub.w	r1, r0, #32
10003f3c:	2910      	cmp	r1, #16
10003f3e:	d80a      	bhi.n	10003f56 <_vsnprintf+0x7a>
10003f40:	e8df f001 	tbb	[pc, r1]
10003f44:	3c090940 	.word	0x3c090940
10003f48:	09090909 	.word	0x09090909
10003f4c:	38090909 	.word	0x38090909
10003f50:	09093409 	.word	0x09093409
10003f54:	30          	.byte	0x30
10003f55:	00          	.byte	0x00
10003f56:	f1a0 0130 	sub.w	r1, r0, #48	@ 0x30
10003f5a:	2909      	cmp	r1, #9
10003f5c:	9409      	str	r4, [sp, #36]	@ 0x24
10003f5e:	f240 808a 	bls.w	10004076 <_vsnprintf+0x19a>
10003f62:	282a      	cmp	r0, #42	@ 0x2a
10003f64:	f000 80f0 	beq.w	10004148 <_vsnprintf+0x26c>
10003f68:	2500      	movs	r5, #0
10003f6a:	282e      	cmp	r0, #46	@ 0x2e
10003f6c:	f000 8096 	beq.w	1000409c <_vsnprintf+0x1c0>
10003f70:	2600      	movs	r6, #0
10003f72:	f1a0 0168 	sub.w	r1, r0, #104	@ 0x68
10003f76:	2912      	cmp	r1, #18
10003f78:	d82d      	bhi.n	10003fd6 <_vsnprintf+0xfa>
10003f7a:	e8df f011 	tbh	[pc, r1, lsl #1]
10003f7e:	0149      	.short	0x0149
10003f80:	0143002c 	.word	0x0143002c
10003f84:	0138002c 	.word	0x0138002c
10003f88:	002c002c 	.word	0x002c002c
10003f8c:	002c002c 	.word	0x002c002c
10003f90:	002c002c 	.word	0x002c002c
10003f94:	0027002c 	.word	0x0027002c
10003f98:	002c002c 	.word	0x002c002c
10003f9c:	002c002c 	.word	0x002c002c
10003fa0:	0027002c 	.word	0x0027002c
10003fa4:	4614      	mov	r4, r2
10003fa6:	f043 0301 	orr.w	r3, r3, #1
10003faa:	e7c2      	b.n	10003f32 <_vsnprintf+0x56>
10003fac:	4614      	mov	r4, r2
10003fae:	f043 0302 	orr.w	r3, r3, #2
10003fb2:	e7be      	b.n	10003f32 <_vsnprintf+0x56>
10003fb4:	4614      	mov	r4, r2
10003fb6:	f043 0304 	orr.w	r3, r3, #4
10003fba:	e7ba      	b.n	10003f32 <_vsnprintf+0x56>
10003fbc:	4614      	mov	r4, r2
10003fbe:	f043 0310 	orr.w	r3, r3, #16
10003fc2:	e7b6      	b.n	10003f32 <_vsnprintf+0x56>
10003fc4:	4614      	mov	r4, r2
10003fc6:	f043 0308 	orr.w	r3, r3, #8
10003fca:	e7b2      	b.n	10003f32 <_vsnprintf+0x56>
10003fcc:	9909      	ldr	r1, [sp, #36]	@ 0x24
10003fce:	7848      	ldrb	r0, [r1, #1]
10003fd0:	f443 7380 	orr.w	r3, r3, #256	@ 0x100
10003fd4:	3201      	adds	r2, #1
10003fd6:	2867      	cmp	r0, #103	@ 0x67
10003fd8:	9209      	str	r2, [sp, #36]	@ 0x24
10003fda:	d87e      	bhi.n	100040da <_vsnprintf+0x1fe>
10003fdc:	2824      	cmp	r0, #36	@ 0x24
10003fde:	f240 80c1 	bls.w	10004164 <_vsnprintf+0x288>
10003fe2:	f1a0 0225 	sub.w	r2, r0, #37	@ 0x25
10003fe6:	2a42      	cmp	r2, #66	@ 0x42
10003fe8:	f200 80bc 	bhi.w	10004164 <_vsnprintf+0x288>
10003fec:	e8df f012 	tbh	[pc, r2, lsl #1]
10003ff0:	00ba0150 	.word	0x00ba0150
10003ff4:	00ba00ba 	.word	0x00ba00ba
10003ff8:	00ba00ba 	.word	0x00ba00ba
10003ffc:	00ba00ba 	.word	0x00ba00ba
10004000:	00ba00ba 	.word	0x00ba00ba
10004004:	00ba00ba 	.word	0x00ba00ba
10004008:	00ba00ba 	.word	0x00ba00ba
1000400c:	00ba00ba 	.word	0x00ba00ba
10004010:	00ba00ba 	.word	0x00ba00ba
10004014:	00ba00ba 	.word	0x00ba00ba
10004018:	00ba00ba 	.word	0x00ba00ba
1000401c:	00ba00ba 	.word	0x00ba00ba
10004020:	00ba00ba 	.word	0x00ba00ba
10004024:	00ba00ba 	.word	0x00ba00ba
10004028:	00ba00ba 	.word	0x00ba00ba
1000402c:	00ba00ba 	.word	0x00ba00ba
10004030:	01370119 	.word	0x01370119
10004034:	00ba0119 	.word	0x00ba0119
10004038:	00ba00ba 	.word	0x00ba00ba
1000403c:	00ba00ba 	.word	0x00ba00ba
10004040:	00ba00ba 	.word	0x00ba00ba
10004044:	00ba00ba 	.word	0x00ba00ba
10004048:	00ba00ba 	.word	0x00ba00ba
1000404c:	00ba00ba 	.word	0x00ba00ba
10004050:	00ba00ba 	.word	0x00ba00ba
10004054:	01bc00ba 	.word	0x01bc00ba
10004058:	00ba00ba 	.word	0x00ba00ba
1000405c:	00ba00ba 	.word	0x00ba00ba
10004060:	00ba00ba 	.word	0x00ba00ba
10004064:	00ba00ba 	.word	0x00ba00ba
10004068:	01bc00ba 	.word	0x01bc00ba
1000406c:	01bc0158 	.word	0x01bc0158
10004070:	01370119 	.word	0x01370119
10004074:	0119      	.short	0x0119
10004076:	2500      	movs	r5, #0
10004078:	e000      	b.n	1000407c <_vsnprintf+0x1a0>
1000407a:	3201      	adds	r2, #1
1000407c:	eb05 0585 	add.w	r5, r5, r5, lsl #2
10004080:	eb00 0545 	add.w	r5, r0, r5, lsl #1
10004084:	7810      	ldrb	r0, [r2, #0]
10004086:	3d30      	subs	r5, #48	@ 0x30
10004088:	f1a0 0130 	sub.w	r1, r0, #48	@ 0x30
1000408c:	2909      	cmp	r1, #9
1000408e:	d9f4      	bls.n	1000407a <_vsnprintf+0x19e>
10004090:	282e      	cmp	r0, #46	@ 0x2e
10004092:	9209      	str	r2, [sp, #36]	@ 0x24
10004094:	f102 0201 	add.w	r2, r2, #1
10004098:	f47f af6a 	bne.w	10003f70 <_vsnprintf+0x94>
1000409c:	9909      	ldr	r1, [sp, #36]	@ 0x24
1000409e:	f443 6380 	orr.w	r3, r3, #1024	@ 0x400
100040a2:	7848      	ldrb	r0, [r1, #1]
100040a4:	4611      	mov	r1, r2
100040a6:	f1a0 0630 	sub.w	r6, r0, #48	@ 0x30
100040aa:	2e09      	cmp	r6, #9
100040ac:	f240 8121 	bls.w	100042f2 <_vsnprintf+0x416>
100040b0:	282a      	cmp	r0, #42	@ 0x2a
100040b2:	f000 812f 	beq.w	10004314 <_vsnprintf+0x438>
100040b6:	9209      	str	r2, [sp, #36]	@ 0x24
100040b8:	2600      	movs	r6, #0
100040ba:	3201      	adds	r2, #1
100040bc:	e759      	b.n	10003f72 <_vsnprintf+0x96>
100040be:	4644      	mov	r4, r8
100040c0:	45c1      	cmp	r9, r8
100040c2:	d801      	bhi.n	100040c8 <_vsnprintf+0x1ec>
100040c4:	f109 38ff 	add.w	r8, r9, #4294967295
100040c8:	464b      	mov	r3, r9
100040ca:	4642      	mov	r2, r8
100040cc:	4651      	mov	r1, sl
100040ce:	2000      	movs	r0, #0
100040d0:	47d8      	blx	fp
100040d2:	4620      	mov	r0, r4
100040d4:	b01b      	add	sp, #108	@ 0x6c
100040d6:	e8bd 8ff0 	ldmia.w	sp!, {r4, r5, r6, r7, r8, r9, sl, fp, pc}
100040da:	f1a0 0269 	sub.w	r2, r0, #105	@ 0x69
100040de:	b2d2      	uxtb	r2, r2
100040e0:	2a0f      	cmp	r2, #15
100040e2:	d83f      	bhi.n	10004164 <_vsnprintf+0x288>
100040e4:	2101      	movs	r1, #1
100040e6:	f249 0741 	movw	r7, #36929	@ 0x9041
100040ea:	4091      	lsls	r1, r2
100040ec:	4039      	ands	r1, r7
100040ee:	f040 80f3 	bne.w	100042d8 <_vsnprintf+0x3fc>
100040f2:	2a0a      	cmp	r2, #10
100040f4:	d03d      	beq.n	10004172 <_vsnprintf+0x296>
100040f6:	2a07      	cmp	r2, #7
100040f8:	d134      	bne.n	10004164 <_vsnprintf+0x288>
100040fa:	9d0a      	ldr	r5, [sp, #40]	@ 0x28
100040fc:	f855 2b04 	ldr.w	r2, [r5], #4
10004100:	2a00      	cmp	r2, #0
10004102:	f000 8113 	beq.w	1000432c <_vsnprintf+0x450>
10004106:	f043 0021 	orr.w	r0, r3, #33	@ 0x21
1000410a:	ab12      	add	r3, sp, #72	@ 0x48
1000410c:	461f      	mov	r7, r3
1000410e:	930b      	str	r3, [sp, #44]	@ 0x2c
10004110:	e003      	b.n	1000411a <_vsnprintf+0x23e>
10004112:	2920      	cmp	r1, #32
10004114:	f000 8114 	beq.w	10004340 <_vsnprintf+0x464>
10004118:	461a      	mov	r2, r3
1000411a:	f002 040f 	and.w	r4, r2, #15
1000411e:	4623      	mov	r3, r4
10004120:	2c09      	cmp	r4, #9
10004122:	bf94      	ite	ls
10004124:	3330      	addls	r3, #48	@ 0x30
10004126:	3337      	addhi	r3, #55	@ 0x37
10004128:	2a0f      	cmp	r2, #15
1000412a:	f807 3b01 	strb.w	r3, [r7], #1
1000412e:	f101 0101 	add.w	r1, r1, #1
10004132:	ea4f 1312 	mov.w	r3, r2, lsr #4
10004136:	d8ec      	bhi.n	10004112 <_vsnprintf+0x236>
10004138:	e102      	b.n	10004340 <_vsnprintf+0x464>
1000413a:	bf00      	nop
1000413c:	10003edd 	.word	0x10003edd
10004140:	20002914 	.word	0x20002914
10004144:	10003229 	.word	0x10003229
10004148:	990a      	ldr	r1, [sp, #40]	@ 0x28
1000414a:	9809      	ldr	r0, [sp, #36]	@ 0x24
1000414c:	f851 5b04 	ldr.w	r5, [r1], #4
10004150:	7840      	ldrb	r0, [r0, #1]
10004152:	2d00      	cmp	r5, #0
10004154:	e9cd 2109 	strd	r2, r1, [sp, #36]	@ 0x24
10004158:	bfbc      	itt	lt
1000415a:	f043 0302 	orrlt.w	r3, r3, #2
1000415e:	426d      	neglt	r5, r5
10004160:	3201      	adds	r2, #1
10004162:	e702      	b.n	10003f6a <_vsnprintf+0x8e>
10004164:	4642      	mov	r2, r8
10004166:	464b      	mov	r3, r9
10004168:	4651      	mov	r1, sl
1000416a:	f108 0801 	add.w	r8, r8, #1
1000416e:	47d8      	blx	fp
10004170:	e6d2      	b.n	10003f18 <_vsnprintf+0x3c>
10004172:	990a      	ldr	r1, [sp, #40]	@ 0x28
10004174:	2e00      	cmp	r6, #0
10004176:	f851 7b04 	ldr.w	r7, [r1], #4
1000417a:	bf18      	it	ne
1000417c:	4632      	movne	r2, r6
1000417e:	7838      	ldrb	r0, [r7, #0]
10004180:	bf08      	it	eq
10004182:	f04f 32ff 	moveq.w	r2, #4294967295
10004186:	2800      	cmp	r0, #0
10004188:	f000 837b 	beq.w	10004882 <_vsnprintf+0x9a6>
1000418c:	18bc      	adds	r4, r7, r2
1000418e:	46a4      	mov	ip, r4
10004190:	463a      	mov	r2, r7
10004192:	e004      	b.n	1000419e <_vsnprintf+0x2c2>
10004194:	f812 4f01 	ldrb.w	r4, [r2, #1]!
10004198:	2c00      	cmp	r4, #0
1000419a:	f000 813f 	beq.w	1000441c <_vsnprintf+0x540>
1000419e:	4594      	cmp	ip, r2
100041a0:	d1f8      	bne.n	10004194 <_vsnprintf+0x2b8>
100041a2:	4664      	mov	r4, ip
100041a4:	1be4      	subs	r4, r4, r7
100041a6:	055a      	lsls	r2, r3, #21
100041a8:	f140 8122 	bpl.w	100043f0 <_vsnprintf+0x514>
100041ac:	42b4      	cmp	r4, r6
100041ae:	bf28      	it	cs
100041b0:	4634      	movcs	r4, r6
100041b2:	f013 0302 	ands.w	r3, r3, #2
100041b6:	f000 8288 	beq.w	100046ca <_vsnprintf+0x7ee>
100041ba:	2302      	movs	r3, #2
100041bc:	e9cd 510a 	strd	r5, r1, [sp, #40]	@ 0x28
100041c0:	4642      	mov	r2, r8
100041c2:	461d      	mov	r5, r3
100041c4:	4446      	add	r6, r8
100041c6:	e008      	b.n	100041da <_vsnprintf+0x2fe>
100041c8:	464b      	mov	r3, r9
100041ca:	4651      	mov	r1, sl
100041cc:	47d8      	blx	fp
100041ce:	f817 0f01 	ldrb.w	r0, [r7, #1]!
100041d2:	f108 0801 	add.w	r8, r8, #1
100041d6:	b110      	cbz	r0, 100041de <_vsnprintf+0x302>
100041d8:	4642      	mov	r2, r8
100041da:	4546      	cmp	r6, r8
100041dc:	d1f4      	bne.n	100041c8 <_vsnprintf+0x2ec>
100041de:	462b      	mov	r3, r5
100041e0:	990b      	ldr	r1, [sp, #44]	@ 0x2c
100041e2:	9d0a      	ldr	r5, [sp, #40]	@ 0x28
100041e4:	2b00      	cmp	r3, #0
100041e6:	f040 8141 	bne.w	1000446c <_vsnprintf+0x590>
100041ea:	910a      	str	r1, [sp, #40]	@ 0x28
100041ec:	e694      	b.n	10003f18 <_vsnprintf+0x3c>
100041ee:	9909      	ldr	r1, [sp, #36]	@ 0x24
100041f0:	7848      	ldrb	r0, [r1, #1]
100041f2:	286c      	cmp	r0, #108	@ 0x6c
100041f4:	f47f aeec 	bne.w	10003fd0 <_vsnprintf+0xf4>
100041f8:	460a      	mov	r2, r1
100041fa:	7888      	ldrb	r0, [r1, #2]
100041fc:	f443 7340 	orr.w	r3, r3, #768	@ 0x300
10004200:	3203      	adds	r2, #3
10004202:	e6e8      	b.n	10003fd6 <_vsnprintf+0xfa>
10004204:	9909      	ldr	r1, [sp, #36]	@ 0x24
10004206:	f443 7300 	orr.w	r3, r3, #512	@ 0x200
1000420a:	7848      	ldrb	r0, [r1, #1]
1000420c:	3201      	adds	r2, #1
1000420e:	e6e2      	b.n	10003fd6 <_vsnprintf+0xfa>
10004210:	9909      	ldr	r1, [sp, #36]	@ 0x24
10004212:	7848      	ldrb	r0, [r1, #1]
10004214:	2868      	cmp	r0, #104	@ 0x68
10004216:	f000 8103 	beq.w	10004420 <_vsnprintf+0x544>
1000421a:	f043 0380 	orr.w	r3, r3, #128	@ 0x80
1000421e:	3201      	adds	r2, #1
10004220:	e6d9      	b.n	10003fd6 <_vsnprintf+0xfa>
10004222:	2867      	cmp	r0, #103	@ 0x67
10004224:	f000 80d9 	beq.w	100043da <_vsnprintf+0x4fe>
10004228:	2847      	cmp	r0, #71	@ 0x47
1000422a:	f000 80dc 	beq.w	100043e6 <_vsnprintf+0x50a>
1000422e:	2845      	cmp	r0, #69	@ 0x45
10004230:	f000 80db 	beq.w	100043ea <_vsnprintf+0x50e>
10004234:	e9cd 5303 	strd	r5, r3, [sp, #12]
10004238:	9b0a      	ldr	r3, [sp, #40]	@ 0x28
1000423a:	9602      	str	r6, [sp, #8]
1000423c:	3307      	adds	r3, #7
1000423e:	f023 0307 	bic.w	r3, r3, #7
10004242:	461c      	mov	r4, r3
10004244:	4642      	mov	r2, r8
10004246:	e8f4 6702 	ldrd	r6, r7, [r4], #8
1000424a:	464b      	mov	r3, r9
1000424c:	4651      	mov	r1, sl
1000424e:	4658      	mov	r0, fp
10004250:	e9cd 6700 	strd	r6, r7, [sp]
10004254:	940a      	str	r4, [sp, #40]	@ 0x28
10004256:	f7ff fb87 	bl	10003968 <_etoa>
1000425a:	4680      	mov	r8, r0
1000425c:	e65c      	b.n	10003f18 <_vsnprintf+0x3c>
1000425e:	2846      	cmp	r0, #70	@ 0x46
10004260:	bf08      	it	eq
10004262:	f043 0320 	orreq.w	r3, r3, #32
10004266:	e9cd 5303 	strd	r5, r3, [sp, #12]
1000426a:	9b0a      	ldr	r3, [sp, #40]	@ 0x28
1000426c:	9602      	str	r6, [sp, #8]
1000426e:	3307      	adds	r3, #7
10004270:	f023 0307 	bic.w	r3, r3, #7
10004274:	461c      	mov	r4, r3
10004276:	4642      	mov	r2, r8
10004278:	e8f4 6702 	ldrd	r6, r7, [r4], #8
1000427c:	464b      	mov	r3, r9
1000427e:	4651      	mov	r1, sl
10004280:	4658      	mov	r0, fp
10004282:	e9cd 6700 	strd	r6, r7, [sp]
10004286:	940a      	str	r4, [sp, #40]	@ 0x28
10004288:	f7ff f90e 	bl	100034a8 <_ftoa>
1000428c:	4680      	mov	r8, r0
1000428e:	e643      	b.n	10003f18 <_vsnprintf+0x3c>
10004290:	4642      	mov	r2, r8
10004292:	464b      	mov	r3, r9
10004294:	4651      	mov	r1, sl
10004296:	2025      	movs	r0, #37	@ 0x25
10004298:	f108 0801 	add.w	r8, r8, #1
1000429c:	47d8      	blx	fp
1000429e:	e63b      	b.n	10003f18 <_vsnprintf+0x3c>
100042a0:	9a0a      	ldr	r2, [sp, #40]	@ 0x28
100042a2:	0799      	lsls	r1, r3, #30
100042a4:	f102 0404 	add.w	r4, r2, #4
100042a8:	f108 0601 	add.w	r6, r8, #1
100042ac:	f140 80c6 	bpl.w	1000443c <_vsnprintf+0x560>
100042b0:	7810      	ldrb	r0, [r2, #0]
100042b2:	464b      	mov	r3, r9
100042b4:	4642      	mov	r2, r8
100042b6:	4651      	mov	r1, sl
100042b8:	47d8      	blx	fp
100042ba:	2d01      	cmp	r5, #1
100042bc:	bf88      	it	hi
100042be:	44a8      	addhi	r8, r5
100042c0:	f240 81bd 	bls.w	1000463e <_vsnprintf+0x762>
100042c4:	4632      	mov	r2, r6
100042c6:	464b      	mov	r3, r9
100042c8:	4651      	mov	r1, sl
100042ca:	2020      	movs	r0, #32
100042cc:	3601      	adds	r6, #1
100042ce:	47d8      	blx	fp
100042d0:	4546      	cmp	r6, r8
100042d2:	d1f7      	bne.n	100042c4 <_vsnprintf+0x3e8>
100042d4:	940a      	str	r4, [sp, #40]	@ 0x28
100042d6:	e61f      	b.n	10003f18 <_vsnprintf+0x3c>
100042d8:	286f      	cmp	r0, #111	@ 0x6f
100042da:	f000 8081 	beq.w	100043e0 <_vsnprintf+0x504>
100042de:	f240 8248 	bls.w	10004772 <_vsnprintf+0x896>
100042e2:	2878      	cmp	r0, #120	@ 0x78
100042e4:	f000 8190 	beq.w	10004608 <_vsnprintf+0x72c>
100042e8:	270a      	movs	r7, #10
100042ea:	f023 0310 	bic.w	r3, r3, #16
100042ee:	46bc      	mov	ip, r7
100042f0:	e041      	b.n	10004376 <_vsnprintf+0x49a>
100042f2:	2600      	movs	r6, #0
100042f4:	eb06 0686 	add.w	r6, r6, r6, lsl #2
100042f8:	eb00 0046 	add.w	r0, r0, r6, lsl #1
100042fc:	f1a0 0630 	sub.w	r6, r0, #48	@ 0x30
10004300:	f811 0f01 	ldrb.w	r0, [r1, #1]!
10004304:	f1a0 0230 	sub.w	r2, r0, #48	@ 0x30
10004308:	2a09      	cmp	r2, #9
1000430a:	d9f3      	bls.n	100042f4 <_vsnprintf+0x418>
1000430c:	460a      	mov	r2, r1
1000430e:	9109      	str	r1, [sp, #36]	@ 0x24
10004310:	3201      	adds	r2, #1
10004312:	e62e      	b.n	10003f72 <_vsnprintf+0x96>
10004314:	e9dd 2109 	ldrd	r2, r1, [sp, #36]	@ 0x24
10004318:	f851 6b04 	ldr.w	r6, [r1], #4
1000431c:	7890      	ldrb	r0, [r2, #2]
1000431e:	3202      	adds	r2, #2
10004320:	9209      	str	r2, [sp, #36]	@ 0x24
10004322:	910a      	str	r1, [sp, #40]	@ 0x28
10004324:	3201      	adds	r2, #1
10004326:	ea26 76e6 	bic.w	r6, r6, r6, asr #31
1000432a:	e622      	b.n	10003f72 <_vsnprintf+0x96>
1000432c:	f023 0010 	bic.w	r0, r3, #16
10004330:	f413 6280 	ands.w	r2, r3, #1024	@ 0x400
10004334:	f040 0021 	orr.w	r0, r0, #33	@ 0x21
10004338:	f43f aee7 	beq.w	1000410a <_vsnprintf+0x22e>
1000433c:	ab12      	add	r3, sp, #72	@ 0x48
1000433e:	930b      	str	r3, [sp, #44]	@ 0x2c
10004340:	9b0b      	ldr	r3, [sp, #44]	@ 0x2c
10004342:	9006      	str	r0, [sp, #24]
10004344:	9300      	str	r3, [sp, #0]
10004346:	2308      	movs	r3, #8
10004348:	2010      	movs	r0, #16
1000434a:	9305      	str	r3, [sp, #20]
1000434c:	2300      	movs	r3, #0
1000434e:	4642      	mov	r2, r8
10004350:	e9cd 3002 	strd	r3, r0, [sp, #8]
10004354:	9101      	str	r1, [sp, #4]
10004356:	464b      	mov	r3, r9
10004358:	4651      	mov	r1, sl
1000435a:	4658      	mov	r0, fp
1000435c:	9604      	str	r6, [sp, #16]
1000435e:	f7fe ffb3 	bl	100032c8 <_ntoa_format>
10004362:	950a      	str	r5, [sp, #40]	@ 0x28
10004364:	4680      	mov	r8, r0
10004366:	e5d7      	b.n	10003f18 <_vsnprintf+0x3c>
10004368:	2858      	cmp	r0, #88	@ 0x58
1000436a:	d062      	beq.n	10004432 <_vsnprintf+0x556>
1000436c:	2862      	cmp	r0, #98	@ 0x62
1000436e:	f040 808f 	bne.w	10004490 <_vsnprintf+0x5b4>
10004372:	2702      	movs	r7, #2
10004374:	46bc      	mov	ip, r7
10004376:	f413 6080 	ands.w	r0, r3, #1024	@ 0x400
1000437a:	f000 80dd 	beq.w	10004538 <_vsnprintf+0x65c>
1000437e:	f023 030d 	bic.w	r3, r3, #13
10004382:	f413 7200 	ands.w	r2, r3, #512	@ 0x200
10004386:	f040 8181 	bne.w	1000468c <_vsnprintf+0x7b0>
1000438a:	990a      	ldr	r1, [sp, #40]	@ 0x28
1000438c:	1d0f      	adds	r7, r1, #4
1000438e:	f413 7180 	ands.w	r1, r3, #256	@ 0x100
10004392:	f040 8237 	bne.w	10004804 <_vsnprintf+0x928>
10004396:	065c      	lsls	r4, r3, #25
10004398:	9a0a      	ldr	r2, [sp, #40]	@ 0x28
1000439a:	f140 813b 	bpl.w	10004614 <_vsnprintf+0x738>
1000439e:	7812      	ldrb	r2, [r2, #0]
100043a0:	2a00      	cmp	r2, #0
100043a2:	f040 814e 	bne.w	10004642 <_vsnprintf+0x766>
100043a6:	f023 0310 	bic.w	r3, r3, #16
100043aa:	2800      	cmp	r0, #0
100043ac:	f000 8149 	beq.w	10004642 <_vsnprintf+0x766>
100043b0:	4611      	mov	r1, r2
100043b2:	aa12      	add	r2, sp, #72	@ 0x48
100043b4:	920b      	str	r2, [sp, #44]	@ 0x2c
100043b6:	e9cd 5305 	strd	r5, r3, [sp, #20]
100043ba:	e9cd c603 	strd	ip, r6, [sp, #12]
100043be:	9101      	str	r1, [sp, #4]
100043c0:	9b0b      	ldr	r3, [sp, #44]	@ 0x2c
100043c2:	4642      	mov	r2, r8
100043c4:	9300      	str	r3, [sp, #0]
100043c6:	2300      	movs	r3, #0
100043c8:	4651      	mov	r1, sl
100043ca:	9302      	str	r3, [sp, #8]
100043cc:	4658      	mov	r0, fp
100043ce:	464b      	mov	r3, r9
100043d0:	f7fe ff7a 	bl	100032c8 <_ntoa_format>
100043d4:	970a      	str	r7, [sp, #40]	@ 0x28
100043d6:	4680      	mov	r8, r0
100043d8:	e59e      	b.n	10003f18 <_vsnprintf+0x3c>
100043da:	f443 6300 	orr.w	r3, r3, #2048	@ 0x800
100043de:	e729      	b.n	10004234 <_vsnprintf+0x358>
100043e0:	2708      	movs	r7, #8
100043e2:	46bc      	mov	ip, r7
100043e4:	e7c7      	b.n	10004376 <_vsnprintf+0x49a>
100043e6:	f443 6300 	orr.w	r3, r3, #2048	@ 0x800
100043ea:	f043 0320 	orr.w	r3, r3, #32
100043ee:	e721      	b.n	10004234 <_vsnprintf+0x358>
100043f0:	f013 0302 	ands.w	r3, r3, #2
100043f4:	f000 818e 	beq.w	10004714 <_vsnprintf+0x838>
100043f8:	2302      	movs	r3, #2
100043fa:	950a      	str	r5, [sp, #40]	@ 0x28
100043fc:	461e      	mov	r6, r3
100043fe:	460d      	mov	r5, r1
10004400:	4642      	mov	r2, r8
10004402:	464b      	mov	r3, r9
10004404:	4651      	mov	r1, sl
10004406:	47d8      	blx	fp
10004408:	f817 0f01 	ldrb.w	r0, [r7, #1]!
1000440c:	f108 0801 	add.w	r8, r8, #1
10004410:	2800      	cmp	r0, #0
10004412:	d1f5      	bne.n	10004400 <_vsnprintf+0x524>
10004414:	4629      	mov	r1, r5
10004416:	4633      	mov	r3, r6
10004418:	9d0a      	ldr	r5, [sp, #40]	@ 0x28
1000441a:	e6e3      	b.n	100041e4 <_vsnprintf+0x308>
1000441c:	1bd4      	subs	r4, r2, r7
1000441e:	e6c2      	b.n	100041a6 <_vsnprintf+0x2ca>
10004420:	460a      	mov	r2, r1
10004422:	7888      	ldrb	r0, [r1, #2]
10004424:	f043 03c0 	orr.w	r3, r3, #192	@ 0xc0
10004428:	3203      	adds	r2, #3
1000442a:	e5d4      	b.n	10003fd6 <_vsnprintf+0xfa>
1000442c:	4604      	mov	r4, r0
1000442e:	4680      	mov	r8, r0
10004430:	e646      	b.n	100040c0 <_vsnprintf+0x1e4>
10004432:	2710      	movs	r7, #16
10004434:	f043 0320 	orr.w	r3, r3, #32
10004438:	46bc      	mov	ip, r7
1000443a:	e79c      	b.n	10004376 <_vsnprintf+0x49a>
1000443c:	2d01      	cmp	r5, #1
1000443e:	f240 80f8 	bls.w	10004632 <_vsnprintf+0x756>
10004442:	4646      	mov	r6, r8
10004444:	f108 37ff 	add.w	r7, r8, #4294967295
10004448:	442f      	add	r7, r5
1000444a:	4632      	mov	r2, r6
1000444c:	464b      	mov	r3, r9
1000444e:	4651      	mov	r1, sl
10004450:	2020      	movs	r0, #32
10004452:	3601      	adds	r6, #1
10004454:	47d8      	blx	fp
10004456:	42be      	cmp	r6, r7
10004458:	d1f7      	bne.n	1000444a <_vsnprintf+0x56e>
1000445a:	9b0a      	ldr	r3, [sp, #40]	@ 0x28
1000445c:	4632      	mov	r2, r6
1000445e:	7818      	ldrb	r0, [r3, #0]
10004460:	4651      	mov	r1, sl
10004462:	464b      	mov	r3, r9
10004464:	47d8      	blx	fp
10004466:	44a8      	add	r8, r5
10004468:	940a      	str	r4, [sp, #40]	@ 0x28
1000446a:	e555      	b.n	10003f18 <_vsnprintf+0x3c>
1000446c:	4646      	mov	r6, r8
1000446e:	42a5      	cmp	r5, r4
10004470:	f67f aebb 	bls.w	100041ea <_vsnprintf+0x30e>
10004474:	44a8      	add	r8, r5
10004476:	eba8 0804 	sub.w	r8, r8, r4
1000447a:	460c      	mov	r4, r1
1000447c:	4632      	mov	r2, r6
1000447e:	464b      	mov	r3, r9
10004480:	4651      	mov	r1, sl
10004482:	2020      	movs	r0, #32
10004484:	3601      	adds	r6, #1
10004486:	47d8      	blx	fp
10004488:	4546      	cmp	r6, r8
1000448a:	d1f7      	bne.n	1000447c <_vsnprintf+0x5a0>
1000448c:	4621      	mov	r1, r4
1000448e:	e6ac      	b.n	100041ea <_vsnprintf+0x30e>
10004490:	f413 6280 	ands.w	r2, r3, #1024	@ 0x400
10004494:	f000 80bb 	beq.w	1000460e <_vsnprintf+0x732>
10004498:	f44f 6280 	mov.w	r2, #1024	@ 0x400
1000449c:	f023 0c11 	bic.w	ip, r3, #17
100044a0:	f41c 7700 	ands.w	r7, ip, #512	@ 0x200
100044a4:	9b0a      	ldr	r3, [sp, #40]	@ 0x28
100044a6:	d14a      	bne.n	1000453e <_vsnprintf+0x662>
100044a8:	f41c 7080 	ands.w	r0, ip, #256	@ 0x100
100044ac:	f103 0404 	add.w	r4, r3, #4
100044b0:	f040 8134 	bne.w	1000471c <_vsnprintf+0x840>
100044b4:	f01c 0f40 	tst.w	ip, #64	@ 0x40
100044b8:	f040 80a3 	bne.w	10004602 <_vsnprintf+0x726>
100044bc:	f01c 0f80 	tst.w	ip, #128	@ 0x80
100044c0:	f000 81d3 	beq.w	1000486a <_vsnprintf+0x98e>
100044c4:	f9b3 1000 	ldrsh.w	r1, [r3]
100044c8:	ea81 77e1 	eor.w	r7, r1, r1, asr #31
100044cc:	eba7 77e1 	sub.w	r7, r7, r1, asr #31
100044d0:	b2bf      	uxth	r7, r7
100044d2:	0fcb      	lsrs	r3, r1, #31
100044d4:	2900      	cmp	r1, #0
100044d6:	f000 8156 	beq.w	10004786 <_vsnprintf+0x8aa>
100044da:	463a      	mov	r2, r7
100044dc:	a912      	add	r1, sp, #72	@ 0x48
100044de:	460f      	mov	r7, r1
100044e0:	f8df e3d8 	ldr.w	lr, [pc, #984]	@ 100048bc <_vsnprintf+0x9e0>
100044e4:	910b      	str	r1, [sp, #44]	@ 0x2c
100044e6:	930a      	str	r3, [sp, #40]	@ 0x28
100044e8:	950c      	str	r5, [sp, #48]	@ 0x30
100044ea:	e001      	b.n	100044f0 <_vsnprintf+0x614>
100044ec:	2820      	cmp	r0, #32
100044ee:	d00f      	beq.n	10004510 <_vsnprintf+0x634>
100044f0:	4615      	mov	r5, r2
100044f2:	fbae 1302 	umull	r1, r3, lr, r2
100044f6:	08db      	lsrs	r3, r3, #3
100044f8:	eb03 0183 	add.w	r1, r3, r3, lsl #2
100044fc:	eba2 0141 	sub.w	r1, r2, r1, lsl #1
10004500:	3130      	adds	r1, #48	@ 0x30
10004502:	2d09      	cmp	r5, #9
10004504:	461a      	mov	r2, r3
10004506:	f100 0001 	add.w	r0, r0, #1
1000450a:	f807 1b01 	strb.w	r1, [r7], #1
1000450e:	d8ed      	bhi.n	100044ec <_vsnprintf+0x610>
10004510:	9b0a      	ldr	r3, [sp, #40]	@ 0x28
10004512:	9d0c      	ldr	r5, [sp, #48]	@ 0x30
10004514:	e9cd 5c05 	strd	r5, ip, [sp, #20]
10004518:	e9cd 0301 	strd	r0, r3, [sp, #4]
1000451c:	9604      	str	r6, [sp, #16]
1000451e:	9b0b      	ldr	r3, [sp, #44]	@ 0x2c
10004520:	4642      	mov	r2, r8
10004522:	9300      	str	r3, [sp, #0]
10004524:	230a      	movs	r3, #10
10004526:	4651      	mov	r1, sl
10004528:	9303      	str	r3, [sp, #12]
1000452a:	4658      	mov	r0, fp
1000452c:	464b      	mov	r3, r9
1000452e:	f7fe fecb 	bl	100032c8 <_ntoa_format>
10004532:	940a      	str	r4, [sp, #40]	@ 0x28
10004534:	4680      	mov	r8, r0
10004536:	e4ef      	b.n	10003f18 <_vsnprintf+0x3c>
10004538:	f023 030c 	bic.w	r3, r3, #12
1000453c:	e721      	b.n	10004382 <_vsnprintf+0x4a6>
1000453e:	3307      	adds	r3, #7
10004540:	f023 0307 	bic.w	r3, r3, #7
10004544:	4619      	mov	r1, r3
10004546:	4608      	mov	r0, r1
10004548:	685b      	ldr	r3, [r3, #4]
1000454a:	f850 1b08 	ldr.w	r1, [r0], #8
1000454e:	0fdf      	lsrs	r7, r3, #31
10004550:	900a      	str	r0, [sp, #40]	@ 0x28
10004552:	ea51 0003 	orrs.w	r0, r1, r3
10004556:	d162      	bne.n	1000461e <_vsnprintf+0x742>
10004558:	2a00      	cmp	r2, #0
1000455a:	f040 819f 	bne.w	1000489c <_vsnprintf+0x9c0>
1000455e:	4613      	mov	r3, r2
10004560:	4611      	mov	r1, r2
10004562:	aa12      	add	r2, sp, #72	@ 0x48
10004564:	e9cd 750c 	strd	r7, r5, [sp, #48]	@ 0x30
10004568:	2000      	movs	r0, #0
1000456a:	4615      	mov	r5, r2
1000456c:	e9cd 680e 	strd	r6, r8, [sp, #56]	@ 0x38
10004570:	f8df e348 	ldr.w	lr, [pc, #840]	@ 100048bc <_vsnprintf+0x9e0>
10004574:	920b      	str	r2, [sp, #44]	@ 0x2c
10004576:	e001      	b.n	1000457c <_vsnprintf+0x6a0>
10004578:	2820      	cmp	r0, #32
1000457a:	d02d      	beq.n	100045d8 <_vsnprintf+0x6fc>
1000457c:	185a      	adds	r2, r3, r1
1000457e:	f142 0200 	adc.w	r2, r2, #0
10004582:	fbae 7802 	umull	r7, r8, lr, r2
10004586:	f028 0703 	bic.w	r7, r8, #3
1000458a:	eb07 0798 	add.w	r7, r7, r8, lsr #2
1000458e:	1bd2      	subs	r2, r2, r7
10004590:	461e      	mov	r6, r3
10004592:	1a9b      	subs	r3, r3, r2
10004594:	f161 0700 	sbc.w	r7, r1, #0
10004598:	460c      	mov	r4, r1
1000459a:	f04f 31cc 	mov.w	r1, #3435973836	@ 0xcccccccc
1000459e:	fb01 f103 	mul.w	r1, r1, r3
100045a2:	fb0e 1107 	mla	r1, lr, r7, r1
100045a6:	fba3 730e 	umull	r7, r3, r3, lr
100045aa:	4419      	add	r1, r3
100045ac:	2305      	movs	r3, #5
100045ae:	f007 0801 	and.w	r8, r7, #1
100045b2:	fba8 3803 	umull	r3, r8, r8, r3
100045b6:	189b      	adds	r3, r3, r2
100045b8:	2e0a      	cmp	r6, #10
100045ba:	f103 0330 	add.w	r3, r3, #48	@ 0x30
100045be:	ea4f 0757 	mov.w	r7, r7, lsr #1
100045c2:	f174 0400 	sbcs.w	r4, r4, #0
100045c6:	f805 3b01 	strb.w	r3, [r5], #1
100045ca:	f100 0001 	add.w	r0, r0, #1
100045ce:	ea47 73c1 	orr.w	r3, r7, r1, lsl #31
100045d2:	ea4f 0151 	mov.w	r1, r1, lsr #1
100045d6:	d2cf      	bcs.n	10004578 <_vsnprintf+0x69c>
100045d8:	e9dd 750c 	ldrd	r7, r5, [sp, #48]	@ 0x30
100045dc:	e9dd 680e 	ldrd	r6, r8, [sp, #56]	@ 0x38
100045e0:	9b0b      	ldr	r3, [sp, #44]	@ 0x2c
100045e2:	4642      	mov	r2, r8
100045e4:	9300      	str	r3, [sp, #0]
100045e6:	230a      	movs	r3, #10
100045e8:	e9cd 5c05 	strd	r5, ip, [sp, #20]
100045ec:	e9cd 0701 	strd	r0, r7, [sp, #4]
100045f0:	9604      	str	r6, [sp, #16]
100045f2:	9303      	str	r3, [sp, #12]
100045f4:	464b      	mov	r3, r9
100045f6:	4651      	mov	r1, sl
100045f8:	4658      	mov	r0, fp
100045fa:	f7fe fe65 	bl	100032c8 <_ntoa_format>
100045fe:	4680      	mov	r8, r0
10004600:	e48a      	b.n	10003f18 <_vsnprintf+0x3c>
10004602:	7819      	ldrb	r1, [r3, #0]
10004604:	460f      	mov	r7, r1
10004606:	e764      	b.n	100044d2 <_vsnprintf+0x5f6>
10004608:	2710      	movs	r7, #16
1000460a:	46bc      	mov	ip, r7
1000460c:	e6b3      	b.n	10004376 <_vsnprintf+0x49a>
1000460e:	f023 0c10 	bic.w	ip, r3, #16
10004612:	e745      	b.n	100044a0 <_vsnprintf+0x5c4>
10004614:	061c      	lsls	r4, r3, #24
10004616:	bf4c      	ite	mi
10004618:	8812      	ldrhmi	r2, [r2, #0]
1000461a:	6812      	ldrpl	r2, [r2, #0]
1000461c:	e6c0      	b.n	100043a0 <_vsnprintf+0x4c4>
1000461e:	460a      	mov	r2, r1
10004620:	1e19      	subs	r1, r3, #0
10004622:	db01      	blt.n	10004628 <_vsnprintf+0x74c>
10004624:	4613      	mov	r3, r2
10004626:	e79c      	b.n	10004562 <_vsnprintf+0x686>
10004628:	4252      	negs	r2, r2
1000462a:	4613      	mov	r3, r2
1000462c:	eb61 0141 	sbc.w	r1, r1, r1, lsl #1
10004630:	e797      	b.n	10004562 <_vsnprintf+0x686>
10004632:	4613      	mov	r3, r2
10004634:	4651      	mov	r1, sl
10004636:	7818      	ldrb	r0, [r3, #0]
10004638:	4642      	mov	r2, r8
1000463a:	464b      	mov	r3, r9
1000463c:	47d8      	blx	fp
1000463e:	46b0      	mov	r8, r6
10004640:	e648      	b.n	100042d4 <_vsnprintf+0x3f8>
10004642:	f013 0f20 	tst.w	r3, #32
10004646:	bf14      	ite	ne
10004648:	2041      	movne	r0, #65	@ 0x41
1000464a:	2061      	moveq	r0, #97	@ 0x61
1000464c:	ac12      	add	r4, sp, #72	@ 0x48
1000464e:	46a6      	mov	lr, r4
10004650:	940b      	str	r4, [sp, #44]	@ 0x2c
10004652:	930a      	str	r3, [sp, #40]	@ 0x28
10004654:	f1a0 040a 	sub.w	r4, r0, #10
10004658:	950c      	str	r5, [sp, #48]	@ 0x30
1000465a:	e002      	b.n	10004662 <_vsnprintf+0x786>
1000465c:	2920      	cmp	r1, #32
1000465e:	d012      	beq.n	10004686 <_vsnprintf+0x7aa>
10004660:	462a      	mov	r2, r5
10004662:	fbb2 f5fc 	udiv	r5, r2, ip
10004666:	fb0c 2015 	mls	r0, ip, r5, r2
1000466a:	b2c3      	uxtb	r3, r0
1000466c:	2809      	cmp	r0, #9
1000466e:	f103 0030 	add.w	r0, r3, #48	@ 0x30
10004672:	bf8a      	itet	hi
10004674:	191b      	addhi	r3, r3, r4
10004676:	b2c3      	uxtbls	r3, r0
10004678:	b2db      	uxtbhi	r3, r3
1000467a:	4562      	cmp	r2, ip
1000467c:	f80e 3b01 	strb.w	r3, [lr], #1
10004680:	f101 0101 	add.w	r1, r1, #1
10004684:	d2ea      	bcs.n	1000465c <_vsnprintf+0x780>
10004686:	9b0a      	ldr	r3, [sp, #40]	@ 0x28
10004688:	9d0c      	ldr	r5, [sp, #48]	@ 0x30
1000468a:	e694      	b.n	100043b6 <_vsnprintf+0x4da>
1000468c:	9a0a      	ldr	r2, [sp, #40]	@ 0x28
1000468e:	3207      	adds	r2, #7
10004690:	f022 0207 	bic.w	r2, r2, #7
10004694:	6851      	ldr	r1, [r2, #4]
10004696:	f852 4b08 	ldr.w	r4, [r2], #8
1000469a:	468e      	mov	lr, r1
1000469c:	920a      	str	r2, [sp, #40]	@ 0x28
1000469e:	ea54 0201 	orrs.w	r2, r4, r1
100046a2:	d176      	bne.n	10004792 <_vsnprintf+0x8b6>
100046a4:	f023 0310 	bic.w	r3, r3, #16
100046a8:	2800      	cmp	r0, #0
100046aa:	d072      	beq.n	10004792 <_vsnprintf+0x8b6>
100046ac:	2200      	movs	r2, #0
100046ae:	4611      	mov	r1, r2
100046b0:	aa12      	add	r2, sp, #72	@ 0x48
100046b2:	920b      	str	r2, [sp, #44]	@ 0x2c
100046b4:	e9cd 5305 	strd	r5, r3, [sp, #20]
100046b8:	9b0b      	ldr	r3, [sp, #44]	@ 0x2c
100046ba:	4642      	mov	r2, r8
100046bc:	9300      	str	r3, [sp, #0]
100046be:	2300      	movs	r3, #0
100046c0:	e9cd c603 	strd	ip, r6, [sp, #12]
100046c4:	9101      	str	r1, [sp, #4]
100046c6:	9302      	str	r3, [sp, #8]
100046c8:	e794      	b.n	100045f4 <_vsnprintf+0x718>
100046ca:	42a5      	cmp	r5, r4
100046cc:	bf98      	it	ls
100046ce:	3401      	addls	r4, #1
100046d0:	f67f ad74 	bls.w	100041bc <_vsnprintf+0x2e0>
100046d4:	f44f 6380 	mov.w	r3, #1024	@ 0x400
100046d8:	e9cd 750a 	strd	r7, r5, [sp, #40]	@ 0x28
100046dc:	eb05 0208 	add.w	r2, r5, r8
100046e0:	461f      	mov	r7, r3
100046e2:	460d      	mov	r5, r1
100046e4:	1b14      	subs	r4, r2, r4
100046e6:	4642      	mov	r2, r8
100046e8:	464b      	mov	r3, r9
100046ea:	4651      	mov	r1, sl
100046ec:	2020      	movs	r0, #32
100046ee:	f108 0801 	add.w	r8, r8, #1
100046f2:	47d8      	blx	fp
100046f4:	45a0      	cmp	r8, r4
100046f6:	d1f6      	bne.n	100046e6 <_vsnprintf+0x80a>
100046f8:	463b      	mov	r3, r7
100046fa:	9f0a      	ldr	r7, [sp, #40]	@ 0x28
100046fc:	4629      	mov	r1, r5
100046fe:	7838      	ldrb	r0, [r7, #0]
10004700:	9d0b      	ldr	r5, [sp, #44]	@ 0x2c
10004702:	1c6c      	adds	r4, r5, #1
10004704:	2800      	cmp	r0, #0
10004706:	f43f ad70 	beq.w	100041ea <_vsnprintf+0x30e>
1000470a:	2b00      	cmp	r3, #0
1000470c:	f43f ae75 	beq.w	100043fa <_vsnprintf+0x51e>
10004710:	2300      	movs	r3, #0
10004712:	e553      	b.n	100041bc <_vsnprintf+0x2e0>
10004714:	42a5      	cmp	r5, r4
10004716:	d8df      	bhi.n	100046d8 <_vsnprintf+0x7fc>
10004718:	3401      	adds	r4, #1
1000471a:	e66e      	b.n	100043fa <_vsnprintf+0x51e>
1000471c:	6819      	ldr	r1, [r3, #0]
1000471e:	0fcb      	lsrs	r3, r1, #31
10004720:	2900      	cmp	r1, #0
10004722:	f000 80a8 	beq.w	10004876 <_vsnprintf+0x99a>
10004726:	ea81 72e1 	eor.w	r2, r1, r1, asr #31
1000472a:	eba2 72e1 	sub.w	r2, r2, r1, asr #31
1000472e:	a912      	add	r1, sp, #72	@ 0x48
10004730:	4608      	mov	r0, r1
10004732:	f8df e188 	ldr.w	lr, [pc, #392]	@ 100048bc <_vsnprintf+0x9e0>
10004736:	910b      	str	r1, [sp, #44]	@ 0x2c
10004738:	930a      	str	r3, [sp, #40]	@ 0x28
1000473a:	950c      	str	r5, [sp, #48]	@ 0x30
1000473c:	e001      	b.n	10004742 <_vsnprintf+0x866>
1000473e:	2f20      	cmp	r7, #32
10004740:	d00f      	beq.n	10004762 <_vsnprintf+0x886>
10004742:	4615      	mov	r5, r2
10004744:	fbae 1302 	umull	r1, r3, lr, r2
10004748:	08db      	lsrs	r3, r3, #3
1000474a:	eb03 0183 	add.w	r1, r3, r3, lsl #2
1000474e:	eba2 0141 	sub.w	r1, r2, r1, lsl #1
10004752:	3130      	adds	r1, #48	@ 0x30
10004754:	2d09      	cmp	r5, #9
10004756:	461a      	mov	r2, r3
10004758:	f107 0701 	add.w	r7, r7, #1
1000475c:	f800 1b01 	strb.w	r1, [r0], #1
10004760:	d8ed      	bhi.n	1000473e <_vsnprintf+0x862>
10004762:	9b0a      	ldr	r3, [sp, #40]	@ 0x28
10004764:	9d0c      	ldr	r5, [sp, #48]	@ 0x30
10004766:	e9cd 5c05 	strd	r5, ip, [sp, #20]
1000476a:	e9cd 7301 	strd	r7, r3, [sp, #4]
1000476e:	9604      	str	r6, [sp, #16]
10004770:	e6d5      	b.n	1000451e <_vsnprintf+0x642>
10004772:	2869      	cmp	r0, #105	@ 0x69
10004774:	f023 0c10 	bic.w	ip, r3, #16
10004778:	f040 808c 	bne.w	10004894 <_vsnprintf+0x9b8>
1000477c:	f413 6280 	ands.w	r2, r3, #1024	@ 0x400
10004780:	f43f ae8e 	beq.w	100044a0 <_vsnprintf+0x5c4>
10004784:	e688      	b.n	10004498 <_vsnprintf+0x5bc>
10004786:	2a00      	cmp	r2, #0
10004788:	f43f aea8 	beq.w	100044dc <_vsnprintf+0x600>
1000478c:	aa12      	add	r2, sp, #72	@ 0x48
1000478e:	920b      	str	r2, [sp, #44]	@ 0x2c
10004790:	e6c0      	b.n	10004514 <_vsnprintf+0x638>
10004792:	f013 0f20 	tst.w	r3, #32
10004796:	bf14      	ite	ne
10004798:	2241      	movne	r2, #65	@ 0x41
1000479a:	2261      	moveq	r2, #97	@ 0x61
1000479c:	2000      	movs	r0, #0
1000479e:	a912      	add	r1, sp, #72	@ 0x48
100047a0:	3a0a      	subs	r2, #10
100047a2:	e9cd 680e 	strd	r6, r8, [sp, #56]	@ 0x38
100047a6:	e9cd 350c 	strd	r3, r5, [sp, #48]	@ 0x30
100047aa:	f8cd b044 	str.w	fp, [sp, #68]	@ 0x44
100047ae:	4606      	mov	r6, r0
100047b0:	4688      	mov	r8, r1
100047b2:	4675      	mov	r5, lr
100047b4:	4693      	mov	fp, r2
100047b6:	910b      	str	r1, [sp, #44]	@ 0x2c
100047b8:	f8cd c040 	str.w	ip, [sp, #64]	@ 0x40
100047bc:	e003      	b.n	100047c6 <_vsnprintf+0x8ea>
100047be:	2e20      	cmp	r6, #32
100047c0:	d017      	beq.n	100047f2 <_vsnprintf+0x916>
100047c2:	4604      	mov	r4, r0
100047c4:	460d      	mov	r5, r1
100047c6:	4629      	mov	r1, r5
100047c8:	463a      	mov	r2, r7
100047ca:	2300      	movs	r3, #0
100047cc:	4620      	mov	r0, r4
100047ce:	f006 fa07 	bl	1000abe0 <____aeabi_uldivmod_veneer>
100047d2:	b2d2      	uxtb	r2, r2
100047d4:	2a09      	cmp	r2, #9
100047d6:	f102 0330 	add.w	r3, r2, #48	@ 0x30
100047da:	bf88      	it	hi
100047dc:	eb02 030b 	addhi.w	r3, r2, fp
100047e0:	42bc      	cmp	r4, r7
100047e2:	b2db      	uxtb	r3, r3
100047e4:	f175 0500 	sbcs.w	r5, r5, #0
100047e8:	f808 3b01 	strb.w	r3, [r8], #1
100047ec:	f106 0601 	add.w	r6, r6, #1
100047f0:	d2e5      	bcs.n	100047be <_vsnprintf+0x8e2>
100047f2:	4631      	mov	r1, r6
100047f4:	e9dd 350c 	ldrd	r3, r5, [sp, #48]	@ 0x30
100047f8:	e9dd cb10 	ldrd	ip, fp, [sp, #64]	@ 0x40
100047fc:	f8dd 803c 	ldr.w	r8, [sp, #60]	@ 0x3c
10004800:	9e0e      	ldr	r6, [sp, #56]	@ 0x38
10004802:	e757      	b.n	100046b4 <_vsnprintf+0x7d8>
10004804:	990a      	ldr	r1, [sp, #40]	@ 0x28
10004806:	6809      	ldr	r1, [r1, #0]
10004808:	b951      	cbnz	r1, 10004820 <_vsnprintf+0x944>
1000480a:	f023 0310 	bic.w	r3, r3, #16
1000480e:	b138      	cbz	r0, 10004820 <_vsnprintf+0x944>
10004810:	a912      	add	r1, sp, #72	@ 0x48
10004812:	910b      	str	r1, [sp, #44]	@ 0x2c
10004814:	e9cd 5305 	strd	r5, r3, [sp, #20]
10004818:	e9cd c603 	strd	ip, r6, [sp, #12]
1000481c:	9201      	str	r2, [sp, #4]
1000481e:	e5cf      	b.n	100043c0 <_vsnprintf+0x4e4>
10004820:	f013 0f20 	tst.w	r3, #32
10004824:	bf14      	ite	ne
10004826:	2041      	movne	r0, #65	@ 0x41
10004828:	2061      	moveq	r0, #97	@ 0x61
1000482a:	ac12      	add	r4, sp, #72	@ 0x48
1000482c:	46a6      	mov	lr, r4
1000482e:	940b      	str	r4, [sp, #44]	@ 0x2c
10004830:	930a      	str	r3, [sp, #40]	@ 0x28
10004832:	f1a0 040a 	sub.w	r4, r0, #10
10004836:	950c      	str	r5, [sp, #48]	@ 0x30
10004838:	e002      	b.n	10004840 <_vsnprintf+0x964>
1000483a:	2a20      	cmp	r2, #32
1000483c:	d012      	beq.n	10004864 <_vsnprintf+0x988>
1000483e:	4629      	mov	r1, r5
10004840:	fbb1 f5fc 	udiv	r5, r1, ip
10004844:	fb0c 1015 	mls	r0, ip, r5, r1
10004848:	b2c3      	uxtb	r3, r0
1000484a:	2809      	cmp	r0, #9
1000484c:	f103 0030 	add.w	r0, r3, #48	@ 0x30
10004850:	bf8a      	itet	hi
10004852:	191b      	addhi	r3, r3, r4
10004854:	b2c3      	uxtbls	r3, r0
10004856:	b2db      	uxtbhi	r3, r3
10004858:	4561      	cmp	r1, ip
1000485a:	f80e 3b01 	strb.w	r3, [lr], #1
1000485e:	f102 0201 	add.w	r2, r2, #1
10004862:	d2ea      	bcs.n	1000483a <_vsnprintf+0x95e>
10004864:	9b0a      	ldr	r3, [sp, #40]	@ 0x28
10004866:	9d0c      	ldr	r5, [sp, #48]	@ 0x30
10004868:	e7d4      	b.n	10004814 <_vsnprintf+0x938>
1000486a:	6819      	ldr	r1, [r3, #0]
1000486c:	ea81 77e1 	eor.w	r7, r1, r1, asr #31
10004870:	eba7 77e1 	sub.w	r7, r7, r1, asr #31
10004874:	e62d      	b.n	100044d2 <_vsnprintf+0x5f6>
10004876:	2a00      	cmp	r2, #0
10004878:	f43f af59 	beq.w	1000472e <_vsnprintf+0x852>
1000487c:	aa12      	add	r2, sp, #72	@ 0x48
1000487e:	920b      	str	r2, [sp, #44]	@ 0x2c
10004880:	e771      	b.n	10004766 <_vsnprintf+0x88a>
10004882:	f413 6480 	ands.w	r4, r3, #1024	@ 0x400
10004886:	d00d      	beq.n	100048a4 <_vsnprintf+0x9c8>
10004888:	f013 0402 	ands.w	r4, r3, #2
1000488c:	d012      	beq.n	100048b4 <_vsnprintf+0x9d8>
1000488e:	4604      	mov	r4, r0
10004890:	4646      	mov	r6, r8
10004892:	e5ec      	b.n	1000446e <_vsnprintf+0x592>
10004894:	270a      	movs	r7, #10
10004896:	4663      	mov	r3, ip
10004898:	46bc      	mov	ip, r7
1000489a:	e56c      	b.n	10004376 <_vsnprintf+0x49a>
1000489c:	ab12      	add	r3, sp, #72	@ 0x48
1000489e:	2000      	movs	r0, #0
100048a0:	930b      	str	r3, [sp, #44]	@ 0x2c
100048a2:	e69d      	b.n	100045e0 <_vsnprintf+0x704>
100048a4:	f013 0302 	ands.w	r3, r3, #2
100048a8:	f47f ade0 	bne.w	1000446c <_vsnprintf+0x590>
100048ac:	2d00      	cmp	r5, #0
100048ae:	f47f af13 	bne.w	100046d8 <_vsnprintf+0x7fc>
100048b2:	e49a      	b.n	100041ea <_vsnprintf+0x30e>
100048b4:	2d00      	cmp	r5, #0
100048b6:	f47f af0d 	bne.w	100046d4 <_vsnprintf+0x7f8>
100048ba:	e496      	b.n	100041ea <_vsnprintf+0x30e>
100048bc:	cccccccd 	.word	0xcccccccd

100048c0 <__wrap_snprintf>:
100048c0:	4684      	mov	ip, r0
100048c2:	b40c      	push	{r2, r3}
100048c4:	b510      	push	{r4, lr}
100048c6:	b084      	sub	sp, #16
100048c8:	ac06      	add	r4, sp, #24
100048ca:	f854 3b04 	ldr.w	r3, [r4], #4
100048ce:	460a      	mov	r2, r1
100048d0:	9400      	str	r4, [sp, #0]
100048d2:	4661      	mov	r1, ip
100048d4:	4804      	ldr	r0, [pc, #16]	@ (100048e8 <__wrap_snprintf+0x28>)
100048d6:	9403      	str	r4, [sp, #12]
100048d8:	f7ff fb00 	bl	10003edc <_vsnprintf>
100048dc:	b004      	add	sp, #16
100048de:	e8bd 4010 	ldmia.w	sp!, {r4, lr}
100048e2:	b002      	add	sp, #8
100048e4:	4770      	bx	lr
100048e6:	bf00      	nop
100048e8:	10003221 	.word	0x10003221

100048ec <weak_raw_vprintf>:
100048ec:	b510      	push	{r4, lr}
100048ee:	4b09      	ldr	r3, [pc, #36]	@ (10004914 <weak_raw_vprintf+0x28>)
100048f0:	b084      	sub	sp, #16
100048f2:	681c      	ldr	r4, [r3, #0]
100048f4:	b14c      	cbz	r4, 1000490a <weak_raw_vprintf+0x1e>
100048f6:	4603      	mov	r3, r0
100048f8:	9100      	str	r1, [sp, #0]
100048fa:	f04f 32ff 	mov.w	r2, #4294967295
100048fe:	a903      	add	r1, sp, #12
10004900:	4805      	ldr	r0, [pc, #20]	@ (10004918 <weak_raw_vprintf+0x2c>)
10004902:	47a0      	blx	r4
10004904:	2001      	movs	r0, #1
10004906:	b004      	add	sp, #16
10004908:	bd10      	pop	{r4, pc}
1000490a:	f000 f95f 	bl	10004bcc <__wrap_puts>
1000490e:	4620      	mov	r0, r4
10004910:	b004      	add	sp, #16
10004912:	bd10      	pop	{r4, pc}
10004914:	20002914 	.word	0x20002914
10004918:	1000349d 	.word	0x1000349d

1000491c <_exit>:
1000491c:	be00      	bkpt	0x0000
1000491e:	e7fd      	b.n	1000491c <_exit>

10004920 <_sbrk>:
10004920:	4a07      	ldr	r2, [pc, #28]	@ (10004940 <_sbrk+0x20>)
10004922:	4603      	mov	r3, r0
10004924:	6810      	ldr	r0, [r2, #0]
10004926:	b138      	cbz	r0, 10004938 <_sbrk+0x18>
10004928:	4906      	ldr	r1, [pc, #24]	@ (10004944 <_sbrk+0x24>)
1000492a:	4403      	add	r3, r0
1000492c:	428b      	cmp	r3, r1
1000492e:	bf8c      	ite	hi
10004930:	f04f 30ff 	movhi.w	r0, #4294967295
10004934:	6013      	strls	r3, [r2, #0]
10004936:	4770      	bx	lr
10004938:	4903      	ldr	r1, [pc, #12]	@ (10004948 <_sbrk+0x28>)
1000493a:	4608      	mov	r0, r1
1000493c:	6011      	str	r1, [r2, #0]
1000493e:	e7f3      	b.n	10004928 <_sbrk+0x8>
10004940:	20002510 	.word	0x20002510
10004944:	20080000 	.word	0x20080000
10004948:	20002b08 	.word	0x20002b08

1000494c <exit>:
1000494c:	b508      	push	{r3, lr}
1000494e:	f7ff ffe5 	bl	1000491c <_exit>
10004952:	bf00      	nop

10004954 <runtime_init>:
10004954:	b538      	push	{r3, r4, r5, lr}
10004956:	4c06      	ldr	r4, [pc, #24]	@ (10004970 <runtime_init+0x1c>)
10004958:	4d06      	ldr	r5, [pc, #24]	@ (10004974 <runtime_init+0x20>)
1000495a:	f7fe f9ff 	bl	10002d5c <runtime_run_initializers>
1000495e:	42ac      	cmp	r4, r5
10004960:	d204      	bcs.n	1000496c <runtime_init+0x18>
10004962:	f854 3b04 	ldr.w	r3, [r4], #4
10004966:	4798      	blx	r3
10004968:	42ac      	cmp	r4, r5
1000496a:	d3fa      	bcc.n	10004962 <runtime_init+0xe>
1000496c:	bd38      	pop	{r3, r4, r5, pc}
1000496e:	bf00      	nop
10004970:	1000ac60 	.word	0x1000ac60
10004974:	1000ac6c 	.word	0x1000ac6c

10004978 <stdio_out_chars_no_crlf>:
10004978:	6803      	ldr	r3, [r0, #0]
1000497a:	4608      	mov	r0, r1
1000497c:	4611      	mov	r1, r2
1000497e:	4718      	bx	r3

10004980 <stdio_out_chars_crlf>:
10004980:	e92d 41f0 	stmdb	sp!, {r4, r5, r6, r7, r8, lr}
10004984:	4615      	mov	r5, r2
10004986:	7d42      	ldrb	r2, [r0, #21]
10004988:	4607      	mov	r7, r0
1000498a:	4688      	mov	r8, r1
1000498c:	2a00      	cmp	r2, #0
1000498e:	d046      	beq.n	10004a1e <stdio_out_chars_crlf+0x9e>
10004990:	2d00      	cmp	r5, #0
10004992:	dd1d      	ble.n	100049d0 <stdio_out_chars_crlf+0x50>
10004994:	780b      	ldrb	r3, [r1, #0]
10004996:	2b0a      	cmp	r3, #10
10004998:	d023      	beq.n	100049e2 <stdio_out_chars_crlf+0x62>
1000499a:	2d01      	cmp	r5, #1
1000499c:	f04f 0c00 	mov.w	ip, #0
100049a0:	d018      	beq.n	100049d4 <stdio_out_chars_crlf+0x54>
100049a2:	4646      	mov	r6, r8
100049a4:	2401      	movs	r4, #1
100049a6:	f816 2f01 	ldrb.w	r2, [r6, #1]!
100049aa:	4621      	mov	r1, r4
100049ac:	2a0a      	cmp	r2, #10
100049ae:	f104 0401 	add.w	r4, r4, #1
100049b2:	d022      	beq.n	100049fa <stdio_out_chars_crlf+0x7a>
100049b4:	42a5      	cmp	r5, r4
100049b6:	d1f6      	bne.n	100049a6 <stdio_out_chars_crlf+0x26>
100049b8:	4565      	cmp	r5, ip
100049ba:	dc0b      	bgt.n	100049d4 <stdio_out_chars_crlf+0x54>
100049bc:	eb08 0305 	add.w	r3, r8, r5
100049c0:	f813 3c01 	ldrb.w	r3, [r3, #-1]
100049c4:	f1a3 030d 	sub.w	r3, r3, #13
100049c8:	fab3 f383 	clz	r3, r3
100049cc:	095b      	lsrs	r3, r3, #5
100049ce:	753b      	strb	r3, [r7, #20]
100049d0:	e8bd 81f0 	ldmia.w	sp!, {r4, r5, r6, r7, r8, pc}
100049d4:	683b      	ldr	r3, [r7, #0]
100049d6:	eba5 010c 	sub.w	r1, r5, ip
100049da:	eb08 000c 	add.w	r0, r8, ip
100049de:	4798      	blx	r3
100049e0:	e7ec      	b.n	100049bc <stdio_out_chars_crlf+0x3c>
100049e2:	7d03      	ldrb	r3, [r0, #20]
100049e4:	2b00      	cmp	r3, #0
100049e6:	d1d8      	bne.n	1000499a <stdio_out_chars_crlf+0x1a>
100049e8:	6803      	ldr	r3, [r0, #0]
100049ea:	2102      	movs	r1, #2
100049ec:	480f      	ldr	r0, [pc, #60]	@ (10004a2c <stdio_out_chars_crlf+0xac>)
100049ee:	4798      	blx	r3
100049f0:	2d01      	cmp	r5, #1
100049f2:	d0e3      	beq.n	100049bc <stdio_out_chars_crlf+0x3c>
100049f4:	f04f 0c01 	mov.w	ip, #1
100049f8:	e7d3      	b.n	100049a2 <stdio_out_chars_crlf+0x22>
100049fa:	f816 3c01 	ldrb.w	r3, [r6, #-1]
100049fe:	2b0d      	cmp	r3, #13
10004a00:	d0d8      	beq.n	100049b4 <stdio_out_chars_crlf+0x34>
10004a02:	458c      	cmp	ip, r1
10004a04:	eb08 000c 	add.w	r0, r8, ip
10004a08:	eba1 010c 	sub.w	r1, r1, ip
10004a0c:	da01      	bge.n	10004a12 <stdio_out_chars_crlf+0x92>
10004a0e:	683b      	ldr	r3, [r7, #0]
10004a10:	4798      	blx	r3
10004a12:	2102      	movs	r1, #2
10004a14:	4805      	ldr	r0, [pc, #20]	@ (10004a2c <stdio_out_chars_crlf+0xac>)
10004a16:	683b      	ldr	r3, [r7, #0]
10004a18:	4798      	blx	r3
10004a1a:	46a4      	mov	ip, r4
10004a1c:	e7ca      	b.n	100049b4 <stdio_out_chars_crlf+0x34>
10004a1e:	4629      	mov	r1, r5
10004a20:	4640      	mov	r0, r8
10004a22:	683b      	ldr	r3, [r7, #0]
10004a24:	e8bd 41f0 	ldmia.w	sp!, {r4, r5, r6, r7, r8, lr}
10004a28:	4718      	bx	r3
10004a2a:	bf00      	nop
10004a2c:	1000b060 	.word	0x1000b060

10004a30 <stdio_put_string>:
10004a30:	e92d 47f0 	stmdb	sp!, {r4, r5, r6, r7, r8, r9, sl, lr}
10004a34:	b082      	sub	sp, #8
10004a36:	460d      	mov	r5, r1
10004a38:	4691      	mov	r9, r2
10004a3a:	461c      	mov	r4, r3
10004a3c:	4606      	mov	r6, r0
10004a3e:	f7fd fff9 	bl	10002a34 <time_us_64>
10004a42:	f04f 3cff 	mov.w	ip, #4294967295
10004a46:	f06f 4700 	mvn.w	r7, #2147483648	@ 0x80000000
10004a4a:	4a2e      	ldr	r2, [pc, #184]	@ (10004b04 <stdio_put_string+0xd4>)
10004a4c:	1882      	adds	r2, r0, r2
10004a4e:	f141 0300 	adc.w	r3, r1, #0
10004a52:	4594      	cmp	ip, r2
10004a54:	eb77 0103 	sbcs.w	r1, r7, r3
10004a58:	bf3c      	itt	cc
10004a5a:	4662      	movcc	r2, ip
10004a5c:	463b      	movcc	r3, r7
10004a5e:	482a      	ldr	r0, [pc, #168]	@ (10004b08 <stdio_put_string+0xd8>)
10004a60:	f006 f8ce 	bl	1000ac00 <__mutex_try_enter_block_until_veneer>
10004a64:	1c6b      	adds	r3, r5, #1
10004a66:	4680      	mov	r8, r0
10004a68:	d040      	beq.n	10004aec <stdio_put_string+0xbc>
10004a6a:	b30c      	cbz	r4, 10004ab0 <stdio_put_string+0x80>
10004a6c:	4f27      	ldr	r7, [pc, #156]	@ (10004b0c <stdio_put_string+0xdc>)
10004a6e:	4b28      	ldr	r3, [pc, #160]	@ (10004b10 <stdio_put_string+0xe0>)
10004a70:	681c      	ldr	r4, [r3, #0]
10004a72:	b1b4      	cbz	r4, 10004aa2 <stdio_put_string+0x72>
10004a74:	f1b9 0f00 	cmp.w	r9, #0
10004a78:	d11c      	bne.n	10004ab4 <stdio_put_string+0x84>
10004a7a:	f8df 909c 	ldr.w	r9, [pc, #156]	@ 10004b18 <stdio_put_string+0xe8>
10004a7e:	e001      	b.n	10004a84 <stdio_put_string+0x54>
10004a80:	6924      	ldr	r4, [r4, #16]
10004a82:	b174      	cbz	r4, 10004aa2 <stdio_put_string+0x72>
10004a84:	6823      	ldr	r3, [r4, #0]
10004a86:	2b00      	cmp	r3, #0
10004a88:	d0fa      	beq.n	10004a80 <stdio_put_string+0x50>
10004a8a:	f8d9 3000 	ldr.w	r3, [r9]
10004a8e:	b10b      	cbz	r3, 10004a94 <stdio_put_string+0x64>
10004a90:	429c      	cmp	r4, r3
10004a92:	d1f5      	bne.n	10004a80 <stdio_put_string+0x50>
10004a94:	4620      	mov	r0, r4
10004a96:	462a      	mov	r2, r5
10004a98:	4631      	mov	r1, r6
10004a9a:	47b8      	blx	r7
10004a9c:	6924      	ldr	r4, [r4, #16]
10004a9e:	2c00      	cmp	r4, #0
10004aa0:	d1f0      	bne.n	10004a84 <stdio_put_string+0x54>
10004aa2:	f1b8 0f00 	cmp.w	r8, #0
10004aa6:	d126      	bne.n	10004af6 <stdio_put_string+0xc6>
10004aa8:	4628      	mov	r0, r5
10004aaa:	b002      	add	sp, #8
10004aac:	e8bd 87f0 	ldmia.w	sp!, {r4, r5, r6, r7, r8, r9, sl, pc}
10004ab0:	4f18      	ldr	r7, [pc, #96]	@ (10004b14 <stdio_put_string+0xe4>)
10004ab2:	e7dc      	b.n	10004a6e <stdio_put_string+0x3e>
10004ab4:	f04f 0a0a 	mov.w	sl, #10
10004ab8:	f8df 905c 	ldr.w	r9, [pc, #92]	@ 10004b18 <stdio_put_string+0xe8>
10004abc:	e002      	b.n	10004ac4 <stdio_put_string+0x94>
10004abe:	6924      	ldr	r4, [r4, #16]
10004ac0:	2c00      	cmp	r4, #0
10004ac2:	d0ee      	beq.n	10004aa2 <stdio_put_string+0x72>
10004ac4:	6823      	ldr	r3, [r4, #0]
10004ac6:	2b00      	cmp	r3, #0
10004ac8:	d0f9      	beq.n	10004abe <stdio_put_string+0x8e>
10004aca:	f8d9 3000 	ldr.w	r3, [r9]
10004ace:	b10b      	cbz	r3, 10004ad4 <stdio_put_string+0xa4>
10004ad0:	42a3      	cmp	r3, r4
10004ad2:	d1f4      	bne.n	10004abe <stdio_put_string+0x8e>
10004ad4:	462a      	mov	r2, r5
10004ad6:	4631      	mov	r1, r6
10004ad8:	4620      	mov	r0, r4
10004ada:	47b8      	blx	r7
10004adc:	2201      	movs	r2, #1
10004ade:	4620      	mov	r0, r4
10004ae0:	f10d 0107 	add.w	r1, sp, #7
10004ae4:	f88d a007 	strb.w	sl, [sp, #7]
10004ae8:	47b8      	blx	r7
10004aea:	e7e8      	b.n	10004abe <stdio_put_string+0x8e>
10004aec:	4630      	mov	r0, r6
10004aee:	f005 feeb 	bl	1000a8c8 <strlen>
10004af2:	4605      	mov	r5, r0
10004af4:	e7b9      	b.n	10004a6a <stdio_put_string+0x3a>
10004af6:	4804      	ldr	r0, [pc, #16]	@ (10004b08 <stdio_put_string+0xd8>)
10004af8:	f006 f876 	bl	1000abe8 <__mutex_exit_veneer>
10004afc:	4628      	mov	r0, r5
10004afe:	b002      	add	sp, #8
10004b00:	e8bd 87f0 	ldmia.w	sp!, {r4, r5, r6, r7, r8, r9, sl, pc}
10004b04:	000f4240 	.word	0x000f4240
10004b08:	20001b00 	.word	0x20001b00
10004b0c:	10004981 	.word	0x10004981
10004b10:	200024f8 	.word	0x200024f8
10004b14:	10004979 	.word	0x10004979
10004b18:	2000250c 	.word	0x2000250c

10004b1c <stdio_set_driver_enabled>:
10004b1c:	4a08      	ldr	r2, [pc, #32]	@ (10004b40 <stdio_set_driver_enabled+0x24>)
10004b1e:	6813      	ldr	r3, [r2, #0]
10004b20:	b923      	cbnz	r3, 10004b2c <stdio_set_driver_enabled+0x10>
10004b22:	e00a      	b.n	10004b3a <stdio_set_driver_enabled+0x1e>
10004b24:	f103 0210 	add.w	r2, r3, #16
10004b28:	691b      	ldr	r3, [r3, #16]
10004b2a:	b133      	cbz	r3, 10004b3a <stdio_set_driver_enabled+0x1e>
10004b2c:	4283      	cmp	r3, r0
10004b2e:	d1f9      	bne.n	10004b24 <stdio_set_driver_enabled+0x8>
10004b30:	b929      	cbnz	r1, 10004b3e <stdio_set_driver_enabled+0x22>
10004b32:	6918      	ldr	r0, [r3, #16]
10004b34:	6010      	str	r0, [r2, #0]
10004b36:	6119      	str	r1, [r3, #16]
10004b38:	4770      	bx	lr
10004b3a:	b101      	cbz	r1, 10004b3e <stdio_set_driver_enabled+0x22>
10004b3c:	6010      	str	r0, [r2, #0]
10004b3e:	4770      	bx	lr
10004b40:	200024f8 	.word	0x200024f8

10004b44 <stdio_init_all>:
10004b44:	f000 ba6e 	b.w	10005024 <stdio_usb_init>

10004b48 <__wrap_putchar>:
10004b48:	b5f0      	push	{r4, r5, r6, r7, lr}
10004b4a:	b083      	sub	sp, #12
10004b4c:	4606      	mov	r6, r0
10004b4e:	f88d 0007 	strb.w	r0, [sp, #7]
10004b52:	f7fd ff6f 	bl	10002a34 <time_us_64>
10004b56:	f04f 35ff 	mov.w	r5, #4294967295
10004b5a:	f06f 4400 	mvn.w	r4, #2147483648	@ 0x80000000
10004b5e:	4a17      	ldr	r2, [pc, #92]	@ (10004bbc <__wrap_putchar+0x74>)
10004b60:	1882      	adds	r2, r0, r2
10004b62:	f141 0300 	adc.w	r3, r1, #0
10004b66:	4295      	cmp	r5, r2
10004b68:	eb74 0103 	sbcs.w	r1, r4, r3
10004b6c:	bf3c      	itt	cc
10004b6e:	4623      	movcc	r3, r4
10004b70:	462a      	movcc	r2, r5
10004b72:	4813      	ldr	r0, [pc, #76]	@ (10004bc0 <__wrap_putchar+0x78>)
10004b74:	f006 f844 	bl	1000ac00 <__mutex_try_enter_block_until_veneer>
10004b78:	4b12      	ldr	r3, [pc, #72]	@ (10004bc4 <__wrap_putchar+0x7c>)
10004b7a:	4607      	mov	r7, r0
10004b7c:	681c      	ldr	r4, [r3, #0]
10004b7e:	b19c      	cbz	r4, 10004ba8 <__wrap_putchar+0x60>
10004b80:	4d11      	ldr	r5, [pc, #68]	@ (10004bc8 <__wrap_putchar+0x80>)
10004b82:	e001      	b.n	10004b88 <__wrap_putchar+0x40>
10004b84:	6924      	ldr	r4, [r4, #16]
10004b86:	b17c      	cbz	r4, 10004ba8 <__wrap_putchar+0x60>
10004b88:	6823      	ldr	r3, [r4, #0]
10004b8a:	2b00      	cmp	r3, #0
10004b8c:	d0fa      	beq.n	10004b84 <__wrap_putchar+0x3c>
10004b8e:	682b      	ldr	r3, [r5, #0]
10004b90:	b10b      	cbz	r3, 10004b96 <__wrap_putchar+0x4e>
10004b92:	429c      	cmp	r4, r3
10004b94:	d1f6      	bne.n	10004b84 <__wrap_putchar+0x3c>
10004b96:	4620      	mov	r0, r4
10004b98:	2201      	movs	r2, #1
10004b9a:	f10d 0107 	add.w	r1, sp, #7
10004b9e:	f7ff feef 	bl	10004980 <stdio_out_chars_crlf>
10004ba2:	6924      	ldr	r4, [r4, #16]
10004ba4:	2c00      	cmp	r4, #0
10004ba6:	d1ef      	bne.n	10004b88 <__wrap_putchar+0x40>
10004ba8:	b917      	cbnz	r7, 10004bb0 <__wrap_putchar+0x68>
10004baa:	4630      	mov	r0, r6
10004bac:	b003      	add	sp, #12
10004bae:	bdf0      	pop	{r4, r5, r6, r7, pc}
10004bb0:	4803      	ldr	r0, [pc, #12]	@ (10004bc0 <__wrap_putchar+0x78>)
10004bb2:	f006 f819 	bl	1000abe8 <__mutex_exit_veneer>
10004bb6:	4630      	mov	r0, r6
10004bb8:	b003      	add	sp, #12
10004bba:	bdf0      	pop	{r4, r5, r6, r7, pc}
10004bbc:	000f4240 	.word	0x000f4240
10004bc0:	20001b00 	.word	0x20001b00
10004bc4:	200024f8 	.word	0x200024f8
10004bc8:	2000250c 	.word	0x2000250c

10004bcc <__wrap_puts>:
10004bcc:	b538      	push	{r3, r4, r5, lr}
10004bce:	4604      	mov	r4, r0
10004bd0:	f005 fe7a 	bl	1000a8c8 <strlen>
10004bd4:	2301      	movs	r3, #1
10004bd6:	4605      	mov	r5, r0
10004bd8:	461a      	mov	r2, r3
10004bda:	4620      	mov	r0, r4
10004bdc:	4629      	mov	r1, r5
10004bde:	f7ff ff27 	bl	10004a30 <stdio_put_string>
10004be2:	4b08      	ldr	r3, [pc, #32]	@ (10004c04 <__wrap_puts+0x38>)
10004be4:	681c      	ldr	r4, [r3, #0]
10004be6:	b12c      	cbz	r4, 10004bf4 <__wrap_puts+0x28>
10004be8:	6863      	ldr	r3, [r4, #4]
10004bea:	b12b      	cbz	r3, 10004bf8 <__wrap_puts+0x2c>
10004bec:	4798      	blx	r3
10004bee:	6924      	ldr	r4, [r4, #16]
10004bf0:	2c00      	cmp	r4, #0
10004bf2:	d1f9      	bne.n	10004be8 <__wrap_puts+0x1c>
10004bf4:	4628      	mov	r0, r5
10004bf6:	bd38      	pop	{r3, r4, r5, pc}
10004bf8:	6924      	ldr	r4, [r4, #16]
10004bfa:	2c00      	cmp	r4, #0
10004bfc:	d1f4      	bne.n	10004be8 <__wrap_puts+0x1c>
10004bfe:	4628      	mov	r0, r5
10004c00:	bd38      	pop	{r3, r4, r5, pc}
10004c02:	bf00      	nop
10004c04:	200024f8 	.word	0x200024f8

10004c08 <resetd_init>:
10004c08:	4770      	bx	lr
10004c0a:	bf00      	nop

10004c0c <resetd_reset>:
10004c0c:	2200      	movs	r2, #0
10004c0e:	4b01      	ldr	r3, [pc, #4]	@ (10004c14 <resetd_reset+0x8>)
10004c10:	701a      	strb	r2, [r3, #0]
10004c12:	4770      	bx	lr
10004c14:	20002b04 	.word	0x20002b04

10004c18 <resetd_open>:
10004c18:	794b      	ldrb	r3, [r1, #5]
10004c1a:	2bff      	cmp	r3, #255	@ 0xff
10004c1c:	d10b      	bne.n	10004c36 <resetd_open+0x1e>
10004c1e:	7988      	ldrb	r0, [r1, #6]
10004c20:	b948      	cbnz	r0, 10004c36 <resetd_open+0x1e>
10004c22:	79cb      	ldrb	r3, [r1, #7]
10004c24:	2b01      	cmp	r3, #1
10004c26:	d107      	bne.n	10004c38 <resetd_open+0x20>
10004c28:	2a08      	cmp	r2, #8
10004c2a:	d905      	bls.n	10004c38 <resetd_open+0x20>
10004c2c:	4b03      	ldr	r3, [pc, #12]	@ (10004c3c <resetd_open+0x24>)
10004c2e:	788a      	ldrb	r2, [r1, #2]
10004c30:	2009      	movs	r0, #9
10004c32:	701a      	strb	r2, [r3, #0]
10004c34:	4770      	bx	lr
10004c36:	2000      	movs	r0, #0
10004c38:	4770      	bx	lr
10004c3a:	bf00      	nop
10004c3c:	20002b04 	.word	0x20002b04

10004c40 <resetd_xfer_cb>:
10004c40:	2001      	movs	r0, #1
10004c42:	4770      	bx	lr

10004c44 <resetd_control_xfer_cb>:
10004c44:	2901      	cmp	r1, #1
10004c46:	d001      	beq.n	10004c4c <resetd_control_xfer_cb+0x8>
10004c48:	2001      	movs	r0, #1
10004c4a:	4770      	bx	lr
10004c4c:	b508      	push	{r3, lr}
10004c4e:	4b10      	ldr	r3, [pc, #64]	@ (10004c90 <resetd_control_xfer_cb+0x4c>)
10004c50:	8891      	ldrh	r1, [r2, #4]
10004c52:	781b      	ldrb	r3, [r3, #0]
10004c54:	4299      	cmp	r1, r3
10004c56:	d001      	beq.n	10004c5c <resetd_control_xfer_cb+0x18>
10004c58:	2000      	movs	r0, #0
10004c5a:	bd08      	pop	{r3, pc}
10004c5c:	7853      	ldrb	r3, [r2, #1]
10004c5e:	2b01      	cmp	r3, #1
10004c60:	d008      	beq.n	10004c74 <resetd_control_xfer_cb+0x30>
10004c62:	2b02      	cmp	r3, #2
10004c64:	d1f8      	bne.n	10004c58 <resetd_control_xfer_cb+0x14>
10004c66:	2100      	movs	r1, #0
10004c68:	2264      	movs	r2, #100	@ 0x64
10004c6a:	4608      	mov	r0, r1
10004c6c:	f7fd ffb2 	bl	10002bd4 <watchdog_reboot>
10004c70:	2001      	movs	r0, #1
10004c72:	bd08      	pop	{r3, pc}
10004c74:	8851      	ldrh	r1, [r2, #2]
10004c76:	05cb      	lsls	r3, r1, #23
10004c78:	bf48      	it	mi
10004c7a:	0a48      	lsrmi	r0, r1, #9
10004c7c:	f3c1 2240 	ubfx	r2, r1, #9, #1
10004c80:	bf58      	it	pl
10004c82:	f04f 30ff 	movpl.w	r0, #4294967295
10004c86:	f001 017f 	and.w	r1, r1, #127	@ 0x7f
10004c8a:	f7fe f821 	bl	10002cd0 <rom_reset_usb_boot_extra>
10004c8e:	bf00      	nop
10004c90:	20002b04 	.word	0x20002b04

10004c94 <tud_descriptor_bos_cb>:
10004c94:	4800      	ldr	r0, [pc, #0]	@ (10004c98 <tud_descriptor_bos_cb+0x4>)
10004c96:	4770      	bx	lr
10004c98:	1000b12c 	.word	0x1000b12c

10004c9c <tud_vendor_control_xfer_cb>:
10004c9c:	2901      	cmp	r1, #1
10004c9e:	d107      	bne.n	10004cb0 <tud_vendor_control_xfer_cb+0x14>
10004ca0:	7853      	ldrb	r3, [r2, #1]
10004ca2:	2b01      	cmp	r3, #1
10004ca4:	d102      	bne.n	10004cac <tud_vendor_control_xfer_cb+0x10>
10004ca6:	8893      	ldrh	r3, [r2, #4]
10004ca8:	2b07      	cmp	r3, #7
10004caa:	d003      	beq.n	10004cb4 <tud_vendor_control_xfer_cb+0x18>
10004cac:	2000      	movs	r0, #0
10004cae:	4770      	bx	lr
10004cb0:	2001      	movs	r0, #1
10004cb2:	4770      	bx	lr
10004cb4:	4611      	mov	r1, r2
10004cb6:	23a6      	movs	r3, #166	@ 0xa6
10004cb8:	4a01      	ldr	r2, [pc, #4]	@ (10004cc0 <tud_vendor_control_xfer_cb+0x24>)
10004cba:	f001 ba39 	b.w	10006130 <tud_control_xfer>
10004cbe:	bf00      	nop
10004cc0:	1000b084 	.word	0x1000b084

10004cc4 <usbd_app_driver_get_cb>:
10004cc4:	4603      	mov	r3, r0
10004cc6:	2201      	movs	r2, #1
10004cc8:	4801      	ldr	r0, [pc, #4]	@ (10004cd0 <usbd_app_driver_get_cb+0xc>)
10004cca:	701a      	strb	r2, [r3, #0]
10004ccc:	4770      	bx	lr
10004cce:	bf00      	nop
10004cd0:	1000b064 	.word	0x1000b064

10004cd4 <tud_cdc_line_coding_cb>:
10004cd4:	b508      	push	{r3, lr}
10004cd6:	680b      	ldr	r3, [r1, #0]
10004cd8:	f5b3 6f96 	cmp.w	r3, #1200	@ 0x4b0
10004cdc:	d000      	beq.n	10004ce0 <tud_cdc_line_coding_cb+0xc>
10004cde:	bd08      	pop	{r3, pc}
10004ce0:	2200      	movs	r2, #0
10004ce2:	f04f 30ff 	mov.w	r0, #4294967295
10004ce6:	4611      	mov	r1, r2
10004ce8:	f7fd fff2 	bl	10002cd0 <rom_reset_usb_boot_extra>

10004cec <stdio_usb_set_chars_available_callback>:
10004cec:	4a02      	ldr	r2, [pc, #8]	@ (10004cf8 <stdio_usb_set_chars_available_callback+0xc>)
10004cee:	4b03      	ldr	r3, [pc, #12]	@ (10004cfc <stdio_usb_set_chars_available_callback+0x10>)
10004cf0:	6010      	str	r0, [r2, #0]
10004cf2:	6019      	str	r1, [r3, #0]
10004cf4:	4770      	bx	lr
10004cf6:	bf00      	nop
10004cf8:	20002478 	.word	0x20002478
10004cfc:	2000247c 	.word	0x2000247c

10004d00 <timer_task>:
10004d00:	4b18      	ldr	r3, [pc, #96]	@ (10004d64 <timer_task+0x64>)
10004d02:	b570      	push	{r4, r5, r6, lr}
10004d04:	681a      	ldr	r2, [r3, #0]
10004d06:	2a00      	cmp	r2, #0
10004d08:	d028      	beq.n	10004d5c <timer_task+0x5c>
10004d0a:	f3ef 8110 	mrs	r1, PRIMASK
10004d0e:	b672      	cpsid	i
10004d10:	e8d2 4fcf 	ldaexb	r4, [r2]
10004d14:	2001      	movs	r0, #1
10004d16:	2c00      	cmp	r4, #0
10004d18:	d1fa      	bne.n	10004d10 <timer_task+0x10>
10004d1a:	e8c2 0f44 	strexb	r4, r0, [r2]
10004d1e:	2c00      	cmp	r4, #0
10004d20:	d1f6      	bne.n	10004d10 <timer_task+0x10>
10004d22:	f3bf 8f5f 	dmb	sy
10004d26:	2200      	movs	r2, #0
10004d28:	4c0f      	ldr	r4, [pc, #60]	@ (10004d68 <timer_task+0x68>)
10004d2a:	6818      	ldr	r0, [r3, #0]
10004d2c:	6059      	str	r1, [r3, #4]
10004d2e:	7022      	strb	r2, [r4, #0]
10004d30:	e8c0 2f8f 	stlb	r2, [r0]
10004d34:	f381 8810 	msr	PRIMASK, r1
10004d38:	2400      	movs	r4, #0
10004d3a:	2500      	movs	r5, #0
10004d3c:	4e0b      	ldr	r6, [pc, #44]	@ (10004d6c <timer_task+0x6c>)
10004d3e:	7830      	ldrb	r0, [r6, #0]
10004d40:	f7fc febe 	bl	10001ac0 <irq_is_enabled>
10004d44:	b920      	cbnz	r0, 10004d50 <timer_task+0x50>
10004d46:	2400      	movs	r4, #0
10004d48:	2500      	movs	r5, #0
10004d4a:	4620      	mov	r0, r4
10004d4c:	4629      	mov	r1, r5
10004d4e:	bd70      	pop	{r4, r5, r6, pc}
10004d50:	7830      	ldrb	r0, [r6, #0]
10004d52:	f7fc fec5 	bl	10001ae0 <irq_set_pending>
10004d56:	4620      	mov	r0, r4
10004d58:	4629      	mov	r1, r5
10004d5a:	bd70      	pop	{r4, r5, r6, pc}
10004d5c:	f44f 747a 	mov.w	r4, #1000	@ 0x3e8
10004d60:	2500      	movs	r5, #0
10004d62:	e7eb      	b.n	10004d3c <timer_task+0x3c>
10004d64:	2000293c 	.word	0x2000293c
10004d68:	20002b06 	.word	0x20002b06
10004d6c:	20002b05 	.word	0x20002b05

10004d70 <usb_irq>:
10004d70:	4b01      	ldr	r3, [pc, #4]	@ (10004d78 <usb_irq+0x8>)
10004d72:	7818      	ldrb	r0, [r3, #0]
10004d74:	f7fc beb4 	b.w	10001ae0 <irq_set_pending>
10004d78:	20002b05 	.word	0x20002b05

10004d7c <stdio_usb_in_chars>:
10004d7c:	b538      	push	{r3, r4, r5, lr}
10004d7e:	4604      	mov	r4, r0
10004d80:	2000      	movs	r0, #0
10004d82:	460d      	mov	r5, r1
10004d84:	f001 fb04 	bl	10006390 <tud_cdc_n_connected>
10004d88:	b3a8      	cbz	r0, 10004df6 <stdio_usb_in_chars+0x7a>
10004d8a:	2000      	movs	r0, #0
10004d8c:	f001 fb16 	bl	100063bc <tud_cdc_n_available>
10004d90:	b388      	cbz	r0, 10004df6 <stdio_usb_in_chars+0x7a>
10004d92:	f7fd fe4f 	bl	10002a34 <time_us_64>
10004d96:	f04f 3eff 	mov.w	lr, #4294967295
10004d9a:	f06f 4c00 	mvn.w	ip, #2147483648	@ 0x80000000
10004d9e:	4a17      	ldr	r2, [pc, #92]	@ (10004dfc <stdio_usb_in_chars+0x80>)
10004da0:	1882      	adds	r2, r0, r2
10004da2:	f141 0300 	adc.w	r3, r1, #0
10004da6:	4596      	cmp	lr, r2
10004da8:	eb7c 0103 	sbcs.w	r1, ip, r3
10004dac:	bf3c      	itt	cc
10004dae:	4672      	movcc	r2, lr
10004db0:	4663      	movcc	r3, ip
10004db2:	4813      	ldr	r0, [pc, #76]	@ (10004e00 <stdio_usb_in_chars+0x84>)
10004db4:	f005 ff24 	bl	1000ac00 <__mutex_try_enter_block_until_veneer>
10004db8:	b1e8      	cbz	r0, 10004df6 <stdio_usb_in_chars+0x7a>
10004dba:	2000      	movs	r0, #0
10004dbc:	f001 fae8 	bl	10006390 <tud_cdc_n_connected>
10004dc0:	b958      	cbnz	r0, 10004dda <stdio_usb_in_chars+0x5e>
10004dc2:	2100      	movs	r1, #0
10004dc4:	f04f 30ff 	mov.w	r0, #4294967295
10004dc8:	f000 fd0a 	bl	100057e0 <tud_task_ext>
10004dcc:	f06f 0402 	mvn.w	r4, #2
10004dd0:	480b      	ldr	r0, [pc, #44]	@ (10004e00 <stdio_usb_in_chars+0x84>)
10004dd2:	f005 ff09 	bl	1000abe8 <__mutex_exit_veneer>
10004dd6:	4620      	mov	r0, r4
10004dd8:	bd38      	pop	{r3, r4, r5, pc}
10004dda:	2000      	movs	r0, #0
10004ddc:	f001 faee 	bl	100063bc <tud_cdc_n_available>
10004de0:	2800      	cmp	r0, #0
10004de2:	d0ee      	beq.n	10004dc2 <stdio_usb_in_chars+0x46>
10004de4:	4621      	mov	r1, r4
10004de6:	462a      	mov	r2, r5
10004de8:	2000      	movs	r0, #0
10004dea:	f001 faf1 	bl	100063d0 <tud_cdc_n_read>
10004dee:	4604      	mov	r4, r0
10004df0:	2800      	cmp	r0, #0
10004df2:	d1ed      	bne.n	10004dd0 <stdio_usb_in_chars+0x54>
10004df4:	e7ea      	b.n	10004dcc <stdio_usb_in_chars+0x50>
10004df6:	f06f 0402 	mvn.w	r4, #2
10004dfa:	e7ec      	b.n	10004dd6 <stdio_usb_in_chars+0x5a>
10004dfc:	000f4240 	.word	0x000f4240
10004e00:	20002a10 	.word	0x20002a10

10004e04 <stdio_usb_out_flush>:
10004e04:	b508      	push	{r3, lr}
10004e06:	f7fd fe15 	bl	10002a34 <time_us_64>
10004e0a:	f04f 3eff 	mov.w	lr, #4294967295
10004e0e:	f06f 4c00 	mvn.w	ip, #2147483648	@ 0x80000000
10004e12:	4a0f      	ldr	r2, [pc, #60]	@ (10004e50 <stdio_usb_out_flush+0x4c>)
10004e14:	1882      	adds	r2, r0, r2
10004e16:	f141 0300 	adc.w	r3, r1, #0
10004e1a:	4596      	cmp	lr, r2
10004e1c:	eb7c 0103 	sbcs.w	r1, ip, r3
10004e20:	bf3c      	itt	cc
10004e22:	4672      	movcc	r2, lr
10004e24:	4663      	movcc	r3, ip
10004e26:	480b      	ldr	r0, [pc, #44]	@ (10004e54 <stdio_usb_out_flush+0x50>)
10004e28:	f005 feea 	bl	1000ac00 <__mutex_try_enter_block_until_veneer>
10004e2c:	b170      	cbz	r0, 10004e4c <stdio_usb_out_flush+0x48>
10004e2e:	f04f 30ff 	mov.w	r0, #4294967295
10004e32:	2100      	movs	r1, #0
10004e34:	f000 fcd4 	bl	100057e0 <tud_task_ext>
10004e38:	2000      	movs	r0, #0
10004e3a:	f001 fb11 	bl	10006460 <tud_cdc_n_write_flush>
10004e3e:	2800      	cmp	r0, #0
10004e40:	d1f5      	bne.n	10004e2e <stdio_usb_out_flush+0x2a>
10004e42:	e8bd 4008 	ldmia.w	sp!, {r3, lr}
10004e46:	4803      	ldr	r0, [pc, #12]	@ (10004e54 <stdio_usb_out_flush+0x50>)
10004e48:	f005 bece 	b.w	1000abe8 <__mutex_exit_veneer>
10004e4c:	bd08      	pop	{r3, pc}
10004e4e:	bf00      	nop
10004e50:	000f4240 	.word	0x000f4240
10004e54:	20002a10 	.word	0x20002a10

10004e58 <stdio_usb_out_chars>:
10004e58:	e92d 43f8 	stmdb	sp!, {r3, r4, r5, r6, r7, r8, r9, lr}
10004e5c:	4680      	mov	r8, r0
10004e5e:	460f      	mov	r7, r1
10004e60:	f7fd fde8 	bl	10002a34 <time_us_64>
10004e64:	f04f 35ff 	mov.w	r5, #4294967295
10004e68:	f06f 4400 	mvn.w	r4, #2147483648	@ 0x80000000
10004e6c:	4a33      	ldr	r2, [pc, #204]	@ (10004f3c <stdio_usb_out_chars+0xe4>)
10004e6e:	1882      	adds	r2, r0, r2
10004e70:	f141 0300 	adc.w	r3, r1, #0
10004e74:	4295      	cmp	r5, r2
10004e76:	eb74 0103 	sbcs.w	r1, r4, r3
10004e7a:	bf3c      	itt	cc
10004e7c:	462a      	movcc	r2, r5
10004e7e:	4623      	movcc	r3, r4
10004e80:	482f      	ldr	r0, [pc, #188]	@ (10004f40 <stdio_usb_out_chars+0xe8>)
10004e82:	f005 febd 	bl	1000ac00 <__mutex_try_enter_block_until_veneer>
10004e86:	b908      	cbnz	r0, 10004e8c <stdio_usb_out_chars+0x34>
10004e88:	e8bd 83f8 	ldmia.w	sp!, {r3, r4, r5, r6, r7, r8, r9, pc}
10004e8c:	2000      	movs	r0, #0
10004e8e:	f001 fa7f 	bl	10006390 <tud_cdc_n_connected>
10004e92:	2800      	cmp	r0, #0
10004e94:	d047      	beq.n	10004f26 <stdio_usb_out_chars+0xce>
10004e96:	2f00      	cmp	r7, #0
10004e98:	dd40      	ble.n	10004f1c <stdio_usb_out_chars+0xc4>
10004e9a:	2500      	movs	r5, #0
10004e9c:	f8df 90a8 	ldr.w	r9, [pc, #168]	@ 10004f48 <stdio_usb_out_chars+0xf0>
10004ea0:	4e28      	ldr	r6, [pc, #160]	@ (10004f44 <stdio_usb_out_chars+0xec>)
10004ea2:	e013      	b.n	10004ecc <stdio_usb_out_chars+0x74>
10004ea4:	4622      	mov	r2, r4
10004ea6:	2000      	movs	r0, #0
10004ea8:	f001 fb20 	bl	100064ec <tud_cdc_n_write>
10004eac:	2100      	movs	r1, #0
10004eae:	4604      	mov	r4, r0
10004eb0:	f04f 30ff 	mov.w	r0, #4294967295
10004eb4:	f000 fc94 	bl	100057e0 <tud_task_ext>
10004eb8:	2000      	movs	r0, #0
10004eba:	f001 fad1 	bl	10006460 <tud_cdc_n_write_flush>
10004ebe:	f7fd fdb9 	bl	10002a34 <time_us_64>
10004ec2:	e9c9 0100 	strd	r0, r1, [r9]
10004ec6:	4425      	add	r5, r4
10004ec8:	42af      	cmp	r7, r5
10004eca:	dd27      	ble.n	10004f1c <stdio_usb_out_chars+0xc4>
10004ecc:	2000      	movs	r0, #0
10004ece:	f001 fb2d 	bl	1000652c <tud_cdc_n_write_available>
10004ed2:	1b7c      	subs	r4, r7, r5
10004ed4:	4284      	cmp	r4, r0
10004ed6:	bfa8      	it	ge
10004ed8:	4604      	movge	r4, r0
10004eda:	eb08 0105 	add.w	r1, r8, r5
10004ede:	2c00      	cmp	r4, #0
10004ee0:	d1e0      	bne.n	10004ea4 <stdio_usb_out_chars+0x4c>
10004ee2:	4621      	mov	r1, r4
10004ee4:	f04f 30ff 	mov.w	r0, #4294967295
10004ee8:	f000 fc7a 	bl	100057e0 <tud_task_ext>
10004eec:	4620      	mov	r0, r4
10004eee:	f001 fab7 	bl	10006460 <tud_cdc_n_write_flush>
10004ef2:	4620      	mov	r0, r4
10004ef4:	f001 fa4c 	bl	10006390 <tud_cdc_n_connected>
10004ef8:	b180      	cbz	r0, 10004f1c <stdio_usb_out_chars+0xc4>
10004efa:	4620      	mov	r0, r4
10004efc:	f001 fb16 	bl	1000652c <tud_cdc_n_write_available>
10004f00:	2800      	cmp	r0, #0
10004f02:	d1e1      	bne.n	10004ec8 <stdio_usb_out_chars+0x70>
10004f04:	f7fd fd96 	bl	10002a34 <time_us_64>
10004f08:	f8d9 3000 	ldr.w	r3, [r9]
10004f0c:	f8d9 2004 	ldr.w	r2, [r9, #4]
10004f10:	199b      	adds	r3, r3, r6
10004f12:	f142 0200 	adc.w	r2, r2, #0
10004f16:	4283      	cmp	r3, r0
10004f18:	418a      	sbcs	r2, r1
10004f1a:	d2d5      	bcs.n	10004ec8 <stdio_usb_out_chars+0x70>
10004f1c:	4808      	ldr	r0, [pc, #32]	@ (10004f40 <stdio_usb_out_chars+0xe8>)
10004f1e:	e8bd 43f8 	ldmia.w	sp!, {r3, r4, r5, r6, r7, r8, r9, lr}
10004f22:	f005 be61 	b.w	1000abe8 <__mutex_exit_veneer>
10004f26:	2000      	movs	r0, #0
10004f28:	2100      	movs	r1, #0
10004f2a:	4b07      	ldr	r3, [pc, #28]	@ (10004f48 <stdio_usb_out_chars+0xf0>)
10004f2c:	e9c3 0100 	strd	r0, r1, [r3]
10004f30:	e8bd 43f8 	ldmia.w	sp!, {r3, r4, r5, r6, r7, r8, r9, lr}
10004f34:	4802      	ldr	r0, [pc, #8]	@ (10004f40 <stdio_usb_out_chars+0xe8>)
10004f36:	f005 be57 	b.w	1000abe8 <__mutex_exit_veneer>
10004f3a:	bf00      	nop
10004f3c:	000f4240 	.word	0x000f4240
10004f40:	20002a10 	.word	0x20002a10
10004f44:	0007a120 	.word	0x0007a120
10004f48:	20001c88 	.word	0x20001c88

10004f4c <low_priority_worker_irq>:
10004f4c:	b530      	push	{r4, r5, lr}
10004f4e:	2100      	movs	r1, #0
10004f50:	b085      	sub	sp, #20
10004f52:	482e      	ldr	r0, [pc, #184]	@ (1000500c <low_priority_worker_irq+0xc0>)
10004f54:	f005 fe60 	bl	1000ac18 <__mutex_try_enter_veneer>
10004f58:	b9f0      	cbnz	r0, 10004f98 <low_priority_worker_irq+0x4c>
10004f5a:	4b2d      	ldr	r3, [pc, #180]	@ (10005010 <low_priority_worker_irq+0xc4>)
10004f5c:	681a      	ldr	r2, [r3, #0]
10004f5e:	b1ca      	cbz	r2, 10004f94 <low_priority_worker_irq+0x48>
10004f60:	f3ef 8110 	mrs	r1, PRIMASK
10004f64:	b672      	cpsid	i
10004f66:	e8d2 5fcf 	ldaexb	r5, [r2]
10004f6a:	2401      	movs	r4, #1
10004f6c:	2d00      	cmp	r5, #0
10004f6e:	d1fa      	bne.n	10004f66 <low_priority_worker_irq+0x1a>
10004f70:	e8c2 4f45 	strexb	r5, r4, [r2]
10004f74:	2d00      	cmp	r5, #0
10004f76:	d1f6      	bne.n	10004f66 <low_priority_worker_irq+0x1a>
10004f78:	f3bf 8f5f 	dmb	sy
10004f7c:	4c25      	ldr	r4, [pc, #148]	@ (10005014 <low_priority_worker_irq+0xc8>)
10004f7e:	681d      	ldr	r5, [r3, #0]
10004f80:	7822      	ldrb	r2, [r4, #0]
10004f82:	6059      	str	r1, [r3, #4]
10004f84:	b2d3      	uxtb	r3, r2
10004f86:	2201      	movs	r2, #1
10004f88:	7022      	strb	r2, [r4, #0]
10004f8a:	e8c5 0f8f 	stlb	r0, [r5]
10004f8e:	f381 8810 	msr	PRIMASK, r1
10004f92:	b1cb      	cbz	r3, 10004fc8 <low_priority_worker_irq+0x7c>
10004f94:	b005      	add	sp, #20
10004f96:	bd30      	pop	{r4, r5, pc}
10004f98:	2100      	movs	r1, #0
10004f9a:	f04f 30ff 	mov.w	r0, #4294967295
10004f9e:	f000 fc1f 	bl	100057e0 <tud_task_ext>
10004fa2:	2000      	movs	r0, #0
10004fa4:	f001 fa0a 	bl	100063bc <tud_cdc_n_available>
10004fa8:	4604      	mov	r4, r0
10004faa:	4818      	ldr	r0, [pc, #96]	@ (1000500c <low_priority_worker_irq+0xc0>)
10004fac:	f005 fe1c 	bl	1000abe8 <__mutex_exit_veneer>
10004fb0:	2c00      	cmp	r4, #0
10004fb2:	d0ef      	beq.n	10004f94 <low_priority_worker_irq+0x48>
10004fb4:	4b18      	ldr	r3, [pc, #96]	@ (10005018 <low_priority_worker_irq+0xcc>)
10004fb6:	681b      	ldr	r3, [r3, #0]
10004fb8:	2b00      	cmp	r3, #0
10004fba:	d0eb      	beq.n	10004f94 <low_priority_worker_irq+0x48>
10004fbc:	4a17      	ldr	r2, [pc, #92]	@ (1000501c <low_priority_worker_irq+0xd0>)
10004fbe:	6810      	ldr	r0, [r2, #0]
10004fc0:	b005      	add	sp, #20
10004fc2:	e8bd 4030 	ldmia.w	sp!, {r4, r5, lr}
10004fc6:	4718      	bx	r3
10004fc8:	f7fd fa9e 	bl	10002508 <alarm_pool_get_default>
10004fcc:	4604      	mov	r4, r0
10004fce:	f7fd fd31 	bl	10002a34 <time_us_64>
10004fd2:	f04f 3cff 	mov.w	ip, #4294967295
10004fd6:	f06f 4500 	mvn.w	r5, #2147483648	@ 0x80000000
10004fda:	f510 727a 	adds.w	r2, r0, #1000	@ 0x3e8
10004fde:	f141 0300 	adc.w	r3, r1, #0
10004fe2:	4594      	cmp	ip, r2
10004fe4:	eb75 0103 	sbcs.w	r1, r5, r3
10004fe8:	bf38      	it	cc
10004fea:	462b      	movcc	r3, r5
10004fec:	f04f 0100 	mov.w	r1, #0
10004ff0:	f04f 0501 	mov.w	r5, #1
10004ff4:	4620      	mov	r0, r4
10004ff6:	4c0a      	ldr	r4, [pc, #40]	@ (10005020 <low_priority_worker_irq+0xd4>)
10004ff8:	bf38      	it	cc
10004ffa:	4662      	movcc	r2, ip
10004ffc:	e9cd 1501 	strd	r1, r5, [sp, #4]
10005000:	9400      	str	r4, [sp, #0]
10005002:	f7fd fa85 	bl	10002510 <alarm_pool_add_alarm_at>
10005006:	b005      	add	sp, #20
10005008:	bd30      	pop	{r4, r5, pc}
1000500a:	bf00      	nop
1000500c:	20002a10 	.word	0x20002a10
10005010:	2000293c 	.word	0x2000293c
10005014:	20002b06 	.word	0x20002b06
10005018:	20002478 	.word	0x20002478
1000501c:	2000247c 	.word	0x2000247c
10005020:	10004d01 	.word	0x10004d01

10005024 <stdio_usb_init>:
10005024:	f04f 4350 	mov.w	r3, #3489660928	@ 0xd0000000
10005028:	b530      	push	{r4, r5, lr}
1000502a:	b085      	sub	sp, #20
1000502c:	681c      	ldr	r4, [r3, #0]
1000502e:	f7fd fa6b 	bl	10002508 <alarm_pool_get_default>
10005032:	f7fd fb7f 	bl	10002734 <alarm_pool_core_num>
10005036:	42a0      	cmp	r0, r4
10005038:	d002      	beq.n	10005040 <stdio_usb_init+0x1c>
1000503a:	2000      	movs	r0, #0
1000503c:	b005      	add	sp, #20
1000503e:	bd30      	pop	{r4, r5, pc}
10005040:	2100      	movs	r1, #0
10005042:	4b2a      	ldr	r3, [pc, #168]	@ (100050ec <stdio_usb_init+0xc8>)
10005044:	4608      	mov	r0, r1
10005046:	781b      	ldrb	r3, [r3, #0]
10005048:	f001 fd38 	bl	10006abc <tusb_rhport_init>
1000504c:	4828      	ldr	r0, [pc, #160]	@ (100050f0 <stdio_usb_init+0xcc>)
1000504e:	6803      	ldr	r3, [r0, #0]
10005050:	2b00      	cmp	r3, #0
10005052:	d047      	beq.n	100050e4 <stdio_usb_init+0xc0>
10005054:	2001      	movs	r0, #1
10005056:	f7fc ffdb 	bl	10002010 <user_irq_claim_unused>
1000505a:	4603      	mov	r3, r0
1000505c:	4c25      	ldr	r4, [pc, #148]	@ (100050f4 <stdio_usb_init+0xd0>)
1000505e:	4926      	ldr	r1, [pc, #152]	@ (100050f8 <stdio_usb_init+0xd4>)
10005060:	b2c0      	uxtb	r0, r0
10005062:	7023      	strb	r3, [r4, #0]
10005064:	f7fc fd58 	bl	10001b18 <irq_set_exclusive_handler>
10005068:	7820      	ldrb	r0, [r4, #0]
1000506a:	2101      	movs	r1, #1
1000506c:	f7fc fd12 	bl	10001a94 <irq_set_enabled>
10005070:	200e      	movs	r0, #14
10005072:	f7fc fd41 	bl	10001af8 <irq_has_shared_handler>
10005076:	bb40      	cbnz	r0, 100050ca <stdio_usb_init+0xa6>
10005078:	4b20      	ldr	r3, [pc, #128]	@ (100050fc <stdio_usb_init+0xd8>)
1000507a:	2501      	movs	r5, #1
1000507c:	e9c3 0000 	strd	r0, r0, [r3]
10005080:	f7fd fa42 	bl	10002508 <alarm_pool_get_default>
10005084:	4604      	mov	r4, r0
10005086:	f7fd fcd5 	bl	10002a34 <time_us_64>
1000508a:	f04f 3eff 	mov.w	lr, #4294967295
1000508e:	f06f 4c00 	mvn.w	ip, #2147483648	@ 0x80000000
10005092:	f510 727a 	adds.w	r2, r0, #1000	@ 0x3e8
10005096:	f141 0300 	adc.w	r3, r1, #0
1000509a:	4596      	cmp	lr, r2
1000509c:	eb7c 0103 	sbcs.w	r1, ip, r3
100050a0:	f04f 0100 	mov.w	r1, #0
100050a4:	4620      	mov	r0, r4
100050a6:	4c16      	ldr	r4, [pc, #88]	@ (10005100 <stdio_usb_init+0xdc>)
100050a8:	bf3c      	itt	cc
100050aa:	4672      	movcc	r2, lr
100050ac:	4663      	movcc	r3, ip
100050ae:	e9cd 1501 	strd	r1, r5, [sp, #4]
100050b2:	9400      	str	r4, [sp, #0]
100050b4:	f7fd fa2c 	bl	10002510 <alarm_pool_add_alarm_at>
100050b8:	2800      	cmp	r0, #0
100050ba:	dbbe      	blt.n	1000503a <stdio_usb_init+0x16>
100050bc:	2101      	movs	r1, #1
100050be:	4811      	ldr	r0, [pc, #68]	@ (10005104 <stdio_usb_init+0xe0>)
100050c0:	f7ff fd2c 	bl	10004b1c <stdio_set_driver_enabled>
100050c4:	2001      	movs	r0, #1
100050c6:	b005      	add	sp, #20
100050c8:	bd30      	pop	{r4, r5, pc}
100050ca:	2001      	movs	r0, #1
100050cc:	f7fc fc9e 	bl	10001a0c <spin_lock_claim_unused>
100050d0:	4601      	mov	r1, r0
100050d2:	480a      	ldr	r0, [pc, #40]	@ (100050fc <stdio_usb_init+0xd8>)
100050d4:	f7fc fff8 	bl	100020c8 <critical_section_init_with_lock_num>
100050d8:	2200      	movs	r2, #0
100050da:	200e      	movs	r0, #14
100050dc:	490a      	ldr	r1, [pc, #40]	@ (10005108 <stdio_usb_init+0xe4>)
100050de:	f7fc fd4b 	bl	10001b78 <irq_add_shared_handler>
100050e2:	e7eb      	b.n	100050bc <stdio_usb_init+0x98>
100050e4:	f7fc ffd4 	bl	10002090 <mutex_init>
100050e8:	e7b4      	b.n	10005054 <stdio_usb_init+0x30>
100050ea:	bf00      	nop
100050ec:	1000b258 	.word	0x1000b258
100050f0:	20002a10 	.word	0x20002a10
100050f4:	20002b05 	.word	0x20002b05
100050f8:	10004f4d 	.word	0x10004f4d
100050fc:	2000293c 	.word	0x2000293c
10005100:	10004d01 	.word	0x10004d01
10005104:	20001560 	.word	0x20001560
10005108:	10004d71 	.word	0x10004d71

1000510c <tud_descriptor_device_cb>:
1000510c:	4800      	ldr	r0, [pc, #0]	@ (10005110 <tud_descriptor_device_cb+0x4>)
1000510e:	4770      	bx	lr
10005110:	1000b1c8 	.word	0x1000b1c8

10005114 <tud_descriptor_configuration_cb>:
10005114:	4800      	ldr	r0, [pc, #0]	@ (10005118 <tud_descriptor_configuration_cb+0x4>)
10005116:	4770      	bx	lr
10005118:	1000b174 	.word	0x1000b174

1000511c <tud_descriptor_string_cb>:
1000511c:	b538      	push	{r3, r4, r5, lr}
1000511e:	4b18      	ldr	r3, [pc, #96]	@ (10005180 <tud_descriptor_string_cb+0x64>)
10005120:	4604      	mov	r4, r0
10005122:	781a      	ldrb	r2, [r3, #0]
10005124:	b30a      	cbz	r2, 1000516a <tud_descriptor_string_cb+0x4e>
10005126:	b944      	cbnz	r4, 1000513a <tud_descriptor_string_cb+0x1e>
10005128:	f240 4209 	movw	r2, #1033	@ 0x409
1000512c:	f44f 7341 	mov.w	r3, #772	@ 0x304
10005130:	4d14      	ldr	r5, [pc, #80]	@ (10005184 <tud_descriptor_string_cb+0x68>)
10005132:	806a      	strh	r2, [r5, #2]
10005134:	4813      	ldr	r0, [pc, #76]	@ (10005184 <tud_descriptor_string_cb+0x68>)
10005136:	802b      	strh	r3, [r5, #0]
10005138:	bd38      	pop	{r3, r4, r5, pc}
1000513a:	2c05      	cmp	r4, #5
1000513c:	d81d      	bhi.n	1000517a <tud_descriptor_string_cb+0x5e>
1000513e:	4b12      	ldr	r3, [pc, #72]	@ (10005188 <tud_descriptor_string_cb+0x6c>)
10005140:	4d10      	ldr	r5, [pc, #64]	@ (10005184 <tud_descriptor_string_cb+0x68>)
10005142:	f853 1024 	ldr.w	r1, [r3, r4, lsl #2]
10005146:	4628      	mov	r0, r5
10005148:	2300      	movs	r3, #0
1000514a:	3901      	subs	r1, #1
1000514c:	e003      	b.n	10005156 <tud_descriptor_string_cb+0x3a>
1000514e:	2b13      	cmp	r3, #19
10005150:	f820 2f02 	strh.w	r2, [r0, #2]!
10005154:	d00e      	beq.n	10005174 <tud_descriptor_string_cb+0x58>
10005156:	f811 2f01 	ldrb.w	r2, [r1, #1]!
1000515a:	3301      	adds	r3, #1
1000515c:	b2db      	uxtb	r3, r3
1000515e:	2a00      	cmp	r2, #0
10005160:	d1f5      	bne.n	1000514e <tud_descriptor_string_cb+0x32>
10005162:	005b      	lsls	r3, r3, #1
10005164:	f443 7340 	orr.w	r3, r3, #768	@ 0x300
10005168:	e7e4      	b.n	10005134 <tud_descriptor_string_cb+0x18>
1000516a:	2111      	movs	r1, #17
1000516c:	4618      	mov	r0, r3
1000516e:	f000 f825 	bl	100051bc <pico_get_unique_board_id_string>
10005172:	e7d8      	b.n	10005126 <tud_descriptor_string_cb+0xa>
10005174:	f44f 734a 	mov.w	r3, #808	@ 0x328
10005178:	e7dc      	b.n	10005134 <tud_descriptor_string_cb+0x18>
1000517a:	2000      	movs	r0, #0
1000517c:	bd38      	pop	{r3, r4, r5, pc}
1000517e:	bf00      	nop
10005180:	20002a1c 	.word	0x20002a1c
10005184:	200024d0 	.word	0x200024d0
10005188:	1000b15c 	.word	0x1000b15c

1000518c <_retrieve_unique_id_on_boot>:
1000518c:	b500      	push	{lr}
1000518e:	f245 3047 	movw	r0, #21319	@ 0x5347
10005192:	b08b      	sub	sp, #44	@ 0x2c
10005194:	f7fd fd90 	bl	10002cb8 <rom_func_lookup>
10005198:	2201      	movs	r2, #1
1000519a:	4603      	mov	r3, r0
1000519c:	2109      	movs	r1, #9
1000519e:	a801      	add	r0, sp, #4
100051a0:	4798      	blx	r3
100051a2:	e9dd 3203 	ldrd	r3, r2, [sp, #12]
100051a6:	4904      	ldr	r1, [pc, #16]	@ (100051b8 <_retrieve_unique_id_on_boot+0x2c>)
100051a8:	ba12      	rev	r2, r2
100051aa:	ba1b      	rev	r3, r3
100051ac:	e9c1 2300 	strd	r2, r3, [r1]
100051b0:	b00b      	add	sp, #44	@ 0x2c
100051b2:	f85d fb04 	ldr.w	pc, [sp], #4
100051b6:	bf00      	nop
100051b8:	200029fc 	.word	0x200029fc

100051bc <pico_get_unique_board_id_string>:
100051bc:	2901      	cmp	r1, #1
100051be:	f101 33ff 	add.w	r3, r1, #4294967295
100051c2:	f000 80b3 	beq.w	1000532c <pico_get_unique_board_id_string+0x170>
100051c6:	495d      	ldr	r1, [pc, #372]	@ (1000533c <pico_get_unique_board_id_string+0x180>)
100051c8:	780a      	ldrb	r2, [r1, #0]
100051ca:	ea4f 1c12 	mov.w	ip, r2, lsr #4
100051ce:	2a9f      	cmp	r2, #159	@ 0x9f
100051d0:	bf8c      	ite	hi
100051d2:	f10c 0c37 	addhi.w	ip, ip, #55	@ 0x37
100051d6:	f10c 0c30 	addls.w	ip, ip, #48	@ 0x30
100051da:	2b01      	cmp	r3, #1
100051dc:	f880 c000 	strb.w	ip, [r0]
100051e0:	f000 80a7 	beq.w	10005332 <pico_get_unique_board_id_string+0x176>
100051e4:	f002 020f 	and.w	r2, r2, #15
100051e8:	2a09      	cmp	r2, #9
100051ea:	bf8c      	ite	hi
100051ec:	3237      	addhi	r2, #55	@ 0x37
100051ee:	3230      	addls	r2, #48	@ 0x30
100051f0:	2b02      	cmp	r3, #2
100051f2:	7042      	strb	r2, [r0, #1]
100051f4:	f000 809d 	beq.w	10005332 <pico_get_unique_board_id_string+0x176>
100051f8:	784a      	ldrb	r2, [r1, #1]
100051fa:	ea4f 1c12 	mov.w	ip, r2, lsr #4
100051fe:	2a9f      	cmp	r2, #159	@ 0x9f
10005200:	bf8c      	ite	hi
10005202:	f10c 0c37 	addhi.w	ip, ip, #55	@ 0x37
10005206:	f10c 0c30 	addls.w	ip, ip, #48	@ 0x30
1000520a:	2b03      	cmp	r3, #3
1000520c:	f880 c002 	strb.w	ip, [r0, #2]
10005210:	f000 808f 	beq.w	10005332 <pico_get_unique_board_id_string+0x176>
10005214:	f002 020f 	and.w	r2, r2, #15
10005218:	2a09      	cmp	r2, #9
1000521a:	bf8c      	ite	hi
1000521c:	3237      	addhi	r2, #55	@ 0x37
1000521e:	3230      	addls	r2, #48	@ 0x30
10005220:	2b04      	cmp	r3, #4
10005222:	70c2      	strb	r2, [r0, #3]
10005224:	f000 8085 	beq.w	10005332 <pico_get_unique_board_id_string+0x176>
10005228:	788a      	ldrb	r2, [r1, #2]
1000522a:	ea4f 1c12 	mov.w	ip, r2, lsr #4
1000522e:	2a9f      	cmp	r2, #159	@ 0x9f
10005230:	bf8c      	ite	hi
10005232:	f10c 0c37 	addhi.w	ip, ip, #55	@ 0x37
10005236:	f10c 0c30 	addls.w	ip, ip, #48	@ 0x30
1000523a:	2b05      	cmp	r3, #5
1000523c:	f880 c004 	strb.w	ip, [r0, #4]
10005240:	d077      	beq.n	10005332 <pico_get_unique_board_id_string+0x176>
10005242:	f002 020f 	and.w	r2, r2, #15
10005246:	2a09      	cmp	r2, #9
10005248:	bf8c      	ite	hi
1000524a:	3237      	addhi	r2, #55	@ 0x37
1000524c:	3230      	addls	r2, #48	@ 0x30
1000524e:	2b06      	cmp	r3, #6
10005250:	7142      	strb	r2, [r0, #5]
10005252:	d06e      	beq.n	10005332 <pico_get_unique_board_id_string+0x176>
10005254:	78ca      	ldrb	r2, [r1, #3]
10005256:	ea4f 1c12 	mov.w	ip, r2, lsr #4
1000525a:	2a9f      	cmp	r2, #159	@ 0x9f
1000525c:	bf8c      	ite	hi
1000525e:	f10c 0c37 	addhi.w	ip, ip, #55	@ 0x37
10005262:	f10c 0c30 	addls.w	ip, ip, #48	@ 0x30
10005266:	2b07      	cmp	r3, #7
10005268:	f880 c006 	strb.w	ip, [r0, #6]
1000526c:	d061      	beq.n	10005332 <pico_get_unique_board_id_string+0x176>
1000526e:	f002 020f 	and.w	r2, r2, #15
10005272:	2a09      	cmp	r2, #9
10005274:	bf8c      	ite	hi
10005276:	3237      	addhi	r2, #55	@ 0x37
10005278:	3230      	addls	r2, #48	@ 0x30
1000527a:	2b08      	cmp	r3, #8
1000527c:	71c2      	strb	r2, [r0, #7]
1000527e:	d058      	beq.n	10005332 <pico_get_unique_board_id_string+0x176>
10005280:	790a      	ldrb	r2, [r1, #4]
10005282:	ea4f 1c12 	mov.w	ip, r2, lsr #4
10005286:	2a9f      	cmp	r2, #159	@ 0x9f
10005288:	bf8c      	ite	hi
1000528a:	f10c 0c37 	addhi.w	ip, ip, #55	@ 0x37
1000528e:	f10c 0c30 	addls.w	ip, ip, #48	@ 0x30
10005292:	2b09      	cmp	r3, #9
10005294:	f880 c008 	strb.w	ip, [r0, #8]
10005298:	d04b      	beq.n	10005332 <pico_get_unique_board_id_string+0x176>
1000529a:	f002 020f 	and.w	r2, r2, #15
1000529e:	2a09      	cmp	r2, #9
100052a0:	bf8c      	ite	hi
100052a2:	3237      	addhi	r2, #55	@ 0x37
100052a4:	3230      	addls	r2, #48	@ 0x30
100052a6:	2b0a      	cmp	r3, #10
100052a8:	7242      	strb	r2, [r0, #9]
100052aa:	d042      	beq.n	10005332 <pico_get_unique_board_id_string+0x176>
100052ac:	794a      	ldrb	r2, [r1, #5]
100052ae:	ea4f 1c12 	mov.w	ip, r2, lsr #4
100052b2:	2a9f      	cmp	r2, #159	@ 0x9f
100052b4:	bf8c      	ite	hi
100052b6:	f10c 0c37 	addhi.w	ip, ip, #55	@ 0x37
100052ba:	f10c 0c30 	addls.w	ip, ip, #48	@ 0x30
100052be:	2b0b      	cmp	r3, #11
100052c0:	f880 c00a 	strb.w	ip, [r0, #10]
100052c4:	d035      	beq.n	10005332 <pico_get_unique_board_id_string+0x176>
100052c6:	f002 020f 	and.w	r2, r2, #15
100052ca:	2a09      	cmp	r2, #9
100052cc:	bf8c      	ite	hi
100052ce:	3237      	addhi	r2, #55	@ 0x37
100052d0:	3230      	addls	r2, #48	@ 0x30
100052d2:	2b0c      	cmp	r3, #12
100052d4:	72c2      	strb	r2, [r0, #11]
100052d6:	d02c      	beq.n	10005332 <pico_get_unique_board_id_string+0x176>
100052d8:	798a      	ldrb	r2, [r1, #6]
100052da:	ea4f 1c12 	mov.w	ip, r2, lsr #4
100052de:	2a9f      	cmp	r2, #159	@ 0x9f
100052e0:	bf8c      	ite	hi
100052e2:	f10c 0c37 	addhi.w	ip, ip, #55	@ 0x37
100052e6:	f10c 0c30 	addls.w	ip, ip, #48	@ 0x30
100052ea:	2b0d      	cmp	r3, #13
100052ec:	f880 c00c 	strb.w	ip, [r0, #12]
100052f0:	d01f      	beq.n	10005332 <pico_get_unique_board_id_string+0x176>
100052f2:	f002 020f 	and.w	r2, r2, #15
100052f6:	2a09      	cmp	r2, #9
100052f8:	bf8c      	ite	hi
100052fa:	3237      	addhi	r2, #55	@ 0x37
100052fc:	3230      	addls	r2, #48	@ 0x30
100052fe:	2b0e      	cmp	r3, #14
10005300:	7342      	strb	r2, [r0, #13]
10005302:	d016      	beq.n	10005332 <pico_get_unique_board_id_string+0x176>
10005304:	79ca      	ldrb	r2, [r1, #7]
10005306:	0911      	lsrs	r1, r2, #4
10005308:	2a9f      	cmp	r2, #159	@ 0x9f
1000530a:	bf8c      	ite	hi
1000530c:	3137      	addhi	r1, #55	@ 0x37
1000530e:	3130      	addls	r1, #48	@ 0x30
10005310:	2b0f      	cmp	r3, #15
10005312:	7381      	strb	r1, [r0, #14]
10005314:	d00d      	beq.n	10005332 <pico_get_unique_board_id_string+0x176>
10005316:	f002 020f 	and.w	r2, r2, #15
1000531a:	2a09      	cmp	r2, #9
1000531c:	bf94      	ite	ls
1000531e:	3230      	addls	r2, #48	@ 0x30
10005320:	3237      	addhi	r2, #55	@ 0x37
10005322:	2b10      	cmp	r3, #16
10005324:	73c2      	strb	r2, [r0, #15]
10005326:	bf18      	it	ne
10005328:	3010      	addne	r0, #16
1000532a:	d002      	beq.n	10005332 <pico_get_unique_board_id_string+0x176>
1000532c:	2300      	movs	r3, #0
1000532e:	7003      	strb	r3, [r0, #0]
10005330:	4770      	bx	lr
10005332:	4418      	add	r0, r3
10005334:	2300      	movs	r3, #0
10005336:	7003      	strb	r3, [r0, #0]
10005338:	4770      	bx	lr
1000533a:	bf00      	nop
1000533c:	200029fc 	.word	0x200029fc

10005340 <dcd_init>:
10005340:	b570      	push	{r4, r5, r6, lr}
10005342:	f000 f92d 	bl	100055a0 <rp2040_usb_init>
10005346:	230c      	movs	r3, #12
10005348:	2640      	movs	r6, #64	@ 0x40
1000534a:	4c19      	ldr	r4, [pc, #100]	@ (100053b0 <dcd_init+0x70>)
1000534c:	22ff      	movs	r2, #255	@ 0xff
1000534e:	67a3      	str	r3, [r4, #120]	@ 0x78
10005350:	200e      	movs	r0, #14
10005352:	4918      	ldr	r1, [pc, #96]	@ (100053b4 <dcd_init+0x74>)
10005354:	f7fc fc10 	bl	10001b78 <irq_add_shared_handler>
10005358:	4632      	mov	r2, r6
1000535a:	2100      	movs	r1, #0
1000535c:	4816      	ldr	r0, [pc, #88]	@ (100053b8 <dcd_init+0x78>)
1000535e:	f005 f959 	bl	1000a614 <memset>
10005362:	2501      	movs	r5, #1
10005364:	2300      	movs	r3, #0
10005366:	2180      	movs	r1, #128	@ 0x80
10005368:	4813      	ldr	r0, [pc, #76]	@ (100053b8 <dcd_init+0x78>)
1000536a:	4a14      	ldr	r2, [pc, #80]	@ (100053bc <dcd_init+0x7c>)
1000536c:	8441      	strh	r1, [r0, #34]	@ 0x22
1000536e:	7045      	strb	r5, [r0, #1]
10005370:	8306      	strh	r6, [r0, #24]
10005372:	8706      	strh	r6, [r0, #56]	@ 0x38
10005374:	6082      	str	r2, [r0, #8]
10005376:	6043      	str	r3, [r0, #4]
10005378:	6013      	str	r3, [r2, #0]
1000537a:	f842 3c04 	str.w	r3, [r2, #-4]
1000537e:	f880 3021 	strb.w	r3, [r0, #33]	@ 0x21
10005382:	f880 303b 	strb.w	r3, [r0, #59]	@ 0x3b
10005386:	6243      	str	r3, [r0, #36]	@ 0x24
10005388:	4b0d      	ldr	r3, [pc, #52]	@ (100053c0 <dcd_init+0x80>)
1000538a:	f04f 5600 	mov.w	r6, #536870912	@ 0x20000000
1000538e:	60c3      	str	r3, [r0, #12]
10005390:	62c3      	str	r3, [r0, #44]	@ 0x2c
10005392:	3b80      	subs	r3, #128	@ 0x80
10005394:	6283      	str	r3, [r0, #40]	@ 0x28
10005396:	f005 fc37 	bl	1000ac08 <__reset_non_control_endpoints_veneer>
1000539a:	f44f 3280 	mov.w	r2, #65536	@ 0x10000
1000539e:	4909      	ldr	r1, [pc, #36]	@ (100053c4 <dcd_init+0x84>)
100053a0:	4b09      	ldr	r3, [pc, #36]	@ (100053c8 <dcd_init+0x88>)
100053a2:	6425      	str	r5, [r4, #64]	@ 0x40
100053a4:	4628      	mov	r0, r5
100053a6:	64e6      	str	r6, [r4, #76]	@ 0x4c
100053a8:	f8c4 1090 	str.w	r1, [r4, #144]	@ 0x90
100053ac:	64da      	str	r2, [r3, #76]	@ 0x4c
100053ae:	bd70      	pop	{r4, r5, r6, pc}
100053b0:	50110000 	.word	0x50110000
100053b4:	2000039d 	.word	0x2000039d
100053b8:	20002514 	.word	0x20002514
100053bc:	50100084 	.word	0x50100084
100053c0:	50100100 	.word	0x50100100
100053c4:	0001d010 	.word	0x0001d010
100053c8:	50112000 	.word	0x50112000

100053cc <dcd_int_enable>:
100053cc:	2101      	movs	r1, #1
100053ce:	200e      	movs	r0, #14
100053d0:	f7fc bb60 	b.w	10001a94 <irq_set_enabled>

100053d4 <dcd_set_address>:
100053d4:	2200      	movs	r2, #0
100053d6:	4802      	ldr	r0, [pc, #8]	@ (100053e0 <dcd_set_address+0xc>)
100053d8:	4611      	mov	r1, r2
100053da:	f000 b901 	b.w	100055e0 <hw_endpoint_xfer_start>
100053de:	bf00      	nop
100053e0:	20002534 	.word	0x20002534

100053e4 <dcd_sof_enable>:
100053e4:	4b04      	ldr	r3, [pc, #16]	@ (100053f8 <dcd_sof_enable+0x14>)
100053e6:	7019      	strb	r1, [r3, #0]
100053e8:	b121      	cbz	r1, 100053f4 <dcd_sof_enable+0x10>
100053ea:	f44f 3200 	mov.w	r2, #131072	@ 0x20000
100053ee:	4b03      	ldr	r3, [pc, #12]	@ (100053fc <dcd_sof_enable+0x18>)
100053f0:	f8c3 2090 	str.w	r2, [r3, #144]	@ 0x90
100053f4:	4770      	bx	lr
100053f6:	bf00      	nop
100053f8:	20002aff 	.word	0x20002aff
100053fc:	50112000 	.word	0x50112000

10005400 <dcd_edpt0_status_complete>:
10005400:	780b      	ldrb	r3, [r1, #0]
10005402:	065b      	lsls	r3, r3, #25
10005404:	d102      	bne.n	1000540c <dcd_edpt0_status_complete+0xc>
10005406:	784b      	ldrb	r3, [r1, #1]
10005408:	2b05      	cmp	r3, #5
1000540a:	d000      	beq.n	1000540e <dcd_edpt0_status_complete+0xe>
1000540c:	4770      	bx	lr
1000540e:	884b      	ldrh	r3, [r1, #2]
10005410:	4a01      	ldr	r2, [pc, #4]	@ (10005418 <dcd_edpt0_status_complete+0x18>)
10005412:	b2db      	uxtb	r3, r3
10005414:	6013      	str	r3, [r2, #0]
10005416:	4770      	bx	lr
10005418:	50110000 	.word	0x50110000

1000541c <dcd_edpt_open>:
1000541c:	78cb      	ldrb	r3, [r1, #3]
1000541e:	e92d 41f0 	stmdb	sp!, {r4, r5, r6, r7, r8, lr}
10005422:	f003 0e03 	and.w	lr, r3, #3
10005426:	f1be 0f01 	cmp.w	lr, #1
1000542a:	f3c3 0001 	ubfx	r0, r3, #0, #2
1000542e:	d05b      	beq.n	100054e8 <dcd_edpt_open+0xcc>
10005430:	2700      	movs	r7, #0
10005432:	f891 c002 	ldrb.w	ip, [r1, #2]
10005436:	4c34      	ldr	r4, [pc, #208]	@ (10005508 <dcd_edpt_open+0xec>)
10005438:	f00c 027f 	and.w	r2, ip, #127	@ 0x7f
1000543c:	0056      	lsls	r6, r2, #1
1000543e:	8889      	ldrh	r1, [r1, #4]
10005440:	eb06 13dc 	add.w	r3, r6, ip, lsr #7
10005444:	eb04 1343 	add.w	r3, r4, r3, lsl #5
10005448:	ea4f 15dc 	mov.w	r5, ip, lsr #7
1000544c:	76d8      	strb	r0, [r3, #27]
1000544e:	f3c1 010a 	ubfx	r1, r1, #0, #11
10005452:	f085 0001 	eor.w	r0, r5, #1
10005456:	f883 c002 	strb.w	ip, [r3, #2]
1000545a:	8319      	strh	r1, [r3, #24]
1000545c:	7058      	strb	r0, [r3, #1]
1000545e:	70df      	strb	r7, [r3, #3]
10005460:	00d3      	lsls	r3, r2, #3
10005462:	bb8d      	cbnz	r5, 100054c8 <dcd_edpt_open+0xac>
10005464:	4829      	ldr	r0, [pc, #164]	@ (1000550c <dcd_edpt_open+0xf0>)
10005466:	3304      	adds	r3, #4
10005468:	eb04 1c82 	add.w	ip, r4, r2, lsl #6
1000546c:	eb03 0800 	add.w	r8, r3, r0
10005470:	f8cc 8008 	str.w	r8, [ip, #8]
10005474:	501f      	str	r7, [r3, r0]
10005476:	b382      	cbz	r2, 100054da <dcd_edpt_open+0xbe>
10005478:	4b25      	ldr	r3, [pc, #148]	@ (10005510 <dcd_edpt_open+0xf4>)
1000547a:	00d2      	lsls	r2, r2, #3
1000547c:	4413      	add	r3, r2
1000547e:	f8cc 3004 	str.w	r3, [ip, #4]
10005482:	4b24      	ldr	r3, [pc, #144]	@ (10005514 <dcd_edpt_open+0xf8>)
10005484:	313f      	adds	r1, #63	@ 0x3f
10005486:	681a      	ldr	r2, [r3, #0]
10005488:	f021 013f 	bic.w	r1, r1, #63	@ 0x3f
1000548c:	f1be 0f02 	cmp.w	lr, #2
10005490:	bf08      	it	eq
10005492:	0049      	lsleq	r1, r1, #1
10005494:	4411      	add	r1, r2
10005496:	6019      	str	r1, [r3, #0]
10005498:	4b1f      	ldr	r3, [pc, #124]	@ (10005518 <dcd_edpt_open+0xfc>)
1000549a:	1977      	adds	r7, r6, r5
1000549c:	eb04 1747 	add.w	r7, r4, r7, lsl #5
100054a0:	4299      	cmp	r1, r3
100054a2:	60fa      	str	r2, [r7, #12]
100054a4:	d82b      	bhi.n	100054fe <dcd_edpt_open+0xe2>
100054a6:	442e      	add	r6, r5
100054a8:	eb04 1346 	add.w	r3, r4, r6, lsl #5
100054ac:	7ed9      	ldrb	r1, [r3, #27]
100054ae:	f082 42a0 	eor.w	r2, r2, #1342177280	@ 0x50000000
100054b2:	f482 1280 	eor.w	r2, r2, #1048576	@ 0x100000
100054b6:	685b      	ldr	r3, [r3, #4]
100054b8:	ea42 6281 	orr.w	r2, r2, r1, lsl #26
100054bc:	f042 4200 	orr.w	r2, r2, #2147483648	@ 0x80000000
100054c0:	601a      	str	r2, [r3, #0]
100054c2:	2001      	movs	r0, #1
100054c4:	e8bd 81f0 	ldmia.w	sp!, {r4, r5, r6, r7, r8, pc}
100054c8:	4810      	ldr	r0, [pc, #64]	@ (1000550c <dcd_edpt_open+0xf0>)
100054ca:	eb04 1c82 	add.w	ip, r4, r2, lsl #6
100054ce:	4403      	add	r3, r0
100054d0:	f8cc 3028 	str.w	r3, [ip, #40]	@ 0x28
100054d4:	f840 7032 	str.w	r7, [r0, r2, lsl #3]
100054d8:	b94a      	cbnz	r2, 100054ee <dcd_edpt_open+0xd2>
100054da:	2200      	movs	r2, #0
100054dc:	490f      	ldr	r1, [pc, #60]	@ (1000551c <dcd_edpt_open+0x100>)
100054de:	eb04 1345 	add.w	r3, r4, r5, lsl #5
100054e2:	60d9      	str	r1, [r3, #12]
100054e4:	605a      	str	r2, [r3, #4]
100054e6:	e7ec      	b.n	100054c2 <dcd_edpt_open+0xa6>
100054e8:	2000      	movs	r0, #0
100054ea:	e8bd 81f0 	ldmia.w	sp!, {r4, r5, r6, r7, r8, pc}
100054ee:	00d2      	lsls	r2, r2, #3
100054f0:	f102 42a0 	add.w	r2, r2, #1342177280	@ 0x50000000
100054f4:	f502 1280 	add.w	r2, r2, #1048576	@ 0x100000
100054f8:	f8cc 2024 	str.w	r2, [ip, #36]	@ 0x24
100054fc:	e7c1      	b.n	10005482 <dcd_edpt_open+0x66>
100054fe:	f7fd fc27 	bl	10002d50 <hard_assertion_failure>
10005502:	68fa      	ldr	r2, [r7, #12]
10005504:	e7cf      	b.n	100054a6 <dcd_edpt_open+0x8a>
10005506:	bf00      	nop
10005508:	20002514 	.word	0x20002514
1000550c:	50100080 	.word	0x50100080
10005510:	50100004 	.word	0x50100004
10005514:	20002920 	.word	0x20002920
10005518:	50100fff 	.word	0x50100fff
1000551c:	50100100 	.word	0x50100100

10005520 <dcd_edpt_close_all>:
10005520:	f005 bb72 	b.w	1000ac08 <__reset_non_control_endpoints_veneer>

10005524 <dcd_edpt_xfer>:
10005524:	468c      	mov	ip, r1
10005526:	b508      	push	{r3, lr}
10005528:	4611      	mov	r1, r2
1000552a:	4807      	ldr	r0, [pc, #28]	@ (10005548 <dcd_edpt_xfer+0x24>)
1000552c:	461a      	mov	r2, r3
1000552e:	f00c 037f 	and.w	r3, ip, #127	@ 0x7f
10005532:	ea4f 1cdc 	mov.w	ip, ip, lsr #7
10005536:	eb0c 0c43 	add.w	ip, ip, r3, lsl #1
1000553a:	eb00 104c 	add.w	r0, r0, ip, lsl #5
1000553e:	f000 f84f 	bl	100055e0 <hw_endpoint_xfer_start>
10005542:	2001      	movs	r0, #1
10005544:	bd08      	pop	{r3, pc}
10005546:	bf00      	nop
10005548:	20002514 	.word	0x20002514

1000554c <dcd_edpt_stall>:
1000554c:	f011 027f 	ands.w	r2, r1, #127	@ 0x7f
10005550:	d105      	bne.n	1000555e <dcd_edpt_stall+0x12>
10005552:	2900      	cmp	r1, #0
10005554:	bf0c      	ite	eq
10005556:	2002      	moveq	r0, #2
10005558:	2001      	movne	r0, #1
1000555a:	4b06      	ldr	r3, [pc, #24]	@ (10005574 <dcd_edpt_stall+0x28>)
1000555c:	6698      	str	r0, [r3, #104]	@ 0x68
1000555e:	09c9      	lsrs	r1, r1, #7
10005560:	4b05      	ldr	r3, [pc, #20]	@ (10005578 <dcd_edpt_stall+0x2c>)
10005562:	eb01 0042 	add.w	r0, r1, r2, lsl #1
10005566:	eb03 1040 	add.w	r0, r3, r0, lsl #5
1000556a:	f44f 6200 	mov.w	r2, #2048	@ 0x800
1000556e:	2100      	movs	r1, #0
10005570:	f005 bb42 	b.w	1000abf8 <___hw_endpoint_buffer_control_update32_veneer>
10005574:	50112000 	.word	0x50112000
10005578:	20002514 	.word	0x20002514

1000557c <dcd_edpt_clear_stall>:
1000557c:	f011 037f 	ands.w	r3, r1, #127	@ 0x7f
10005580:	d100      	bne.n	10005584 <dcd_edpt_clear_stall+0x8>
10005582:	4770      	bx	lr
10005584:	2200      	movs	r2, #0
10005586:	4805      	ldr	r0, [pc, #20]	@ (1000559c <dcd_edpt_clear_stall+0x20>)
10005588:	005b      	lsls	r3, r3, #1
1000558a:	eb03 13d1 	add.w	r3, r3, r1, lsr #7
1000558e:	eb00 1043 	add.w	r0, r0, r3, lsl #5
10005592:	f46f 6100 	mvn.w	r1, #2048	@ 0x800
10005596:	70c2      	strb	r2, [r0, #3]
10005598:	f005 bb2e 	b.w	1000abf8 <___hw_endpoint_buffer_control_update32_veneer>
1000559c:	20002514 	.word	0x20002514

100055a0 <rp2040_usb_init>:
100055a0:	f04f 5280 	mov.w	r2, #268435456	@ 0x10000000
100055a4:	4809      	ldr	r0, [pc, #36]	@ (100055cc <rp2040_usb_init+0x2c>)
100055a6:	490a      	ldr	r1, [pc, #40]	@ (100055d0 <rp2040_usb_init+0x30>)
100055a8:	b508      	push	{r3, lr}
100055aa:	4b0a      	ldr	r3, [pc, #40]	@ (100055d4 <rp2040_usb_init+0x34>)
100055ac:	6002      	str	r2, [r0, #0]
100055ae:	600a      	str	r2, [r1, #0]
100055b0:	6899      	ldr	r1, [r3, #8]
100055b2:	43c9      	mvns	r1, r1
100055b4:	f011 5180 	ands.w	r1, r1, #268435456	@ 0x10000000
100055b8:	d1fa      	bne.n	100055b0 <rp2040_usb_init+0x10>
100055ba:	f44f 5280 	mov.w	r2, #4096	@ 0x1000
100055be:	4806      	ldr	r0, [pc, #24]	@ (100055d8 <rp2040_usb_init+0x38>)
100055c0:	f005 f828 	bl	1000a614 <memset>
100055c4:	2209      	movs	r2, #9
100055c6:	4b05      	ldr	r3, [pc, #20]	@ (100055dc <rp2040_usb_init+0x3c>)
100055c8:	675a      	str	r2, [r3, #116]	@ 0x74
100055ca:	bd08      	pop	{r3, pc}
100055cc:	40022000 	.word	0x40022000
100055d0:	40023000 	.word	0x40023000
100055d4:	40020000 	.word	0x40020000
100055d8:	50100000 	.word	0x50100000
100055dc:	50110000 	.word	0x50110000

100055e0 <hw_endpoint_xfer_start>:
100055e0:	2300      	movs	r3, #0
100055e2:	f04f 0c01 	mov.w	ip, #1
100055e6:	b510      	push	{r4, lr}
100055e8:	f880 c01a 	strb.w	ip, [r0, #26]
100055ec:	8282      	strh	r2, [r0, #20]
100055ee:	82c3      	strh	r3, [r0, #22]
100055f0:	6101      	str	r1, [r0, #16]
100055f2:	4604      	mov	r4, r0
100055f4:	f005 fb0c 	bl	1000ac10 <__e15_is_bulkin_ep_veneer>
100055f8:	b120      	cbz	r0, 10005604 <hw_endpoint_xfer_start+0x24>
100055fa:	f44f 3200 	mov.w	r2, #131072	@ 0x20000
100055fe:	4b07      	ldr	r3, [pc, #28]	@ (1000561c <hw_endpoint_xfer_start+0x3c>)
10005600:	f8c3 2090 	str.w	r2, [r3, #144]	@ 0x90
10005604:	4620      	mov	r0, r4
10005606:	f005 faf3 	bl	1000abf0 <__e15_is_critical_frame_period_veneer>
1000560a:	b110      	cbz	r0, 10005612 <hw_endpoint_xfer_start+0x32>
1000560c:	2301      	movs	r3, #1
1000560e:	7723      	strb	r3, [r4, #28]
10005610:	bd10      	pop	{r4, pc}
10005612:	4620      	mov	r0, r4
10005614:	e8bd 4010 	ldmia.w	sp!, {r4, lr}
10005618:	f005 bada 	b.w	1000abd0 <__hw_endpoint_start_next_buffer_veneer>
1000561c:	50112000 	.word	0x50112000

10005620 <configuration_reset>:
10005620:	e92d 41f0 	stmdb	sp!, {r4, r5, r6, r7, r8, lr}
10005624:	2400      	movs	r4, #0
10005626:	4e1d      	ldr	r6, [pc, #116]	@ (1000569c <configuration_reset+0x7c>)
10005628:	4605      	mov	r5, r0
1000562a:	4623      	mov	r3, r4
1000562c:	7832      	ldrb	r2, [r6, #0]
1000562e:	f8df 8078 	ldr.w	r8, [pc, #120]	@ 100056a8 <configuration_reset+0x88>
10005632:	4f1b      	ldr	r7, [pc, #108]	@ (100056a0 <configuration_reset+0x80>)
10005634:	e00d      	b.n	10005652 <configuration_reset+0x32>
10005636:	683b      	ldr	r3, [r7, #0]
10005638:	eb13 1344 	adds.w	r3, r3, r4, lsl #5
1000563c:	d024      	beq.n	10005688 <configuration_reset+0x68>
1000563e:	68db      	ldr	r3, [r3, #12]
10005640:	4628      	mov	r0, r5
10005642:	4798      	blx	r3
10005644:	7832      	ldrb	r2, [r6, #0]
10005646:	3401      	adds	r4, #1
10005648:	b2e4      	uxtb	r4, r4
1000564a:	1c51      	adds	r1, r2, #1
1000564c:	42a1      	cmp	r1, r4
1000564e:	4623      	mov	r3, r4
10005650:	db06      	blt.n	10005660 <configuration_reset+0x40>
10005652:	42a2      	cmp	r2, r4
10005654:	eba3 0302 	sub.w	r3, r3, r2
10005658:	d8ed      	bhi.n	10005636 <configuration_reset+0x16>
1000565a:	eb08 1343 	add.w	r3, r8, r3, lsl #5
1000565e:	e7ee      	b.n	1000563e <configuration_reset+0x1e>
10005660:	2254      	movs	r2, #84	@ 0x54
10005662:	2100      	movs	r1, #0
10005664:	480f      	ldr	r0, [pc, #60]	@ (100056a4 <configuration_reset+0x84>)
10005666:	f004 ffd5 	bl	1000a614 <memset>
1000566a:	f04f 33ff 	mov.w	r3, #4294967295
1000566e:	480d      	ldr	r0, [pc, #52]	@ (100056a4 <configuration_reset+0x84>)
10005670:	2220      	movs	r2, #32
10005672:	1d04      	adds	r4, r0, #4
10005674:	6043      	str	r3, [r0, #4]
10005676:	e9c4 3301 	strd	r3, r3, [r4, #4]
1000567a:	60e3      	str	r3, [r4, #12]
1000567c:	21ff      	movs	r1, #255	@ 0xff
1000567e:	e8bd 41f0 	ldmia.w	sp!, {r4, r5, r6, r7, r8, lr}
10005682:	3014      	adds	r0, #20
10005684:	f004 bfc6 	b.w	1000a614 <memset>
10005688:	f04f 23e0 	mov.w	r3, #3758153728	@ 0xe000e000
1000568c:	f8d3 3df0 	ldr.w	r3, [r3, #3568]	@ 0xdf0
10005690:	07db      	lsls	r3, r3, #31
10005692:	d500      	bpl.n	10005696 <configuration_reset+0x76>
10005694:	be00      	bkpt	0x0000
10005696:	e8bd 81f0 	ldmia.w	sp!, {r4, r5, r6, r7, r8, pc}
1000569a:	bf00      	nop
1000569c:	20002afe 	.word	0x20002afe
100056a0:	20001eb8 	.word	0x20001eb8
100056a4:	20002088 	.word	0x20002088
100056a8:	1000b1dc 	.word	0x1000b1dc

100056ac <tud_event_hook_cb>:
100056ac:	4770      	bx	lr
100056ae:	bf00      	nop

100056b0 <tud_sof_cb>:
100056b0:	4770      	bx	lr
100056b2:	bf00      	nop

100056b4 <tud_descriptor_device_qualifier_cb>:
100056b4:	2000      	movs	r0, #0
100056b6:	4770      	bx	lr

100056b8 <tud_descriptor_other_speed_configuration_cb>:
100056b8:	2000      	movs	r0, #0
100056ba:	4770      	bx	lr

100056bc <tud_mount_cb>:
100056bc:	4770      	bx	lr
100056be:	bf00      	nop

100056c0 <tud_umount_cb>:
100056c0:	4770      	bx	lr
100056c2:	bf00      	nop

100056c4 <tud_suspend_cb>:
100056c4:	4770      	bx	lr
100056c6:	bf00      	nop

100056c8 <tud_resume_cb>:
100056c8:	4770      	bx	lr
100056ca:	bf00      	nop

100056cc <tud_mounted>:
100056cc:	4b02      	ldr	r3, [pc, #8]	@ (100056d8 <tud_mounted+0xc>)
100056ce:	7858      	ldrb	r0, [r3, #1]
100056d0:	3800      	subs	r0, #0
100056d2:	bf18      	it	ne
100056d4:	2001      	movne	r0, #1
100056d6:	4770      	bx	lr
100056d8:	20002088 	.word	0x20002088

100056dc <tud_suspended>:
100056dc:	4b02      	ldr	r3, [pc, #8]	@ (100056e8 <tud_suspended+0xc>)
100056de:	7818      	ldrb	r0, [r3, #0]
100056e0:	f3c0 0080 	ubfx	r0, r0, #2, #1
100056e4:	4770      	bx	lr
100056e6:	bf00      	nop
100056e8:	20002088 	.word	0x20002088

100056ec <tud_rhport_init>:
100056ec:	e92d 47f0 	stmdb	sp!, {r4, r5, r6, r7, r8, r9, sl, lr}
100056f0:	f8df a0e4 	ldr.w	sl, [pc, #228]	@ 100057d8 <tud_rhport_init+0xec>
100056f4:	f89a 3000 	ldrb.w	r3, [sl]
100056f8:	2bff      	cmp	r3, #255	@ 0xff
100056fa:	d156      	bne.n	100057aa <tud_rhport_init+0xbe>
100056fc:	460e      	mov	r6, r1
100056fe:	2900      	cmp	r1, #0
10005700:	d03e      	beq.n	10005780 <tud_rhport_init+0x94>
10005702:	2100      	movs	r1, #0
10005704:	2254      	movs	r2, #84	@ 0x54
10005706:	4607      	mov	r7, r0
10005708:	4829      	ldr	r0, [pc, #164]	@ (100057b0 <tud_rhport_init+0xc4>)
1000570a:	f004 ff83 	bl	1000a614 <memset>
1000570e:	2200      	movs	r2, #0
10005710:	4c28      	ldr	r4, [pc, #160]	@ (100057b4 <tud_rhport_init+0xc8>)
10005712:	4b29      	ldr	r3, [pc, #164]	@ (100057b8 <tud_rhport_init+0xcc>)
10005714:	4620      	mov	r0, r4
10005716:	701a      	strb	r2, [r3, #0]
10005718:	f7fc fcba 	bl	10002090 <mutex_init>
1000571c:	4b27      	ldr	r3, [pc, #156]	@ (100057bc <tud_rhport_init+0xd0>)
1000571e:	4828      	ldr	r0, [pc, #160]	@ (100057c0 <tud_rhport_init+0xd4>)
10005720:	601c      	str	r4, [r3, #0]
10005722:	4c28      	ldr	r4, [pc, #160]	@ (100057c4 <tud_rhport_init+0xd8>)
10005724:	f7fc fcc2 	bl	100020ac <critical_section_init>
10005728:	4620      	mov	r0, r4
1000572a:	f001 fdab 	bl	10007284 <tu_fifo_clear>
1000572e:	4a26      	ldr	r2, [pc, #152]	@ (100057c8 <tud_rhport_init+0xdc>)
10005730:	4b26      	ldr	r3, [pc, #152]	@ (100057cc <tud_rhport_init+0xe0>)
10005732:	6014      	str	r4, [r2, #0]
10005734:	b123      	cbz	r3, 10005740 <tud_rhport_init+0x54>
10005736:	4826      	ldr	r0, [pc, #152]	@ (100057d0 <tud_rhport_init+0xe4>)
10005738:	f7ff fac4 	bl	10004cc4 <usbd_app_driver_get_cb>
1000573c:	4b25      	ldr	r3, [pc, #148]	@ (100057d4 <tud_rhport_init+0xe8>)
1000573e:	6018      	str	r0, [r3, #0]
10005740:	2400      	movs	r4, #0
10005742:	4d23      	ldr	r5, [pc, #140]	@ (100057d0 <tud_rhport_init+0xe4>)
10005744:	4623      	mov	r3, r4
10005746:	782a      	ldrb	r2, [r5, #0]
10005748:	f8df 9090 	ldr.w	r9, [pc, #144]	@ 100057dc <tud_rhport_init+0xf0>
1000574c:	f8df 8084 	ldr.w	r8, [pc, #132]	@ 100057d4 <tud_rhport_init+0xe8>
10005750:	e00e      	b.n	10005770 <tud_rhport_init+0x84>
10005752:	f8d8 3000 	ldr.w	r3, [r8]
10005756:	eb13 1344 	adds.w	r3, r3, r4, lsl #5
1000575a:	d011      	beq.n	10005780 <tud_rhport_init+0x94>
1000575c:	685b      	ldr	r3, [r3, #4]
1000575e:	b17b      	cbz	r3, 10005780 <tud_rhport_init+0x94>
10005760:	4798      	blx	r3
10005762:	782a      	ldrb	r2, [r5, #0]
10005764:	3401      	adds	r4, #1
10005766:	b2e4      	uxtb	r4, r4
10005768:	1c51      	adds	r1, r2, #1
1000576a:	42a1      	cmp	r1, r4
1000576c:	4623      	mov	r3, r4
1000576e:	db11      	blt.n	10005794 <tud_rhport_init+0xa8>
10005770:	42a2      	cmp	r2, r4
10005772:	d8ee      	bhi.n	10005752 <tud_rhport_init+0x66>
10005774:	1a9b      	subs	r3, r3, r2
10005776:	eb09 1343 	add.w	r3, r9, r3, lsl #5
1000577a:	685b      	ldr	r3, [r3, #4]
1000577c:	2b00      	cmp	r3, #0
1000577e:	d1ef      	bne.n	10005760 <tud_rhport_init+0x74>
10005780:	f04f 23e0 	mov.w	r3, #3758153728	@ 0xe000e000
10005784:	f8d3 3df0 	ldr.w	r3, [r3, #3568]	@ 0xdf0
10005788:	07db      	lsls	r3, r3, #31
1000578a:	d500      	bpl.n	1000578e <tud_rhport_init+0xa2>
1000578c:	be00      	bkpt	0x0000
1000578e:	2000      	movs	r0, #0
10005790:	e8bd 87f0 	ldmia.w	sp!, {r4, r5, r6, r7, r8, r9, sl, pc}
10005794:	4631      	mov	r1, r6
10005796:	4638      	mov	r0, r7
10005798:	f88a 7000 	strb.w	r7, [sl]
1000579c:	f7ff fdd0 	bl	10005340 <dcd_init>
100057a0:	2800      	cmp	r0, #0
100057a2:	d0ed      	beq.n	10005780 <tud_rhport_init+0x94>
100057a4:	4638      	mov	r0, r7
100057a6:	f7ff fe11 	bl	100053cc <dcd_int_enable>
100057aa:	2001      	movs	r0, #1
100057ac:	e8bd 87f0 	ldmia.w	sp!, {r4, r5, r6, r7, r8, r9, sl, pc}
100057b0:	20002088 	.word	0x20002088
100057b4:	20002080 	.word	0x20002080
100057b8:	20002b00 	.word	0x20002b00
100057bc:	200020dc 	.word	0x200020dc
100057c0:	2000158c 	.word	0x2000158c
100057c4:	20001578 	.word	0x20001578
100057c8:	200020e0 	.word	0x200020e0
100057cc:	10004cc5 	.word	0x10004cc5
100057d0:	20002afe 	.word	0x20002afe
100057d4:	20001eb8 	.word	0x20001eb8
100057d8:	20001594 	.word	0x20001594
100057dc:	1000b1dc 	.word	0x1000b1dc

100057e0 <tud_task_ext>:
100057e0:	e92d 4ff0 	stmdb	sp!, {r4, r5, r6, r7, r8, r9, sl, fp, lr}
100057e4:	f8df 92c8 	ldr.w	r9, [pc, #712]	@ 10005ab0 <tud_task_ext+0x2d0>
100057e8:	b08b      	sub	sp, #44	@ 0x2c
100057ea:	f899 3000 	ldrb.w	r3, [r9]
100057ee:	2bff      	cmp	r3, #255	@ 0xff
100057f0:	f000 80f1 	beq.w	100059d6 <tud_task_ext+0x1f6>
100057f4:	4ca8      	ldr	r4, [pc, #672]	@ (10005a98 <tud_task_ext+0x2b8>)
100057f6:	4da9      	ldr	r5, [pc, #676]	@ (10005a9c <tud_task_ext+0x2bc>)
100057f8:	f8df a2b0 	ldr.w	sl, [pc, #688]	@ 10005aac <tud_task_ext+0x2cc>
100057fc:	f8df b2b4 	ldr.w	fp, [pc, #692]	@ 10005ab4 <tud_task_ext+0x2d4>
10005800:	6826      	ldr	r6, [r4, #0]
10005802:	6973      	ldr	r3, [r6, #20]
10005804:	f3ef 8210 	mrs	r2, PRIMASK
10005808:	b672      	cpsid	i
1000580a:	e8d3 0fcf 	ldaexb	r0, [r3]
1000580e:	2101      	movs	r1, #1
10005810:	2800      	cmp	r0, #0
10005812:	d1fa      	bne.n	1000580a <tud_task_ext+0x2a>
10005814:	e8c3 1f40 	strexb	r0, r1, [r3]
10005818:	2800      	cmp	r0, #0
1000581a:	d1f6      	bne.n	1000580a <tud_task_ext+0x2a>
1000581c:	f3bf 8f5f 	dmb	sy
10005820:	61b2      	str	r2, [r6, #24]
10005822:	4630      	mov	r0, r6
10005824:	a907      	add	r1, sp, #28
10005826:	f001 fb77 	bl	10006f18 <tu_fifo_read>
1000582a:	2300      	movs	r3, #0
1000582c:	6972      	ldr	r2, [r6, #20]
1000582e:	e8c2 3f8f 	stlb	r3, [r2]
10005832:	69b3      	ldr	r3, [r6, #24]
10005834:	f383 8810 	msr	PRIMASK, r3
10005838:	2800      	cmp	r0, #0
1000583a:	f000 80cc 	beq.w	100059d6 <tud_task_ext+0x1f6>
1000583e:	f89d 301d 	ldrb.w	r3, [sp, #29]
10005842:	3b01      	subs	r3, #1
10005844:	2b07      	cmp	r3, #7
10005846:	f200 837d 	bhi.w	10005f44 <tud_task_ext+0x764>
1000584a:	e8df f003 	tbb	[pc, r3]
1000584e:	b1a7      	.short	0xb1a7
10005850:	358e9d95 	.word	0x358e9d95
10005854:	040a      	.short	0x040a
10005856:	9b08      	ldr	r3, [sp, #32]
10005858:	2b00      	cmp	r3, #0
1000585a:	d0d1      	beq.n	10005800 <tud_task_ext+0x20>
1000585c:	9809      	ldr	r0, [sp, #36]	@ 0x24
1000585e:	4798      	blx	r3
10005860:	e7ce      	b.n	10005800 <tud_task_ext+0x20>
10005862:	f89d 1020 	ldrb.w	r1, [sp, #32]
10005866:	f001 067f 	and.w	r6, r1, #127	@ 0x7f
1000586a:	eb05 0046 	add.w	r0, r5, r6, lsl #1
1000586e:	eb00 10d1 	add.w	r0, r0, r1, lsr #7
10005872:	f890 3034 	ldrb.w	r3, [r0, #52]	@ 0x34
10005876:	f023 0301 	bic.w	r3, r3, #1
1000587a:	f880 3034 	strb.w	r3, [r0, #52]	@ 0x34
1000587e:	f890 3034 	ldrb.w	r3, [r0, #52]	@ 0x34
10005882:	f023 0304 	bic.w	r3, r3, #4
10005886:	f880 3034 	strb.w	r3, [r0, #52]	@ 0x34
1000588a:	2e00      	cmp	r6, #0
1000588c:	f000 80a6 	beq.w	100059dc <tud_task_ext+0x1fc>
10005890:	7d03      	ldrb	r3, [r0, #20]
10005892:	f89a 2000 	ldrb.w	r2, [sl]
10005896:	4293      	cmp	r3, r2
10005898:	f080 8093 	bcs.w	100059c2 <tud_task_ext+0x1e2>
1000589c:	4a80      	ldr	r2, [pc, #512]	@ (10005aa0 <tud_task_ext+0x2c0>)
1000589e:	6812      	ldr	r2, [r2, #0]
100058a0:	eb12 1343 	adds.w	r3, r2, r3, lsl #5
100058a4:	f000 8090 	beq.w	100059c8 <tud_task_ext+0x1e8>
100058a8:	699e      	ldr	r6, [r3, #24]
100058aa:	f89d 2021 	ldrb.w	r2, [sp, #33]	@ 0x21
100058ae:	9b09      	ldr	r3, [sp, #36]	@ 0x24
100058b0:	f89d 001c 	ldrb.w	r0, [sp, #28]
100058b4:	47b0      	blx	r6
100058b6:	e7a3      	b.n	10005800 <tud_task_ext+0x20>
100058b8:	f89b 3000 	ldrb.w	r3, [fp]
100058bc:	2b00      	cmp	r3, #0
100058be:	f000 8083 	beq.w	100059c8 <tud_task_ext+0x1e8>
100058c2:	f89b 3000 	ldrb.w	r3, [fp]
100058c6:	3b01      	subs	r3, #1
100058c8:	b2db      	uxtb	r3, r3
100058ca:	f88b 3000 	strb.w	r3, [fp]
100058ce:	f89b 3000 	ldrb.w	r3, [fp]
100058d2:	f003 00ff 	and.w	r0, r3, #255	@ 0xff
100058d6:	2b00      	cmp	r3, #0
100058d8:	d192      	bne.n	10005800 <tud_task_ext+0x20>
100058da:	4f70      	ldr	r7, [pc, #448]	@ (10005a9c <tud_task_ext+0x2bc>)
100058dc:	f89d 801c 	ldrb.w	r8, [sp, #28]
100058e0:	783b      	ldrb	r3, [r7, #0]
100058e2:	f043 0301 	orr.w	r3, r3, #1
100058e6:	703b      	strb	r3, [r7, #0]
100058e8:	f897 3034 	ldrb.w	r3, [r7, #52]	@ 0x34
100058ec:	f360 0300 	bfi	r3, r0, #0, #1
100058f0:	f887 3034 	strb.w	r3, [r7, #52]	@ 0x34
100058f4:	f897 3034 	ldrb.w	r3, [r7, #52]	@ 0x34
100058f8:	f360 0382 	bfi	r3, r0, #2, #1
100058fc:	f887 3034 	strb.w	r3, [r7, #52]	@ 0x34
10005900:	f897 3035 	ldrb.w	r3, [r7, #53]	@ 0x35
10005904:	f360 0300 	bfi	r3, r0, #0, #1
10005908:	f887 3035 	strb.w	r3, [r7, #53]	@ 0x35
1000590c:	f897 3035 	ldrb.w	r3, [r7, #53]	@ 0x35
10005910:	f360 0382 	bfi	r3, r0, #2, #1
10005914:	f887 3035 	strb.w	r3, [r7, #53]	@ 0x35
10005918:	f000 fc6c 	bl	100061f4 <usbd_control_set_complete_callback>
1000591c:	f89d 3020 	ldrb.w	r3, [sp, #32]
10005920:	f003 0260 	and.w	r2, r3, #96	@ 0x60
10005924:	2a60      	cmp	r2, #96	@ 0x60
10005926:	d06c      	beq.n	10005a02 <tud_task_ext+0x222>
10005928:	2a40      	cmp	r2, #64	@ 0x40
1000592a:	d07c      	beq.n	10005a26 <tud_task_ext+0x246>
1000592c:	f003 031f 	and.w	r3, r3, #31
10005930:	2b01      	cmp	r3, #1
10005932:	f000 80c1 	beq.w	10005ab8 <tud_task_ext+0x2d8>
10005936:	2b02      	cmp	r3, #2
10005938:	f000 8081 	beq.w	10005a3e <tud_task_ext+0x25e>
1000593c:	2b00      	cmp	r3, #0
1000593e:	d160      	bne.n	10005a02 <tud_task_ext+0x222>
10005940:	2a20      	cmp	r2, #32
10005942:	f000 81e9 	beq.w	10005d18 <tud_task_ext+0x538>
10005946:	2a00      	cmp	r2, #0
10005948:	d15b      	bne.n	10005a02 <tud_task_ext+0x222>
1000594a:	f89d 3021 	ldrb.w	r3, [sp, #33]	@ 0x21
1000594e:	2b09      	cmp	r3, #9
10005950:	d857      	bhi.n	10005a02 <tud_task_ext+0x222>
10005952:	e8df f013 	tbh	[pc, r3, lsl #1]
10005956:	01b0      	.short	0x01b0
10005958:	005601a2 	.word	0x005601a2
1000595c:	005601c1 	.word	0x005601c1
10005960:	016b0195 	.word	0x016b0195
10005964:	01600056 	.word	0x01600056
10005968:	00f4      	.short	0x00f4
1000596a:	782b      	ldrb	r3, [r5, #0]
1000596c:	07d9      	lsls	r1, r3, #31
1000596e:	f57f af47 	bpl.w	10005800 <tud_task_ext+0x20>
10005972:	f7ff fea9 	bl	100056c8 <tud_resume_cb>
10005976:	e743      	b.n	10005800 <tud_task_ext+0x20>
10005978:	78eb      	ldrb	r3, [r5, #3]
1000597a:	07da      	lsls	r2, r3, #31
1000597c:	f57f af40 	bpl.w	10005800 <tud_task_ext+0x20>
10005980:	9808      	ldr	r0, [sp, #32]
10005982:	f7ff fe95 	bl	100056b0 <tud_sof_cb>
10005986:	e73b      	b.n	10005800 <tud_task_ext+0x20>
10005988:	782b      	ldrb	r3, [r5, #0]
1000598a:	07d8      	lsls	r0, r3, #31
1000598c:	f57f af38 	bpl.w	10005800 <tud_task_ext+0x20>
10005990:	7828      	ldrb	r0, [r5, #0]
10005992:	f3c0 00c0 	ubfx	r0, r0, #3, #1
10005996:	f7ff fe95 	bl	100056c4 <tud_suspend_cb>
1000599a:	e731      	b.n	10005800 <tud_task_ext+0x20>
1000599c:	f89d 001c 	ldrb.w	r0, [sp, #28]
100059a0:	f7ff fe3e 	bl	10005620 <configuration_reset>
100059a4:	f000 fc1c 	bl	100061e0 <usbd_control_reset>
100059a8:	f89d 3020 	ldrb.w	r3, [sp, #32]
100059ac:	70ab      	strb	r3, [r5, #2]
100059ae:	e727      	b.n	10005800 <tud_task_ext+0x20>
100059b0:	f89d 001c 	ldrb.w	r0, [sp, #28]
100059b4:	f7ff fe34 	bl	10005620 <configuration_reset>
100059b8:	f000 fc12 	bl	100061e0 <usbd_control_reset>
100059bc:	f7ff fe80 	bl	100056c0 <tud_umount_cb>
100059c0:	e71e      	b.n	10005800 <tud_task_ext+0x20>
100059c2:	1c50      	adds	r0, r2, #1
100059c4:	4298      	cmp	r0, r3
100059c6:	da11      	bge.n	100059ec <tud_task_ext+0x20c>
100059c8:	f04f 23e0 	mov.w	r3, #3758153728	@ 0xe000e000
100059cc:	f8d3 3df0 	ldr.w	r3, [r3, #3568]	@ 0xdf0
100059d0:	07dc      	lsls	r4, r3, #31
100059d2:	d500      	bpl.n	100059d6 <tud_task_ext+0x1f6>
100059d4:	be00      	bkpt	0x0000
100059d6:	b00b      	add	sp, #44	@ 0x2c
100059d8:	e8bd 8ff0 	ldmia.w	sp!, {r4, r5, r6, r7, r8, r9, sl, fp, pc}
100059dc:	9b09      	ldr	r3, [sp, #36]	@ 0x24
100059de:	f89d 2021 	ldrb.w	r2, [sp, #33]	@ 0x21
100059e2:	f89d 001c 	ldrb.w	r0, [sp, #28]
100059e6:	f000 fc19 	bl	1000621c <usbd_control_xfer_cb>
100059ea:	e709      	b.n	10005800 <tud_task_ext+0x20>
100059ec:	1a9b      	subs	r3, r3, r2
100059ee:	4a2d      	ldr	r2, [pc, #180]	@ (10005aa4 <tud_task_ext+0x2c4>)
100059f0:	eb02 1343 	add.w	r3, r2, r3, lsl #5
100059f4:	e758      	b.n	100058a8 <tud_task_ext+0xc8>
100059f6:	f7ff fb8d 	bl	10005114 <tud_descriptor_configuration_cb>
100059fa:	4602      	mov	r2, r0
100059fc:	2800      	cmp	r0, #0
100059fe:	f040 8182 	bne.w	10005d06 <tud_task_ext+0x526>
10005a02:	f04f 23e0 	mov.w	r3, #3758153728	@ 0xe000e000
10005a06:	f8d3 3df0 	ldr.w	r3, [r3, #3568]	@ 0xdf0
10005a0a:	07de      	lsls	r6, r3, #31
10005a0c:	d500      	bpl.n	10005a10 <tud_task_ext+0x230>
10005a0e:	be00      	bkpt	0x0000
10005a10:	f89d 001c 	ldrb.w	r0, [sp, #28]
10005a14:	2100      	movs	r1, #0
10005a16:	f7ff fd99 	bl	1000554c <dcd_edpt_stall>
10005a1a:	2180      	movs	r1, #128	@ 0x80
10005a1c:	f89d 001c 	ldrb.w	r0, [sp, #28]
10005a20:	f7ff fd94 	bl	1000554c <dcd_edpt_stall>
10005a24:	e6ec      	b.n	10005800 <tud_task_ext+0x20>
10005a26:	4820      	ldr	r0, [pc, #128]	@ (10005aa8 <tud_task_ext+0x2c8>)
10005a28:	f000 fbe4 	bl	100061f4 <usbd_control_set_complete_callback>
10005a2c:	2101      	movs	r1, #1
10005a2e:	4640      	mov	r0, r8
10005a30:	aa08      	add	r2, sp, #32
10005a32:	f7ff f933 	bl	10004c9c <tud_vendor_control_xfer_cb>
10005a36:	2800      	cmp	r0, #0
10005a38:	f47f aee2 	bne.w	10005800 <tud_task_ext+0x20>
10005a3c:	e7e8      	b.n	10005a10 <tud_task_ext+0x230>
10005a3e:	f89d 1024 	ldrb.w	r1, [sp, #36]	@ 0x24
10005a42:	f011 0f70 	tst.w	r1, #112	@ 0x70
10005a46:	d1dc      	bne.n	10005a02 <tud_task_ext+0x222>
10005a48:	f001 067f 	and.w	r6, r1, #127	@ 0x7f
10005a4c:	eb07 0046 	add.w	r0, r7, r6, lsl #1
10005a50:	4b16      	ldr	r3, [pc, #88]	@ (10005aac <tud_task_ext+0x2cc>)
10005a52:	eb00 10d1 	add.w	r0, r0, r1, lsr #7
10005a56:	781b      	ldrb	r3, [r3, #0]
10005a58:	7d00      	ldrb	r0, [r0, #20]
10005a5a:	0076      	lsls	r6, r6, #1
10005a5c:	9601      	str	r6, [sp, #4]
10005a5e:	4298      	cmp	r0, r3
10005a60:	ea4f 16d1 	mov.w	r6, r1, lsr #7
10005a64:	9600      	str	r6, [sp, #0]
10005a66:	d359      	bcc.n	10005b1c <tud_task_ext+0x33c>
10005a68:	1c5e      	adds	r6, r3, #1
10005a6a:	4286      	cmp	r6, r0
10005a6c:	f2c0 8166 	blt.w	10005d3c <tud_task_ext+0x55c>
10005a70:	1ac0      	subs	r0, r0, r3
10005a72:	4b0c      	ldr	r3, [pc, #48]	@ (10005aa4 <tud_task_ext+0x2c4>)
10005a74:	eb03 1640 	add.w	r6, r3, r0, lsl #5
10005a78:	2a00      	cmp	r2, #0
10005a7a:	f000 8163 	beq.w	10005d44 <tud_task_ext+0x564>
10005a7e:	6970      	ldr	r0, [r6, #20]
10005a80:	f000 fbb8 	bl	100061f4 <usbd_control_set_complete_callback>
10005a84:	2101      	movs	r1, #1
10005a86:	4640      	mov	r0, r8
10005a88:	6973      	ldr	r3, [r6, #20]
10005a8a:	aa08      	add	r2, sp, #32
10005a8c:	4798      	blx	r3
10005a8e:	2800      	cmp	r0, #0
10005a90:	f47f aeb6 	bne.w	10005800 <tud_task_ext+0x20>
10005a94:	e7bc      	b.n	10005a10 <tud_task_ext+0x230>
10005a96:	bf00      	nop
10005a98:	200020e0 	.word	0x200020e0
10005a9c:	20002088 	.word	0x20002088
10005aa0:	20001eb8 	.word	0x20001eb8
10005aa4:	1000b1dc 	.word	0x1000b1dc
10005aa8:	10004c9d 	.word	0x10004c9d
10005aac:	20002afe 	.word	0x20002afe
10005ab0:	20001594 	.word	0x20001594
10005ab4:	20002b00 	.word	0x20002b00
10005ab8:	f89d 3024 	ldrb.w	r3, [sp, #36]	@ 0x24
10005abc:	2b0f      	cmp	r3, #15
10005abe:	d8a7      	bhi.n	10005a10 <tud_task_ext+0x230>
10005ac0:	4aae      	ldr	r2, [pc, #696]	@ (10005d7c <tud_task_ext+0x59c>)
10005ac2:	443b      	add	r3, r7
10005ac4:	791b      	ldrb	r3, [r3, #4]
10005ac6:	7812      	ldrb	r2, [r2, #0]
10005ac8:	4293      	cmp	r3, r2
10005aca:	d332      	bcc.n	10005b32 <tud_task_ext+0x352>
10005acc:	1c51      	adds	r1, r2, #1
10005ace:	4299      	cmp	r1, r3
10005ad0:	db9e      	blt.n	10005a10 <tud_task_ext+0x230>
10005ad2:	4eab      	ldr	r6, [pc, #684]	@ (10005d80 <tud_task_ext+0x5a0>)
10005ad4:	1a9b      	subs	r3, r3, r2
10005ad6:	eb06 1643 	add.w	r6, r6, r3, lsl #5
10005ada:	6970      	ldr	r0, [r6, #20]
10005adc:	f000 fb8a 	bl	100061f4 <usbd_control_set_complete_callback>
10005ae0:	2101      	movs	r1, #1
10005ae2:	4640      	mov	r0, r8
10005ae4:	6973      	ldr	r3, [r6, #20]
10005ae6:	aa08      	add	r2, sp, #32
10005ae8:	4798      	blx	r3
10005aea:	2800      	cmp	r0, #0
10005aec:	f47f ae88 	bne.w	10005800 <tud_task_ext+0x20>
10005af0:	f89d 3020 	ldrb.w	r3, [sp, #32]
10005af4:	f013 0660 	ands.w	r6, r3, #96	@ 0x60
10005af8:	d18a      	bne.n	10005a10 <tud_task_ext+0x230>
10005afa:	f89d 3021 	ldrb.w	r3, [sp, #33]	@ 0x21
10005afe:	3b0a      	subs	r3, #10
10005b00:	2b01      	cmp	r3, #1
10005b02:	d885      	bhi.n	10005a10 <tud_task_ext+0x230>
10005b04:	f000 fb76 	bl	100061f4 <usbd_control_set_complete_callback>
10005b08:	f89d 3021 	ldrb.w	r3, [sp, #33]	@ 0x21
10005b0c:	2b0a      	cmp	r3, #10
10005b0e:	f000 81f2 	beq.w	10005ef6 <tud_task_ext+0x716>
10005b12:	4640      	mov	r0, r8
10005b14:	a908      	add	r1, sp, #32
10005b16:	f000 faf1 	bl	100060fc <tud_control_status>
10005b1a:	e671      	b.n	10005800 <tud_task_ext+0x20>
10005b1c:	4b99      	ldr	r3, [pc, #612]	@ (10005d84 <tud_task_ext+0x5a4>)
10005b1e:	681b      	ldr	r3, [r3, #0]
10005b20:	eb03 1640 	add.w	r6, r3, r0, lsl #5
10005b24:	2a00      	cmp	r2, #0
10005b26:	f000 810d 	beq.w	10005d44 <tud_task_ext+0x564>
10005b2a:	2e00      	cmp	r6, #0
10005b2c:	f43f af70 	beq.w	10005a10 <tud_task_ext+0x230>
10005b30:	e7a5      	b.n	10005a7e <tud_task_ext+0x29e>
10005b32:	4a94      	ldr	r2, [pc, #592]	@ (10005d84 <tud_task_ext+0x5a4>)
10005b34:	6816      	ldr	r6, [r2, #0]
10005b36:	eb16 1643 	adds.w	r6, r6, r3, lsl #5
10005b3a:	d1ce      	bne.n	10005ada <tud_task_ext+0x2fa>
10005b3c:	e768      	b.n	10005a10 <tud_task_ext+0x230>
10005b3e:	787b      	ldrb	r3, [r7, #1]
10005b40:	f89d 6022 	ldrb.w	r6, [sp, #34]	@ 0x22
10005b44:	429e      	cmp	r6, r3
10005b46:	f000 814f 	beq.w	10005de8 <tud_task_ext+0x608>
10005b4a:	787b      	ldrb	r3, [r7, #1]
10005b4c:	2b00      	cmp	r3, #0
10005b4e:	f040 81be 	bne.w	10005ece <tud_task_ext+0x6ee>
10005b52:	707e      	strb	r6, [r7, #1]
10005b54:	2e00      	cmp	r6, #0
10005b56:	f000 8145 	beq.w	10005de4 <tud_task_ext+0x604>
10005b5a:	1e70      	subs	r0, r6, #1
10005b5c:	b2c0      	uxtb	r0, r0
10005b5e:	f7ff fad9 	bl	10005114 <tud_descriptor_configuration_cb>
10005b62:	4603      	mov	r3, r0
10005b64:	2800      	cmp	r0, #0
10005b66:	f000 815f 	beq.w	10005e28 <tud_task_ext+0x648>
10005b6a:	7842      	ldrb	r2, [r0, #1]
10005b6c:	2a02      	cmp	r2, #2
10005b6e:	f040 815b 	bne.w	10005e28 <tud_task_ext+0x648>
10005b72:	79c1      	ldrb	r1, [r0, #7]
10005b74:	f103 0609 	add.w	r6, r3, #9
10005b78:	f3c1 1240 	ubfx	r2, r1, #5, #1
10005b7c:	0112      	lsls	r2, r2, #4
10005b7e:	f3c1 1180 	ubfx	r1, r1, #6, #1
10005b82:	ea42 1241 	orr.w	r2, r2, r1, lsl #5
10005b86:	4631      	mov	r1, r6
10005b88:	7838      	ldrb	r0, [r7, #0]
10005b8a:	f020 0030 	bic.w	r0, r0, #48	@ 0x30
10005b8e:	4302      	orrs	r2, r0
10005b90:	703a      	strb	r2, [r7, #0]
10005b92:	885a      	ldrh	r2, [r3, #2]
10005b94:	f8cd 800c 	str.w	r8, [sp, #12]
10005b98:	189a      	adds	r2, r3, r2
10005b9a:	9201      	str	r2, [sp, #4]
10005b9c:	9b01      	ldr	r3, [sp, #4]
10005b9e:	428b      	cmp	r3, r1
10005ba0:	f240 81a4 	bls.w	10005eec <tud_task_ext+0x70c>
10005ba4:	784a      	ldrb	r2, [r1, #1]
10005ba6:	2a0b      	cmp	r2, #11
10005ba8:	f000 81af 	beq.w	10005f0a <tud_task_ext+0x72a>
10005bac:	2301      	movs	r3, #1
10005bae:	2a04      	cmp	r2, #4
10005bb0:	f040 813a 	bne.w	10005e28 <tud_task_ext+0x648>
10005bb4:	2600      	movs	r6, #0
10005bb6:	9a01      	ldr	r2, [sp, #4]
10005bb8:	9600      	str	r6, [sp, #0]
10005bba:	1a52      	subs	r2, r2, r1
10005bbc:	b292      	uxth	r2, r2
10005bbe:	9202      	str	r2, [sp, #8]
10005bc0:	4a6e      	ldr	r2, [pc, #440]	@ (10005d7c <tud_task_ext+0x59c>)
10005bc2:	9304      	str	r3, [sp, #16]
10005bc4:	7812      	ldrb	r2, [r2, #0]
10005bc6:	e01d      	b.n	10005c04 <tud_task_ext+0x424>
10005bc8:	4b6e      	ldr	r3, [pc, #440]	@ (10005d84 <tud_task_ext+0x5a4>)
10005bca:	681b      	ldr	r3, [r3, #0]
10005bcc:	eb13 1846 	adds.w	r8, r3, r6, lsl #5
10005bd0:	f000 812a 	beq.w	10005e28 <tud_task_ext+0x648>
10005bd4:	9a02      	ldr	r2, [sp, #8]
10005bd6:	f8d8 3010 	ldr.w	r3, [r8, #16]
10005bda:	9803      	ldr	r0, [sp, #12]
10005bdc:	9105      	str	r1, [sp, #20]
10005bde:	4798      	blx	r3
10005be0:	2808      	cmp	r0, #8
10005be2:	4602      	mov	r2, r0
10005be4:	9905      	ldr	r1, [sp, #20]
10005be6:	f106 0301 	add.w	r3, r6, #1
10005bea:	d903      	bls.n	10005bf4 <tud_task_ext+0x414>
10005bec:	9802      	ldr	r0, [sp, #8]
10005bee:	4290      	cmp	r0, r2
10005bf0:	f080 80ff 	bcs.w	10005df2 <tud_task_ext+0x612>
10005bf4:	b2de      	uxtb	r6, r3
10005bf6:	4b61      	ldr	r3, [pc, #388]	@ (10005d7c <tud_task_ext+0x59c>)
10005bf8:	9600      	str	r6, [sp, #0]
10005bfa:	781a      	ldrb	r2, [r3, #0]
10005bfc:	1c53      	adds	r3, r2, #1
10005bfe:	429e      	cmp	r6, r3
10005c00:	f300 8112 	bgt.w	10005e28 <tud_task_ext+0x648>
10005c04:	9b00      	ldr	r3, [sp, #0]
10005c06:	42b2      	cmp	r2, r6
10005c08:	eba3 0202 	sub.w	r2, r3, r2
10005c0c:	d8dc      	bhi.n	10005bc8 <tud_task_ext+0x3e8>
10005c0e:	4b5c      	ldr	r3, [pc, #368]	@ (10005d80 <tud_task_ext+0x5a0>)
10005c10:	eb03 1842 	add.w	r8, r3, r2, lsl #5
10005c14:	e7de      	b.n	10005bd4 <tud_task_ext+0x3f4>
10005c16:	787b      	ldrb	r3, [r7, #1]
10005c18:	4640      	mov	r0, r8
10005c1a:	f88d 301a 	strb.w	r3, [sp, #26]
10005c1e:	f10d 021a 	add.w	r2, sp, #26
10005c22:	2301      	movs	r3, #1
10005c24:	a908      	add	r1, sp, #32
10005c26:	f000 fa83 	bl	10006130 <tud_control_xfer>
10005c2a:	e5e9      	b.n	10005800 <tud_task_ext+0x20>
10005c2c:	f8bd 0022 	ldrh.w	r0, [sp, #34]	@ 0x22
10005c30:	0a03      	lsrs	r3, r0, #8
10005c32:	3b01      	subs	r3, #1
10005c34:	0a02      	lsrs	r2, r0, #8
10005c36:	b2c0      	uxtb	r0, r0
10005c38:	2b0e      	cmp	r3, #14
10005c3a:	f63f aee9 	bhi.w	10005a10 <tud_task_ext+0x230>
10005c3e:	a101      	add	r1, pc, #4	@ (adr r1, 10005c44 <tud_task_ext+0x464>)
10005c40:	f851 f023 	ldr.w	pc, [r1, r3, lsl #2]
10005c44:	10005e59 	.word	0x10005e59
10005c48:	10005cf5 	.word	0x10005cf5
10005c4c:	10005e95 	.word	0x10005e95
10005c50:	10005a11 	.word	0x10005a11
10005c54:	10005a11 	.word	0x10005a11
10005c58:	10005e77 	.word	0x10005e77
10005c5c:	10005cf5 	.word	0x10005cf5
10005c60:	10005a11 	.word	0x10005a11
10005c64:	10005a11 	.word	0x10005a11
10005c68:	10005a11 	.word	0x10005a11
10005c6c:	10005a11 	.word	0x10005a11
10005c70:	10005a11 	.word	0x10005a11
10005c74:	10005a11 	.word	0x10005a11
10005c78:	10005a11 	.word	0x10005a11
10005c7c:	10005e4b 	.word	0x10005e4b
10005c80:	a808      	add	r0, sp, #32
10005c82:	f000 fabd 	bl	10006200 <usbd_control_set_request>
10005c86:	4640      	mov	r0, r8
10005c88:	f89d 1022 	ldrb.w	r1, [sp, #34]	@ 0x22
10005c8c:	f7ff fba2 	bl	100053d4 <dcd_set_address>
10005c90:	783b      	ldrb	r3, [r7, #0]
10005c92:	f043 0302 	orr.w	r3, r3, #2
10005c96:	703b      	strb	r3, [r7, #0]
10005c98:	e5b2      	b.n	10005800 <tud_task_ext+0x20>
10005c9a:	f8bd 3022 	ldrh.w	r3, [sp, #34]	@ 0x22
10005c9e:	2b01      	cmp	r3, #1
10005ca0:	f47f aeb6 	bne.w	10005a10 <tud_task_ext+0x230>
10005ca4:	783b      	ldrb	r3, [r7, #0]
10005ca6:	4640      	mov	r0, r8
10005ca8:	f023 0308 	bic.w	r3, r3, #8
10005cac:	a908      	add	r1, sp, #32
10005cae:	703b      	strb	r3, [r7, #0]
10005cb0:	f000 fa24 	bl	100060fc <tud_control_status>
10005cb4:	e5a4      	b.n	10005800 <tud_task_ext+0x20>
10005cb6:	4640      	mov	r0, r8
10005cb8:	783b      	ldrb	r3, [r7, #0]
10005cba:	089a      	lsrs	r2, r3, #2
10005cbc:	f002 0202 	and.w	r2, r2, #2
10005cc0:	f3c3 1340 	ubfx	r3, r3, #5, #1
10005cc4:	4313      	orrs	r3, r2
10005cc6:	f8ad 301a 	strh.w	r3, [sp, #26]
10005cca:	f10d 021a 	add.w	r2, sp, #26
10005cce:	2302      	movs	r3, #2
10005cd0:	a908      	add	r1, sp, #32
10005cd2:	f000 fa2d 	bl	10006130 <tud_control_xfer>
10005cd6:	e593      	b.n	10005800 <tud_task_ext+0x20>
10005cd8:	f8bd 3022 	ldrh.w	r3, [sp, #34]	@ 0x22
10005cdc:	2b01      	cmp	r3, #1
10005cde:	f47f ae97 	bne.w	10005a10 <tud_task_ext+0x230>
10005ce2:	783b      	ldrb	r3, [r7, #0]
10005ce4:	4640      	mov	r0, r8
10005ce6:	f043 0308 	orr.w	r3, r3, #8
10005cea:	a908      	add	r1, sp, #32
10005cec:	703b      	strb	r3, [r7, #0]
10005cee:	f000 fa05 	bl	100060fc <tud_control_status>
10005cf2:	e585      	b.n	10005800 <tud_task_ext+0x20>
10005cf4:	2a02      	cmp	r2, #2
10005cf6:	f43f ae7e 	beq.w	100059f6 <tud_task_ext+0x216>
10005cfa:	f7ff fcdd 	bl	100056b8 <tud_descriptor_other_speed_configuration_cb>
10005cfe:	4602      	mov	r2, r0
10005d00:	2800      	cmp	r0, #0
10005d02:	f43f ae85 	beq.w	10005a10 <tud_task_ext+0x230>
10005d06:	4640      	mov	r0, r8
10005d08:	8853      	ldrh	r3, [r2, #2]
10005d0a:	a908      	add	r1, sp, #32
10005d0c:	f000 fa10 	bl	10006130 <tud_control_xfer>
10005d10:	2800      	cmp	r0, #0
10005d12:	f47f ad75 	bne.w	10005800 <tud_task_ext+0x20>
10005d16:	e67b      	b.n	10005a10 <tud_task_ext+0x230>
10005d18:	f89d 3024 	ldrb.w	r3, [sp, #36]	@ 0x24
10005d1c:	2b0f      	cmp	r3, #15
10005d1e:	f63f ae77 	bhi.w	10005a10 <tud_task_ext+0x230>
10005d22:	4a16      	ldr	r2, [pc, #88]	@ (10005d7c <tud_task_ext+0x59c>)
10005d24:	443b      	add	r3, r7
10005d26:	791b      	ldrb	r3, [r3, #4]
10005d28:	7812      	ldrb	r2, [r2, #0]
10005d2a:	4293      	cmp	r3, r2
10005d2c:	d21d      	bcs.n	10005d6a <tud_task_ext+0x58a>
10005d2e:	4a15      	ldr	r2, [pc, #84]	@ (10005d84 <tud_task_ext+0x5a4>)
10005d30:	6816      	ldr	r6, [r2, #0]
10005d32:	eb16 1643 	adds.w	r6, r6, r3, lsl #5
10005d36:	f47f aea2 	bne.w	10005a7e <tud_task_ext+0x29e>
10005d3a:	e669      	b.n	10005a10 <tud_task_ext+0x230>
10005d3c:	2a00      	cmp	r2, #0
10005d3e:	f47f ae67 	bne.w	10005a10 <tud_task_ext+0x230>
10005d42:	2600      	movs	r6, #0
10005d44:	f89d 2021 	ldrb.w	r2, [sp, #33]	@ 0x21
10005d48:	f002 03fd 	and.w	r3, r2, #253	@ 0xfd
10005d4c:	2b01      	cmp	r3, #1
10005d4e:	d01b      	beq.n	10005d88 <tud_task_ext+0x5a8>
10005d50:	2a00      	cmp	r2, #0
10005d52:	f47f ae56 	bne.w	10005a02 <tud_task_ext+0x222>
10005d56:	9b01      	ldr	r3, [sp, #4]
10005d58:	9a00      	ldr	r2, [sp, #0]
10005d5a:	443b      	add	r3, r7
10005d5c:	4413      	add	r3, r2
10005d5e:	f893 3034 	ldrb.w	r3, [r3, #52]	@ 0x34
10005d62:	4640      	mov	r0, r8
10005d64:	f3c3 0340 	ubfx	r3, r3, #1, #1
10005d68:	e7ad      	b.n	10005cc6 <tud_task_ext+0x4e6>
10005d6a:	1c51      	adds	r1, r2, #1
10005d6c:	4299      	cmp	r1, r3
10005d6e:	f6ff ae4f 	blt.w	10005a10 <tud_task_ext+0x230>
10005d72:	4e03      	ldr	r6, [pc, #12]	@ (10005d80 <tud_task_ext+0x5a0>)
10005d74:	1a9b      	subs	r3, r3, r2
10005d76:	eb06 1643 	add.w	r6, r6, r3, lsl #5
10005d7a:	e680      	b.n	10005a7e <tud_task_ext+0x29e>
10005d7c:	20002afe 	.word	0x20002afe
10005d80:	1000b1dc 	.word	0x1000b1dc
10005d84:	20001eb8 	.word	0x20001eb8
10005d88:	f8bd 3022 	ldrh.w	r3, [sp, #34]	@ 0x22
10005d8c:	b9b3      	cbnz	r3, 10005dbc <tud_task_ext+0x5dc>
10005d8e:	2a01      	cmp	r2, #1
10005d90:	f899 0000 	ldrb.w	r0, [r9]
10005d94:	f000 8086 	beq.w	10005ea4 <tud_task_ext+0x6c4>
10005d98:	f7ff fbd8 	bl	1000554c <dcd_edpt_stall>
10005d9c:	9b01      	ldr	r3, [sp, #4]
10005d9e:	9a00      	ldr	r2, [sp, #0]
10005da0:	443b      	add	r3, r7
10005da2:	4413      	add	r3, r2
10005da4:	f893 2034 	ldrb.w	r2, [r3, #52]	@ 0x34
10005da8:	f042 0202 	orr.w	r2, r2, #2
10005dac:	f883 2034 	strb.w	r2, [r3, #52]	@ 0x34
10005db0:	f893 2034 	ldrb.w	r2, [r3, #52]	@ 0x34
10005db4:	f042 0201 	orr.w	r2, r2, #1
10005db8:	f883 2034 	strb.w	r2, [r3, #52]	@ 0x34
10005dbc:	2e00      	cmp	r6, #0
10005dbe:	f43f ad1f 	beq.w	10005800 <tud_task_ext+0x20>
10005dc2:	6970      	ldr	r0, [r6, #20]
10005dc4:	f000 fa16 	bl	100061f4 <usbd_control_set_complete_callback>
10005dc8:	6973      	ldr	r3, [r6, #20]
10005dca:	2101      	movs	r1, #1
10005dcc:	aa08      	add	r2, sp, #32
10005dce:	4640      	mov	r0, r8
10005dd0:	4798      	blx	r3
10005dd2:	2000      	movs	r0, #0
10005dd4:	f000 fa0e 	bl	100061f4 <usbd_control_set_complete_callback>
10005dd8:	f897 3035 	ldrb.w	r3, [r7, #53]	@ 0x35
10005ddc:	07df      	lsls	r7, r3, #31
10005dde:	f53f ad0f 	bmi.w	10005800 <tud_task_ext+0x20>
10005de2:	e696      	b.n	10005b12 <tud_task_ext+0x332>
10005de4:	f7ff fc6c 	bl	100056c0 <tud_umount_cb>
10005de8:	4640      	mov	r0, r8
10005dea:	a908      	add	r1, sp, #32
10005dec:	f000 f986 	bl	100060fc <tud_control_status>
10005df0:	e506      	b.n	10005800 <tud_task_ext+0x20>
10005df2:	9b04      	ldr	r3, [sp, #16]
10005df4:	2b01      	cmp	r3, #1
10005df6:	f000 809e 	beq.w	10005f36 <tud_task_ext+0x756>
10005dfa:	2b00      	cmp	r3, #0
10005dfc:	f000 808a 	beq.w	10005f14 <tud_task_ext+0x734>
10005e00:	2000      	movs	r0, #0
10005e02:	f891 8002 	ldrb.w	r8, [r1, #2]
10005e06:	e005      	b.n	10005e14 <tud_task_ext+0x634>
10005e08:	f88c 6004 	strb.w	r6, [ip, #4]
10005e0c:	fa5f fc80 	uxtb.w	ip, r0
10005e10:	4563      	cmp	r3, ip
10005e12:	d97f      	bls.n	10005f14 <tud_task_ext+0x734>
10005e14:	eb08 0c00 	add.w	ip, r8, r0
10005e18:	fa57 fc8c 	uxtab	ip, r7, ip
10005e1c:	f89c e004 	ldrb.w	lr, [ip, #4]
10005e20:	3001      	adds	r0, #1
10005e22:	f1be 0fff 	cmp.w	lr, #255	@ 0xff
10005e26:	d0ef      	beq.n	10005e08 <tud_task_ext+0x628>
10005e28:	f04f 23e0 	mov.w	r3, #3758153728	@ 0xe000e000
10005e2c:	f8d3 3df0 	ldr.w	r3, [r3, #3568]	@ 0xdf0
10005e30:	07da      	lsls	r2, r3, #31
10005e32:	d500      	bpl.n	10005e36 <tud_task_ext+0x656>
10005e34:	be00      	bkpt	0x0000
10005e36:	f04f 23e0 	mov.w	r3, #3758153728	@ 0xe000e000
10005e3a:	f8d3 3df0 	ldr.w	r3, [r3, #3568]	@ 0xdf0
10005e3e:	07db      	lsls	r3, r3, #31
10005e40:	d500      	bpl.n	10005e44 <tud_task_ext+0x664>
10005e42:	be00      	bkpt	0x0000
10005e44:	2300      	movs	r3, #0
10005e46:	707b      	strb	r3, [r7, #1]
10005e48:	e5e2      	b.n	10005a10 <tud_task_ext+0x230>
10005e4a:	f7fe ff23 	bl	10004c94 <tud_descriptor_bos_cb>
10005e4e:	4602      	mov	r2, r0
10005e50:	2800      	cmp	r0, #0
10005e52:	f47f af58 	bne.w	10005d06 <tud_task_ext+0x526>
10005e56:	e5db      	b.n	10005a10 <tud_task_ext+0x230>
10005e58:	f7ff f958 	bl	1000510c <tud_descriptor_device_cb>
10005e5c:	4602      	mov	r2, r0
10005e5e:	2800      	cmp	r0, #0
10005e60:	f43f adcf 	beq.w	10005a02 <tud_task_ext+0x222>
10005e64:	4640      	mov	r0, r8
10005e66:	2312      	movs	r3, #18
10005e68:	a908      	add	r1, sp, #32
10005e6a:	f000 f961 	bl	10006130 <tud_control_xfer>
10005e6e:	2800      	cmp	r0, #0
10005e70:	f47f acc6 	bne.w	10005800 <tud_task_ext+0x20>
10005e74:	e5cc      	b.n	10005a10 <tud_task_ext+0x230>
10005e76:	f7ff fc1d 	bl	100056b4 <tud_descriptor_device_qualifier_cb>
10005e7a:	4602      	mov	r2, r0
10005e7c:	2800      	cmp	r0, #0
10005e7e:	f43f adc7 	beq.w	10005a10 <tud_task_ext+0x230>
10005e82:	4640      	mov	r0, r8
10005e84:	7813      	ldrb	r3, [r2, #0]
10005e86:	a908      	add	r1, sp, #32
10005e88:	f000 f952 	bl	10006130 <tud_control_xfer>
10005e8c:	2800      	cmp	r0, #0
10005e8e:	f47f acb7 	bne.w	10005800 <tud_task_ext+0x20>
10005e92:	e5bd      	b.n	10005a10 <tud_task_ext+0x230>
10005e94:	f8bd 1024 	ldrh.w	r1, [sp, #36]	@ 0x24
10005e98:	f7ff f940 	bl	1000511c <tud_descriptor_string_cb>
10005e9c:	4602      	mov	r2, r0
10005e9e:	2800      	cmp	r0, #0
10005ea0:	d1ef      	bne.n	10005e82 <tud_task_ext+0x6a2>
10005ea2:	e5b5      	b.n	10005a10 <tud_task_ext+0x230>
10005ea4:	9302      	str	r3, [sp, #8]
10005ea6:	f7ff fb69 	bl	1000557c <dcd_edpt_clear_stall>
10005eaa:	9a01      	ldr	r2, [sp, #4]
10005eac:	9b00      	ldr	r3, [sp, #0]
10005eae:	443a      	add	r2, r7
10005eb0:	441a      	add	r2, r3
10005eb2:	f892 1034 	ldrb.w	r1, [r2, #52]	@ 0x34
10005eb6:	9b02      	ldr	r3, [sp, #8]
10005eb8:	f363 0141 	bfi	r1, r3, #1, #1
10005ebc:	f882 1034 	strb.w	r1, [r2, #52]	@ 0x34
10005ec0:	f892 1034 	ldrb.w	r1, [r2, #52]	@ 0x34
10005ec4:	f363 0100 	bfi	r1, r3, #0, #1
10005ec8:	f882 1034 	strb.w	r1, [r2, #52]	@ 0x34
10005ecc:	e776      	b.n	10005dbc <tud_task_ext+0x5dc>
10005ece:	2100      	movs	r1, #0
10005ed0:	4640      	mov	r0, r8
10005ed2:	f7ff fa87 	bl	100053e4 <dcd_sof_enable>
10005ed6:	4640      	mov	r0, r8
10005ed8:	f7ff fb22 	bl	10005520 <dcd_edpt_close_all>
10005edc:	78bb      	ldrb	r3, [r7, #2]
10005ede:	4640      	mov	r0, r8
10005ee0:	9300      	str	r3, [sp, #0]
10005ee2:	f7ff fb9d 	bl	10005620 <configuration_reset>
10005ee6:	9b00      	ldr	r3, [sp, #0]
10005ee8:	70bb      	strb	r3, [r7, #2]
10005eea:	e632      	b.n	10005b52 <tud_task_ext+0x372>
10005eec:	f8dd 800c 	ldr.w	r8, [sp, #12]
10005ef0:	f7ff fbe4 	bl	100056bc <tud_mount_cb>
10005ef4:	e778      	b.n	10005de8 <tud_task_ext+0x608>
10005ef6:	4640      	mov	r0, r8
10005ef8:	2301      	movs	r3, #1
10005efa:	a908      	add	r1, sp, #32
10005efc:	f10d 021a 	add.w	r2, sp, #26
10005f00:	f88d 601a 	strb.w	r6, [sp, #26]
10005f04:	f000 f914 	bl	10006130 <tud_control_xfer>
10005f08:	e47a      	b.n	10005800 <tud_task_ext+0x20>
10005f0a:	780a      	ldrb	r2, [r1, #0]
10005f0c:	78cb      	ldrb	r3, [r1, #3]
10005f0e:	4411      	add	r1, r2
10005f10:	784a      	ldrb	r2, [r1, #1]
10005f12:	e64c      	b.n	10005bae <tud_task_ext+0x3ce>
10005f14:	4633      	mov	r3, r6
10005f16:	4810      	ldr	r0, [pc, #64]	@ (10005f58 <tud_task_ext+0x778>)
10005f18:	9204      	str	r2, [sp, #16]
10005f1a:	9102      	str	r1, [sp, #8]
10005f1c:	f000 fe76 	bl	10006c0c <tu_edpt_bind_driver>
10005f20:	4b0e      	ldr	r3, [pc, #56]	@ (10005f5c <tud_task_ext+0x77c>)
10005f22:	9a04      	ldr	r2, [sp, #16]
10005f24:	9902      	ldr	r1, [sp, #8]
10005f26:	781b      	ldrb	r3, [r3, #0]
10005f28:	4411      	add	r1, r2
10005f2a:	9a00      	ldr	r2, [sp, #0]
10005f2c:	3301      	adds	r3, #1
10005f2e:	4293      	cmp	r3, r2
10005f30:	f6bf ae34 	bge.w	10005b9c <tud_task_ext+0x3bc>
10005f34:	e778      	b.n	10005e28 <tud_task_ext+0x648>
10005f36:	f8d8 c010 	ldr.w	ip, [r8, #16]
10005f3a:	4809      	ldr	r0, [pc, #36]	@ (10005f60 <tud_task_ext+0x780>)
10005f3c:	4584      	cmp	ip, r0
10005f3e:	bf08      	it	eq
10005f40:	2302      	moveq	r3, #2
10005f42:	e75d      	b.n	10005e00 <tud_task_ext+0x620>
10005f44:	f04f 23e0 	mov.w	r3, #3758153728	@ 0xe000e000
10005f48:	f8d3 3df0 	ldr.w	r3, [r3, #3568]	@ 0xdf0
10005f4c:	07db      	lsls	r3, r3, #31
10005f4e:	f57f ac57 	bpl.w	10005800 <tud_task_ext+0x20>
10005f52:	be00      	bkpt	0x0000
10005f54:	e454      	b.n	10005800 <tud_task_ext+0x20>
10005f56:	bf00      	nop
10005f58:	2000209c 	.word	0x2000209c
10005f5c:	20002afe 	.word	0x20002afe
10005f60:	1000662d 	.word	0x1000662d

10005f64 <usbd_open_edpt_pair>:
10005f64:	e92d 4ff8 	stmdb	sp!, {r3, r4, r5, r6, r7, r8, r9, sl, fp, lr}
10005f68:	9f0a      	ldr	r7, [sp, #40]	@ 0x28
10005f6a:	2a00      	cmp	r2, #0
10005f6c:	d040      	beq.n	10005ff0 <usbd_open_edpt_pair+0x8c>
10005f6e:	460c      	mov	r4, r1
10005f70:	461e      	mov	r6, r3
10005f72:	4615      	mov	r5, r2
10005f74:	f04f 0a00 	mov.w	sl, #0
10005f78:	f8df 907c 	ldr.w	r9, [pc, #124]	@ 10005ff8 <usbd_open_edpt_pair+0x94>
10005f7c:	f8df 807c 	ldr.w	r8, [pc, #124]	@ 10005ffc <usbd_open_edpt_pair+0x98>
10005f80:	e018      	b.n	10005fb4 <usbd_open_edpt_pair+0x50>
10005f82:	4620      	mov	r0, r4
10005f84:	f898 1002 	ldrb.w	r1, [r8, #2]
10005f88:	f899 b000 	ldrb.w	fp, [r9]
10005f8c:	f000 fe0e 	bl	10006bac <tu_edpt_validate>
10005f90:	b1e0      	cbz	r0, 10005fcc <usbd_open_edpt_pair+0x68>
10005f92:	4621      	mov	r1, r4
10005f94:	4658      	mov	r0, fp
10005f96:	f7ff fa41 	bl	1000541c <dcd_edpt_open>
10005f9a:	b1f0      	cbz	r0, 10005fda <usbd_open_edpt_pair+0x76>
10005f9c:	78a2      	ldrb	r2, [r4, #2]
10005f9e:	f10a 0a01 	add.w	sl, sl, #1
10005fa2:	09d1      	lsrs	r1, r2, #7
10005fa4:	bf16      	itet	ne
10005fa6:	9b0b      	ldrne	r3, [sp, #44]	@ 0x2c
10005fa8:	703a      	strbeq	r2, [r7, #0]
10005faa:	701a      	strbne	r2, [r3, #0]
10005fac:	7822      	ldrb	r2, [r4, #0]
10005fae:	45aa      	cmp	sl, r5
10005fb0:	4414      	add	r4, r2
10005fb2:	d01d      	beq.n	10005ff0 <usbd_open_edpt_pair+0x8c>
10005fb4:	7862      	ldrb	r2, [r4, #1]
10005fb6:	2a05      	cmp	r2, #5
10005fb8:	d10f      	bne.n	10005fda <usbd_open_edpt_pair+0x76>
10005fba:	78e1      	ldrb	r1, [r4, #3]
10005fbc:	f001 0103 	and.w	r1, r1, #3
10005fc0:	42b1      	cmp	r1, r6
10005fc2:	d10a      	bne.n	10005fda <usbd_open_edpt_pair+0x76>
10005fc4:	78a2      	ldrb	r2, [r4, #2]
10005fc6:	f012 0f70 	tst.w	r2, #112	@ 0x70
10005fca:	d0da      	beq.n	10005f82 <usbd_open_edpt_pair+0x1e>
10005fcc:	f04f 23e0 	mov.w	r3, #3758153728	@ 0xe000e000
10005fd0:	f8d3 3df0 	ldr.w	r3, [r3, #3568]	@ 0xdf0
10005fd4:	07da      	lsls	r2, r3, #31
10005fd6:	d500      	bpl.n	10005fda <usbd_open_edpt_pair+0x76>
10005fd8:	be00      	bkpt	0x0000
10005fda:	f04f 23e0 	mov.w	r3, #3758153728	@ 0xe000e000
10005fde:	f8d3 3df0 	ldr.w	r3, [r3, #3568]	@ 0xdf0
10005fe2:	07db      	lsls	r3, r3, #31
10005fe4:	d402      	bmi.n	10005fec <usbd_open_edpt_pair+0x88>
10005fe6:	2000      	movs	r0, #0
10005fe8:	e8bd 8ff8 	ldmia.w	sp!, {r3, r4, r5, r6, r7, r8, r9, sl, fp, pc}
10005fec:	be00      	bkpt	0x0000
10005fee:	e7fa      	b.n	10005fe6 <usbd_open_edpt_pair+0x82>
10005ff0:	2001      	movs	r0, #1
10005ff2:	e8bd 8ff8 	ldmia.w	sp!, {r3, r4, r5, r6, r7, r8, r9, sl, fp, pc}
10005ff6:	bf00      	nop
10005ff8:	20001594 	.word	0x20001594
10005ffc:	20002088 	.word	0x20002088

10006000 <usbd_edpt_open>:
10006000:	b538      	push	{r3, r4, r5, lr}
10006002:	788b      	ldrb	r3, [r1, #2]
10006004:	f013 0f70 	tst.w	r3, #112	@ 0x70
10006008:	d008      	beq.n	1000601c <usbd_edpt_open+0x1c>
1000600a:	f04f 23e0 	mov.w	r3, #3758153728	@ 0xe000e000
1000600e:	f8d3 3df0 	ldr.w	r3, [r3, #3568]	@ 0xdf0
10006012:	07db      	lsls	r3, r3, #31
10006014:	d500      	bpl.n	10006018 <usbd_edpt_open+0x18>
10006016:	be00      	bkpt	0x0000
10006018:	2000      	movs	r0, #0
1000601a:	bd38      	pop	{r3, r4, r5, pc}
1000601c:	4a07      	ldr	r2, [pc, #28]	@ (1000603c <usbd_edpt_open+0x3c>)
1000601e:	4b08      	ldr	r3, [pc, #32]	@ (10006040 <usbd_edpt_open+0x40>)
10006020:	460c      	mov	r4, r1
10006022:	4608      	mov	r0, r1
10006024:	7891      	ldrb	r1, [r2, #2]
10006026:	781d      	ldrb	r5, [r3, #0]
10006028:	f000 fdc0 	bl	10006bac <tu_edpt_validate>
1000602c:	2800      	cmp	r0, #0
1000602e:	d0ec      	beq.n	1000600a <usbd_edpt_open+0xa>
10006030:	4621      	mov	r1, r4
10006032:	4628      	mov	r0, r5
10006034:	e8bd 4038 	ldmia.w	sp!, {r3, r4, r5, lr}
10006038:	f7ff b9f0 	b.w	1000541c <dcd_edpt_open>
1000603c:	20002088 	.word	0x20002088
10006040:	20001594 	.word	0x20001594

10006044 <usbd_edpt_claim>:
10006044:	460b      	mov	r3, r1
10006046:	4a06      	ldr	r2, [pc, #24]	@ (10006060 <usbd_edpt_claim+0x1c>)
10006048:	4806      	ldr	r0, [pc, #24]	@ (10006064 <usbd_edpt_claim+0x20>)
1000604a:	6811      	ldr	r1, [r2, #0]
1000604c:	09da      	lsrs	r2, r3, #7
1000604e:	3234      	adds	r2, #52	@ 0x34
10006050:	f003 037f 	and.w	r3, r3, #127	@ 0x7f
10006054:	eb02 0343 	add.w	r3, r2, r3, lsl #1
10006058:	4418      	add	r0, r3
1000605a:	f000 bd61 	b.w	10006b20 <tu_edpt_claim>
1000605e:	bf00      	nop
10006060:	200020dc 	.word	0x200020dc
10006064:	20002088 	.word	0x20002088

10006068 <usbd_edpt_release>:
10006068:	460b      	mov	r3, r1
1000606a:	4a06      	ldr	r2, [pc, #24]	@ (10006084 <usbd_edpt_release+0x1c>)
1000606c:	4806      	ldr	r0, [pc, #24]	@ (10006088 <usbd_edpt_release+0x20>)
1000606e:	6811      	ldr	r1, [r2, #0]
10006070:	09da      	lsrs	r2, r3, #7
10006072:	3234      	adds	r2, #52	@ 0x34
10006074:	f003 037f 	and.w	r3, r3, #127	@ 0x7f
10006078:	eb02 0343 	add.w	r3, r2, r3, lsl #1
1000607c:	4418      	add	r0, r3
1000607e:	f000 bd79 	b.w	10006b74 <tu_edpt_release>
10006082:	bf00      	nop
10006084:	200020dc 	.word	0x200020dc
10006088:	20002088 	.word	0x20002088

1000608c <usbd_edpt_xfer>:
1000608c:	b510      	push	{r4, lr}
1000608e:	4819      	ldr	r0, [pc, #100]	@ (100060f4 <usbd_edpt_xfer+0x68>)
10006090:	f001 0c7f 	and.w	ip, r1, #127	@ 0x7f
10006094:	eb00 004c 	add.w	r0, r0, ip, lsl #1
10006098:	eb00 10d1 	add.w	r0, r0, r1, lsr #7
1000609c:	f890 c034 	ldrb.w	ip, [r0, #52]	@ 0x34
100060a0:	f01c 0f01 	tst.w	ip, #1
100060a4:	d008      	beq.n	100060b8 <usbd_edpt_xfer+0x2c>
100060a6:	f04f 23e0 	mov.w	r3, #3758153728	@ 0xe000e000
100060aa:	f8d3 3df0 	ldr.w	r3, [r3, #3568]	@ 0xdf0
100060ae:	07da      	lsls	r2, r3, #31
100060b0:	d500      	bpl.n	100060b4 <usbd_edpt_xfer+0x28>
100060b2:	be00      	bkpt	0x0000
100060b4:	2000      	movs	r0, #0
100060b6:	bd10      	pop	{r4, pc}
100060b8:	f100 0430 	add.w	r4, r0, #48	@ 0x30
100060bc:	f894 c004 	ldrb.w	ip, [r4, #4]
100060c0:	480d      	ldr	r0, [pc, #52]	@ (100060f8 <usbd_edpt_xfer+0x6c>)
100060c2:	f04c 0c01 	orr.w	ip, ip, #1
100060c6:	7800      	ldrb	r0, [r0, #0]
100060c8:	f884 c004 	strb.w	ip, [r4, #4]
100060cc:	f7ff fa2a 	bl	10005524 <dcd_edpt_xfer>
100060d0:	2800      	cmp	r0, #0
100060d2:	d1f0      	bne.n	100060b6 <usbd_edpt_xfer+0x2a>
100060d4:	f04f 21e0 	mov.w	r1, #3758153728	@ 0xe000e000
100060d8:	7922      	ldrb	r2, [r4, #4]
100060da:	f360 0200 	bfi	r2, r0, #0, #1
100060de:	7122      	strb	r2, [r4, #4]
100060e0:	7922      	ldrb	r2, [r4, #4]
100060e2:	f360 0282 	bfi	r2, r0, #2, #1
100060e6:	7122      	strb	r2, [r4, #4]
100060e8:	f8d1 3df0 	ldr.w	r3, [r1, #3568]	@ 0xdf0
100060ec:	07db      	lsls	r3, r3, #31
100060ee:	d5e1      	bpl.n	100060b4 <usbd_edpt_xfer+0x28>
100060f0:	be00      	bkpt	0x0000
100060f2:	e7df      	b.n	100060b4 <usbd_edpt_xfer+0x28>
100060f4:	20002088 	.word	0x20002088
100060f8:	20001594 	.word	0x20001594

100060fc <tud_control_status>:
100060fc:	b530      	push	{r4, r5, lr}
100060fe:	4c0b      	ldr	r4, [pc, #44]	@ (1000612c <tud_control_status+0x30>)
10006100:	468c      	mov	ip, r1
10006102:	46a6      	mov	lr, r4
10006104:	4605      	mov	r5, r0
10006106:	6808      	ldr	r0, [r1, #0]
10006108:	6849      	ldr	r1, [r1, #4]
1000610a:	2300      	movs	r3, #0
1000610c:	e8ae 0003 	stmia.w	lr!, {r0, r1}
10006110:	f89c 1000 	ldrb.w	r1, [ip]
10006114:	4628      	mov	r0, r5
10006116:	43c9      	mvns	r1, r1
10006118:	e9c4 3302 	strd	r3, r3, [r4, #8]
1000611c:	e8bd 4030 	ldmia.w	sp!, {r4, r5, lr}
10006120:	461a      	mov	r2, r3
10006122:	f001 0180 	and.w	r1, r1, #128	@ 0x80
10006126:	f7ff bfb1 	b.w	1000608c <usbd_edpt_xfer>
1000612a:	bf00      	nop
1000612c:	20002048 	.word	0x20002048

10006130 <tud_control_xfer>:
10006130:	e92d 41f0 	stmdb	sp!, {r4, r5, r6, r7, r8, lr}
10006134:	4f28      	ldr	r7, [pc, #160]	@ (100061d8 <tud_control_xfer+0xa8>)
10006136:	f04f 0800 	mov.w	r8, #0
1000613a:	46be      	mov	lr, r7
1000613c:	468c      	mov	ip, r1
1000613e:	4606      	mov	r6, r0
10006140:	6808      	ldr	r0, [r1, #0]
10006142:	6849      	ldr	r1, [r1, #4]
10006144:	60ba      	str	r2, [r7, #8]
10006146:	e8ae 0003 	stmia.w	lr!, {r0, r1}
1000614a:	f8a7 800e 	strh.w	r8, [r7, #14]
1000614e:	4615      	mov	r5, r2
10006150:	f8bc 2006 	ldrh.w	r2, [ip, #6]
10006154:	4293      	cmp	r3, r2
10006156:	bf28      	it	cs
10006158:	4613      	movcs	r3, r2
1000615a:	81bb      	strh	r3, [r7, #12]
1000615c:	b19a      	cbz	r2, 10006186 <tud_control_xfer+0x56>
1000615e:	461c      	mov	r4, r3
10006160:	b333      	cbz	r3, 100061b0 <tud_control_xfer+0x80>
10006162:	b1dd      	cbz	r5, 1000619c <tud_control_xfer+0x6c>
10006164:	f997 3000 	ldrsb.w	r3, [r7]
10006168:	2c40      	cmp	r4, #64	@ 0x40
1000616a:	bf28      	it	cs
1000616c:	2440      	movcs	r4, #64	@ 0x40
1000616e:	2b00      	cmp	r3, #0
10006170:	db29      	blt.n	100061c6 <tud_control_xfer+0x96>
10006172:	4641      	mov	r1, r8
10006174:	4623      	mov	r3, r4
10006176:	4630      	mov	r0, r6
10006178:	4a18      	ldr	r2, [pc, #96]	@ (100061dc <tud_control_xfer+0xac>)
1000617a:	f7ff ff87 	bl	1000608c <usbd_edpt_xfer>
1000617e:	b168      	cbz	r0, 1000619c <tud_control_xfer+0x6c>
10006180:	2001      	movs	r0, #1
10006182:	e8bd 81f0 	ldmia.w	sp!, {r4, r5, r6, r7, r8, pc}
10006186:	f89c 1000 	ldrb.w	r1, [ip]
1000618a:	4613      	mov	r3, r2
1000618c:	43c9      	mvns	r1, r1
1000618e:	4630      	mov	r0, r6
10006190:	f001 0180 	and.w	r1, r1, #128	@ 0x80
10006194:	f7ff ff7a 	bl	1000608c <usbd_edpt_xfer>
10006198:	2800      	cmp	r0, #0
1000619a:	d1f1      	bne.n	10006180 <tud_control_xfer+0x50>
1000619c:	f04f 23e0 	mov.w	r3, #3758153728	@ 0xe000e000
100061a0:	f8d3 3df0 	ldr.w	r3, [r3, #3568]	@ 0xdf0
100061a4:	07db      	lsls	r3, r3, #31
100061a6:	d500      	bpl.n	100061aa <tud_control_xfer+0x7a>
100061a8:	be00      	bkpt	0x0000
100061aa:	2000      	movs	r0, #0
100061ac:	e8bd 81f0 	ldmia.w	sp!, {r4, r5, r6, r7, r8, pc}
100061b0:	461a      	mov	r2, r3
100061b2:	7839      	ldrb	r1, [r7, #0]
100061b4:	f001 0180 	and.w	r1, r1, #128	@ 0x80
100061b8:	4623      	mov	r3, r4
100061ba:	4630      	mov	r0, r6
100061bc:	f7ff ff66 	bl	1000608c <usbd_edpt_xfer>
100061c0:	2800      	cmp	r0, #0
100061c2:	d1dd      	bne.n	10006180 <tud_control_xfer+0x50>
100061c4:	e7ea      	b.n	1000619c <tud_control_xfer+0x6c>
100061c6:	4622      	mov	r2, r4
100061c8:	4629      	mov	r1, r5
100061ca:	4804      	ldr	r0, [pc, #16]	@ (100061dc <tud_control_xfer+0xac>)
100061cc:	f004 fb06 	bl	1000a7dc <memcpy>
100061d0:	2180      	movs	r1, #128	@ 0x80
100061d2:	4a02      	ldr	r2, [pc, #8]	@ (100061dc <tud_control_xfer+0xac>)
100061d4:	e7f0      	b.n	100061b8 <tud_control_xfer+0x88>
100061d6:	bf00      	nop
100061d8:	20002048 	.word	0x20002048
100061dc:	20002008 	.word	0x20002008

100061e0 <usbd_control_reset>:
100061e0:	2200      	movs	r2, #0
100061e2:	4b03      	ldr	r3, [pc, #12]	@ (100061f0 <usbd_control_reset+0x10>)
100061e4:	e9c3 2200 	strd	r2, r2, [r3]
100061e8:	e9c3 2202 	strd	r2, r2, [r3, #8]
100061ec:	611a      	str	r2, [r3, #16]
100061ee:	4770      	bx	lr
100061f0:	20002048 	.word	0x20002048

100061f4 <usbd_control_set_complete_callback>:
100061f4:	4b01      	ldr	r3, [pc, #4]	@ (100061fc <usbd_control_set_complete_callback+0x8>)
100061f6:	6118      	str	r0, [r3, #16]
100061f8:	4770      	bx	lr
100061fa:	bf00      	nop
100061fc:	20002048 	.word	0x20002048

10006200 <usbd_control_set_request>:
10006200:	b430      	push	{r4, r5}
10006202:	4602      	mov	r2, r0
10006204:	4c04      	ldr	r4, [pc, #16]	@ (10006218 <usbd_control_set_request+0x18>)
10006206:	2500      	movs	r5, #0
10006208:	4623      	mov	r3, r4
1000620a:	6800      	ldr	r0, [r0, #0]
1000620c:	6851      	ldr	r1, [r2, #4]
1000620e:	e9c4 5502 	strd	r5, r5, [r4, #8]
10006212:	bc30      	pop	{r4, r5}
10006214:	c303      	stmia	r3!, {r0, r1}
10006216:	4770      	bx	lr
10006218:	20002048 	.word	0x20002048

1000621c <usbd_control_xfer_cb>:
1000621c:	b570      	push	{r4, r5, r6, lr}
1000621e:	4c3d      	ldr	r4, [pc, #244]	@ (10006314 <usbd_control_xfer_cb+0xf8>)
10006220:	09c9      	lsrs	r1, r1, #7
10006222:	7822      	ldrb	r2, [r4, #0]
10006224:	4606      	mov	r6, r0
10006226:	ebb1 1fd2 	cmp.w	r1, r2, lsr #7
1000622a:	461d      	mov	r5, r3
1000622c:	b082      	sub	sp, #8
1000622e:	d017      	beq.n	10006260 <usbd_control_xfer_cb+0x44>
10006230:	b153      	cbz	r3, 10006248 <usbd_control_xfer_cb+0x2c>
10006232:	f04f 23e0 	mov.w	r3, #3758153728	@ 0xe000e000
10006236:	f8d3 3df0 	ldr.w	r3, [r3, #3568]	@ 0xdf0
1000623a:	07db      	lsls	r3, r3, #31
1000623c:	d402      	bmi.n	10006244 <usbd_control_xfer_cb+0x28>
1000623e:	2000      	movs	r0, #0
10006240:	b002      	add	sp, #8
10006242:	bd70      	pop	{r4, r5, r6, pc}
10006244:	be00      	bkpt	0x0000
10006246:	e7fa      	b.n	1000623e <usbd_control_xfer_cb+0x22>
10006248:	4621      	mov	r1, r4
1000624a:	f7ff f8d9 	bl	10005400 <dcd_edpt0_status_complete>
1000624e:	6923      	ldr	r3, [r4, #16]
10006250:	b11b      	cbz	r3, 1000625a <usbd_control_xfer_cb+0x3e>
10006252:	4622      	mov	r2, r4
10006254:	2103      	movs	r1, #3
10006256:	4630      	mov	r0, r6
10006258:	4798      	blx	r3
1000625a:	2001      	movs	r0, #1
1000625c:	b002      	add	sp, #8
1000625e:	bd70      	pop	{r4, r5, r6, pc}
10006260:	f994 3000 	ldrsb.w	r3, [r4]
10006264:	2b00      	cmp	r3, #0
10006266:	db06      	blt.n	10006276 <usbd_control_xfer_cb+0x5a>
10006268:	68a0      	ldr	r0, [r4, #8]
1000626a:	2800      	cmp	r0, #0
1000626c:	d0e7      	beq.n	1000623e <usbd_control_xfer_cb+0x22>
1000626e:	462a      	mov	r2, r5
10006270:	4929      	ldr	r1, [pc, #164]	@ (10006318 <usbd_control_xfer_cb+0xfc>)
10006272:	f004 fab3 	bl	1000a7dc <memcpy>
10006276:	89e0      	ldrh	r0, [r4, #14]
10006278:	68a1      	ldr	r1, [r4, #8]
1000627a:	88e3      	ldrh	r3, [r4, #6]
1000627c:	4428      	add	r0, r5
1000627e:	b280      	uxth	r0, r0
10006280:	4429      	add	r1, r5
10006282:	4283      	cmp	r3, r0
10006284:	81e0      	strh	r0, [r4, #14]
10006286:	60a1      	str	r1, [r4, #8]
10006288:	d016      	beq.n	100062b8 <usbd_control_xfer_cb+0x9c>
1000628a:	2d3f      	cmp	r5, #63	@ 0x3f
1000628c:	d914      	bls.n	100062b8 <usbd_control_xfer_cb+0x9c>
1000628e:	89a2      	ldrh	r2, [r4, #12]
10006290:	f994 4000 	ldrsb.w	r4, [r4]
10006294:	1a13      	subs	r3, r2, r0
10006296:	b29b      	uxth	r3, r3
10006298:	2b40      	cmp	r3, #64	@ 0x40
1000629a:	bf28      	it	cs
1000629c:	2340      	movcs	r3, #64	@ 0x40
1000629e:	2c00      	cmp	r4, #0
100062a0:	db27      	blt.n	100062f2 <usbd_control_xfer_cb+0xd6>
100062a2:	4290      	cmp	r0, r2
100062a4:	f04f 0100 	mov.w	r1, #0
100062a8:	d031      	beq.n	1000630e <usbd_control_xfer_cb+0xf2>
100062aa:	4a1b      	ldr	r2, [pc, #108]	@ (10006318 <usbd_control_xfer_cb+0xfc>)
100062ac:	4630      	mov	r0, r6
100062ae:	f7ff feed 	bl	1000608c <usbd_edpt_xfer>
100062b2:	2800      	cmp	r0, #0
100062b4:	d1d1      	bne.n	1000625a <usbd_control_xfer_cb+0x3e>
100062b6:	e7bc      	b.n	10006232 <usbd_control_xfer_cb+0x16>
100062b8:	6923      	ldr	r3, [r4, #16]
100062ba:	b123      	cbz	r3, 100062c6 <usbd_control_xfer_cb+0xaa>
100062bc:	2102      	movs	r1, #2
100062be:	4630      	mov	r0, r6
100062c0:	4a14      	ldr	r2, [pc, #80]	@ (10006314 <usbd_control_xfer_cb+0xf8>)
100062c2:	4798      	blx	r3
100062c4:	b160      	cbz	r0, 100062e0 <usbd_control_xfer_cb+0xc4>
100062c6:	7821      	ldrb	r1, [r4, #0]
100062c8:	2300      	movs	r3, #0
100062ca:	43c9      	mvns	r1, r1
100062cc:	4630      	mov	r0, r6
100062ce:	461a      	mov	r2, r3
100062d0:	f001 0180 	and.w	r1, r1, #128	@ 0x80
100062d4:	f7ff feda 	bl	1000608c <usbd_edpt_xfer>
100062d8:	2800      	cmp	r0, #0
100062da:	d0aa      	beq.n	10006232 <usbd_control_xfer_cb+0x16>
100062dc:	2001      	movs	r0, #1
100062de:	e7bd      	b.n	1000625c <usbd_control_xfer_cb+0x40>
100062e0:	4601      	mov	r1, r0
100062e2:	4630      	mov	r0, r6
100062e4:	f7ff f932 	bl	1000554c <dcd_edpt_stall>
100062e8:	2180      	movs	r1, #128	@ 0x80
100062ea:	4630      	mov	r0, r6
100062ec:	f7ff f92e 	bl	1000554c <dcd_edpt_stall>
100062f0:	e7b3      	b.n	1000625a <usbd_control_xfer_cb+0x3e>
100062f2:	4290      	cmp	r0, r2
100062f4:	d008      	beq.n	10006308 <usbd_control_xfer_cb+0xec>
100062f6:	461a      	mov	r2, r3
100062f8:	4807      	ldr	r0, [pc, #28]	@ (10006318 <usbd_control_xfer_cb+0xfc>)
100062fa:	9301      	str	r3, [sp, #4]
100062fc:	f004 fa6e 	bl	1000a7dc <memcpy>
10006300:	2180      	movs	r1, #128	@ 0x80
10006302:	4a05      	ldr	r2, [pc, #20]	@ (10006318 <usbd_control_xfer_cb+0xfc>)
10006304:	9b01      	ldr	r3, [sp, #4]
10006306:	e7d1      	b.n	100062ac <usbd_control_xfer_cb+0x90>
10006308:	2180      	movs	r1, #128	@ 0x80
1000630a:	2200      	movs	r2, #0
1000630c:	e7ce      	b.n	100062ac <usbd_control_xfer_cb+0x90>
1000630e:	460a      	mov	r2, r1
10006310:	e7cc      	b.n	100062ac <usbd_control_xfer_cb+0x90>
10006312:	bf00      	nop
10006314:	20002048 	.word	0x20002048
10006318:	20002008 	.word	0x20002008

1000631c <_prep_out_transaction.isra.0>:
1000631c:	e92d 41f0 	stmdb	sp!, {r4, r5, r6, r7, r8, lr}
10006320:	4604      	mov	r4, r0
10006322:	f7ff f9d3 	bl	100056cc <tud_mounted>
10006326:	b908      	cbnz	r0, 1000632c <_prep_out_transaction.isra.0+0x10>
10006328:	e8bd 81f0 	ldmia.w	sp!, {r4, r5, r6, r7, r8, pc}
1000632c:	f7ff f9d6 	bl	100056dc <tud_suspended>
10006330:	4605      	mov	r5, r0
10006332:	2800      	cmp	r0, #0
10006334:	d1f8      	bne.n	10006328 <_prep_out_transaction.isra.0+0xc>
10006336:	23c8      	movs	r3, #200	@ 0xc8
10006338:	fb04 f303 	mul.w	r3, r4, r3
1000633c:	4e12      	ldr	r6, [pc, #72]	@ (10006388 <_prep_out_transaction.isra.0+0x6c>)
1000633e:	18f7      	adds	r7, r6, r3
10006340:	78f9      	ldrb	r1, [r7, #3]
10006342:	2900      	cmp	r1, #0
10006344:	d0f0      	beq.n	10006328 <_prep_out_transaction.isra.0+0xc>
10006346:	3310      	adds	r3, #16
10006348:	441e      	add	r6, r3
1000634a:	4630      	mov	r0, r6
1000634c:	f000 fdd2 	bl	10006ef4 <tu_fifo_remaining>
10006350:	283f      	cmp	r0, #63	@ 0x3f
10006352:	d9e9      	bls.n	10006328 <_prep_out_transaction.isra.0+0xc>
10006354:	4628      	mov	r0, r5
10006356:	78f9      	ldrb	r1, [r7, #3]
10006358:	f7ff fe74 	bl	10006044 <usbd_edpt_claim>
1000635c:	2800      	cmp	r0, #0
1000635e:	d0e3      	beq.n	10006328 <_prep_out_transaction.isra.0+0xc>
10006360:	4630      	mov	r0, r6
10006362:	f000 fdc7 	bl	10006ef4 <tu_fifo_remaining>
10006366:	283f      	cmp	r0, #63	@ 0x3f
10006368:	78f9      	ldrb	r1, [r7, #3]
1000636a:	d908      	bls.n	1000637e <_prep_out_transaction.isra.0+0x62>
1000636c:	4a07      	ldr	r2, [pc, #28]	@ (1000638c <_prep_out_transaction.isra.0+0x70>)
1000636e:	4628      	mov	r0, r5
10006370:	eb02 12c4 	add.w	r2, r2, r4, lsl #7
10006374:	2340      	movs	r3, #64	@ 0x40
10006376:	e8bd 41f0 	ldmia.w	sp!, {r4, r5, r6, r7, r8, lr}
1000637a:	f7ff be87 	b.w	1000608c <usbd_edpt_xfer>
1000637e:	4628      	mov	r0, r5
10006380:	e8bd 41f0 	ldmia.w	sp!, {r4, r5, r6, r7, r8, lr}
10006384:	f7ff be70 	b.w	10006068 <usbd_edpt_release>
10006388:	20001f40 	.word	0x20001f40
1000638c:	20001ebc 	.word	0x20001ebc

10006390 <tud_cdc_n_connected>:
10006390:	b510      	push	{r4, lr}
10006392:	4604      	mov	r4, r0
10006394:	f7ff f99a 	bl	100056cc <tud_mounted>
10006398:	b908      	cbnz	r0, 1000639e <tud_cdc_n_connected+0xe>
1000639a:	2000      	movs	r0, #0
1000639c:	bd10      	pop	{r4, pc}
1000639e:	f7ff f99d 	bl	100056dc <tud_suspended>
100063a2:	2800      	cmp	r0, #0
100063a4:	d1f9      	bne.n	1000639a <tud_cdc_n_connected+0xa>
100063a6:	22c8      	movs	r2, #200	@ 0xc8
100063a8:	4b03      	ldr	r3, [pc, #12]	@ (100063b8 <tud_cdc_n_connected+0x28>)
100063aa:	fb02 3304 	mla	r3, r2, r4, r3
100063ae:	7918      	ldrb	r0, [r3, #4]
100063b0:	f000 0001 	and.w	r0, r0, #1
100063b4:	bd10      	pop	{r4, pc}
100063b6:	bf00      	nop
100063b8:	20001f40 	.word	0x20001f40

100063bc <tud_cdc_n_available>:
100063bc:	22c8      	movs	r2, #200	@ 0xc8
100063be:	b508      	push	{r3, lr}
100063c0:	4b02      	ldr	r3, [pc, #8]	@ (100063cc <tud_cdc_n_available+0x10>)
100063c2:	fb02 3000 	mla	r0, r2, r0, r3
100063c6:	f000 fd7b 	bl	10006ec0 <tu_fifo_count>
100063ca:	bd08      	pop	{r3, pc}
100063cc:	20001f50 	.word	0x20001f50

100063d0 <tud_cdc_n_read>:
100063d0:	e92d 43f8 	stmdb	sp!, {r3, r4, r5, r6, r7, r8, r9, lr}
100063d4:	f64f 73ff 	movw	r3, #65535	@ 0xffff
100063d8:	24c8      	movs	r4, #200	@ 0xc8
100063da:	429a      	cmp	r2, r3
100063dc:	bf28      	it	cs
100063de:	461a      	movcs	r2, r3
100063e0:	fb00 f404 	mul.w	r4, r0, r4
100063e4:	f8df 8074 	ldr.w	r8, [pc, #116]	@ 1000645c <tud_cdc_n_read+0x8c>
100063e8:	f104 0510 	add.w	r5, r4, #16
100063ec:	4445      	add	r5, r8
100063ee:	4606      	mov	r6, r0
100063f0:	b292      	uxth	r2, r2
100063f2:	4628      	mov	r0, r5
100063f4:	f000 fdda 	bl	10006fac <tu_fifo_read_n>
100063f8:	4607      	mov	r7, r0
100063fa:	f7ff f967 	bl	100056cc <tud_mounted>
100063fe:	b910      	cbnz	r0, 10006406 <tud_cdc_n_read+0x36>
10006400:	4638      	mov	r0, r7
10006402:	e8bd 83f8 	ldmia.w	sp!, {r3, r4, r5, r6, r7, r8, r9, pc}
10006406:	f7ff f969 	bl	100056dc <tud_suspended>
1000640a:	4681      	mov	r9, r0
1000640c:	2800      	cmp	r0, #0
1000640e:	d1f7      	bne.n	10006400 <tud_cdc_n_read+0x30>
10006410:	44a0      	add	r8, r4
10006412:	f898 3003 	ldrb.w	r3, [r8, #3]
10006416:	2b00      	cmp	r3, #0
10006418:	d0f2      	beq.n	10006400 <tud_cdc_n_read+0x30>
1000641a:	4628      	mov	r0, r5
1000641c:	f000 fd6a 	bl	10006ef4 <tu_fifo_remaining>
10006420:	283f      	cmp	r0, #63	@ 0x3f
10006422:	d9ed      	bls.n	10006400 <tud_cdc_n_read+0x30>
10006424:	4648      	mov	r0, r9
10006426:	f898 1003 	ldrb.w	r1, [r8, #3]
1000642a:	f7ff fe0b 	bl	10006044 <usbd_edpt_claim>
1000642e:	2800      	cmp	r0, #0
10006430:	d0e6      	beq.n	10006400 <tud_cdc_n_read+0x30>
10006432:	4628      	mov	r0, r5
10006434:	f000 fd5e 	bl	10006ef4 <tu_fifo_remaining>
10006438:	283f      	cmp	r0, #63	@ 0x3f
1000643a:	f898 1003 	ldrb.w	r1, [r8, #3]
1000643e:	d907      	bls.n	10006450 <tud_cdc_n_read+0x80>
10006440:	4a05      	ldr	r2, [pc, #20]	@ (10006458 <tud_cdc_n_read+0x88>)
10006442:	4648      	mov	r0, r9
10006444:	2340      	movs	r3, #64	@ 0x40
10006446:	eb02 12c6 	add.w	r2, r2, r6, lsl #7
1000644a:	f7ff fe1f 	bl	1000608c <usbd_edpt_xfer>
1000644e:	e7d7      	b.n	10006400 <tud_cdc_n_read+0x30>
10006450:	4648      	mov	r0, r9
10006452:	f7ff fe09 	bl	10006068 <usbd_edpt_release>
10006456:	e7d3      	b.n	10006400 <tud_cdc_n_read+0x30>
10006458:	20001ebc 	.word	0x20001ebc
1000645c:	20001f40 	.word	0x20001f40

10006460 <tud_cdc_n_write_flush>:
10006460:	e92d 41f0 	stmdb	sp!, {r4, r5, r6, r7, r8, lr}
10006464:	4604      	mov	r4, r0
10006466:	f7ff f931 	bl	100056cc <tud_mounted>
1000646a:	b910      	cbnz	r0, 10006472 <tud_cdc_n_write_flush+0x12>
1000646c:	2000      	movs	r0, #0
1000646e:	e8bd 81f0 	ldmia.w	sp!, {r4, r5, r6, r7, r8, pc}
10006472:	f7ff f933 	bl	100056dc <tud_suspended>
10006476:	4605      	mov	r5, r0
10006478:	2800      	cmp	r0, #0
1000647a:	d1f7      	bne.n	1000646c <tud_cdc_n_write_flush+0xc>
1000647c:	26c8      	movs	r6, #200	@ 0xc8
1000647e:	fb04 f606 	mul.w	r6, r4, r6
10006482:	f8df 8064 	ldr.w	r8, [pc, #100]	@ 100064e8 <tud_cdc_n_write_flush+0x88>
10006486:	f106 0724 	add.w	r7, r6, #36	@ 0x24
1000648a:	4447      	add	r7, r8
1000648c:	4638      	mov	r0, r7
1000648e:	f000 fd17 	bl	10006ec0 <tu_fifo_count>
10006492:	2800      	cmp	r0, #0
10006494:	d0ea      	beq.n	1000646c <tud_cdc_n_write_flush+0xc>
10006496:	44b0      	add	r8, r6
10006498:	4628      	mov	r0, r5
1000649a:	f898 1002 	ldrb.w	r1, [r8, #2]
1000649e:	f7ff fdd1 	bl	10006044 <usbd_edpt_claim>
100064a2:	2800      	cmp	r0, #0
100064a4:	d0e2      	beq.n	1000646c <tud_cdc_n_write_flush+0xc>
100064a6:	4e0f      	ldr	r6, [pc, #60]	@ (100064e4 <tud_cdc_n_write_flush+0x84>)
100064a8:	4638      	mov	r0, r7
100064aa:	eb06 16c4 	add.w	r6, r6, r4, lsl #7
100064ae:	4631      	mov	r1, r6
100064b0:	2240      	movs	r2, #64	@ 0x40
100064b2:	f000 fd7b 	bl	10006fac <tu_fifo_read_n>
100064b6:	f898 1002 	ldrb.w	r1, [r8, #2]
100064ba:	4604      	mov	r4, r0
100064bc:	b168      	cbz	r0, 100064da <tud_cdc_n_write_flush+0x7a>
100064be:	4603      	mov	r3, r0
100064c0:	4632      	mov	r2, r6
100064c2:	4628      	mov	r0, r5
100064c4:	f7ff fde2 	bl	1000608c <usbd_edpt_xfer>
100064c8:	b950      	cbnz	r0, 100064e0 <tud_cdc_n_write_flush+0x80>
100064ca:	f04f 23e0 	mov.w	r3, #3758153728	@ 0xe000e000
100064ce:	f8d3 3df0 	ldr.w	r3, [r3, #3568]	@ 0xdf0
100064d2:	07db      	lsls	r3, r3, #31
100064d4:	d5ca      	bpl.n	1000646c <tud_cdc_n_write_flush+0xc>
100064d6:	be00      	bkpt	0x0000
100064d8:	e7c8      	b.n	1000646c <tud_cdc_n_write_flush+0xc>
100064da:	f7ff fdc5 	bl	10006068 <usbd_edpt_release>
100064de:	e7c5      	b.n	1000646c <tud_cdc_n_write_flush+0xc>
100064e0:	4620      	mov	r0, r4
100064e2:	e7c4      	b.n	1000646e <tud_cdc_n_write_flush+0xe>
100064e4:	20001efc 	.word	0x20001efc
100064e8:	20001f40 	.word	0x20001f40

100064ec <tud_cdc_n_write>:
100064ec:	b538      	push	{r3, r4, r5, lr}
100064ee:	f64f 75ff 	movw	r5, #65535	@ 0xffff
100064f2:	23c8      	movs	r3, #200	@ 0xc8
100064f4:	42aa      	cmp	r2, r5
100064f6:	bf28      	it	cs
100064f8:	462a      	movcs	r2, r5
100064fa:	4c0b      	ldr	r4, [pc, #44]	@ (10006528 <tud_cdc_n_write+0x3c>)
100064fc:	b292      	uxth	r2, r2
100064fe:	fb03 4400 	mla	r4, r3, r0, r4
10006502:	4605      	mov	r5, r0
10006504:	4620      	mov	r0, r4
10006506:	f000 fe0f 	bl	10007128 <tu_fifo_write_n>
1000650a:	4603      	mov	r3, r0
1000650c:	4620      	mov	r0, r4
1000650e:	461c      	mov	r4, r3
10006510:	f000 fcd6 	bl	10006ec0 <tu_fifo_count>
10006514:	283f      	cmp	r0, #63	@ 0x3f
10006516:	d801      	bhi.n	1000651c <tud_cdc_n_write+0x30>
10006518:	4620      	mov	r0, r4
1000651a:	bd38      	pop	{r3, r4, r5, pc}
1000651c:	4628      	mov	r0, r5
1000651e:	f7ff ff9f 	bl	10006460 <tud_cdc_n_write_flush>
10006522:	4620      	mov	r0, r4
10006524:	bd38      	pop	{r3, r4, r5, pc}
10006526:	bf00      	nop
10006528:	20001f64 	.word	0x20001f64

1000652c <tud_cdc_n_write_available>:
1000652c:	22c8      	movs	r2, #200	@ 0xc8
1000652e:	b508      	push	{r3, lr}
10006530:	4b02      	ldr	r3, [pc, #8]	@ (1000653c <tud_cdc_n_write_available+0x10>)
10006532:	fb02 3000 	mla	r0, r2, r0, r3
10006536:	f000 fcdd 	bl	10006ef4 <tu_fifo_remaining>
1000653a:	bd08      	pop	{r3, pc}
1000653c:	20001f64 	.word	0x20001f64

10006540 <cdcd_init>:
10006540:	b5f0      	push	{r4, r5, r6, r7, lr}
10006542:	2400      	movs	r4, #0
10006544:	b083      	sub	sp, #12
10006546:	22c8      	movs	r2, #200	@ 0xc8
10006548:	2100      	movs	r1, #0
1000654a:	4817      	ldr	r0, [pc, #92]	@ (100065a8 <cdcd_init+0x68>)
1000654c:	f004 f862 	bl	1000a614 <memset>
10006550:	23ff      	movs	r3, #255	@ 0xff
10006552:	f44f 31e1 	mov.w	r1, #115200	@ 0x1c200
10006556:	2208      	movs	r2, #8
10006558:	4814      	ldr	r0, [pc, #80]	@ (100065ac <cdcd_init+0x6c>)
1000655a:	7004      	strb	r4, [r0, #0]
1000655c:	4812      	ldr	r0, [pc, #72]	@ (100065a8 <cdcd_init+0x68>)
1000655e:	9400      	str	r4, [sp, #0]
10006560:	4607      	mov	r7, r0
10006562:	7143      	strb	r3, [r0, #5]
10006564:	6081      	str	r1, [r0, #8]
10006566:	7382      	strb	r2, [r0, #14]
10006568:	f100 0138 	add.w	r1, r0, #56	@ 0x38
1000656c:	2301      	movs	r3, #1
1000656e:	2240      	movs	r2, #64	@ 0x40
10006570:	3010      	adds	r0, #16
10006572:	f000 fc75 	bl	10006e60 <tu_fifo_config>
10006576:	2301      	movs	r3, #1
10006578:	2240      	movs	r2, #64	@ 0x40
1000657a:	f107 0178 	add.w	r1, r7, #120	@ 0x78
1000657e:	9300      	str	r3, [sp, #0]
10006580:	f107 06b8 	add.w	r6, r7, #184	@ 0xb8
10006584:	f107 0024 	add.w	r0, r7, #36	@ 0x24
10006588:	f000 fc6a 	bl	10006e60 <tu_fifo_config>
1000658c:	f107 05c0 	add.w	r5, r7, #192	@ 0xc0
10006590:	4630      	mov	r0, r6
10006592:	f7fb fd7d 	bl	10002090 <mutex_init>
10006596:	4628      	mov	r0, r5
10006598:	f7fb fd7a 	bl	10002090 <mutex_init>
1000659c:	e9c7 4607 	strd	r4, r6, [r7, #28]
100065a0:	e9c7 540c 	strd	r5, r4, [r7, #48]	@ 0x30
100065a4:	b003      	add	sp, #12
100065a6:	bdf0      	pop	{r4, r5, r6, r7, pc}
100065a8:	20001f40 	.word	0x20001f40
100065ac:	20001f3c 	.word	0x20001f3c

100065b0 <cdcd_deinit>:
100065b0:	4a0a      	ldr	r2, [pc, #40]	@ (100065dc <cdcd_deinit+0x2c>)
100065b2:	6b11      	ldr	r1, [r2, #48]	@ 0x30
100065b4:	6a13      	ldr	r3, [r2, #32]
100065b6:	b161      	cbz	r1, 100065d2 <cdcd_deinit+0x22>
100065b8:	b13b      	cbz	r3, 100065ca <cdcd_deinit+0x1a>
100065ba:	2300      	movs	r3, #0
100065bc:	e9c2 330c 	strd	r3, r3, [r2, #48]	@ 0x30
100065c0:	61d3      	str	r3, [r2, #28]
100065c2:	2300      	movs	r3, #0
100065c4:	6213      	str	r3, [r2, #32]
100065c6:	2001      	movs	r0, #1
100065c8:	4770      	bx	lr
100065ca:	2001      	movs	r0, #1
100065cc:	e9c2 330c 	strd	r3, r3, [r2, #48]	@ 0x30
100065d0:	4770      	bx	lr
100065d2:	2b00      	cmp	r3, #0
100065d4:	d0f7      	beq.n	100065c6 <cdcd_deinit+0x16>
100065d6:	61d1      	str	r1, [r2, #28]
100065d8:	e7f3      	b.n	100065c2 <cdcd_deinit+0x12>
100065da:	bf00      	nop
100065dc:	20001f40 	.word	0x20001f40

100065e0 <cdcd_reset>:
100065e0:	2200      	movs	r2, #0
100065e2:	b510      	push	{r4, lr}
100065e4:	4c0e      	ldr	r4, [pc, #56]	@ (10006620 <cdcd_reset+0x40>)
100065e6:	480f      	ldr	r0, [pc, #60]	@ (10006624 <cdcd_reset+0x44>)
100065e8:	7823      	ldrb	r3, [r4, #0]
100065ea:	6002      	str	r2, [r0, #0]
100065ec:	7102      	strb	r2, [r0, #4]
100065ee:	07da      	lsls	r2, r3, #31
100065f0:	d507      	bpl.n	10006602 <cdcd_reset+0x22>
100065f2:	079b      	lsls	r3, r3, #30
100065f4:	d50b      	bpl.n	1000660e <cdcd_reset+0x2e>
100065f6:	e8bd 4010 	ldmia.w	sp!, {r4, lr}
100065fa:	2101      	movs	r1, #1
100065fc:	480a      	ldr	r0, [pc, #40]	@ (10006628 <cdcd_reset+0x48>)
100065fe:	f000 be5d 	b.w	100072bc <tu_fifo_set_overwritable>
10006602:	3010      	adds	r0, #16
10006604:	f000 fe3e 	bl	10007284 <tu_fifo_clear>
10006608:	7823      	ldrb	r3, [r4, #0]
1000660a:	079b      	lsls	r3, r3, #30
1000660c:	d4f3      	bmi.n	100065f6 <cdcd_reset+0x16>
1000660e:	4806      	ldr	r0, [pc, #24]	@ (10006628 <cdcd_reset+0x48>)
10006610:	f000 fe38 	bl	10007284 <tu_fifo_clear>
10006614:	e8bd 4010 	ldmia.w	sp!, {r4, lr}
10006618:	2101      	movs	r1, #1
1000661a:	4803      	ldr	r0, [pc, #12]	@ (10006628 <cdcd_reset+0x48>)
1000661c:	f000 be4e 	b.w	100072bc <tu_fifo_set_overwritable>
10006620:	20001f3c 	.word	0x20001f3c
10006624:	20001f40 	.word	0x20001f40
10006628:	20001f64 	.word	0x20001f64

1000662c <cdcd_open>:
1000662c:	b5f0      	push	{r4, r5, r6, r7, lr}
1000662e:	794b      	ldrb	r3, [r1, #5]
10006630:	b083      	sub	sp, #12
10006632:	2b02      	cmp	r3, #2
10006634:	d102      	bne.n	1000663c <cdcd_open+0x10>
10006636:	798b      	ldrb	r3, [r1, #6]
10006638:	2b02      	cmp	r3, #2
1000663a:	d003      	beq.n	10006644 <cdcd_open+0x18>
1000663c:	2500      	movs	r5, #0
1000663e:	4628      	mov	r0, r5
10006640:	b003      	add	sp, #12
10006642:	bdf0      	pop	{r4, r5, r6, r7, pc}
10006644:	4f27      	ldr	r7, [pc, #156]	@ (100066e4 <cdcd_open+0xb8>)
10006646:	78bb      	ldrb	r3, [r7, #2]
10006648:	b13b      	cbz	r3, 1000665a <cdcd_open+0x2e>
1000664a:	f04f 23e0 	mov.w	r3, #3758153728	@ 0xe000e000
1000664e:	f8d3 3df0 	ldr.w	r3, [r3, #3568]	@ 0xdf0
10006652:	07db      	lsls	r3, r3, #31
10006654:	d5f2      	bpl.n	1000663c <cdcd_open+0x10>
10006656:	be00      	bkpt	0x0000
10006658:	e7f0      	b.n	1000663c <cdcd_open+0x10>
1000665a:	788b      	ldrb	r3, [r1, #2]
1000665c:	4606      	mov	r6, r0
1000665e:	703b      	strb	r3, [r7, #0]
10006660:	780b      	ldrb	r3, [r1, #0]
10006662:	18cc      	adds	r4, r1, r3
10006664:	7861      	ldrb	r1, [r4, #1]
10006666:	2924      	cmp	r1, #36	@ 0x24
10006668:	bf08      	it	eq
1000666a:	2509      	moveq	r5, #9
1000666c:	d007      	beq.n	1000667e <cdcd_open+0x52>
1000666e:	e036      	b.n	100066de <cdcd_open+0xb2>
10006670:	7823      	ldrb	r3, [r4, #0]
10006672:	441c      	add	r4, r3
10006674:	7861      	ldrb	r1, [r4, #1]
10006676:	442b      	add	r3, r5
10006678:	2924      	cmp	r1, #36	@ 0x24
1000667a:	b29d      	uxth	r5, r3
1000667c:	d107      	bne.n	1000668e <cdcd_open+0x62>
1000667e:	42aa      	cmp	r2, r5
10006680:	d2f6      	bcs.n	10006670 <cdcd_open+0x44>
10006682:	2000      	movs	r0, #0
10006684:	f7ff fe4a 	bl	1000631c <_prep_out_transaction.isra.0>
10006688:	4628      	mov	r0, r5
1000668a:	b003      	add	sp, #12
1000668c:	bdf0      	pop	{r4, r5, r6, r7, pc}
1000668e:	460b      	mov	r3, r1
10006690:	2905      	cmp	r1, #5
10006692:	d016      	beq.n	100066c2 <cdcd_open+0x96>
10006694:	2b04      	cmp	r3, #4
10006696:	d1f4      	bne.n	10006682 <cdcd_open+0x56>
10006698:	7963      	ldrb	r3, [r4, #5]
1000669a:	2b0a      	cmp	r3, #10
1000669c:	d1f1      	bne.n	10006682 <cdcd_open+0x56>
1000669e:	4b12      	ldr	r3, [pc, #72]	@ (100066e8 <cdcd_open+0xbc>)
100066a0:	7827      	ldrb	r7, [r4, #0]
100066a2:	9301      	str	r3, [sp, #4]
100066a4:	3301      	adds	r3, #1
100066a6:	9300      	str	r3, [sp, #0]
100066a8:	2302      	movs	r3, #2
100066aa:	4630      	mov	r0, r6
100066ac:	461a      	mov	r2, r3
100066ae:	19e1      	adds	r1, r4, r7
100066b0:	f7ff fc58 	bl	10005f64 <usbd_open_edpt_pair>
100066b4:	2800      	cmp	r0, #0
100066b6:	d0c8      	beq.n	1000664a <cdcd_open+0x1e>
100066b8:	350e      	adds	r5, #14
100066ba:	fa17 f585 	uxtah	r5, r7, r5
100066be:	b2ad      	uxth	r5, r5
100066c0:	e7df      	b.n	10006682 <cdcd_open+0x56>
100066c2:	4621      	mov	r1, r4
100066c4:	4630      	mov	r0, r6
100066c6:	f7ff fc9b 	bl	10006000 <usbd_edpt_open>
100066ca:	2800      	cmp	r0, #0
100066cc:	d0bd      	beq.n	1000664a <cdcd_open+0x1e>
100066ce:	78a3      	ldrb	r3, [r4, #2]
100066d0:	707b      	strb	r3, [r7, #1]
100066d2:	7823      	ldrb	r3, [r4, #0]
100066d4:	195a      	adds	r2, r3, r5
100066d6:	441c      	add	r4, r3
100066d8:	7863      	ldrb	r3, [r4, #1]
100066da:	b295      	uxth	r5, r2
100066dc:	e7da      	b.n	10006694 <cdcd_open+0x68>
100066de:	460b      	mov	r3, r1
100066e0:	2509      	movs	r5, #9
100066e2:	e7d5      	b.n	10006690 <cdcd_open+0x64>
100066e4:	20001f40 	.word	0x20001f40
100066e8:	20001f42 	.word	0x20001f42

100066ec <cdcd_control_xfer_cb>:
100066ec:	7813      	ldrb	r3, [r2, #0]
100066ee:	f003 0360 	and.w	r3, r3, #96	@ 0x60
100066f2:	2b20      	cmp	r3, #32
100066f4:	d108      	bne.n	10006708 <cdcd_control_xfer_cb+0x1c>
100066f6:	b570      	push	{r4, r5, r6, lr}
100066f8:	4c26      	ldr	r4, [pc, #152]	@ (10006794 <cdcd_control_xfer_cb+0xa8>)
100066fa:	8893      	ldrh	r3, [r2, #4]
100066fc:	f894 c000 	ldrb.w	ip, [r4]
10006700:	459c      	cmp	ip, r3
10006702:	d003      	beq.n	1000670c <cdcd_control_xfer_cb+0x20>
10006704:	2000      	movs	r0, #0
10006706:	bd70      	pop	{r4, r5, r6, pc}
10006708:	2000      	movs	r0, #0
1000670a:	4770      	bx	lr
1000670c:	7853      	ldrb	r3, [r2, #1]
1000670e:	3b20      	subs	r3, #32
10006710:	2b03      	cmp	r3, #3
10006712:	d8f7      	bhi.n	10006704 <cdcd_control_xfer_cb+0x18>
10006714:	e8df f003 	tbb	[pc, r3]
10006718:	020d2327 	.word	0x020d2327
1000671c:	2901      	cmp	r1, #1
1000671e:	d02e      	beq.n	1000677e <cdcd_control_xfer_cb+0x92>
10006720:	2903      	cmp	r1, #3
10006722:	d11e      	bne.n	10006762 <cdcd_control_xfer_cb+0x76>
10006724:	4b1c      	ldr	r3, [pc, #112]	@ (10006798 <cdcd_control_xfer_cb+0xac>)
10006726:	b1e3      	cbz	r3, 10006762 <cdcd_control_xfer_cb+0x76>
10006728:	2000      	movs	r0, #0
1000672a:	8851      	ldrh	r1, [r2, #2]
1000672c:	f3af 8000 	nop.w
10006730:	e017      	b.n	10006762 <cdcd_control_xfer_cb+0x76>
10006732:	2901      	cmp	r1, #1
10006734:	d023      	beq.n	1000677e <cdcd_control_xfer_cb+0x92>
10006736:	2903      	cmp	r1, #3
10006738:	d113      	bne.n	10006762 <cdcd_control_xfer_cb+0x76>
1000673a:	8855      	ldrh	r5, [r2, #2]
1000673c:	4817      	ldr	r0, [pc, #92]	@ (1000679c <cdcd_control_xfer_cb+0xb0>)
1000673e:	f005 0601 	and.w	r6, r5, #1
10006742:	f086 0101 	eor.w	r1, r6, #1
10006746:	7125      	strb	r5, [r4, #4]
10006748:	f000 fdb8 	bl	100072bc <tu_fifo_set_overwritable>
1000674c:	4b14      	ldr	r3, [pc, #80]	@ (100067a0 <cdcd_control_xfer_cb+0xb4>)
1000674e:	b143      	cbz	r3, 10006762 <cdcd_control_xfer_cb+0x76>
10006750:	4631      	mov	r1, r6
10006752:	2000      	movs	r0, #0
10006754:	f3c5 0240 	ubfx	r2, r5, #1, #1
10006758:	f3af 8000 	nop.w
1000675c:	e001      	b.n	10006762 <cdcd_control_xfer_cb+0x76>
1000675e:	2901      	cmp	r1, #1
10006760:	d011      	beq.n	10006786 <cdcd_control_xfer_cb+0x9a>
10006762:	2001      	movs	r0, #1
10006764:	bd70      	pop	{r4, r5, r6, pc}
10006766:	2901      	cmp	r1, #1
10006768:	d00d      	beq.n	10006786 <cdcd_control_xfer_cb+0x9a>
1000676a:	2903      	cmp	r1, #3
1000676c:	d1f9      	bne.n	10006762 <cdcd_control_xfer_cb+0x76>
1000676e:	4b0d      	ldr	r3, [pc, #52]	@ (100067a4 <cdcd_control_xfer_cb+0xb8>)
10006770:	2b00      	cmp	r3, #0
10006772:	d0f6      	beq.n	10006762 <cdcd_control_xfer_cb+0x76>
10006774:	2000      	movs	r0, #0
10006776:	490c      	ldr	r1, [pc, #48]	@ (100067a8 <cdcd_control_xfer_cb+0xbc>)
10006778:	f7fe faac 	bl	10004cd4 <tud_cdc_line_coding_cb>
1000677c:	e7f1      	b.n	10006762 <cdcd_control_xfer_cb+0x76>
1000677e:	4611      	mov	r1, r2
10006780:	f7ff fcbc 	bl	100060fc <tud_control_status>
10006784:	e7ed      	b.n	10006762 <cdcd_control_xfer_cb+0x76>
10006786:	4611      	mov	r1, r2
10006788:	2307      	movs	r3, #7
1000678a:	4a07      	ldr	r2, [pc, #28]	@ (100067a8 <cdcd_control_xfer_cb+0xbc>)
1000678c:	f7ff fcd0 	bl	10006130 <tud_control_xfer>
10006790:	e7e7      	b.n	10006762 <cdcd_control_xfer_cb+0x76>
10006792:	bf00      	nop
10006794:	20001f40 	.word	0x20001f40
10006798:	00000000 	.word	0x00000000
1000679c:	20001f64 	.word	0x20001f64
100067a0:	00000000 	.word	0x00000000
100067a4:	10004cd5 	.word	0x10004cd5
100067a8:	20001f48 	.word	0x20001f48

100067ac <cdcd_xfer_cb>:
100067ac:	e92d 43f8 	stmdb	sp!, {r3, r4, r5, r6, r7, r8, r9, lr}
100067b0:	4e35      	ldr	r6, [pc, #212]	@ (10006888 <cdcd_xfer_cb+0xdc>)
100067b2:	460c      	mov	r4, r1
100067b4:	78f2      	ldrb	r2, [r6, #3]
100067b6:	4607      	mov	r7, r0
100067b8:	428a      	cmp	r2, r1
100067ba:	461d      	mov	r5, r3
100067bc:	d03d      	beq.n	1000683a <cdcd_xfer_cb+0x8e>
100067be:	78b3      	ldrb	r3, [r6, #2]
100067c0:	428b      	cmp	r3, r1
100067c2:	d012      	beq.n	100067ea <cdcd_xfer_cb+0x3e>
100067c4:	f04f 23e0 	mov.w	r3, #3758153728	@ 0xe000e000
100067c8:	f8d3 3df0 	ldr.w	r3, [r3, #3568]	@ 0xdf0
100067cc:	07db      	lsls	r3, r3, #31
100067ce:	d432      	bmi.n	10006836 <cdcd_xfer_cb+0x8a>
100067d0:	2000      	movs	r0, #0
100067d2:	e8bd 83f8 	ldmia.w	sp!, {r3, r4, r5, r6, r7, r8, r9, pc}
100067d6:	4b2d      	ldr	r3, [pc, #180]	@ (1000688c <cdcd_xfer_cb+0xe0>)
100067d8:	b123      	cbz	r3, 100067e4 <cdcd_xfer_cb+0x38>
100067da:	482d      	ldr	r0, [pc, #180]	@ (10006890 <cdcd_xfer_cb+0xe4>)
100067dc:	f000 fb80 	bl	10006ee0 <tu_fifo_empty>
100067e0:	2800      	cmp	r0, #0
100067e2:	d04d      	beq.n	10006880 <cdcd_xfer_cb+0xd4>
100067e4:	2000      	movs	r0, #0
100067e6:	f7ff fd99 	bl	1000631c <_prep_out_transaction.isra.0>
100067ea:	78b3      	ldrb	r3, [r6, #2]
100067ec:	42a3      	cmp	r3, r4
100067ee:	d001      	beq.n	100067f4 <cdcd_xfer_cb+0x48>
100067f0:	2001      	movs	r0, #1
100067f2:	e7ee      	b.n	100067d2 <cdcd_xfer_cb+0x26>
100067f4:	4b27      	ldr	r3, [pc, #156]	@ (10006894 <cdcd_xfer_cb+0xe8>)
100067f6:	b113      	cbz	r3, 100067fe <cdcd_xfer_cb+0x52>
100067f8:	2000      	movs	r0, #0
100067fa:	f3af 8000 	nop.w
100067fe:	2000      	movs	r0, #0
10006800:	f7ff fe2e 	bl	10006460 <tud_cdc_n_write_flush>
10006804:	2800      	cmp	r0, #0
10006806:	d1f3      	bne.n	100067f0 <cdcd_xfer_cb+0x44>
10006808:	4823      	ldr	r0, [pc, #140]	@ (10006898 <cdcd_xfer_cb+0xec>)
1000680a:	f000 fb59 	bl	10006ec0 <tu_fifo_count>
1000680e:	2800      	cmp	r0, #0
10006810:	d1ee      	bne.n	100067f0 <cdcd_xfer_cb+0x44>
10006812:	2d00      	cmp	r5, #0
10006814:	d0ec      	beq.n	100067f0 <cdcd_xfer_cb+0x44>
10006816:	f015 053f 	ands.w	r5, r5, #63	@ 0x3f
1000681a:	d1e9      	bne.n	100067f0 <cdcd_xfer_cb+0x44>
1000681c:	4638      	mov	r0, r7
1000681e:	78b1      	ldrb	r1, [r6, #2]
10006820:	f7ff fc10 	bl	10006044 <usbd_edpt_claim>
10006824:	2800      	cmp	r0, #0
10006826:	d0e3      	beq.n	100067f0 <cdcd_xfer_cb+0x44>
10006828:	462b      	mov	r3, r5
1000682a:	462a      	mov	r2, r5
1000682c:	4638      	mov	r0, r7
1000682e:	78b1      	ldrb	r1, [r6, #2]
10006830:	f7ff fc2c 	bl	1000608c <usbd_edpt_xfer>
10006834:	e7dc      	b.n	100067f0 <cdcd_xfer_cb+0x44>
10006836:	be00      	bkpt	0x0000
10006838:	e7ca      	b.n	100067d0 <cdcd_xfer_cb+0x24>
1000683a:	b29a      	uxth	r2, r3
1000683c:	4917      	ldr	r1, [pc, #92]	@ (1000689c <cdcd_xfer_cb+0xf0>)
1000683e:	f106 0010 	add.w	r0, r6, #16
10006842:	f000 fc71 	bl	10007128 <tu_fifo_write_n>
10006846:	4b16      	ldr	r3, [pc, #88]	@ (100068a0 <cdcd_xfer_cb+0xf4>)
10006848:	2b00      	cmp	r3, #0
1000684a:	d0c4      	beq.n	100067d6 <cdcd_xfer_cb+0x2a>
1000684c:	7973      	ldrb	r3, [r6, #5]
1000684e:	2bff      	cmp	r3, #255	@ 0xff
10006850:	d0c1      	beq.n	100067d6 <cdcd_xfer_cb+0x2a>
10006852:	2d00      	cmp	r5, #0
10006854:	d0bf      	beq.n	100067d6 <cdcd_xfer_cb+0x2a>
10006856:	f8df 8044 	ldr.w	r8, [pc, #68]	@ 1000689c <cdcd_xfer_cb+0xf0>
1000685a:	eb08 0905 	add.w	r9, r8, r5
1000685e:	e002      	b.n	10006866 <cdcd_xfer_cb+0xba>
10006860:	45c8      	cmp	r8, r9
10006862:	d0b8      	beq.n	100067d6 <cdcd_xfer_cb+0x2a>
10006864:	7973      	ldrb	r3, [r6, #5]
10006866:	f818 2b01 	ldrb.w	r2, [r8], #1
1000686a:	429a      	cmp	r2, r3
1000686c:	d1f8      	bne.n	10006860 <cdcd_xfer_cb+0xb4>
1000686e:	4808      	ldr	r0, [pc, #32]	@ (10006890 <cdcd_xfer_cb+0xe4>)
10006870:	f000 fb36 	bl	10006ee0 <tu_fifo_empty>
10006874:	2800      	cmp	r0, #0
10006876:	d1f3      	bne.n	10006860 <cdcd_xfer_cb+0xb4>
10006878:	7971      	ldrb	r1, [r6, #5]
1000687a:	f3af 8000 	nop.w
1000687e:	e7ef      	b.n	10006860 <cdcd_xfer_cb+0xb4>
10006880:	f3af 8000 	nop.w
10006884:	e7ae      	b.n	100067e4 <cdcd_xfer_cb+0x38>
10006886:	bf00      	nop
10006888:	20001f40 	.word	0x20001f40
1000688c:	00000000 	.word	0x00000000
10006890:	20001f50 	.word	0x20001f50
10006894:	00000000 	.word	0x00000000
10006898:	20001f64 	.word	0x20001f64
1000689c:	20001ebc 	.word	0x20001ebc
100068a0:	00000000 	.word	0x00000000

100068a4 <vendord_init>:
100068a4:	b5f0      	push	{r4, r5, r6, r7, lr}
100068a6:	f44f 7213 	mov.w	r2, #588	@ 0x24c
100068aa:	b085      	sub	sp, #20
100068ac:	2100      	movs	r1, #0
100068ae:	4812      	ldr	r0, [pc, #72]	@ (100068f8 <vendord_init+0x54>)
100068b0:	f003 feb0 	bl	1000a614 <memset>
100068b4:	2640      	movs	r6, #64	@ 0x40
100068b6:	2300      	movs	r3, #0
100068b8:	f44f 7580 	mov.w	r5, #256	@ 0x100
100068bc:	4f0e      	ldr	r7, [pc, #56]	@ (100068f8 <vendord_init+0x54>)
100068be:	4c0f      	ldr	r4, [pc, #60]	@ (100068fc <vendord_init+0x58>)
100068c0:	f507 72a6 	add.w	r2, r7, #332	@ 0x14c
100068c4:	4619      	mov	r1, r3
100068c6:	e9cd 4602 	strd	r4, r6, [sp, #8]
100068ca:	9200      	str	r2, [sp, #0]
100068cc:	9501      	str	r5, [sp, #4]
100068ce:	461a      	mov	r2, r3
100068d0:	f507 7094 	add.w	r0, r7, #296	@ 0x128
100068d4:	f000 f9c6 	bl	10006c64 <tu_edpt_stream_init>
100068d8:	2300      	movs	r3, #0
100068da:	4638      	mov	r0, r7
100068dc:	f107 0128 	add.w	r1, r7, #40	@ 0x28
100068e0:	4434      	add	r4, r6
100068e2:	9100      	str	r1, [sp, #0]
100068e4:	2201      	movs	r2, #1
100068e6:	4619      	mov	r1, r3
100068e8:	e9cd 4602 	strd	r4, r6, [sp, #8]
100068ec:	9501      	str	r5, [sp, #4]
100068ee:	3004      	adds	r0, #4
100068f0:	f000 f9b8 	bl	10006c64 <tu_edpt_stream_init>
100068f4:	b005      	add	sp, #20
100068f6:	bdf0      	pop	{r4, r5, r6, r7, pc}
100068f8:	20002224 	.word	0x20002224
100068fc:	200021a4 	.word	0x200021a4

10006900 <vendord_deinit>:
10006900:	b508      	push	{r3, lr}
10006902:	4805      	ldr	r0, [pc, #20]	@ (10006918 <vendord_deinit+0x18>)
10006904:	f000 f9da 	bl	10006cbc <tu_edpt_stream_deinit>
10006908:	4b03      	ldr	r3, [pc, #12]	@ (10006918 <vendord_deinit+0x18>)
1000690a:	f5a3 7092 	sub.w	r0, r3, #292	@ 0x124
1000690e:	f000 f9d5 	bl	10006cbc <tu_edpt_stream_deinit>
10006912:	2001      	movs	r0, #1
10006914:	bd08      	pop	{r3, pc}
10006916:	bf00      	nop
10006918:	2000234c 	.word	0x2000234c

1000691c <vendord_reset>:
1000691c:	b538      	push	{r3, r4, r5, lr}
1000691e:	2500      	movs	r5, #0
10006920:	4c06      	ldr	r4, [pc, #24]	@ (1000693c <vendord_reset+0x20>)
10006922:	f504 7098 	add.w	r0, r4, #304	@ 0x130
10006926:	7025      	strb	r5, [r4, #0]
10006928:	f000 fcac 	bl	10007284 <tu_fifo_clear>
1000692c:	f104 000c 	add.w	r0, r4, #12
10006930:	f000 fca8 	bl	10007284 <tu_fifo_clear>
10006934:	f884 5129 	strb.w	r5, [r4, #297]	@ 0x129
10006938:	7165      	strb	r5, [r4, #5]
1000693a:	bd38      	pop	{r3, r4, r5, pc}
1000693c:	20002224 	.word	0x20002224

10006940 <vendord_open>:
10006940:	e92d 43f8 	stmdb	sp!, {r3, r4, r5, r6, r7, r8, r9, lr}
10006944:	794b      	ldrb	r3, [r1, #5]
10006946:	2bff      	cmp	r3, #255	@ 0xff
10006948:	d151      	bne.n	100069ee <vendord_open+0xae>
1000694a:	4e35      	ldr	r6, [pc, #212]	@ (10006a20 <vendord_open+0xe0>)
1000694c:	f896 3129 	ldrb.w	r3, [r6, #297]	@ 0x129
10006950:	2b00      	cmp	r3, #0
10006952:	d14c      	bne.n	100069ee <vendord_open+0xae>
10006954:	f896 8005 	ldrb.w	r8, [r6, #5]
10006958:	f1b8 0f00 	cmp.w	r8, #0
1000695c:	d147      	bne.n	100069ee <vendord_open+0xae>
1000695e:	788b      	ldrb	r3, [r1, #2]
10006960:	780c      	ldrb	r4, [r1, #0]
10006962:	7033      	strb	r3, [r6, #0]
10006964:	790b      	ldrb	r3, [r1, #4]
10006966:	460f      	mov	r7, r1
10006968:	440c      	add	r4, r1
1000696a:	b3ab      	cbz	r3, 100069d8 <vendord_open+0x98>
1000696c:	4681      	mov	r9, r0
1000696e:	18a5      	adds	r5, r4, r2
10006970:	e003      	b.n	1000697a <vendord_open+0x3a>
10006972:	42a5      	cmp	r5, r4
10006974:	d930      	bls.n	100069d8 <vendord_open+0x98>
10006976:	7823      	ldrb	r3, [r4, #0]
10006978:	441c      	add	r4, r3
1000697a:	7863      	ldrb	r3, [r4, #1]
1000697c:	2b05      	cmp	r3, #5
1000697e:	d1f8      	bne.n	10006972 <vendord_open+0x32>
10006980:	42ac      	cmp	r4, r5
10006982:	d229      	bcs.n	100069d8 <vendord_open+0x98>
10006984:	4621      	mov	r1, r4
10006986:	4648      	mov	r0, r9
10006988:	f7ff fb3a 	bl	10006000 <usbd_edpt_open>
1000698c:	b340      	cbz	r0, 100069e0 <vendord_open+0xa0>
1000698e:	78a3      	ldrb	r3, [r4, #2]
10006990:	09db      	lsrs	r3, r3, #7
10006992:	d12f      	bne.n	100069f4 <vendord_open+0xb4>
10006994:	4823      	ldr	r0, [pc, #140]	@ (10006a24 <vendord_open+0xe4>)
10006996:	f000 fc75 	bl	10007284 <tu_fifo_clear>
1000699a:	78a3      	ldrb	r3, [r4, #2]
1000699c:	f896 2128 	ldrb.w	r2, [r6, #296]	@ 0x128
100069a0:	f886 3129 	strb.w	r3, [r6, #297]	@ 0x129
100069a4:	88a3      	ldrh	r3, [r4, #4]
100069a6:	4648      	mov	r0, r9
100069a8:	f3c3 030a 	ubfx	r3, r3, #0, #11
100069ac:	f5a3 7300 	sub.w	r3, r3, #512	@ 0x200
100069b0:	fab3 f383 	clz	r3, r3
100069b4:	095b      	lsrs	r3, r3, #5
100069b6:	f363 0241 	bfi	r2, r3, #1, #1
100069ba:	491b      	ldr	r1, [pc, #108]	@ (10006a28 <vendord_open+0xe8>)
100069bc:	f886 2128 	strb.w	r2, [r6, #296]	@ 0x128
100069c0:	f000 f9ea 	bl	10006d98 <tu_edpt_stream_read_xfer>
100069c4:	b160      	cbz	r0, 100069e0 <vendord_open+0xa0>
100069c6:	7823      	ldrb	r3, [r4, #0]
100069c8:	793a      	ldrb	r2, [r7, #4]
100069ca:	f108 0801 	add.w	r8, r8, #1
100069ce:	441c      	add	r4, r3
100069d0:	fa5f f388 	uxtb.w	r3, r8
100069d4:	429a      	cmp	r2, r3
100069d6:	d8d0      	bhi.n	1000697a <vendord_open+0x3a>
100069d8:	1be1      	subs	r1, r4, r7
100069da:	b288      	uxth	r0, r1
100069dc:	e8bd 83f8 	ldmia.w	sp!, {r3, r4, r5, r6, r7, r8, r9, pc}
100069e0:	f04f 23e0 	mov.w	r3, #3758153728	@ 0xe000e000
100069e4:	f8d3 3df0 	ldr.w	r3, [r3, #3568]	@ 0xdf0
100069e8:	07db      	lsls	r3, r3, #31
100069ea:	d500      	bpl.n	100069ee <vendord_open+0xae>
100069ec:	be00      	bkpt	0x0000
100069ee:	2000      	movs	r0, #0
100069f0:	e8bd 83f8 	ldmia.w	sp!, {r3, r4, r5, r6, r7, r8, r9, pc}
100069f4:	480d      	ldr	r0, [pc, #52]	@ (10006a2c <vendord_open+0xec>)
100069f6:	f000 fc45 	bl	10007284 <tu_fifo_clear>
100069fa:	78a3      	ldrb	r3, [r4, #2]
100069fc:	7932      	ldrb	r2, [r6, #4]
100069fe:	7173      	strb	r3, [r6, #5]
10006a00:	88a3      	ldrh	r3, [r4, #4]
10006a02:	490b      	ldr	r1, [pc, #44]	@ (10006a30 <vendord_open+0xf0>)
10006a04:	f3c3 030a 	ubfx	r3, r3, #0, #11
10006a08:	f5a3 7300 	sub.w	r3, r3, #512	@ 0x200
10006a0c:	fab3 f383 	clz	r3, r3
10006a10:	095b      	lsrs	r3, r3, #5
10006a12:	f363 0241 	bfi	r2, r3, #1, #1
10006a16:	2000      	movs	r0, #0
10006a18:	7132      	strb	r2, [r6, #4]
10006a1a:	f000 f985 	bl	10006d28 <tu_edpt_stream_write_xfer>
10006a1e:	e7d2      	b.n	100069c6 <vendord_open+0x86>
10006a20:	20002224 	.word	0x20002224
10006a24:	20002354 	.word	0x20002354
10006a28:	2000234c 	.word	0x2000234c
10006a2c:	20002230 	.word	0x20002230
10006a30:	20002228 	.word	0x20002228

10006a34 <vendord_xfer_cb>:
10006a34:	b570      	push	{r4, r5, r6, lr}
10006a36:	4c1b      	ldr	r4, [pc, #108]	@ (10006aa4 <vendord_xfer_cb+0x70>)
10006a38:	4606      	mov	r6, r0
10006a3a:	f894 c129 	ldrb.w	ip, [r4, #297]	@ 0x129
10006a3e:	461d      	mov	r5, r3
10006a40:	458c      	cmp	ip, r1
10006a42:	d011      	beq.n	10006a68 <vendord_xfer_cb+0x34>
10006a44:	7963      	ldrb	r3, [r4, #5]
10006a46:	428b      	cmp	r3, r1
10006a48:	d001      	beq.n	10006a4e <vendord_xfer_cb+0x1a>
10006a4a:	2000      	movs	r0, #0
10006a4c:	bd70      	pop	{r4, r5, r6, pc}
10006a4e:	4b16      	ldr	r3, [pc, #88]	@ (10006aa8 <vendord_xfer_cb+0x74>)
10006a50:	b11b      	cbz	r3, 10006a5a <vendord_xfer_cb+0x26>
10006a52:	2000      	movs	r0, #0
10006a54:	b2a9      	uxth	r1, r5
10006a56:	f3af 8000 	nop.w
10006a5a:	4630      	mov	r0, r6
10006a5c:	4913      	ldr	r1, [pc, #76]	@ (10006aac <vendord_xfer_cb+0x78>)
10006a5e:	f000 f963 	bl	10006d28 <tu_edpt_stream_write_xfer>
10006a62:	b1c8      	cbz	r0, 10006a98 <vendord_xfer_cb+0x64>
10006a64:	2001      	movs	r0, #1
10006a66:	bd70      	pop	{r4, r5, r6, pc}
10006a68:	f8b4 3134 	ldrh.w	r3, [r4, #308]	@ 0x134
10006a6c:	b963      	cbnz	r3, 10006a88 <vendord_xfer_cb+0x54>
10006a6e:	4b10      	ldr	r3, [pc, #64]	@ (10006ab0 <vendord_xfer_cb+0x7c>)
10006a70:	b123      	cbz	r3, 10006a7c <vendord_xfer_cb+0x48>
10006a72:	2000      	movs	r0, #0
10006a74:	490f      	ldr	r1, [pc, #60]	@ (10006ab4 <vendord_xfer_cb+0x80>)
10006a76:	b2aa      	uxth	r2, r5
10006a78:	f3af 8000 	nop.w
10006a7c:	4630      	mov	r0, r6
10006a7e:	490e      	ldr	r1, [pc, #56]	@ (10006ab8 <vendord_xfer_cb+0x84>)
10006a80:	f000 f98a 	bl	10006d98 <tu_edpt_stream_read_xfer>
10006a84:	2001      	movs	r0, #1
10006a86:	e7ee      	b.n	10006a66 <vendord_xfer_cb+0x32>
10006a88:	f8d4 112c 	ldr.w	r1, [r4, #300]	@ 0x12c
10006a8c:	b2aa      	uxth	r2, r5
10006a8e:	f504 7098 	add.w	r0, r4, #304	@ 0x130
10006a92:	f000 fb49 	bl	10007128 <tu_fifo_write_n>
10006a96:	e7ea      	b.n	10006a6e <vendord_xfer_cb+0x3a>
10006a98:	462a      	mov	r2, r5
10006a9a:	4630      	mov	r0, r6
10006a9c:	4903      	ldr	r1, [pc, #12]	@ (10006aac <vendord_xfer_cb+0x78>)
10006a9e:	f000 f90f 	bl	10006cc0 <tu_edpt_stream_write_zlp_if_needed>
10006aa2:	e7df      	b.n	10006a64 <vendord_xfer_cb+0x30>
10006aa4:	20002224 	.word	0x20002224
10006aa8:	00000000 	.word	0x00000000
10006aac:	20002228 	.word	0x20002228
10006ab0:	00000000 	.word	0x00000000
10006ab4:	200021a4 	.word	0x200021a4
10006ab8:	2000234c 	.word	0x2000234c

10006abc <tusb_rhport_init>:
10006abc:	b510      	push	{r4, lr}
10006abe:	b082      	sub	sp, #8
10006ac0:	b1c9      	cbz	r1, 10006af6 <tusb_rhport_init+0x3a>
10006ac2:	2801      	cmp	r0, #1
10006ac4:	d80c      	bhi.n	10006ae0 <tusb_rhport_init+0x24>
10006ac6:	780b      	ldrb	r3, [r1, #0]
10006ac8:	b153      	cbz	r3, 10006ae0 <tusb_rhport_init+0x24>
10006aca:	4c14      	ldr	r4, [pc, #80]	@ (10006b1c <tusb_rhport_init+0x60>)
10006acc:	2b01      	cmp	r3, #1
10006ace:	5423      	strb	r3, [r4, r0]
10006ad0:	d002      	beq.n	10006ad8 <tusb_rhport_init+0x1c>
10006ad2:	2001      	movs	r0, #1
10006ad4:	b002      	add	sp, #8
10006ad6:	bd10      	pop	{r4, pc}
10006ad8:	f7fe fe08 	bl	100056ec <tud_rhport_init>
10006adc:	2800      	cmp	r0, #0
10006ade:	d1f8      	bne.n	10006ad2 <tusb_rhport_init+0x16>
10006ae0:	f04f 23e0 	mov.w	r3, #3758153728	@ 0xe000e000
10006ae4:	f8d3 3df0 	ldr.w	r3, [r3, #3568]	@ 0xdf0
10006ae8:	07db      	lsls	r3, r3, #31
10006aea:	d402      	bmi.n	10006af2 <tusb_rhport_init+0x36>
10006aec:	2000      	movs	r0, #0
10006aee:	b002      	add	sp, #8
10006af0:	bd10      	pop	{r4, pc}
10006af2:	be00      	bkpt	0x0000
10006af4:	e7fa      	b.n	10006aec <tusb_rhport_init+0x30>
10006af6:	2401      	movs	r4, #1
10006af8:	4608      	mov	r0, r1
10006afa:	a901      	add	r1, sp, #4
10006afc:	f8ad 4004 	strh.w	r4, [sp, #4]
10006b00:	f7fe fdf4 	bl	100056ec <tud_rhport_init>
10006b04:	b938      	cbnz	r0, 10006b16 <tusb_rhport_init+0x5a>
10006b06:	f04f 23e0 	mov.w	r3, #3758153728	@ 0xe000e000
10006b0a:	f8d3 3df0 	ldr.w	r3, [r3, #3568]	@ 0xdf0
10006b0e:	07da      	lsls	r2, r3, #31
10006b10:	d5ed      	bpl.n	10006aee <tusb_rhport_init+0x32>
10006b12:	be00      	bkpt	0x0000
10006b14:	e7eb      	b.n	10006aee <tusb_rhport_init+0x32>
10006b16:	4b01      	ldr	r3, [pc, #4]	@ (10006b1c <tusb_rhport_init+0x60>)
10006b18:	701c      	strb	r4, [r3, #0]
10006b1a:	e7e8      	b.n	10006aee <tusb_rhport_init+0x32>
10006b1c:	2000207c 	.word	0x2000207c

10006b20 <tu_edpt_claim>:
10006b20:	b5f8      	push	{r3, r4, r5, r6, r7, lr}
10006b22:	7803      	ldrb	r3, [r0, #0]
10006b24:	f013 0401 	ands.w	r4, r3, #1
10006b28:	d11a      	bne.n	10006b60 <tu_edpt_claim+0x40>
10006b2a:	7803      	ldrb	r3, [r0, #0]
10006b2c:	4605      	mov	r5, r0
10006b2e:	075a      	lsls	r2, r3, #29
10006b30:	f3c3 0780 	ubfx	r7, r3, #2, #1
10006b34:	d501      	bpl.n	10006b3a <tu_edpt_claim+0x1a>
10006b36:	4620      	mov	r0, r4
10006b38:	bdf8      	pop	{r3, r4, r5, r6, r7, pc}
10006b3a:	460e      	mov	r6, r1
10006b3c:	f04f 31ff 	mov.w	r1, #4294967295
10006b40:	4630      	mov	r0, r6
10006b42:	f004 f841 	bl	1000abc8 <__mutex_enter_timeout_ms_veneer>
10006b46:	782b      	ldrb	r3, [r5, #0]
10006b48:	f013 0401 	ands.w	r4, r3, #1
10006b4c:	d10b      	bne.n	10006b66 <tu_edpt_claim+0x46>
10006b4e:	782b      	ldrb	r3, [r5, #0]
10006b50:	075b      	lsls	r3, r3, #29
10006b52:	d409      	bmi.n	10006b68 <tu_edpt_claim+0x48>
10006b54:	782b      	ldrb	r3, [r5, #0]
10006b56:	2401      	movs	r4, #1
10006b58:	f043 0304 	orr.w	r3, r3, #4
10006b5c:	702b      	strb	r3, [r5, #0]
10006b5e:	e003      	b.n	10006b68 <tu_edpt_claim+0x48>
10006b60:	2400      	movs	r4, #0
10006b62:	4620      	mov	r0, r4
10006b64:	bdf8      	pop	{r3, r4, r5, r6, r7, pc}
10006b66:	463c      	mov	r4, r7
10006b68:	4630      	mov	r0, r6
10006b6a:	f004 f83d 	bl	1000abe8 <__mutex_exit_veneer>
10006b6e:	4620      	mov	r0, r4
10006b70:	bdf8      	pop	{r3, r4, r5, r6, r7, pc}
10006b72:	bf00      	nop

10006b74 <tu_edpt_release>:
10006b74:	b570      	push	{r4, r5, r6, lr}
10006b76:	460c      	mov	r4, r1
10006b78:	4605      	mov	r5, r0
10006b7a:	f04f 31ff 	mov.w	r1, #4294967295
10006b7e:	4620      	mov	r0, r4
10006b80:	f004 f822 	bl	1000abc8 <__mutex_enter_timeout_ms_veneer>
10006b84:	782b      	ldrb	r3, [r5, #0]
10006b86:	f3c3 0680 	ubfx	r6, r3, #2, #1
10006b8a:	075b      	lsls	r3, r3, #29
10006b8c:	d508      	bpl.n	10006ba0 <tu_edpt_release+0x2c>
10006b8e:	782b      	ldrb	r3, [r5, #0]
10006b90:	f013 0301 	ands.w	r3, r3, #1
10006b94:	bf11      	iteee	ne
10006b96:	2600      	movne	r6, #0
10006b98:	782a      	ldrbeq	r2, [r5, #0]
10006b9a:	f363 0282 	bfieq	r2, r3, #2, #1
10006b9e:	702a      	strbeq	r2, [r5, #0]
10006ba0:	4620      	mov	r0, r4
10006ba2:	f004 f821 	bl	1000abe8 <__mutex_exit_veneer>
10006ba6:	4630      	mov	r0, r6
10006ba8:	bd70      	pop	{r4, r5, r6, pc}
10006baa:	bf00      	nop

10006bac <tu_edpt_validate>:
10006bac:	78c3      	ldrb	r3, [r0, #3]
10006bae:	8882      	ldrh	r2, [r0, #4]
10006bb0:	f003 0003 	and.w	r0, r3, #3
10006bb4:	2802      	cmp	r0, #2
10006bb6:	f3c2 020a 	ubfx	r2, r2, #0, #11
10006bba:	d015      	beq.n	10006be8 <tu_edpt_validate+0x3c>
10006bbc:	2803      	cmp	r0, #3
10006bbe:	d00a      	beq.n	10006bd6 <tu_edpt_validate+0x2a>
10006bc0:	2801      	cmp	r0, #1
10006bc2:	d11c      	bne.n	10006bfe <tu_edpt_validate+0x52>
10006bc4:	2902      	cmp	r1, #2
10006bc6:	f240 33ff 	movw	r3, #1023	@ 0x3ff
10006bca:	bf08      	it	eq
10006bcc:	f44f 6380 	moveq.w	r3, #1024	@ 0x400
10006bd0:	4293      	cmp	r3, r2
10006bd2:	d30d      	bcc.n	10006bf0 <tu_edpt_validate+0x44>
10006bd4:	4770      	bx	lr
10006bd6:	2902      	cmp	r1, #2
10006bd8:	bf14      	ite	ne
10006bda:	2340      	movne	r3, #64	@ 0x40
10006bdc:	f44f 6380 	moveq.w	r3, #1024	@ 0x400
10006be0:	4293      	cmp	r3, r2
10006be2:	d305      	bcc.n	10006bf0 <tu_edpt_validate+0x44>
10006be4:	2001      	movs	r0, #1
10006be6:	4770      	bx	lr
10006be8:	2902      	cmp	r1, #2
10006bea:	d00a      	beq.n	10006c02 <tu_edpt_validate+0x56>
10006bec:	2a40      	cmp	r2, #64	@ 0x40
10006bee:	d9f9      	bls.n	10006be4 <tu_edpt_validate+0x38>
10006bf0:	f04f 23e0 	mov.w	r3, #3758153728	@ 0xe000e000
10006bf4:	f8d3 3df0 	ldr.w	r3, [r3, #3568]	@ 0xdf0
10006bf8:	07db      	lsls	r3, r3, #31
10006bfa:	d500      	bpl.n	10006bfe <tu_edpt_validate+0x52>
10006bfc:	be00      	bkpt	0x0000
10006bfe:	2000      	movs	r0, #0
10006c00:	4770      	bx	lr
10006c02:	f5b2 7f00 	cmp.w	r2, #512	@ 0x200
10006c06:	d0ed      	beq.n	10006be4 <tu_edpt_validate+0x38>
10006c08:	e7f2      	b.n	10006bf0 <tu_edpt_validate+0x44>
10006c0a:	bf00      	nop

10006c0c <tu_edpt_bind_driver>:
10006c0c:	440a      	add	r2, r1
10006c0e:	4291      	cmp	r1, r2
10006c10:	d226      	bcs.n	10006c60 <tu_edpt_bind_driver+0x54>
10006c12:	f891 c001 	ldrb.w	ip, [r1, #1]
10006c16:	f1bc 0f05 	cmp.w	ip, #5
10006c1a:	d005      	beq.n	10006c28 <tu_edpt_bind_driver+0x1c>
10006c1c:	f891 c000 	ldrb.w	ip, [r1]
10006c20:	4461      	add	r1, ip
10006c22:	428a      	cmp	r2, r1
10006c24:	d8f5      	bhi.n	10006c12 <tu_edpt_bind_driver+0x6>
10006c26:	4770      	bx	lr
10006c28:	b500      	push	{lr}
10006c2a:	f891 c002 	ldrb.w	ip, [r1, #2]
10006c2e:	f00c 0e7f 	and.w	lr, ip, #127	@ 0x7f
10006c32:	eb00 0e4e 	add.w	lr, r0, lr, lsl #1
10006c36:	ea4f 1cdc 	mov.w	ip, ip, lsr #7
10006c3a:	f80e 300c 	strb.w	r3, [lr, ip]
10006c3e:	f891 c000 	ldrb.w	ip, [r1]
10006c42:	4461      	add	r1, ip
10006c44:	428a      	cmp	r2, r1
10006c46:	d909      	bls.n	10006c5c <tu_edpt_bind_driver+0x50>
10006c48:	f891 c001 	ldrb.w	ip, [r1, #1]
10006c4c:	f1bc 0f05 	cmp.w	ip, #5
10006c50:	d0eb      	beq.n	10006c2a <tu_edpt_bind_driver+0x1e>
10006c52:	f891 c000 	ldrb.w	ip, [r1]
10006c56:	4461      	add	r1, ip
10006c58:	428a      	cmp	r2, r1
10006c5a:	d8f5      	bhi.n	10006c48 <tu_edpt_bind_driver+0x3c>
10006c5c:	f85d fb04 	ldr.w	pc, [sp], #4
10006c60:	4770      	bx	lr
10006c62:	bf00      	nop

10006c64 <tu_edpt_stream_init>:
10006c64:	e92d 41f0 	stmdb	sp!, {r4, r5, r6, r7, r8, lr}
10006c68:	468e      	mov	lr, r1
10006c6a:	b082      	sub	sp, #8
10006c6c:	9300      	str	r3, [sp, #0]
10006c6e:	f890 c000 	ldrb.w	ip, [r0]
10006c72:	9e08      	ldr	r6, [sp, #32]
10006c74:	f8bd 7024 	ldrh.w	r7, [sp, #36]	@ 0x24
10006c78:	f36e 0c00 	bfi	ip, lr, #0, #1
10006c7c:	4604      	mov	r4, r0
10006c7e:	4615      	mov	r5, r2
10006c80:	2301      	movs	r3, #1
10006c82:	4631      	mov	r1, r6
10006c84:	463a      	mov	r2, r7
10006c86:	f800 cb08 	strb.w	ip, [r0], #8
10006c8a:	f8bd 802c 	ldrh.w	r8, [sp, #44]	@ 0x2c
10006c8e:	f000 f8e7 	bl	10006e60 <tu_fifo_config>
10006c92:	b106      	cbz	r6, 10006c96 <tu_edpt_stream_init+0x32>
10006c94:	b93f      	cbnz	r7, 10006ca6 <tu_edpt_stream_init+0x42>
10006c96:	2001      	movs	r0, #1
10006c98:	9b0a      	ldr	r3, [sp, #40]	@ 0x28
10006c9a:	f8a4 8002 	strh.w	r8, [r4, #2]
10006c9e:	6063      	str	r3, [r4, #4]
10006ca0:	b002      	add	sp, #8
10006ca2:	e8bd 81f0 	ldmia.w	sp!, {r4, r5, r6, r7, r8, pc}
10006ca6:	f104 061c 	add.w	r6, r4, #28
10006caa:	4630      	mov	r0, r6
10006cac:	f7fb f9f0 	bl	10002090 <mutex_init>
10006cb0:	b10d      	cbz	r5, 10006cb6 <tu_edpt_stream_init+0x52>
10006cb2:	4635      	mov	r5, r6
10006cb4:	2600      	movs	r6, #0
10006cb6:	e9c4 5605 	strd	r5, r6, [r4, #20]
10006cba:	e7ec      	b.n	10006c96 <tu_edpt_stream_init+0x32>

10006cbc <tu_edpt_stream_deinit>:
10006cbc:	2001      	movs	r0, #1
10006cbe:	4770      	bx	lr

10006cc0 <tu_edpt_stream_write_zlp_if_needed>:
10006cc0:	b5f8      	push	{r3, r4, r5, r6, r7, lr}
10006cc2:	4607      	mov	r7, r0
10006cc4:	4608      	mov	r0, r1
10006cc6:	f240 13ff 	movw	r3, #511	@ 0x1ff
10006cca:	4615      	mov	r5, r2
10006ccc:	f810 2b08 	ldrb.w	r2, [r0], #8
10006cd0:	460c      	mov	r4, r1
10006cd2:	f012 0f02 	tst.w	r2, #2
10006cd6:	bf0c      	ite	eq
10006cd8:	263f      	moveq	r6, #63	@ 0x3f
10006cda:	461e      	movne	r6, r3
10006cdc:	f000 f8f0 	bl	10006ec0 <tu_fifo_count>
10006ce0:	b928      	cbnz	r0, 10006cee <tu_edpt_stream_write_zlp_if_needed+0x2e>
10006ce2:	b125      	cbz	r5, 10006cee <tu_edpt_stream_write_zlp_if_needed+0x2e>
10006ce4:	422e      	tst	r6, r5
10006ce6:	d102      	bne.n	10006cee <tu_edpt_stream_write_zlp_if_needed+0x2e>
10006ce8:	7823      	ldrb	r3, [r4, #0]
10006cea:	07da      	lsls	r2, r3, #31
10006cec:	d501      	bpl.n	10006cf2 <tu_edpt_stream_write_zlp_if_needed+0x32>
10006cee:	2000      	movs	r0, #0
10006cf0:	bdf8      	pop	{r3, r4, r5, r6, r7, pc}
10006cf2:	4638      	mov	r0, r7
10006cf4:	7861      	ldrb	r1, [r4, #1]
10006cf6:	f7ff f9a5 	bl	10006044 <usbd_edpt_claim>
10006cfa:	2800      	cmp	r0, #0
10006cfc:	d0f7      	beq.n	10006cee <tu_edpt_stream_write_zlp_if_needed+0x2e>
10006cfe:	7823      	ldrb	r3, [r4, #0]
10006d00:	f013 0301 	ands.w	r3, r3, #1
10006d04:	d007      	beq.n	10006d16 <tu_edpt_stream_write_zlp_if_needed+0x56>
10006d06:	f04f 23e0 	mov.w	r3, #3758153728	@ 0xe000e000
10006d0a:	f8d3 3df0 	ldr.w	r3, [r3, #3568]	@ 0xdf0
10006d0e:	07db      	lsls	r3, r3, #31
10006d10:	d5ed      	bpl.n	10006cee <tu_edpt_stream_write_zlp_if_needed+0x2e>
10006d12:	be00      	bkpt	0x0000
10006d14:	e7eb      	b.n	10006cee <tu_edpt_stream_write_zlp_if_needed+0x2e>
10006d16:	461a      	mov	r2, r3
10006d18:	4638      	mov	r0, r7
10006d1a:	7861      	ldrb	r1, [r4, #1]
10006d1c:	f7ff f9b6 	bl	1000608c <usbd_edpt_xfer>
10006d20:	2800      	cmp	r0, #0
10006d22:	d0f0      	beq.n	10006d06 <tu_edpt_stream_write_zlp_if_needed+0x46>
10006d24:	bdf8      	pop	{r3, r4, r5, r6, r7, pc}
10006d26:	bf00      	nop

10006d28 <tu_edpt_stream_write_xfer>:
10006d28:	b570      	push	{r4, r5, r6, lr}
10006d2a:	f101 0508 	add.w	r5, r1, #8
10006d2e:	4606      	mov	r6, r0
10006d30:	4628      	mov	r0, r5
10006d32:	460c      	mov	r4, r1
10006d34:	f000 f8c4 	bl	10006ec0 <tu_fifo_count>
10006d38:	b110      	cbz	r0, 10006d40 <tu_edpt_stream_write_xfer+0x18>
10006d3a:	7823      	ldrb	r3, [r4, #0]
10006d3c:	07da      	lsls	r2, r3, #31
10006d3e:	d501      	bpl.n	10006d44 <tu_edpt_stream_write_xfer+0x1c>
10006d40:	2000      	movs	r0, #0
10006d42:	bd70      	pop	{r4, r5, r6, pc}
10006d44:	4630      	mov	r0, r6
10006d46:	7861      	ldrb	r1, [r4, #1]
10006d48:	f7ff f97c 	bl	10006044 <usbd_edpt_claim>
10006d4c:	2800      	cmp	r0, #0
10006d4e:	d0f7      	beq.n	10006d40 <tu_edpt_stream_write_xfer+0x18>
10006d50:	4628      	mov	r0, r5
10006d52:	8862      	ldrh	r2, [r4, #2]
10006d54:	6861      	ldr	r1, [r4, #4]
10006d56:	f000 f929 	bl	10006fac <tu_fifo_read_n>
10006d5a:	7823      	ldrb	r3, [r4, #0]
10006d5c:	4605      	mov	r5, r0
10006d5e:	f003 0301 	and.w	r3, r3, #1
10006d62:	b140      	cbz	r0, 10006d76 <tu_edpt_stream_write_xfer+0x4e>
10006d64:	b173      	cbz	r3, 10006d84 <tu_edpt_stream_write_xfer+0x5c>
10006d66:	f04f 23e0 	mov.w	r3, #3758153728	@ 0xe000e000
10006d6a:	f8d3 3df0 	ldr.w	r3, [r3, #3568]	@ 0xdf0
10006d6e:	07db      	lsls	r3, r3, #31
10006d70:	d5e6      	bpl.n	10006d40 <tu_edpt_stream_write_xfer+0x18>
10006d72:	be00      	bkpt	0x0000
10006d74:	e7e4      	b.n	10006d40 <tu_edpt_stream_write_xfer+0x18>
10006d76:	2b00      	cmp	r3, #0
10006d78:	d1e2      	bne.n	10006d40 <tu_edpt_stream_write_xfer+0x18>
10006d7a:	4630      	mov	r0, r6
10006d7c:	7861      	ldrb	r1, [r4, #1]
10006d7e:	f7ff f973 	bl	10006068 <usbd_edpt_release>
10006d82:	e7dd      	b.n	10006d40 <tu_edpt_stream_write_xfer+0x18>
10006d84:	4603      	mov	r3, r0
10006d86:	6862      	ldr	r2, [r4, #4]
10006d88:	4630      	mov	r0, r6
10006d8a:	7861      	ldrb	r1, [r4, #1]
10006d8c:	f7ff f97e 	bl	1000608c <usbd_edpt_xfer>
10006d90:	2800      	cmp	r0, #0
10006d92:	d0e8      	beq.n	10006d66 <tu_edpt_stream_write_xfer+0x3e>
10006d94:	4628      	mov	r0, r5
10006d96:	bd70      	pop	{r4, r5, r6, pc}

10006d98 <tu_edpt_stream_read_xfer>:
10006d98:	898a      	ldrh	r2, [r1, #12]
10006d9a:	e92d 41f0 	stmdb	sp!, {r4, r5, r6, r7, r8, lr}
10006d9e:	780b      	ldrb	r3, [r1, #0]
10006da0:	460c      	mov	r4, r1
10006da2:	4606      	mov	r6, r0
10006da4:	b922      	cbnz	r2, 10006db0 <tu_edpt_stream_read_xfer+0x18>
10006da6:	07dd      	lsls	r5, r3, #31
10006da8:	d534      	bpl.n	10006e14 <tu_edpt_stream_read_xfer+0x7c>
10006daa:	2000      	movs	r0, #0
10006dac:	e8bd 81f0 	ldmia.w	sp!, {r4, r5, r6, r7, r8, pc}
10006db0:	f104 0708 	add.w	r7, r4, #8
10006db4:	0799      	lsls	r1, r3, #30
10006db6:	4638      	mov	r0, r7
10006db8:	bf47      	ittee	mi
10006dba:	f44f 487e 	movmi.w	r8, #65024	@ 0xfe00
10006dbe:	f44f 7500 	movmi.w	r5, #512	@ 0x200
10006dc2:	f64f 78c0 	movwpl	r8, #65472	@ 0xffc0
10006dc6:	2540      	movpl	r5, #64	@ 0x40
10006dc8:	f000 f894 	bl	10006ef4 <tu_fifo_remaining>
10006dcc:	4285      	cmp	r5, r0
10006dce:	d8ec      	bhi.n	10006daa <tu_edpt_stream_read_xfer+0x12>
10006dd0:	7823      	ldrb	r3, [r4, #0]
10006dd2:	07da      	lsls	r2, r3, #31
10006dd4:	d4e9      	bmi.n	10006daa <tu_edpt_stream_read_xfer+0x12>
10006dd6:	4630      	mov	r0, r6
10006dd8:	7861      	ldrb	r1, [r4, #1]
10006dda:	f7ff f933 	bl	10006044 <usbd_edpt_claim>
10006dde:	2800      	cmp	r0, #0
10006de0:	d0e3      	beq.n	10006daa <tu_edpt_stream_read_xfer+0x12>
10006de2:	4638      	mov	r0, r7
10006de4:	f000 f886 	bl	10006ef4 <tu_fifo_remaining>
10006de8:	7823      	ldrb	r3, [r4, #0]
10006dea:	4285      	cmp	r5, r0
10006dec:	f003 0301 	and.w	r3, r3, #1
10006df0:	d82d      	bhi.n	10006e4e <tu_edpt_stream_read_xfer+0xb6>
10006df2:	b9bb      	cbnz	r3, 10006e24 <tu_edpt_stream_read_xfer+0x8c>
10006df4:	8865      	ldrh	r5, [r4, #2]
10006df6:	ea08 0800 	and.w	r8, r8, r0
10006dfa:	4545      	cmp	r5, r8
10006dfc:	bf28      	it	cs
10006dfe:	4645      	movcs	r5, r8
10006e00:	7861      	ldrb	r1, [r4, #1]
10006e02:	b35d      	cbz	r5, 10006e5c <tu_edpt_stream_read_xfer+0xc4>
10006e04:	6862      	ldr	r2, [r4, #4]
10006e06:	462b      	mov	r3, r5
10006e08:	4630      	mov	r0, r6
10006e0a:	f7ff f93f 	bl	1000608c <usbd_edpt_xfer>
10006e0e:	b148      	cbz	r0, 10006e24 <tu_edpt_stream_read_xfer+0x8c>
10006e10:	4628      	mov	r0, r5
10006e12:	e7cb      	b.n	10006dac <tu_edpt_stream_read_xfer+0x14>
10006e14:	7849      	ldrb	r1, [r1, #1]
10006e16:	f7ff f915 	bl	10006044 <usbd_edpt_claim>
10006e1a:	2800      	cmp	r0, #0
10006e1c:	d0c5      	beq.n	10006daa <tu_edpt_stream_read_xfer+0x12>
10006e1e:	7823      	ldrb	r3, [r4, #0]
10006e20:	07d8      	lsls	r0, r3, #31
10006e22:	d507      	bpl.n	10006e34 <tu_edpt_stream_read_xfer+0x9c>
10006e24:	f04f 23e0 	mov.w	r3, #3758153728	@ 0xe000e000
10006e28:	f8d3 3df0 	ldr.w	r3, [r3, #3568]	@ 0xdf0
10006e2c:	07db      	lsls	r3, r3, #31
10006e2e:	d5bc      	bpl.n	10006daa <tu_edpt_stream_read_xfer+0x12>
10006e30:	be00      	bkpt	0x0000
10006e32:	e7ba      	b.n	10006daa <tu_edpt_stream_read_xfer+0x12>
10006e34:	8863      	ldrh	r3, [r4, #2]
10006e36:	7861      	ldrb	r1, [r4, #1]
10006e38:	b13b      	cbz	r3, 10006e4a <tu_edpt_stream_read_xfer+0xb2>
10006e3a:	6862      	ldr	r2, [r4, #4]
10006e3c:	4630      	mov	r0, r6
10006e3e:	f7ff f925 	bl	1000608c <usbd_edpt_xfer>
10006e42:	2800      	cmp	r0, #0
10006e44:	d0ee      	beq.n	10006e24 <tu_edpt_stream_read_xfer+0x8c>
10006e46:	8860      	ldrh	r0, [r4, #2]
10006e48:	e7b0      	b.n	10006dac <tu_edpt_stream_read_xfer+0x14>
10006e4a:	461a      	mov	r2, r3
10006e4c:	e7f6      	b.n	10006e3c <tu_edpt_stream_read_xfer+0xa4>
10006e4e:	2b00      	cmp	r3, #0
10006e50:	d1ab      	bne.n	10006daa <tu_edpt_stream_read_xfer+0x12>
10006e52:	4630      	mov	r0, r6
10006e54:	7861      	ldrb	r1, [r4, #1]
10006e56:	f7ff f907 	bl	10006068 <usbd_edpt_release>
10006e5a:	e7a6      	b.n	10006daa <tu_edpt_stream_read_xfer+0x12>
10006e5c:	462a      	mov	r2, r5
10006e5e:	e7d2      	b.n	10006e06 <tu_edpt_stream_read_xfer+0x6e>

10006e60 <tu_fifo_config>:
10006e60:	e92d 41f0 	stmdb	sp!, {r4, r5, r6, r7, r8, lr}
10006e64:	f5b2 4f00 	cmp.w	r2, #32768	@ 0x8000
10006e68:	f89d 8018 	ldrb.w	r8, [sp, #24]
10006e6c:	d824      	bhi.n	10006eb8 <tu_fifo_config+0x58>
10006e6e:	4604      	mov	r4, r0
10006e70:	68c0      	ldr	r0, [r0, #12]
10006e72:	4617      	mov	r7, r2
10006e74:	460e      	mov	r6, r1
10006e76:	461d      	mov	r5, r3
10006e78:	b118      	cbz	r0, 10006e82 <tu_fifo_config+0x22>
10006e7a:	f04f 31ff 	mov.w	r1, #4294967295
10006e7e:	f003 fea3 	bl	1000abc8 <__mutex_enter_timeout_ms_veneer>
10006e82:	6920      	ldr	r0, [r4, #16]
10006e84:	b118      	cbz	r0, 10006e8e <tu_fifo_config+0x2e>
10006e86:	f04f 31ff 	mov.w	r1, #4294967295
10006e8a:	f003 fe9d 	bl	1000abc8 <__mutex_enter_timeout_ms_veneer>
10006e8e:	2200      	movs	r2, #0
10006e90:	f3c5 030e 	ubfx	r3, r5, #0, #15
10006e94:	68e0      	ldr	r0, [r4, #12]
10006e96:	ea43 33c8 	orr.w	r3, r3, r8, lsl #15
10006e9a:	8162      	strh	r2, [r4, #10]
10006e9c:	6026      	str	r6, [r4, #0]
10006e9e:	80a7      	strh	r7, [r4, #4]
10006ea0:	80e3      	strh	r3, [r4, #6]
10006ea2:	8122      	strh	r2, [r4, #8]
10006ea4:	b108      	cbz	r0, 10006eaa <tu_fifo_config+0x4a>
10006ea6:	f003 fe9f 	bl	1000abe8 <__mutex_exit_veneer>
10006eaa:	6920      	ldr	r0, [r4, #16]
10006eac:	b108      	cbz	r0, 10006eb2 <tu_fifo_config+0x52>
10006eae:	f003 fe9b 	bl	1000abe8 <__mutex_exit_veneer>
10006eb2:	2001      	movs	r0, #1
10006eb4:	e8bd 81f0 	ldmia.w	sp!, {r4, r5, r6, r7, r8, pc}
10006eb8:	2000      	movs	r0, #0
10006eba:	e8bd 81f0 	ldmia.w	sp!, {r4, r5, r6, r7, r8, pc}
10006ebe:	bf00      	nop

10006ec0 <tu_fifo_count>:
10006ec0:	8903      	ldrh	r3, [r0, #8]
10006ec2:	8942      	ldrh	r2, [r0, #10]
10006ec4:	b29b      	uxth	r3, r3
10006ec6:	b292      	uxth	r2, r2
10006ec8:	8880      	ldrh	r0, [r0, #4]
10006eca:	4293      	cmp	r3, r2
10006ecc:	bf36      	itet	cc
10006ece:	ebc2 0240 	rsbcc	r2, r2, r0, lsl #1
10006ed2:	1a9b      	subcs	r3, r3, r2
10006ed4:	189b      	addcc	r3, r3, r2
10006ed6:	b29b      	uxth	r3, r3
10006ed8:	4298      	cmp	r0, r3
10006eda:	bf28      	it	cs
10006edc:	4618      	movcs	r0, r3
10006ede:	4770      	bx	lr

10006ee0 <tu_fifo_empty>:
10006ee0:	8902      	ldrh	r2, [r0, #8]
10006ee2:	8943      	ldrh	r3, [r0, #10]
10006ee4:	b290      	uxth	r0, r2
10006ee6:	b29b      	uxth	r3, r3
10006ee8:	1ac0      	subs	r0, r0, r3
10006eea:	fab0 f080 	clz	r0, r0
10006eee:	0940      	lsrs	r0, r0, #5
10006ef0:	4770      	bx	lr
10006ef2:	bf00      	nop

10006ef4 <tu_fifo_remaining>:
10006ef4:	8903      	ldrh	r3, [r0, #8]
10006ef6:	8942      	ldrh	r2, [r0, #10]
10006ef8:	b29b      	uxth	r3, r3
10006efa:	8880      	ldrh	r0, [r0, #4]
10006efc:	b292      	uxth	r2, r2
10006efe:	4293      	cmp	r3, r2
10006f00:	bf36      	itet	cc
10006f02:	ebc2 0240 	rsbcc	r2, r2, r0, lsl #1
10006f06:	1a9b      	subcs	r3, r3, r2
10006f08:	189b      	addcc	r3, r3, r2
10006f0a:	b29b      	uxth	r3, r3
10006f0c:	4298      	cmp	r0, r3
10006f0e:	bf86      	itte	hi
10006f10:	1ac0      	subhi	r0, r0, r3
10006f12:	b280      	uxthhi	r0, r0
10006f14:	2000      	movls	r0, #0
10006f16:	4770      	bx	lr

10006f18 <tu_fifo_read>:
10006f18:	b538      	push	{r3, r4, r5, lr}
10006f1a:	4604      	mov	r4, r0
10006f1c:	6900      	ldr	r0, [r0, #16]
10006f1e:	460d      	mov	r5, r1
10006f20:	b118      	cbz	r0, 10006f2a <tu_fifo_read+0x12>
10006f22:	f04f 31ff 	mov.w	r1, #4294967295
10006f26:	f003 fe4f 	bl	1000abc8 <__mutex_enter_timeout_ms_veneer>
10006f2a:	8921      	ldrh	r1, [r4, #8]
10006f2c:	8963      	ldrh	r3, [r4, #10]
10006f2e:	b289      	uxth	r1, r1
10006f30:	b29b      	uxth	r3, r3
10006f32:	88a2      	ldrh	r2, [r4, #4]
10006f34:	4299      	cmp	r1, r3
10006f36:	bf36      	itet	cc
10006f38:	ebc3 0042 	rsbcc	r0, r3, r2, lsl #1
10006f3c:	1ac8      	subcs	r0, r1, r3
10006f3e:	1840      	addcc	r0, r0, r1
10006f40:	b280      	uxth	r0, r0
10006f42:	b350      	cbz	r0, 10006f9a <tu_fifo_read+0x82>
10006f44:	4282      	cmp	r2, r0
10006f46:	d209      	bcs.n	10006f5c <tu_fifo_read+0x44>
10006f48:	4291      	cmp	r1, r2
10006f4a:	bf2c      	ite	cs
10006f4c:	1a89      	subcs	r1, r1, r2
10006f4e:	1889      	addcc	r1, r1, r2
10006f50:	b28b      	uxth	r3, r1
10006f52:	429a      	cmp	r2, r3
10006f54:	8163      	strh	r3, [r4, #10]
10006f56:	d803      	bhi.n	10006f60 <tu_fifo_read+0x48>
10006f58:	1a9b      	subs	r3, r3, r2
10006f5a:	b29b      	uxth	r3, r3
10006f5c:	429a      	cmp	r2, r3
10006f5e:	d9fb      	bls.n	10006f58 <tu_fifo_read+0x40>
10006f60:	88e2      	ldrh	r2, [r4, #6]
10006f62:	6821      	ldr	r1, [r4, #0]
10006f64:	f3c2 020e 	ubfx	r2, r2, #0, #15
10006f68:	fb02 1103 	mla	r1, r2, r3, r1
10006f6c:	4628      	mov	r0, r5
10006f6e:	f003 fc35 	bl	1000a7dc <memcpy>
10006f72:	8961      	ldrh	r1, [r4, #10]
10006f74:	2501      	movs	r5, #1
10006f76:	b289      	uxth	r1, r1
10006f78:	1c4b      	adds	r3, r1, #1
10006f7a:	b29b      	uxth	r3, r3
10006f7c:	4299      	cmp	r1, r3
10006f7e:	88a2      	ldrh	r2, [r4, #4]
10006f80:	d90e      	bls.n	10006fa0 <tu_fifo_read+0x88>
10006f82:	2300      	movs	r3, #0
10006f84:	fa02 f105 	lsl.w	r1, r2, r5
10006f88:	1a5b      	subs	r3, r3, r1
10006f8a:	b29b      	uxth	r3, r3
10006f8c:	6920      	ldr	r0, [r4, #16]
10006f8e:	8163      	strh	r3, [r4, #10]
10006f90:	b108      	cbz	r0, 10006f96 <tu_fifo_read+0x7e>
10006f92:	f003 fe29 	bl	1000abe8 <__mutex_exit_veneer>
10006f96:	4628      	mov	r0, r5
10006f98:	bd38      	pop	{r3, r4, r5, pc}
10006f9a:	4605      	mov	r5, r0
10006f9c:	8963      	ldrh	r3, [r4, #10]
10006f9e:	b29b      	uxth	r3, r3
10006fa0:	ebb3 0f42 	cmp.w	r3, r2, lsl #1
10006fa4:	ea4f 0142 	mov.w	r1, r2, lsl #1
10006fa8:	dbf0      	blt.n	10006f8c <tu_fifo_read+0x74>
10006faa:	e7ed      	b.n	10006f88 <tu_fifo_read+0x70>

10006fac <tu_fifo_read_n>:
10006fac:	e92d 47f0 	stmdb	sp!, {r4, r5, r6, r7, r8, r9, sl, lr}
10006fb0:	4606      	mov	r6, r0
10006fb2:	6900      	ldr	r0, [r0, #16]
10006fb4:	4688      	mov	r8, r1
10006fb6:	4691      	mov	r9, r2
10006fb8:	b118      	cbz	r0, 10006fc2 <tu_fifo_read_n+0x16>
10006fba:	f04f 31ff 	mov.w	r1, #4294967295
10006fbe:	f003 fe03 	bl	1000abc8 <__mutex_enter_timeout_ms_veneer>
10006fc2:	8933      	ldrh	r3, [r6, #8]
10006fc4:	8974      	ldrh	r4, [r6, #10]
10006fc6:	b29b      	uxth	r3, r3
10006fc8:	b2a4      	uxth	r4, r4
10006fca:	88b5      	ldrh	r5, [r6, #4]
10006fcc:	42a3      	cmp	r3, r4
10006fce:	bf36      	itet	cc
10006fd0:	ebc4 0745 	rsbcc	r7, r4, r5, lsl #1
10006fd4:	1b1f      	subcs	r7, r3, r4
10006fd6:	18ff      	addcc	r7, r7, r3
10006fd8:	b2bf      	uxth	r7, r7
10006fda:	2f00      	cmp	r7, #0
10006fdc:	d04a      	beq.n	10007074 <tu_fifo_read_n+0xc8>
10006fde:	42bd      	cmp	r5, r7
10006fe0:	d340      	bcc.n	10007064 <tu_fifo_read_n+0xb8>
10006fe2:	45b9      	cmp	r9, r7
10006fe4:	bf28      	it	cs
10006fe6:	46b9      	movcs	r9, r7
10006fe8:	42a5      	cmp	r5, r4
10006fea:	fa1f f789 	uxth.w	r7, r9
10006fee:	d803      	bhi.n	10006ff8 <tu_fifo_read_n+0x4c>
10006ff0:	1b64      	subs	r4, r4, r5
10006ff2:	b2a4      	uxth	r4, r4
10006ff4:	42a5      	cmp	r5, r4
10006ff6:	d9fb      	bls.n	10006ff0 <tu_fifo_read_n+0x44>
10006ff8:	f8b6 a006 	ldrh.w	sl, [r6, #6]
10006ffc:	1b2b      	subs	r3, r5, r4
10006ffe:	6831      	ldr	r1, [r6, #0]
10007000:	b29b      	uxth	r3, r3
10007002:	f3ca 020e 	ubfx	r2, sl, #0, #15
10007006:	429f      	cmp	r7, r3
10007008:	4692      	mov	sl, r2
1000700a:	fb02 1104 	mla	r1, r2, r4, r1
1000700e:	d923      	bls.n	10007058 <tu_fifo_read_n+0xac>
10007010:	fb13 f302 	smulbb	r3, r3, r2
10007014:	fa1f f983 	uxth.w	r9, r3
10007018:	464a      	mov	r2, r9
1000701a:	4640      	mov	r0, r8
1000701c:	1b7d      	subs	r5, r7, r5
1000701e:	f003 fbdd 	bl	1000a7dc <memcpy>
10007022:	1962      	adds	r2, r4, r5
10007024:	fb12 f20a 	smulbb	r2, r2, sl
10007028:	6831      	ldr	r1, [r6, #0]
1000702a:	eb08 0009 	add.w	r0, r8, r9
1000702e:	b292      	uxth	r2, r2
10007030:	f003 fbd4 	bl	1000a7dc <memcpy>
10007034:	8972      	ldrh	r2, [r6, #10]
10007036:	88b5      	ldrh	r5, [r6, #4]
10007038:	b292      	uxth	r2, r2
1000703a:	19d3      	adds	r3, r2, r7
1000703c:	b29b      	uxth	r3, r3
1000703e:	429a      	cmp	r2, r3
10007040:	d91a      	bls.n	10007078 <tu_fifo_read_n+0xcc>
10007042:	006a      	lsls	r2, r5, #1
10007044:	1a9b      	subs	r3, r3, r2
10007046:	b29b      	uxth	r3, r3
10007048:	6930      	ldr	r0, [r6, #16]
1000704a:	8173      	strh	r3, [r6, #10]
1000704c:	b108      	cbz	r0, 10007052 <tu_fifo_read_n+0xa6>
1000704e:	f003 fdcb 	bl	1000abe8 <__mutex_exit_veneer>
10007052:	4638      	mov	r0, r7
10007054:	e8bd 87f0 	ldmia.w	sp!, {r4, r5, r6, r7, r8, r9, sl, pc}
10007058:	4640      	mov	r0, r8
1000705a:	fb07 f202 	mul.w	r2, r7, r2
1000705e:	f003 fbbd 	bl	1000a7dc <memcpy>
10007062:	e7e7      	b.n	10007034 <tu_fifo_read_n+0x88>
10007064:	42ab      	cmp	r3, r5
10007066:	bf2c      	ite	cs
10007068:	1b5b      	subcs	r3, r3, r5
1000706a:	195b      	addcc	r3, r3, r5
1000706c:	b29c      	uxth	r4, r3
1000706e:	462f      	mov	r7, r5
10007070:	8174      	strh	r4, [r6, #10]
10007072:	e7b6      	b.n	10006fe2 <tu_fifo_read_n+0x36>
10007074:	8973      	ldrh	r3, [r6, #10]
10007076:	b29b      	uxth	r3, r3
10007078:	ebb3 0f45 	cmp.w	r3, r5, lsl #1
1000707c:	ea4f 0245 	mov.w	r2, r5, lsl #1
10007080:	dbe2      	blt.n	10007048 <tu_fifo_read_n+0x9c>
10007082:	e7df      	b.n	10007044 <tu_fifo_read_n+0x98>

10007084 <tu_fifo_write>:
10007084:	b5f8      	push	{r3, r4, r5, r6, r7, lr}
10007086:	4604      	mov	r4, r0
10007088:	68c0      	ldr	r0, [r0, #12]
1000708a:	460e      	mov	r6, r1
1000708c:	b118      	cbz	r0, 10007096 <tu_fifo_write+0x12>
1000708e:	f04f 31ff 	mov.w	r1, #4294967295
10007092:	f003 fd99 	bl	1000abc8 <__mutex_enter_timeout_ms_veneer>
10007096:	8925      	ldrh	r5, [r4, #8]
10007098:	8923      	ldrh	r3, [r4, #8]
1000709a:	8961      	ldrh	r1, [r4, #10]
1000709c:	b29b      	uxth	r3, r3
1000709e:	b289      	uxth	r1, r1
100070a0:	88a2      	ldrh	r2, [r4, #4]
100070a2:	428b      	cmp	r3, r1
100070a4:	bf36      	itet	cc
100070a6:	ebc1 0142 	rsbcc	r1, r1, r2, lsl #1
100070aa:	1a5b      	subcs	r3, r3, r1
100070ac:	185b      	addcc	r3, r3, r1
100070ae:	b29b      	uxth	r3, r3
100070b0:	429a      	cmp	r2, r3
100070b2:	b2ad      	uxth	r5, r5
100070b4:	d808      	bhi.n	100070c8 <tu_fifo_write+0x44>
100070b6:	79e7      	ldrb	r7, [r4, #7]
100070b8:	09ff      	lsrs	r7, r7, #7
100070ba:	d105      	bne.n	100070c8 <tu_fifo_write+0x44>
100070bc:	68e0      	ldr	r0, [r4, #12]
100070be:	b108      	cbz	r0, 100070c4 <tu_fifo_write+0x40>
100070c0:	f003 fd92 	bl	1000abe8 <__mutex_exit_veneer>
100070c4:	4638      	mov	r0, r7
100070c6:	bdf8      	pop	{r3, r4, r5, r6, r7, pc}
100070c8:	4295      	cmp	r5, r2
100070ca:	bf28      	it	cs
100070cc:	462b      	movcs	r3, r5
100070ce:	d318      	bcc.n	10007102 <tu_fifo_write+0x7e>
100070d0:	1a9b      	subs	r3, r3, r2
100070d2:	b29b      	uxth	r3, r3
100070d4:	4293      	cmp	r3, r2
100070d6:	d2fb      	bcs.n	100070d0 <tu_fifo_write+0x4c>
100070d8:	88e2      	ldrh	r2, [r4, #6]
100070da:	6820      	ldr	r0, [r4, #0]
100070dc:	f3c2 020e 	ubfx	r2, r2, #0, #15
100070e0:	fb02 0003 	mla	r0, r2, r3, r0
100070e4:	4631      	mov	r1, r6
100070e6:	f003 fb79 	bl	1000a7dc <memcpy>
100070ea:	1c6b      	adds	r3, r5, #1
100070ec:	b29b      	uxth	r3, r3
100070ee:	429d      	cmp	r5, r3
100070f0:	88a2      	ldrh	r2, [r4, #4]
100070f2:	d912      	bls.n	1000711a <tu_fifo_write+0x96>
100070f4:	2300      	movs	r3, #0
100070f6:	0051      	lsls	r1, r2, #1
100070f8:	1a5b      	subs	r3, r3, r1
100070fa:	b29b      	uxth	r3, r3
100070fc:	2701      	movs	r7, #1
100070fe:	8123      	strh	r3, [r4, #8]
10007100:	e7dc      	b.n	100070bc <tu_fifo_write+0x38>
10007102:	88e2      	ldrh	r2, [r4, #6]
10007104:	6820      	ldr	r0, [r4, #0]
10007106:	f3c2 020e 	ubfx	r2, r2, #0, #15
1000710a:	fb05 0002 	mla	r0, r5, r2, r0
1000710e:	4631      	mov	r1, r6
10007110:	f003 fb64 	bl	1000a7dc <memcpy>
10007114:	3501      	adds	r5, #1
10007116:	88a2      	ldrh	r2, [r4, #4]
10007118:	b2ab      	uxth	r3, r5
1000711a:	ebb3 0f42 	cmp.w	r3, r2, lsl #1
1000711e:	ea4f 0142 	mov.w	r1, r2, lsl #1
10007122:	dbeb      	blt.n	100070fc <tu_fifo_write+0x78>
10007124:	e7e8      	b.n	100070f8 <tu_fifo_write+0x74>
10007126:	bf00      	nop

10007128 <tu_fifo_write_n>:
10007128:	e92d 4ff0 	stmdb	sp!, {r4, r5, r6, r7, r8, r9, sl, fp, lr}
1000712c:	4617      	mov	r7, r2
1000712e:	b083      	sub	sp, #12
10007130:	2a00      	cmp	r2, #0
10007132:	d075      	beq.n	10007220 <tu_fifo_write_n+0xf8>
10007134:	4606      	mov	r6, r0
10007136:	68c0      	ldr	r0, [r0, #12]
10007138:	4689      	mov	r9, r1
1000713a:	b118      	cbz	r0, 10007144 <tu_fifo_write_n+0x1c>
1000713c:	f04f 31ff 	mov.w	r1, #4294967295
10007140:	f003 fd42 	bl	1000abc8 <__mutex_enter_timeout_ms_veneer>
10007144:	79f3      	ldrb	r3, [r6, #7]
10007146:	f8b6 8008 	ldrh.w	r8, [r6, #8]
1000714a:	8972      	ldrh	r2, [r6, #10]
1000714c:	09db      	lsrs	r3, r3, #7
1000714e:	88b5      	ldrh	r5, [r6, #4]
10007150:	fa1f f888 	uxth.w	r8, r8
10007154:	b292      	uxth	r2, r2
10007156:	d13c      	bne.n	100071d2 <tu_fifo_write_n+0xaa>
10007158:	4590      	cmp	r8, r2
1000715a:	bf36      	itet	cc
1000715c:	ebc2 0245 	rsbcc	r2, r2, r5, lsl #1
10007160:	eba8 0202 	subcs.w	r2, r8, r2
10007164:	4442      	addcc	r2, r8
10007166:	b292      	uxth	r2, r2
10007168:	42aa      	cmp	r2, r5
1000716a:	d25e      	bcs.n	1000722a <tu_fifo_write_n+0x102>
1000716c:	1aaa      	subs	r2, r5, r2
1000716e:	b292      	uxth	r2, r2
10007170:	42ba      	cmp	r2, r7
10007172:	bf28      	it	cs
10007174:	463a      	movcs	r2, r7
10007176:	f8b6 b006 	ldrh.w	fp, [r6, #6]
1000717a:	b297      	uxth	r7, r2
1000717c:	1b7b      	subs	r3, r7, r5
1000717e:	eb08 0a07 	add.w	sl, r8, r7
10007182:	f3cb 0b0e 	ubfx	fp, fp, #0, #15
10007186:	b29b      	uxth	r3, r3
10007188:	fa1f fa8a 	uxth.w	sl, sl
1000718c:	45a8      	cmp	r8, r5
1000718e:	4644      	mov	r4, r8
10007190:	d303      	bcc.n	1000719a <tu_fifo_write_n+0x72>
10007192:	1b64      	subs	r4, r4, r5
10007194:	b2a4      	uxth	r4, r4
10007196:	42ac      	cmp	r4, r5
10007198:	d2fb      	bcs.n	10007192 <tu_fifo_write_n+0x6a>
1000719a:	1b2d      	subs	r5, r5, r4
1000719c:	6830      	ldr	r0, [r6, #0]
1000719e:	b2ad      	uxth	r5, r5
100071a0:	42bd      	cmp	r5, r7
100071a2:	fb0b 0004 	mla	r0, fp, r4, r0
100071a6:	d357      	bcc.n	10007258 <tu_fifo_write_n+0x130>
100071a8:	4649      	mov	r1, r9
100071aa:	fb0b f207 	mul.w	r2, fp, r7
100071ae:	f003 fb15 	bl	1000a7dc <memcpy>
100071b2:	88b2      	ldrh	r2, [r6, #4]
100071b4:	45d0      	cmp	r8, sl
100071b6:	ea4f 0342 	mov.w	r3, r2, lsl #1
100071ba:	d802      	bhi.n	100071c2 <tu_fifo_write_n+0x9a>
100071bc:	ebba 0f42 	cmp.w	sl, r2, lsl #1
100071c0:	db03      	blt.n	100071ca <tu_fifo_write_n+0xa2>
100071c2:	ebaa 0303 	sub.w	r3, sl, r3
100071c6:	fa1f fa83 	uxth.w	sl, r3
100071ca:	463d      	mov	r5, r7
100071cc:	f8a6 a008 	strh.w	sl, [r6, #8]
100071d0:	e02c      	b.n	1000722c <tu_fifo_write_n+0x104>
100071d2:	f8b6 b006 	ldrh.w	fp, [r6, #6]
100071d6:	42af      	cmp	r7, r5
100071d8:	f3cb 0b0e 	ubfx	fp, fp, #0, #15
100071dc:	d22f      	bcs.n	1000723e <tu_fifo_write_n+0x116>
100071de:	4590      	cmp	r8, r2
100071e0:	bf36      	itet	cc
100071e2:	ebc2 0145 	rsbcc	r1, r2, r5, lsl #1
100071e6:	eba8 0102 	subcs.w	r1, r8, r2
100071ea:	4441      	addcc	r1, r8
100071ec:	b289      	uxth	r1, r1
100071ee:	0068      	lsls	r0, r5, #1
100071f0:	4439      	add	r1, r7
100071f2:	1b7b      	subs	r3, r7, r5
100071f4:	4281      	cmp	r1, r0
100071f6:	b29b      	uxth	r3, r3
100071f8:	db0d      	blt.n	10007216 <tu_fifo_write_n+0xee>
100071fa:	eb02 0a05 	add.w	sl, r2, r5
100071fe:	fa1f fa8a 	uxth.w	sl, sl
10007202:	ebaa 0807 	sub.w	r8, sl, r7
10007206:	fa1f f888 	uxth.w	r8, r8
1000720a:	4542      	cmp	r2, r8
1000720c:	d937      	bls.n	1000727e <tu_fifo_write_n+0x156>
1000720e:	eba8 0000 	sub.w	r0, r8, r0
10007212:	fa1f f880 	uxth.w	r8, r0
10007216:	eb07 0a08 	add.w	sl, r7, r8
1000721a:	fa1f fa8a 	uxth.w	sl, sl
1000721e:	e7b5      	b.n	1000718c <tu_fifo_write_n+0x64>
10007220:	4615      	mov	r5, r2
10007222:	4628      	mov	r0, r5
10007224:	b003      	add	sp, #12
10007226:	e8bd 8ff0 	ldmia.w	sp!, {r4, r5, r6, r7, r8, r9, sl, fp, pc}
1000722a:	2500      	movs	r5, #0
1000722c:	68f0      	ldr	r0, [r6, #12]
1000722e:	2800      	cmp	r0, #0
10007230:	d0f7      	beq.n	10007222 <tu_fifo_write_n+0xfa>
10007232:	f003 fcd9 	bl	1000abe8 <__mutex_exit_veneer>
10007236:	4628      	mov	r0, r5
10007238:	b003      	add	sp, #12
1000723a:	e8bd 8ff0 	ldmia.w	sp!, {r4, r5, r6, r7, r8, r9, sl, fp, pc}
1000723e:	2d00      	cmp	r5, #0
10007240:	d0f4      	beq.n	1000722c <tu_fifo_write_n+0x104>
10007242:	1b7f      	subs	r7, r7, r5
10007244:	eb02 0a05 	add.w	sl, r2, r5
10007248:	fb0b 9907 	mla	r9, fp, r7, r9
1000724c:	4690      	mov	r8, r2
1000724e:	462f      	mov	r7, r5
10007250:	2300      	movs	r3, #0
10007252:	fa1f fa8a 	uxth.w	sl, sl
10007256:	e799      	b.n	1000718c <tu_fifo_write_n+0x64>
10007258:	fb15 f50b 	smulbb	r5, r5, fp
1000725c:	b2ad      	uxth	r5, r5
1000725e:	462a      	mov	r2, r5
10007260:	4649      	mov	r1, r9
10007262:	9301      	str	r3, [sp, #4]
10007264:	f003 faba 	bl	1000a7dc <memcpy>
10007268:	9b01      	ldr	r3, [sp, #4]
1000726a:	6830      	ldr	r0, [r6, #0]
1000726c:	18e2      	adds	r2, r4, r3
1000726e:	fb12 f20b 	smulbb	r2, r2, fp
10007272:	eb09 0105 	add.w	r1, r9, r5
10007276:	b292      	uxth	r2, r2
10007278:	f003 fab0 	bl	1000a7dc <memcpy>
1000727c:	e799      	b.n	100071b2 <tu_fifo_write_n+0x8a>
1000727e:	4540      	cmp	r0, r8
10007280:	dc84      	bgt.n	1000718c <tu_fifo_write_n+0x64>
10007282:	e7c4      	b.n	1000720e <tu_fifo_write_n+0xe6>

10007284 <tu_fifo_clear>:
10007284:	b510      	push	{r4, lr}
10007286:	4604      	mov	r4, r0
10007288:	68c0      	ldr	r0, [r0, #12]
1000728a:	b118      	cbz	r0, 10007294 <tu_fifo_clear+0x10>
1000728c:	f04f 31ff 	mov.w	r1, #4294967295
10007290:	f003 fc9a 	bl	1000abc8 <__mutex_enter_timeout_ms_veneer>
10007294:	6920      	ldr	r0, [r4, #16]
10007296:	b118      	cbz	r0, 100072a0 <tu_fifo_clear+0x1c>
10007298:	f04f 31ff 	mov.w	r1, #4294967295
1000729c:	f003 fc94 	bl	1000abc8 <__mutex_enter_timeout_ms_veneer>
100072a0:	2300      	movs	r3, #0
100072a2:	68e0      	ldr	r0, [r4, #12]
100072a4:	8163      	strh	r3, [r4, #10]
100072a6:	8123      	strh	r3, [r4, #8]
100072a8:	b108      	cbz	r0, 100072ae <tu_fifo_clear+0x2a>
100072aa:	f003 fc9d 	bl	1000abe8 <__mutex_exit_veneer>
100072ae:	6920      	ldr	r0, [r4, #16]
100072b0:	b108      	cbz	r0, 100072b6 <tu_fifo_clear+0x32>
100072b2:	f003 fc99 	bl	1000abe8 <__mutex_exit_veneer>
100072b6:	2001      	movs	r0, #1
100072b8:	bd10      	pop	{r4, pc}
100072ba:	bf00      	nop

100072bc <tu_fifo_set_overwritable>:
100072bc:	b538      	push	{r3, r4, r5, lr}
100072be:	4604      	mov	r4, r0
100072c0:	68c0      	ldr	r0, [r0, #12]
100072c2:	460d      	mov	r5, r1
100072c4:	b118      	cbz	r0, 100072ce <tu_fifo_set_overwritable+0x12>
100072c6:	f04f 31ff 	mov.w	r1, #4294967295
100072ca:	f003 fc7d 	bl	1000abc8 <__mutex_enter_timeout_ms_veneer>
100072ce:	6920      	ldr	r0, [r4, #16]
100072d0:	b118      	cbz	r0, 100072da <tu_fifo_set_overwritable+0x1e>
100072d2:	f04f 31ff 	mov.w	r1, #4294967295
100072d6:	f003 fc77 	bl	1000abc8 <__mutex_enter_timeout_ms_veneer>
100072da:	79e3      	ldrb	r3, [r4, #7]
100072dc:	68e0      	ldr	r0, [r4, #12]
100072de:	f365 13c7 	bfi	r3, r5, #7, #1
100072e2:	71e3      	strb	r3, [r4, #7]
100072e4:	b108      	cbz	r0, 100072ea <tu_fifo_set_overwritable+0x2e>
100072e6:	f003 fc7f 	bl	1000abe8 <__mutex_exit_veneer>
100072ea:	6920      	ldr	r0, [r4, #16]
100072ec:	b108      	cbz	r0, 100072f2 <tu_fifo_set_overwritable+0x36>
100072ee:	f003 fc7b 	bl	1000abe8 <__mutex_exit_veneer>
100072f2:	2001      	movs	r0, #1
100072f4:	bd38      	pop	{r3, r4, r5, pc}
100072f6:	bf00      	nop

100072f8 <i2c_write_blocking_internal>:
100072f8:	e92d 4ff0 	stmdb	sp!, {r4, r5, r6, r7, r8, r9, sl, fp, lr}
100072fc:	f04f 0c00 	mov.w	ip, #0
10007300:	2701      	movs	r7, #1
10007302:	b083      	sub	sp, #12
10007304:	f89d 4030 	ldrb.w	r4, [sp, #48]	@ 0x30
10007308:	4690      	mov	r8, r2
1000730a:	6802      	ldr	r2, [r0, #0]
1000730c:	2b00      	cmp	r3, #0
1000730e:	f8c2 c06c 	str.w	ip, [r2, #108]	@ 0x6c
10007312:	9400      	str	r4, [sp, #0]
10007314:	6051      	str	r1, [r2, #4]
10007316:	4605      	mov	r5, r0
10007318:	e9dd 460d 	ldrd	r4, r6, [sp, #52]	@ 0x34
1000731c:	66d7      	str	r7, [r2, #108]	@ 0x6c
1000731e:	9301      	str	r3, [sp, #4]
10007320:	f340 8096 	ble.w	10007450 <i2c_write_blocking_internal+0x158>
10007324:	f103 39ff 	add.w	r9, r3, #4294967295
10007328:	b11c      	cbz	r4, 10007332 <i2c_write_blocking_internal+0x3a>
1000732a:	4639      	mov	r1, r7
1000732c:	4630      	mov	r0, r6
1000732e:	47a0      	blx	r4
10007330:	682a      	ldr	r2, [r5, #0]
10007332:	2700      	movs	r7, #0
10007334:	7929      	ldrb	r1, [r5, #4]
10007336:	0289      	lsls	r1, r1, #10
10007338:	45b9      	cmp	r9, r7
1000733a:	bf12      	itee	ne
1000733c:	2000      	movne	r0, #0
1000733e:	9b00      	ldreq	r3, [sp, #0]
10007340:	f083 0001 	eoreq.w	r0, r3, #1
10007344:	f818 3b01 	ldrb.w	r3, [r8], #1
10007348:	bf08      	it	eq
1000734a:	0240      	lsleq	r0, r0, #9
1000734c:	430b      	orrs	r3, r1
1000734e:	4303      	orrs	r3, r0
10007350:	6113      	str	r3, [r2, #16]
10007352:	b1bc      	cbz	r4, 10007384 <i2c_write_blocking_internal+0x8c>
10007354:	f04f 0b00 	mov.w	fp, #0
10007358:	e003      	b.n	10007362 <i2c_write_blocking_internal+0x6a>
1000735a:	682a      	ldr	r2, [r5, #0]
1000735c:	6b51      	ldr	r1, [r2, #52]	@ 0x34
1000735e:	06cb      	lsls	r3, r1, #27
10007360:	d420      	bmi.n	100073a4 <i2c_write_blocking_internal+0xac>
10007362:	2100      	movs	r1, #0
10007364:	4630      	mov	r0, r6
10007366:	47a0      	blx	r4
10007368:	ea4b 0300 	orr.w	r3, fp, r0
1000736c:	fa5f fb83 	uxtb.w	fp, r3
10007370:	2800      	cmp	r0, #0
10007372:	d0f2      	beq.n	1000735a <i2c_write_blocking_internal+0x62>
10007374:	f06f 0701 	mvn.w	r7, #1
10007378:	4638      	mov	r0, r7
1000737a:	9b00      	ldr	r3, [sp, #0]
1000737c:	712b      	strb	r3, [r5, #4]
1000737e:	b003      	add	sp, #12
10007380:	e8bd 8ff0 	ldmia.w	sp!, {r4, r5, r6, r7, r8, r9, sl, fp, pc}
10007384:	6b53      	ldr	r3, [r2, #52]	@ 0x34
10007386:	06d9      	lsls	r1, r3, #27
10007388:	d5fc      	bpl.n	10007384 <i2c_write_blocking_internal+0x8c>
1000738a:	f8d2 a080 	ldr.w	sl, [r2, #128]	@ 0x80
1000738e:	f1ba 0f00 	cmp.w	sl, #0
10007392:	d141      	bne.n	10007418 <i2c_write_blocking_internal+0x120>
10007394:	45b9      	cmp	r9, r7
10007396:	d051      	beq.n	1000743c <i2c_write_blocking_internal+0x144>
10007398:	9b01      	ldr	r3, [sp, #4]
1000739a:	3701      	adds	r7, #1
1000739c:	42bb      	cmp	r3, r7
1000739e:	d0eb      	beq.n	10007378 <i2c_write_blocking_internal+0x80>
100073a0:	2100      	movs	r1, #0
100073a2:	e7c9      	b.n	10007338 <i2c_write_blocking_internal+0x40>
100073a4:	f8d2 a080 	ldr.w	sl, [r2, #128]	@ 0x80
100073a8:	f1ba 0f00 	cmp.w	sl, #0
100073ac:	d11b      	bne.n	100073e6 <i2c_write_blocking_internal+0xee>
100073ae:	f1bb 0f00 	cmp.w	fp, #0
100073b2:	d10e      	bne.n	100073d2 <i2c_write_blocking_internal+0xda>
100073b4:	45b9      	cmp	r9, r7
100073b6:	d038      	beq.n	1000742a <i2c_write_blocking_internal+0x132>
100073b8:	9b01      	ldr	r3, [sp, #4]
100073ba:	3701      	adds	r7, #1
100073bc:	42bb      	cmp	r3, r7
100073be:	d0db      	beq.n	10007378 <i2c_write_blocking_internal+0x80>
100073c0:	2101      	movs	r1, #1
100073c2:	4630      	mov	r0, r6
100073c4:	47a0      	blx	r4
100073c6:	682a      	ldr	r2, [r5, #0]
100073c8:	e7ea      	b.n	100073a0 <i2c_write_blocking_internal+0xa8>
100073ca:	682a      	ldr	r2, [r5, #0]
100073cc:	6b51      	ldr	r1, [r2, #52]	@ 0x34
100073ce:	058b      	lsls	r3, r1, #22
100073d0:	d40d      	bmi.n	100073ee <i2c_write_blocking_internal+0xf6>
100073d2:	2100      	movs	r1, #0
100073d4:	4630      	mov	r0, r6
100073d6:	47a0      	blx	r4
100073d8:	ea4b 0300 	orr.w	r3, fp, r0
100073dc:	fa5f fb83 	uxtb.w	fp, r3
100073e0:	2800      	cmp	r0, #0
100073e2:	d0f2      	beq.n	100073ca <i2c_write_blocking_internal+0xd2>
100073e4:	e7c6      	b.n	10007374 <i2c_write_blocking_internal+0x7c>
100073e6:	f04f 0b01 	mov.w	fp, #1
100073ea:	6d53      	ldr	r3, [r2, #84]	@ 0x54
100073ec:	e7f1      	b.n	100073d2 <i2c_write_blocking_internal+0xda>
100073ee:	6e12      	ldr	r2, [r2, #96]	@ 0x60
100073f0:	f1bb 0f00 	cmp.w	fp, #0
100073f4:	d0e0      	beq.n	100073b8 <i2c_write_blocking_internal+0xc0>
100073f6:	f1ba 0f00 	cmp.w	sl, #0
100073fa:	d02b      	beq.n	10007454 <i2c_write_blocking_internal+0x15c>
100073fc:	f01a 0f01 	tst.w	sl, #1
10007400:	d128      	bne.n	10007454 <i2c_write_blocking_internal+0x15c>
10007402:	f01a 0f08 	tst.w	sl, #8
10007406:	bf08      	it	eq
10007408:	f04f 37ff 	moveq.w	r7, #4294967295
1000740c:	4638      	mov	r0, r7
1000740e:	9b00      	ldr	r3, [sp, #0]
10007410:	712b      	strb	r3, [r5, #4]
10007412:	b003      	add	sp, #12
10007414:	e8bd 8ff0 	ldmia.w	sp!, {r4, r5, r6, r7, r8, r9, sl, fp, pc}
10007418:	2101      	movs	r1, #1
1000741a:	6d53      	ldr	r3, [r2, #84]	@ 0x54
1000741c:	6b53      	ldr	r3, [r2, #52]	@ 0x34
1000741e:	0598      	lsls	r0, r3, #22
10007420:	d5fc      	bpl.n	1000741c <i2c_write_blocking_internal+0x124>
10007422:	6e13      	ldr	r3, [r2, #96]	@ 0x60
10007424:	2900      	cmp	r1, #0
10007426:	d0b7      	beq.n	10007398 <i2c_write_blocking_internal+0xa0>
10007428:	e7e5      	b.n	100073f6 <i2c_write_blocking_internal+0xfe>
1000742a:	9b00      	ldr	r3, [sp, #0]
1000742c:	2b00      	cmp	r3, #0
1000742e:	d0d0      	beq.n	100073d2 <i2c_write_blocking_internal+0xda>
10007430:	9b01      	ldr	r3, [sp, #4]
10007432:	f109 0701 	add.w	r7, r9, #1
10007436:	42bb      	cmp	r3, r7
10007438:	d1c2      	bne.n	100073c0 <i2c_write_blocking_internal+0xc8>
1000743a:	e79d      	b.n	10007378 <i2c_write_blocking_internal+0x80>
1000743c:	9b00      	ldr	r3, [sp, #0]
1000743e:	b12b      	cbz	r3, 1000744c <i2c_write_blocking_internal+0x154>
10007440:	9b01      	ldr	r3, [sp, #4]
10007442:	f109 0701 	add.w	r7, r9, #1
10007446:	42bb      	cmp	r3, r7
10007448:	d1aa      	bne.n	100073a0 <i2c_write_blocking_internal+0xa8>
1000744a:	e795      	b.n	10007378 <i2c_write_blocking_internal+0x80>
1000744c:	4619      	mov	r1, r3
1000744e:	e7e5      	b.n	1000741c <i2c_write_blocking_internal+0x124>
10007450:	4667      	mov	r7, ip
10007452:	e791      	b.n	10007378 <i2c_write_blocking_internal+0x80>
10007454:	f04f 37ff 	mov.w	r7, #4294967295
10007458:	e78e      	b.n	10007378 <i2c_write_blocking_internal+0x80>
1000745a:	bf00      	nop

1000745c <i2c_read_blocking_internal>:
1000745c:	e92d 4ff8 	stmdb	sp!, {r3, r4, r5, r6, r7, r8, r9, sl, fp, lr}
10007460:	2601      	movs	r6, #1
10007462:	e9dd 750b 	ldrd	r7, r5, [sp, #44]	@ 0x2c
10007466:	f04f 0a00 	mov.w	sl, #0
1000746a:	4693      	mov	fp, r2
1000746c:	6802      	ldr	r2, [r0, #0]
1000746e:	4604      	mov	r4, r0
10007470:	f8c2 a06c 	str.w	sl, [r2, #108]	@ 0x6c
10007474:	6051      	str	r1, [r2, #4]
10007476:	66d6      	str	r6, [r2, #108]	@ 0x6c
10007478:	1e1e      	subs	r6, r3, #0
1000747a:	f89d 9028 	ldrb.w	r9, [sp, #40]	@ 0x28
1000747e:	dd2d      	ble.n	100074dc <i2c_read_blocking_internal+0x80>
10007480:	f106 38ff 	add.w	r8, r6, #4294967295
10007484:	2f00      	cmp	r7, #0
10007486:	d051      	beq.n	1000752c <i2c_read_blocking_internal+0xd0>
10007488:	2101      	movs	r1, #1
1000748a:	4628      	mov	r0, r5
1000748c:	47b8      	blx	r7
1000748e:	6822      	ldr	r2, [r4, #0]
10007490:	4613      	mov	r3, r2
10007492:	6f51      	ldr	r1, [r2, #116]	@ 0x74
10007494:	2910      	cmp	r1, #16
10007496:	d0fc      	beq.n	10007492 <i2c_read_blocking_internal+0x36>
10007498:	f1ba 0f00 	cmp.w	sl, #0
1000749c:	d032      	beq.n	10007504 <i2c_read_blocking_internal+0xa8>
1000749e:	2100      	movs	r1, #0
100074a0:	45d0      	cmp	r8, sl
100074a2:	bf04      	itt	eq
100074a4:	f089 0001 	eoreq.w	r0, r9, #1
100074a8:	ea41 2140 	orreq.w	r1, r1, r0, lsl #9
100074ac:	f441 7180 	orr.w	r1, r1, #256	@ 0x100
100074b0:	6111      	str	r1, [r2, #16]
100074b2:	b93f      	cbnz	r7, 100074c4 <i2c_read_blocking_internal+0x68>
100074b4:	e019      	b.n	100074ea <i2c_read_blocking_internal+0x8e>
100074b6:	4628      	mov	r0, r5
100074b8:	47b8      	blx	r7
100074ba:	2800      	cmp	r0, #0
100074bc:	d138      	bne.n	10007530 <i2c_read_blocking_internal+0xd4>
100074be:	6823      	ldr	r3, [r4, #0]
100074c0:	6f9a      	ldr	r2, [r3, #120]	@ 0x78
100074c2:	bb12      	cbnz	r2, 1000750a <i2c_read_blocking_internal+0xae>
100074c4:	f8d3 2080 	ldr.w	r2, [r3, #128]	@ 0x80
100074c8:	6b59      	ldr	r1, [r3, #52]	@ 0x34
100074ca:	f011 0140 	ands.w	r1, r1, #64	@ 0x40
100074ce:	d0f2      	beq.n	100074b6 <i2c_read_blocking_internal+0x5a>
100074d0:	2100      	movs	r1, #0
100074d2:	4628      	mov	r0, r5
100074d4:	6d5b      	ldr	r3, [r3, #84]	@ 0x54
100074d6:	47b8      	blx	r7
100074d8:	ea6f 0a00 	mvn.w	sl, r0
100074dc:	4650      	mov	r0, sl
100074de:	f884 9004 	strb.w	r9, [r4, #4]
100074e2:	e8bd 8ff8 	ldmia.w	sp!, {r3, r4, r5, r6, r7, r8, r9, sl, fp, pc}
100074e6:	6f93      	ldr	r3, [r2, #120]	@ 0x78
100074e8:	b9bb      	cbnz	r3, 1000751a <i2c_read_blocking_internal+0xbe>
100074ea:	f8d2 3080 	ldr.w	r3, [r2, #128]	@ 0x80
100074ee:	6b53      	ldr	r3, [r2, #52]	@ 0x34
100074f0:	065b      	lsls	r3, r3, #25
100074f2:	d5f8      	bpl.n	100074e6 <i2c_read_blocking_internal+0x8a>
100074f4:	f04f 3aff 	mov.w	sl, #4294967295
100074f8:	6d53      	ldr	r3, [r2, #84]	@ 0x54
100074fa:	4650      	mov	r0, sl
100074fc:	f884 9004 	strb.w	r9, [r4, #4]
10007500:	e8bd 8ff8 	ldmia.w	sp!, {r3, r4, r5, r6, r7, r8, r9, sl, fp, pc}
10007504:	7921      	ldrb	r1, [r4, #4]
10007506:	0289      	lsls	r1, r1, #10
10007508:	e7ca      	b.n	100074a0 <i2c_read_blocking_internal+0x44>
1000750a:	691b      	ldr	r3, [r3, #16]
1000750c:	f10a 0a01 	add.w	sl, sl, #1
10007510:	45b2      	cmp	sl, r6
10007512:	f80b 3b01 	strb.w	r3, [fp], #1
10007516:	d1b7      	bne.n	10007488 <i2c_read_blocking_internal+0x2c>
10007518:	e7e0      	b.n	100074dc <i2c_read_blocking_internal+0x80>
1000751a:	6913      	ldr	r3, [r2, #16]
1000751c:	f10a 0a01 	add.w	sl, sl, #1
10007520:	4556      	cmp	r6, sl
10007522:	f80b 3b01 	strb.w	r3, [fp], #1
10007526:	d0d9      	beq.n	100074dc <i2c_read_blocking_internal+0x80>
10007528:	6822      	ldr	r2, [r4, #0]
1000752a:	e7b1      	b.n	10007490 <i2c_read_blocking_internal+0x34>
1000752c:	46ba      	mov	sl, r7
1000752e:	e7af      	b.n	10007490 <i2c_read_blocking_internal+0x34>
10007530:	f06f 0a01 	mvn.w	sl, #1
10007534:	e7d2      	b.n	100074dc <i2c_read_blocking_internal+0x80>
10007536:	bf00      	nop

10007538 <i2c_read_blocking_internal.constprop.0>:
10007538:	b570      	push	{r4, r5, r6, lr}
1000753a:	2500      	movs	r5, #0
1000753c:	2601      	movs	r6, #1
1000753e:	6804      	ldr	r4, [r0, #0]
10007540:	2b00      	cmp	r3, #0
10007542:	66e5      	str	r5, [r4, #108]	@ 0x6c
10007544:	4684      	mov	ip, r0
10007546:	6061      	str	r1, [r4, #4]
10007548:	4628      	mov	r0, r5
1000754a:	f89d e010 	ldrb.w	lr, [sp, #16]
1000754e:	66e6      	str	r6, [r4, #108]	@ 0x6c
10007550:	dd16      	ble.n	10007580 <i2c_read_blocking_internal.constprop.0+0x48>
10007552:	1e5d      	subs	r5, r3, #1
10007554:	6f61      	ldr	r1, [r4, #116]	@ 0x74
10007556:	2910      	cmp	r1, #16
10007558:	d0fc      	beq.n	10007554 <i2c_read_blocking_internal.constprop.0+0x1c>
1000755a:	b300      	cbz	r0, 1000759e <i2c_read_blocking_internal.constprop.0+0x66>
1000755c:	2100      	movs	r1, #0
1000755e:	42a8      	cmp	r0, r5
10007560:	bf04      	itt	eq
10007562:	f08e 0601 	eoreq.w	r6, lr, #1
10007566:	ea41 2146 	orreq.w	r1, r1, r6, lsl #9
1000756a:	f441 7180 	orr.w	r1, r1, #256	@ 0x100
1000756e:	6121      	str	r1, [r4, #16]
10007570:	f8d4 1080 	ldr.w	r1, [r4, #128]	@ 0x80
10007574:	6b61      	ldr	r1, [r4, #52]	@ 0x34
10007576:	0649      	lsls	r1, r1, #25
10007578:	d505      	bpl.n	10007586 <i2c_read_blocking_internal.constprop.0+0x4e>
1000757a:	f04f 30ff 	mov.w	r0, #4294967295
1000757e:	6d63      	ldr	r3, [r4, #84]	@ 0x54
10007580:	f88c e004 	strb.w	lr, [ip, #4]
10007584:	bd70      	pop	{r4, r5, r6, pc}
10007586:	6fa1      	ldr	r1, [r4, #120]	@ 0x78
10007588:	2900      	cmp	r1, #0
1000758a:	d0f1      	beq.n	10007570 <i2c_read_blocking_internal.constprop.0+0x38>
1000758c:	6921      	ldr	r1, [r4, #16]
1000758e:	3001      	adds	r0, #1
10007590:	4283      	cmp	r3, r0
10007592:	f802 1b01 	strb.w	r1, [r2], #1
10007596:	d0f3      	beq.n	10007580 <i2c_read_blocking_internal.constprop.0+0x48>
10007598:	f8dc 4000 	ldr.w	r4, [ip]
1000759c:	e7da      	b.n	10007554 <i2c_read_blocking_internal.constprop.0+0x1c>
1000759e:	f89c 1004 	ldrb.w	r1, [ip, #4]
100075a2:	0289      	lsls	r1, r1, #10
100075a4:	e7db      	b.n	1000755e <i2c_read_blocking_internal.constprop.0+0x26>
100075a6:	bf00      	nop

100075a8 <i2c_write_blocking_internal.constprop.0>:
100075a8:	e92d 41f0 	stmdb	sp!, {r4, r5, r6, r7, r8, lr}
100075ac:	2700      	movs	r7, #0
100075ae:	2401      	movs	r4, #1
100075b0:	4694      	mov	ip, r2
100075b2:	6802      	ldr	r2, [r0, #0]
100075b4:	4605      	mov	r5, r0
100075b6:	66d7      	str	r7, [r2, #108]	@ 0x6c
100075b8:	6051      	str	r1, [r2, #4]
100075ba:	66d4      	str	r4, [r2, #108]	@ 0x6c
100075bc:	1e1c      	subs	r4, r3, #0
100075be:	4638      	mov	r0, r7
100075c0:	f89d 6018 	ldrb.w	r6, [sp, #24]
100075c4:	dd1e      	ble.n	10007604 <i2c_write_blocking_internal.constprop.0+0x5c>
100075c6:	7929      	ldrb	r1, [r5, #4]
100075c8:	f086 0701 	eor.w	r7, r6, #1
100075cc:	0289      	lsls	r1, r1, #10
100075ce:	027f      	lsls	r7, r7, #9
100075d0:	f104 3eff 	add.w	lr, r4, #4294967295
100075d4:	4570      	cmp	r0, lr
100075d6:	bf0c      	ite	eq
100075d8:	46b8      	moveq	r8, r7
100075da:	f04f 0800 	movne.w	r8, #0
100075de:	f81c 3b01 	ldrb.w	r3, [ip], #1
100075e2:	430b      	orrs	r3, r1
100075e4:	ea43 0308 	orr.w	r3, r3, r8
100075e8:	6113      	str	r3, [r2, #16]
100075ea:	6b53      	ldr	r3, [r2, #52]	@ 0x34
100075ec:	06d9      	lsls	r1, r3, #27
100075ee:	d5fc      	bpl.n	100075ea <i2c_write_blocking_internal.constprop.0+0x42>
100075f0:	f8d2 1080 	ldr.w	r1, [r2, #128]	@ 0x80
100075f4:	b949      	cbnz	r1, 1000760a <i2c_write_blocking_internal.constprop.0+0x62>
100075f6:	4570      	cmp	r0, lr
100075f8:	d01c      	beq.n	10007634 <i2c_write_blocking_internal.constprop.0+0x8c>
100075fa:	3001      	adds	r0, #1
100075fc:	4284      	cmp	r4, r0
100075fe:	f04f 0100 	mov.w	r1, #0
10007602:	d1e7      	bne.n	100075d4 <i2c_write_blocking_internal.constprop.0+0x2c>
10007604:	712e      	strb	r6, [r5, #4]
10007606:	e8bd 81f0 	ldmia.w	sp!, {r4, r5, r6, r7, r8, pc}
1000760a:	f04f 0801 	mov.w	r8, #1
1000760e:	6d53      	ldr	r3, [r2, #84]	@ 0x54
10007610:	6b53      	ldr	r3, [r2, #52]	@ 0x34
10007612:	059b      	lsls	r3, r3, #22
10007614:	d5fc      	bpl.n	10007610 <i2c_write_blocking_internal.constprop.0+0x68>
10007616:	6e13      	ldr	r3, [r2, #96]	@ 0x60
10007618:	f1b8 0f00 	cmp.w	r8, #0
1000761c:	d0ed      	beq.n	100075fa <i2c_write_blocking_internal.constprop.0+0x52>
1000761e:	b169      	cbz	r1, 1000763c <i2c_write_blocking_internal.constprop.0+0x94>
10007620:	07cb      	lsls	r3, r1, #31
10007622:	d40b      	bmi.n	1000763c <i2c_write_blocking_internal.constprop.0+0x94>
10007624:	f011 0f08 	tst.w	r1, #8
10007628:	bf08      	it	eq
1000762a:	f04f 30ff 	moveq.w	r0, #4294967295
1000762e:	712e      	strb	r6, [r5, #4]
10007630:	e8bd 81f0 	ldmia.w	sp!, {r4, r5, r6, r7, r8, pc}
10007634:	2e00      	cmp	r6, #0
10007636:	d1e0      	bne.n	100075fa <i2c_write_blocking_internal.constprop.0+0x52>
10007638:	46b0      	mov	r8, r6
1000763a:	e7e9      	b.n	10007610 <i2c_write_blocking_internal.constprop.0+0x68>
1000763c:	f04f 30ff 	mov.w	r0, #4294967295
10007640:	e7e0      	b.n	10007604 <i2c_write_blocking_internal.constprop.0+0x5c>
10007642:	bf00      	nop

10007644 <i2c_set_baudrate>:
10007644:	b5f8      	push	{r3, r4, r5, r6, r7, lr}
10007646:	4604      	mov	r4, r0
10007648:	2005      	movs	r0, #5
1000764a:	460f      	mov	r7, r1
1000764c:	f7fb fa76 	bl	10002b3c <clock_get_hz>
10007650:	eb00 0c57 	add.w	ip, r0, r7, lsr #1
10007654:	fbbc fcf7 	udiv	ip, ip, r7
10007658:	4d20      	ldr	r5, [pc, #128]	@ (100076dc <i2c_set_baudrate+0x98>)
1000765a:	eb0c 024c 	add.w	r2, ip, ip, lsl #1
1000765e:	fba5 6502 	umull	r6, r5, r5, r2
10007662:	491f      	ldr	r1, [pc, #124]	@ (100076e0 <i2c_set_baudrate+0x9c>)
10007664:	08ae      	lsrs	r6, r5, #2
10007666:	428f      	cmp	r7, r1
10007668:	eb00 0340 	add.w	r3, r0, r0, lsl #1
1000766c:	ebac 0595 	sub.w	r5, ip, r5, lsr #2
10007670:	d82e      	bhi.n	100076d0 <i2c_set_baudrate+0x8c>
10007672:	f101 41d6 	add.w	r1, r1, #1795162112	@ 0x6b000000
10007676:	f501 01a1 	add.w	r1, r1, #5275648	@ 0x508000
1000767a:	f601 012c 	addw	r1, r1, #2092	@ 0x82c
1000767e:	fba1 1303 	umull	r1, r3, r1, r3
10007682:	0d9b      	lsrs	r3, r3, #22
10007684:	3301      	adds	r3, #1
10007686:	2100      	movs	r1, #0
10007688:	2a4f      	cmp	r2, #79	@ 0x4f
1000768a:	bf98      	it	ls
1000768c:	2201      	movls	r2, #1
1000768e:	6824      	ldr	r4, [r4, #0]
10007690:	fbb0 f0fc 	udiv	r0, r0, ip
10007694:	66e1      	str	r1, [r4, #108]	@ 0x6c
10007696:	6821      	ldr	r1, [r4, #0]
10007698:	f504 5780 	add.w	r7, r4, #4096	@ 0x1000
1000769c:	f081 0104 	eor.w	r1, r1, #4
100076a0:	f001 0106 	and.w	r1, r1, #6
100076a4:	6039      	str	r1, [r7, #0]
100076a6:	bf88      	it	hi
100076a8:	490c      	ldrhi	r1, [pc, #48]	@ (100076dc <i2c_set_baudrate+0x98>)
100076aa:	61e5      	str	r5, [r4, #28]
100076ac:	bf84      	itt	hi
100076ae:	fba1 1202 	umullhi	r1, r2, r1, r2
100076b2:	0992      	lsrhi	r2, r2, #6
100076b4:	6226      	str	r6, [r4, #32]
100076b6:	f8c4 20a0 	str.w	r2, [r4, #160]	@ 0xa0
100076ba:	4622      	mov	r2, r4
100076bc:	2101      	movs	r1, #1
100076be:	f852 5f7c 	ldr.w	r5, [r2, #124]!
100076c2:	406b      	eors	r3, r5
100076c4:	b29b      	uxth	r3, r3
100076c6:	f502 5280 	add.w	r2, r2, #4096	@ 0x1000
100076ca:	6013      	str	r3, [r2, #0]
100076cc:	66e1      	str	r1, [r4, #108]	@ 0x6c
100076ce:	bdf8      	pop	{r3, r4, r5, r6, r7, pc}
100076d0:	4904      	ldr	r1, [pc, #16]	@ (100076e4 <i2c_set_baudrate+0xa0>)
100076d2:	fba1 1303 	umull	r1, r3, r1, r3
100076d6:	0ddb      	lsrs	r3, r3, #23
100076d8:	3301      	adds	r3, #1
100076da:	e7d4      	b.n	10007686 <i2c_set_baudrate+0x42>
100076dc:	cccccccd 	.word	0xcccccccd
100076e0:	000f423f 	.word	0x000f423f
100076e4:	55e63b89 	.word	0x55e63b89

100076e8 <i2c_init>:
100076e8:	4a0e      	ldr	r2, [pc, #56]	@ (10007724 <i2c_init+0x3c>)
100076ea:	b430      	push	{r4, r5}
100076ec:	4290      	cmp	r0, r2
100076ee:	bf14      	ite	ne
100076f0:	2220      	movne	r2, #32
100076f2:	2210      	moveq	r2, #16
100076f4:	4d0c      	ldr	r5, [pc, #48]	@ (10007728 <i2c_init+0x40>)
100076f6:	4b0d      	ldr	r3, [pc, #52]	@ (1000772c <i2c_init+0x44>)
100076f8:	4c0d      	ldr	r4, [pc, #52]	@ (10007730 <i2c_init+0x48>)
100076fa:	602a      	str	r2, [r5, #0]
100076fc:	601a      	str	r2, [r3, #0]
100076fe:	68a3      	ldr	r3, [r4, #8]
10007700:	ea32 0303 	bics.w	r3, r2, r3
10007704:	d1fb      	bne.n	100076fe <i2c_init+0x16>
10007706:	f240 1565 	movw	r5, #357	@ 0x165
1000770a:	2403      	movs	r4, #3
1000770c:	6802      	ldr	r2, [r0, #0]
1000770e:	7103      	strb	r3, [r0, #4]
10007710:	66d3      	str	r3, [r2, #108]	@ 0x6c
10007712:	6015      	str	r5, [r2, #0]
10007714:	63d3      	str	r3, [r2, #60]	@ 0x3c
10007716:	6393      	str	r3, [r2, #56]	@ 0x38
10007718:	f8c2 4088 	str.w	r4, [r2, #136]	@ 0x88
1000771c:	bc30      	pop	{r4, r5}
1000771e:	f7ff bf91 	b.w	10007644 <i2c_set_baudrate>
10007722:	bf00      	nop
10007724:	20001598 	.word	0x20001598
10007728:	40022000 	.word	0x40022000
1000772c:	40023000 	.word	0x40023000
10007730:	40020000 	.word	0x40020000

10007734 <i2c_write_blocking>:
10007734:	b410      	push	{r4}
10007736:	f89d 4004 	ldrb.w	r4, [sp, #4]
1000773a:	9401      	str	r4, [sp, #4]
1000773c:	f85d 4b04 	ldr.w	r4, [sp], #4
10007740:	f7ff bf32 	b.w	100075a8 <i2c_write_blocking_internal.constprop.0>

10007744 <i2c_write_blocking_until>:
10007744:	e92d 43f0 	stmdb	sp!, {r4, r5, r6, r7, r8, r9, lr}
10007748:	b089      	sub	sp, #36	@ 0x24
1000774a:	f10d 0810 	add.w	r8, sp, #16
1000774e:	4604      	mov	r4, r0
10007750:	4616      	mov	r6, r2
10007752:	461f      	mov	r7, r3
10007754:	e9dd 2312 	ldrd	r2, r3, [sp, #72]	@ 0x48
10007758:	4640      	mov	r0, r8
1000775a:	460d      	mov	r5, r1
1000775c:	f89d 9040 	ldrb.w	r9, [sp, #64]	@ 0x40
10007760:	f7fb f946 	bl	100029f0 <init_single_timeout_until>
10007764:	463b      	mov	r3, r7
10007766:	e9cd 0801 	strd	r0, r8, [sp, #4]
1000776a:	4632      	mov	r2, r6
1000776c:	4629      	mov	r1, r5
1000776e:	4620      	mov	r0, r4
10007770:	f8cd 9000 	str.w	r9, [sp]
10007774:	f7ff fdc0 	bl	100072f8 <i2c_write_blocking_internal>
10007778:	b009      	add	sp, #36	@ 0x24
1000777a:	e8bd 83f0 	ldmia.w	sp!, {r4, r5, r6, r7, r8, r9, pc}
1000777e:	bf00      	nop

10007780 <i2c_read_blocking>:
10007780:	b410      	push	{r4}
10007782:	f89d 4004 	ldrb.w	r4, [sp, #4]
10007786:	9401      	str	r4, [sp, #4]
10007788:	f85d 4b04 	ldr.w	r4, [sp], #4
1000778c:	f7ff bed4 	b.w	10007538 <i2c_read_blocking_internal.constprop.0>

10007790 <i2c_read_blocking_until>:
10007790:	e92d 43f0 	stmdb	sp!, {r4, r5, r6, r7, r8, r9, lr}
10007794:	b089      	sub	sp, #36	@ 0x24
10007796:	f10d 0810 	add.w	r8, sp, #16
1000779a:	4604      	mov	r4, r0
1000779c:	4616      	mov	r6, r2
1000779e:	461f      	mov	r7, r3
100077a0:	e9dd 2312 	ldrd	r2, r3, [sp, #72]	@ 0x48
100077a4:	4640      	mov	r0, r8
100077a6:	460d      	mov	r5, r1
100077a8:	f89d 9040 	ldrb.w	r9, [sp, #64]	@ 0x40
100077ac:	f7fb f920 	bl	100029f0 <init_single_timeout_until>
100077b0:	463b      	mov	r3, r7
100077b2:	e9cd 0801 	strd	r0, r8, [sp, #4]
100077b6:	4632      	mov	r2, r6
100077b8:	4629      	mov	r1, r5
100077ba:	4620      	mov	r0, r4
100077bc:	f8cd 9000 	str.w	r9, [sp]
100077c0:	f7ff fe4c 	bl	1000745c <i2c_read_blocking_internal>
100077c4:	b009      	add	sp, #36	@ 0x24
100077c6:	e8bd 83f0 	ldmia.w	sp!, {r4, r5, r6, r7, r8, r9, pc}
100077ca:	bf00      	nop

100077cc <adc_init>:
100077cc:	2301      	movs	r3, #1
100077ce:	4807      	ldr	r0, [pc, #28]	@ (100077ec <adc_init+0x20>)
100077d0:	4907      	ldr	r1, [pc, #28]	@ (100077f0 <adc_init+0x24>)
100077d2:	4a08      	ldr	r2, [pc, #32]	@ (100077f4 <adc_init+0x28>)
100077d4:	6003      	str	r3, [r0, #0]
100077d6:	600b      	str	r3, [r1, #0]
100077d8:	6893      	ldr	r3, [r2, #8]
100077da:	07d9      	lsls	r1, r3, #31
100077dc:	d5fc      	bpl.n	100077d8 <adc_init+0xc>
100077de:	2301      	movs	r3, #1
100077e0:	4a05      	ldr	r2, [pc, #20]	@ (100077f8 <adc_init+0x2c>)
100077e2:	6013      	str	r3, [r2, #0]
100077e4:	6813      	ldr	r3, [r2, #0]
100077e6:	05db      	lsls	r3, r3, #23
100077e8:	d5fc      	bpl.n	100077e4 <adc_init+0x18>
100077ea:	4770      	bx	lr
100077ec:	40022000 	.word	0x40022000
100077f0:	40023000 	.word	0x40023000
100077f4:	40020000 	.word	0x40020000
100077f8:	400a0000 	.word	0x400a0000

100077fc <exception_set_exclusive_handler>:
100077fc:	b5f8      	push	{r3, r4, r5, r6, r7, lr}
100077fe:	4604      	mov	r4, r0
10007800:	460d      	mov	r5, r1
10007802:	f3ef 8710 	mrs	r7, PRIMASK
10007806:	b672      	cpsid	i
10007808:	4b0c      	ldr	r3, [pc, #48]	@ (1000783c <exception_set_exclusive_handler+0x40>)
1000780a:	689b      	ldr	r3, [r3, #8]
1000780c:	f853 6020 	ldr.w	r6, [r3, r0, lsl #2]
10007810:	42b1      	cmp	r1, r6
10007812:	d004      	beq.n	1000781e <exception_set_exclusive_handler+0x22>
10007814:	4b0a      	ldr	r3, [pc, #40]	@ (10007840 <exception_set_exclusive_handler+0x44>)
10007816:	429e      	cmp	r6, r3
10007818:	d20b      	bcs.n	10007832 <exception_set_exclusive_handler+0x36>
1000781a:	f7fb fa99 	bl	10002d50 <hard_assertion_failure>
1000781e:	4b07      	ldr	r3, [pc, #28]	@ (1000783c <exception_set_exclusive_handler+0x40>)
10007820:	689b      	ldr	r3, [r3, #8]
10007822:	f843 5024 	str.w	r5, [r3, r4, lsl #2]
10007826:	f3bf 8f5f 	dmb	sy
1000782a:	f387 8810 	msr	PRIMASK, r7
1000782e:	4630      	mov	r0, r6
10007830:	bdf8      	pop	{r3, r4, r5, r6, r7, pc}
10007832:	4b04      	ldr	r3, [pc, #16]	@ (10007844 <exception_set_exclusive_handler+0x48>)
10007834:	429e      	cmp	r6, r3
10007836:	d3f2      	bcc.n	1000781e <exception_set_exclusive_handler+0x22>
10007838:	e7ef      	b.n	1000781a <exception_set_exclusive_handler+0x1e>
1000783a:	bf00      	nop
1000783c:	e000ed00 	.word	0xe000ed00
10007840:	10000110 	.word	0x10000110
10007844:	1000011c 	.word	0x1000011c

10007848 <lcd_send_byte>:
10007848:	e92d 47f0 	stmdb	sp!, {r4, r5, r6, r7, r8, r9, sl, lr}
1000784c:	4684      	mov	ip, r0
1000784e:	460c      	mov	r4, r1
10007850:	2500      	movs	r5, #0
10007852:	f02c 080f 	bic.w	r8, ip, #15
10007856:	b264      	sxtb	r4, r4
10007858:	ea44 0808 	orr.w	r8, r4, r8
1000785c:	4f38      	ldr	r7, [pc, #224]	@ (10007940 <lcd_send_byte+0xf8>)
1000785e:	4e39      	ldr	r6, [pc, #228]	@ (10007944 <lcd_send_byte+0xfc>)
10007860:	fa4f f888 	sxtb.w	r8, r8
10007864:	b084      	sub	sp, #16
10007866:	f048 0a08 	orr.w	sl, r8, #8
1000786a:	7839      	ldrb	r1, [r7, #0]
1000786c:	f10d 020f 	add.w	r2, sp, #15
10007870:	2301      	movs	r3, #1
10007872:	6830      	ldr	r0, [r6, #0]
10007874:	fa5f fa8a 	uxtb.w	sl, sl
10007878:	9500      	str	r5, [sp, #0]
1000787a:	ea44 140c 	orr.w	r4, r4, ip, lsl #4
1000787e:	f88d a00f 	strb.w	sl, [sp, #15]
10007882:	f7ff ff57 	bl	10007734 <i2c_write_blocking>
10007886:	f44f 7016 	mov.w	r0, #600	@ 0x258
1000788a:	2100      	movs	r1, #0
1000788c:	f7fa ff54 	bl	10002738 <sleep_us>
10007890:	9500      	str	r5, [sp, #0]
10007892:	f10d 020f 	add.w	r2, sp, #15
10007896:	2301      	movs	r3, #1
10007898:	7839      	ldrb	r1, [r7, #0]
1000789a:	6830      	ldr	r0, [r6, #0]
1000789c:	f048 080c 	orr.w	r8, r8, #12
100078a0:	f88d 800f 	strb.w	r8, [sp, #15]
100078a4:	f7ff ff46 	bl	10007734 <i2c_write_blocking>
100078a8:	f44f 7016 	mov.w	r0, #600	@ 0x258
100078ac:	2100      	movs	r1, #0
100078ae:	f7fa ff43 	bl	10002738 <sleep_us>
100078b2:	9500      	str	r5, [sp, #0]
100078b4:	f10d 020f 	add.w	r2, sp, #15
100078b8:	2301      	movs	r3, #1
100078ba:	7839      	ldrb	r1, [r7, #0]
100078bc:	6830      	ldr	r0, [r6, #0]
100078be:	b264      	sxtb	r4, r4
100078c0:	f88d a00f 	strb.w	sl, [sp, #15]
100078c4:	f7ff ff36 	bl	10007734 <i2c_write_blocking>
100078c8:	f44f 7016 	mov.w	r0, #600	@ 0x258
100078cc:	2100      	movs	r1, #0
100078ce:	f7fa ff33 	bl	10002738 <sleep_us>
100078d2:	f044 0908 	orr.w	r9, r4, #8
100078d6:	9500      	str	r5, [sp, #0]
100078d8:	f10d 020f 	add.w	r2, sp, #15
100078dc:	2301      	movs	r3, #1
100078de:	7839      	ldrb	r1, [r7, #0]
100078e0:	fa5f f989 	uxtb.w	r9, r9
100078e4:	6830      	ldr	r0, [r6, #0]
100078e6:	f88d 900f 	strb.w	r9, [sp, #15]
100078ea:	f7ff ff23 	bl	10007734 <i2c_write_blocking>
100078ee:	f44f 7016 	mov.w	r0, #600	@ 0x258
100078f2:	2100      	movs	r1, #0
100078f4:	f7fa ff20 	bl	10002738 <sleep_us>
100078f8:	9500      	str	r5, [sp, #0]
100078fa:	f10d 020f 	add.w	r2, sp, #15
100078fe:	2301      	movs	r3, #1
10007900:	7839      	ldrb	r1, [r7, #0]
10007902:	6830      	ldr	r0, [r6, #0]
10007904:	f044 040c 	orr.w	r4, r4, #12
10007908:	f88d 400f 	strb.w	r4, [sp, #15]
1000790c:	f7ff ff12 	bl	10007734 <i2c_write_blocking>
10007910:	f44f 7016 	mov.w	r0, #600	@ 0x258
10007914:	2100      	movs	r1, #0
10007916:	f7fa ff0f 	bl	10002738 <sleep_us>
1000791a:	7839      	ldrb	r1, [r7, #0]
1000791c:	6830      	ldr	r0, [r6, #0]
1000791e:	2301      	movs	r3, #1
10007920:	f10d 020f 	add.w	r2, sp, #15
10007924:	9500      	str	r5, [sp, #0]
10007926:	f88d 900f 	strb.w	r9, [sp, #15]
1000792a:	f7ff ff03 	bl	10007734 <i2c_write_blocking>
1000792e:	f44f 7016 	mov.w	r0, #600	@ 0x258
10007932:	2100      	movs	r1, #0
10007934:	b004      	add	sp, #16
10007936:	e8bd 47f0 	ldmia.w	sp!, {r4, r5, r6, r7, r8, r9, sl, lr}
1000793a:	f7fa befd 	b.w	10002738 <sleep_us>
1000793e:	bf00      	nop
10007940:	20002b01 	.word	0x20002b01
10007944:	20002918 	.word	0x20002918

10007948 <lcd_clear>:
10007948:	2100      	movs	r1, #0
1000794a:	2001      	movs	r0, #1
1000794c:	f7ff bf7c 	b.w	10007848 <lcd_send_byte>

10007950 <lcd_set_cursor>:
10007950:	b510      	push	{r4, lr}
10007952:	4684      	mov	ip, r0
10007954:	b084      	sub	sp, #16
10007956:	468e      	mov	lr, r1
10007958:	4b08      	ldr	r3, [pc, #32]	@ (1000797c <lcd_set_cursor+0x2c>)
1000795a:	ac04      	add	r4, sp, #16
1000795c:	cb0f      	ldmia	r3, {r0, r1, r2, r3}
1000795e:	e904 000f 	stmdb	r4, {r0, r1, r2, r3}
10007962:	2100      	movs	r1, #0
10007964:	eb04 0c8c 	add.w	ip, r4, ip, lsl #2
10007968:	f85c 0c10 	ldr.w	r0, [ip, #-16]
1000796c:	3080      	adds	r0, #128	@ 0x80
1000796e:	4470      	add	r0, lr
10007970:	b2c0      	uxtb	r0, r0
10007972:	b004      	add	sp, #16
10007974:	e8bd 4010 	ldmia.w	sp!, {r4, lr}
10007978:	f7ff bf66 	b.w	10007848 <lcd_send_byte>
1000797c:	1000b21c 	.word	0x1000b21c

10007980 <lcd_string>:
10007980:	e92d 4ff0 	stmdb	sp!, {r4, r5, r6, r7, r8, r9, sl, fp, lr}
10007984:	7804      	ldrb	r4, [r0, #0]
10007986:	b085      	sub	sp, #20
10007988:	2c00      	cmp	r4, #0
1000798a:	d076      	beq.n	10007a7a <lcd_string+0xfa>
1000798c:	4682      	mov	sl, r0
1000798e:	2700      	movs	r7, #0
10007990:	f8df 80f0 	ldr.w	r8, [pc, #240]	@ 10007a84 <lcd_string+0x104>
10007994:	4e3a      	ldr	r6, [pc, #232]	@ (10007a80 <lcd_string+0x100>)
10007996:	0125      	lsls	r5, r4, #4
10007998:	f004 04f0 	and.w	r4, r4, #240	@ 0xf0
1000799c:	2301      	movs	r3, #1
1000799e:	f898 1000 	ldrb.w	r1, [r8]
100079a2:	f044 0b09 	orr.w	fp, r4, #9
100079a6:	f10d 020f 	add.w	r2, sp, #15
100079aa:	6830      	ldr	r0, [r6, #0]
100079ac:	9700      	str	r7, [sp, #0]
100079ae:	f88d b00f 	strb.w	fp, [sp, #15]
100079b2:	f7ff febf 	bl	10007734 <i2c_write_blocking>
100079b6:	f44f 7016 	mov.w	r0, #600	@ 0x258
100079ba:	2100      	movs	r1, #0
100079bc:	f7fa febc 	bl	10002738 <sleep_us>
100079c0:	f044 040d 	orr.w	r4, r4, #13
100079c4:	2301      	movs	r3, #1
100079c6:	f898 1000 	ldrb.w	r1, [r8]
100079ca:	f10d 020f 	add.w	r2, sp, #15
100079ce:	6830      	ldr	r0, [r6, #0]
100079d0:	9700      	str	r7, [sp, #0]
100079d2:	f88d 400f 	strb.w	r4, [sp, #15]
100079d6:	f7ff fead 	bl	10007734 <i2c_write_blocking>
100079da:	f44f 7016 	mov.w	r0, #600	@ 0x258
100079de:	2100      	movs	r1, #0
100079e0:	f7fa feaa 	bl	10002738 <sleep_us>
100079e4:	b26d      	sxtb	r5, r5
100079e6:	2301      	movs	r3, #1
100079e8:	f898 1000 	ldrb.w	r1, [r8]
100079ec:	f10d 020f 	add.w	r2, sp, #15
100079f0:	6830      	ldr	r0, [r6, #0]
100079f2:	9700      	str	r7, [sp, #0]
100079f4:	f045 0909 	orr.w	r9, r5, #9
100079f8:	f88d b00f 	strb.w	fp, [sp, #15]
100079fc:	f7ff fe9a 	bl	10007734 <i2c_write_blocking>
10007a00:	f44f 7016 	mov.w	r0, #600	@ 0x258
10007a04:	2100      	movs	r1, #0
10007a06:	f7fa fe97 	bl	10002738 <sleep_us>
10007a0a:	fa5f f989 	uxtb.w	r9, r9
10007a0e:	2301      	movs	r3, #1
10007a10:	f898 1000 	ldrb.w	r1, [r8]
10007a14:	f10d 020f 	add.w	r2, sp, #15
10007a18:	6830      	ldr	r0, [r6, #0]
10007a1a:	9700      	str	r7, [sp, #0]
10007a1c:	f88d 900f 	strb.w	r9, [sp, #15]
10007a20:	f7ff fe88 	bl	10007734 <i2c_write_blocking>
10007a24:	f44f 7016 	mov.w	r0, #600	@ 0x258
10007a28:	2100      	movs	r1, #0
10007a2a:	f7fa fe85 	bl	10002738 <sleep_us>
10007a2e:	f045 050d 	orr.w	r5, r5, #13
10007a32:	2301      	movs	r3, #1
10007a34:	f898 1000 	ldrb.w	r1, [r8]
10007a38:	f10d 020f 	add.w	r2, sp, #15
10007a3c:	6830      	ldr	r0, [r6, #0]
10007a3e:	9700      	str	r7, [sp, #0]
10007a40:	f88d 500f 	strb.w	r5, [sp, #15]
10007a44:	f7ff fe76 	bl	10007734 <i2c_write_blocking>
10007a48:	f44f 7016 	mov.w	r0, #600	@ 0x258
10007a4c:	2100      	movs	r1, #0
10007a4e:	f7fa fe73 	bl	10002738 <sleep_us>
10007a52:	f898 1000 	ldrb.w	r1, [r8]
10007a56:	2301      	movs	r3, #1
10007a58:	6830      	ldr	r0, [r6, #0]
10007a5a:	f10d 020f 	add.w	r2, sp, #15
10007a5e:	9700      	str	r7, [sp, #0]
10007a60:	f88d 900f 	strb.w	r9, [sp, #15]
10007a64:	f7ff fe66 	bl	10007734 <i2c_write_blocking>
10007a68:	f44f 7016 	mov.w	r0, #600	@ 0x258
10007a6c:	2100      	movs	r1, #0
10007a6e:	f7fa fe63 	bl	10002738 <sleep_us>
10007a72:	f81a 4f01 	ldrb.w	r4, [sl, #1]!
10007a76:	2c00      	cmp	r4, #0
10007a78:	d18d      	bne.n	10007996 <lcd_string+0x16>
10007a7a:	b005      	add	sp, #20
10007a7c:	e8bd 8ff0 	ldmia.w	sp!, {r4, r5, r6, r7, r8, r9, sl, fp, pc}
10007a80:	20002918 	.word	0x20002918
10007a84:	20002b01 	.word	0x20002b01

10007a88 <lcd_show_cursor>:
10007a88:	b120      	cbz	r0, 10007a94 <lcd_show_cursor+0xc>
10007a8a:	310e      	adds	r1, #14
10007a8c:	b2c8      	uxtb	r0, r1
10007a8e:	2100      	movs	r1, #0
10007a90:	f7ff beda 	b.w	10007848 <lcd_send_byte>
10007a94:	200c      	movs	r0, #12
10007a96:	2100      	movs	r1, #0
10007a98:	f7ff bed6 	b.w	10007848 <lcd_send_byte>

10007a9c <lcd_init>:
10007a9c:	b538      	push	{r3, r4, r5, lr}
10007a9e:	460a      	mov	r2, r1
10007aa0:	4605      	mov	r5, r0
10007aa2:	4b15      	ldr	r3, [pc, #84]	@ (10007af8 <lcd_init+0x5c>)
10007aa4:	4c15      	ldr	r4, [pc, #84]	@ (10007afc <lcd_init+0x60>)
10007aa6:	2100      	movs	r1, #0
10007aa8:	2003      	movs	r0, #3
10007aaa:	701a      	strb	r2, [r3, #0]
10007aac:	6025      	str	r5, [r4, #0]
10007aae:	f7ff fecb 	bl	10007848 <lcd_send_byte>
10007ab2:	2100      	movs	r1, #0
10007ab4:	2003      	movs	r0, #3
10007ab6:	f7ff fec7 	bl	10007848 <lcd_send_byte>
10007aba:	2100      	movs	r1, #0
10007abc:	2003      	movs	r0, #3
10007abe:	f7ff fec3 	bl	10007848 <lcd_send_byte>
10007ac2:	2100      	movs	r1, #0
10007ac4:	2002      	movs	r0, #2
10007ac6:	f7ff febf 	bl	10007848 <lcd_send_byte>
10007aca:	2100      	movs	r1, #0
10007acc:	2006      	movs	r0, #6
10007ace:	f7ff febb 	bl	10007848 <lcd_send_byte>
10007ad2:	2100      	movs	r1, #0
10007ad4:	2028      	movs	r0, #40	@ 0x28
10007ad6:	f7ff feb7 	bl	10007848 <lcd_send_byte>
10007ada:	2100      	movs	r1, #0
10007adc:	200f      	movs	r0, #15
10007ade:	f7ff feb3 	bl	10007848 <lcd_send_byte>
10007ae2:	2100      	movs	r1, #0
10007ae4:	2001      	movs	r0, #1
10007ae6:	f7ff feaf 	bl	10007848 <lcd_send_byte>
10007aea:	e8bd 4038 	ldmia.w	sp!, {r3, r4, r5, lr}
10007aee:	2100      	movs	r1, #0
10007af0:	2080      	movs	r0, #128	@ 0x80
10007af2:	f7ff bea9 	b.w	10007848 <lcd_send_byte>
10007af6:	bf00      	nop
10007af8:	20002b01 	.word	0x20002b01
10007afc:	20002918 	.word	0x20002918

10007b00 <prvCopyDataToQueue>:
10007b00:	b570      	push	{r4, r5, r6, lr}
10007b02:	4616      	mov	r6, r2
10007b04:	6c02      	ldr	r2, [r0, #64]	@ 0x40
10007b06:	4604      	mov	r4, r0
10007b08:	6b85      	ldr	r5, [r0, #56]	@ 0x38
10007b0a:	b92a      	cbnz	r2, 10007b18 <prvCopyDataToQueue+0x18>
10007b0c:	6806      	ldr	r6, [r0, #0]
10007b0e:	3501      	adds	r5, #1
10007b10:	b34e      	cbz	r6, 10007b66 <prvCopyDataToQueue+0x66>
10007b12:	4610      	mov	r0, r2
10007b14:	63a5      	str	r5, [r4, #56]	@ 0x38
10007b16:	bd70      	pop	{r4, r5, r6, pc}
10007b18:	b98e      	cbnz	r6, 10007b3e <prvCopyDataToQueue+0x3e>
10007b1a:	6840      	ldr	r0, [r0, #4]
10007b1c:	f002 fe5e 	bl	1000a7dc <memcpy>
10007b20:	6863      	ldr	r3, [r4, #4]
10007b22:	6c21      	ldr	r1, [r4, #64]	@ 0x40
10007b24:	68a2      	ldr	r2, [r4, #8]
10007b26:	440b      	add	r3, r1
10007b28:	4293      	cmp	r3, r2
10007b2a:	6063      	str	r3, [r4, #4]
10007b2c:	bf28      	it	cs
10007b2e:	6823      	ldrcs	r3, [r4, #0]
10007b30:	f105 0501 	add.w	r5, r5, #1
10007b34:	bf28      	it	cs
10007b36:	6063      	strcs	r3, [r4, #4]
10007b38:	2000      	movs	r0, #0
10007b3a:	63a5      	str	r5, [r4, #56]	@ 0x38
10007b3c:	bd70      	pop	{r4, r5, r6, pc}
10007b3e:	68c0      	ldr	r0, [r0, #12]
10007b40:	f002 fe4c 	bl	1000a7dc <memcpy>
10007b44:	6c22      	ldr	r2, [r4, #64]	@ 0x40
10007b46:	68e3      	ldr	r3, [r4, #12]
10007b48:	4251      	negs	r1, r2
10007b4a:	1a9b      	subs	r3, r3, r2
10007b4c:	6822      	ldr	r2, [r4, #0]
10007b4e:	60e3      	str	r3, [r4, #12]
10007b50:	4293      	cmp	r3, r2
10007b52:	d202      	bcs.n	10007b5a <prvCopyDataToQueue+0x5a>
10007b54:	68a3      	ldr	r3, [r4, #8]
10007b56:	440b      	add	r3, r1
10007b58:	60e3      	str	r3, [r4, #12]
10007b5a:	2e02      	cmp	r6, #2
10007b5c:	d008      	beq.n	10007b70 <prvCopyDataToQueue+0x70>
10007b5e:	3501      	adds	r5, #1
10007b60:	2000      	movs	r0, #0
10007b62:	63a5      	str	r5, [r4, #56]	@ 0x38
10007b64:	bd70      	pop	{r4, r5, r6, pc}
10007b66:	6880      	ldr	r0, [r0, #8]
10007b68:	f001 fb78 	bl	1000925c <xTaskPriorityDisinherit>
10007b6c:	60a6      	str	r6, [r4, #8]
10007b6e:	e7d1      	b.n	10007b14 <prvCopyDataToQueue+0x14>
10007b70:	2d01      	cmp	r5, #1
10007b72:	bf38      	it	cc
10007b74:	2501      	movcc	r5, #1
10007b76:	e7df      	b.n	10007b38 <prvCopyDataToQueue+0x38>

10007b78 <xQueueGenericCreate>:
10007b78:	b570      	push	{r4, r5, r6, lr}
10007b7a:	b3a0      	cbz	r0, 10007be6 <xQueueGenericCreate+0x6e>
10007b7c:	fba1 2300 	umull	r2, r3, r1, r0
10007b80:	4605      	mov	r5, r0
10007b82:	460e      	mov	r6, r1
10007b84:	bb7b      	cbnz	r3, 10007be6 <xQueueGenericCreate+0x6e>
10007b86:	fb01 f000 	mul.w	r0, r1, r0
10007b8a:	f110 0f49 	cmn.w	r0, #73	@ 0x49
10007b8e:	d82a      	bhi.n	10007be6 <xQueueGenericCreate+0x6e>
10007b90:	3048      	adds	r0, #72	@ 0x48
10007b92:	f001 fdc9 	bl	10009728 <pvPortMalloc>
10007b96:	4604      	mov	r4, r0
10007b98:	b328      	cbz	r0, 10007be6 <xQueueGenericCreate+0x6e>
10007b9a:	b33e      	cbz	r6, 10007bec <xQueueGenericCreate+0x74>
10007b9c:	f100 0348 	add.w	r3, r0, #72	@ 0x48
10007ba0:	6023      	str	r3, [r4, #0]
10007ba2:	e9c4 560f 	strd	r5, r6, [r4, #60]	@ 0x3c
10007ba6:	f001 fe19 	bl	100097dc <vPortEnterCritical>
10007baa:	2300      	movs	r3, #0
10007bac:	20ff      	movs	r0, #255	@ 0xff
10007bae:	63a3      	str	r3, [r4, #56]	@ 0x38
10007bb0:	6c21      	ldr	r1, [r4, #64]	@ 0x40
10007bb2:	6be3      	ldr	r3, [r4, #60]	@ 0x3c
10007bb4:	6822      	ldr	r2, [r4, #0]
10007bb6:	fb01 f303 	mul.w	r3, r1, r3
10007bba:	1a59      	subs	r1, r3, r1
10007bbc:	6062      	str	r2, [r4, #4]
10007bbe:	4413      	add	r3, r2
10007bc0:	440a      	add	r2, r1
10007bc2:	e9c4 3202 	strd	r3, r2, [r4, #8]
10007bc6:	f884 0044 	strb.w	r0, [r4, #68]	@ 0x44
10007bca:	f884 0045 	strb.w	r0, [r4, #69]	@ 0x45
10007bce:	f104 0010 	add.w	r0, r4, #16
10007bd2:	f001 ff85 	bl	10009ae0 <vListInitialise>
10007bd6:	f104 0024 	add.w	r0, r4, #36	@ 0x24
10007bda:	f001 ff81 	bl	10009ae0 <vListInitialise>
10007bde:	f001 fe0b 	bl	100097f8 <vPortExitCritical>
10007be2:	4620      	mov	r0, r4
10007be4:	bd70      	pop	{r4, r5, r6, pc}
10007be6:	2400      	movs	r4, #0
10007be8:	4620      	mov	r0, r4
10007bea:	bd70      	pop	{r4, r5, r6, pc}
10007bec:	4603      	mov	r3, r0
10007bee:	e7d7      	b.n	10007ba0 <xQueueGenericCreate+0x28>

10007bf0 <xQueueGenericSend>:
10007bf0:	e92d 43f0 	stmdb	sp!, {r4, r5, r6, r7, r8, r9, lr}
10007bf4:	4604      	mov	r4, r0
10007bf6:	b085      	sub	sp, #20
10007bf8:	461f      	mov	r7, r3
10007bfa:	9201      	str	r2, [sp, #4]
10007bfc:	4688      	mov	r8, r1
10007bfe:	f001 fded 	bl	100097dc <vPortEnterCritical>
10007c02:	6ba2      	ldr	r2, [r4, #56]	@ 0x38
10007c04:	6be3      	ldr	r3, [r4, #60]	@ 0x3c
10007c06:	429a      	cmp	r2, r3
10007c08:	d379      	bcc.n	10007cfe <xQueueGenericSend+0x10e>
10007c0a:	2f02      	cmp	r7, #2
10007c0c:	d077      	beq.n	10007cfe <xQueueGenericSend+0x10e>
10007c0e:	2200      	movs	r2, #0
10007c10:	f104 0624 	add.w	r6, r4, #36	@ 0x24
10007c14:	9b01      	ldr	r3, [sp, #4]
10007c16:	2b00      	cmp	r3, #0
10007c18:	f000 80d4 	beq.w	10007dc4 <xQueueGenericSend+0x1d4>
10007c1c:	2a00      	cmp	r2, #0
10007c1e:	f000 80cd 	beq.w	10007dbc <xQueueGenericSend+0x1cc>
10007c22:	f001 fde9 	bl	100097f8 <vPortExitCritical>
10007c26:	f000 fffd 	bl	10008c24 <vTaskSuspendAll>
10007c2a:	f001 fdd7 	bl	100097dc <vPortEnterCritical>
10007c2e:	f894 3044 	ldrb.w	r3, [r4, #68]	@ 0x44
10007c32:	2bff      	cmp	r3, #255	@ 0xff
10007c34:	bf04      	itt	eq
10007c36:	2300      	moveq	r3, #0
10007c38:	f884 3044 	strbeq.w	r3, [r4, #68]	@ 0x44
10007c3c:	f894 3045 	ldrb.w	r3, [r4, #69]	@ 0x45
10007c40:	2bff      	cmp	r3, #255	@ 0xff
10007c42:	bf04      	itt	eq
10007c44:	2300      	moveq	r3, #0
10007c46:	f884 3045 	strbeq.w	r3, [r4, #69]	@ 0x45
10007c4a:	f001 fdd5 	bl	100097f8 <vPortExitCritical>
10007c4e:	a802      	add	r0, sp, #8
10007c50:	a901      	add	r1, sp, #4
10007c52:	f001 fa85 	bl	10009160 <xTaskCheckForTimeOut>
10007c56:	2800      	cmp	r0, #0
10007c58:	f040 80ba 	bne.w	10007dd0 <xQueueGenericSend+0x1e0>
10007c5c:	f001 fdbe 	bl	100097dc <vPortEnterCritical>
10007c60:	6ba2      	ldr	r2, [r4, #56]	@ 0x38
10007c62:	6be3      	ldr	r3, [r4, #60]	@ 0x3c
10007c64:	429a      	cmp	r2, r3
10007c66:	d05c      	beq.n	10007d22 <xQueueGenericSend+0x132>
10007c68:	f001 fdc6 	bl	100097f8 <vPortExitCritical>
10007c6c:	f001 fdb6 	bl	100097dc <vPortEnterCritical>
10007c70:	f894 2045 	ldrb.w	r2, [r4, #69]	@ 0x45
10007c74:	b255      	sxtb	r5, r2
10007c76:	2d00      	cmp	r5, #0
10007c78:	dc04      	bgt.n	10007c84 <xQueueGenericSend+0x94>
10007c7a:	e011      	b.n	10007ca0 <xQueueGenericSend+0xb0>
10007c7c:	1e6a      	subs	r2, r5, #1
10007c7e:	b2d3      	uxtb	r3, r2
10007c80:	b255      	sxtb	r5, r2
10007c82:	b16b      	cbz	r3, 10007ca0 <xQueueGenericSend+0xb0>
10007c84:	6a63      	ldr	r3, [r4, #36]	@ 0x24
10007c86:	b15b      	cbz	r3, 10007ca0 <xQueueGenericSend+0xb0>
10007c88:	4630      	mov	r0, r6
10007c8a:	f001 f9f5 	bl	10009078 <xTaskRemoveFromEventList>
10007c8e:	2800      	cmp	r0, #0
10007c90:	d0f4      	beq.n	10007c7c <xQueueGenericSend+0x8c>
10007c92:	f001 fa95 	bl	100091c0 <vTaskMissedYield>
10007c96:	1e6a      	subs	r2, r5, #1
10007c98:	b2d3      	uxtb	r3, r2
10007c9a:	b255      	sxtb	r5, r2
10007c9c:	2b00      	cmp	r3, #0
10007c9e:	d1f1      	bne.n	10007c84 <xQueueGenericSend+0x94>
10007ca0:	23ff      	movs	r3, #255	@ 0xff
10007ca2:	f884 3045 	strb.w	r3, [r4, #69]	@ 0x45
10007ca6:	f001 fda7 	bl	100097f8 <vPortExitCritical>
10007caa:	f001 fd97 	bl	100097dc <vPortEnterCritical>
10007cae:	f894 2044 	ldrb.w	r2, [r4, #68]	@ 0x44
10007cb2:	b255      	sxtb	r5, r2
10007cb4:	2d00      	cmp	r5, #0
10007cb6:	dd14      	ble.n	10007ce2 <xQueueGenericSend+0xf2>
10007cb8:	f104 0910 	add.w	r9, r4, #16
10007cbc:	e003      	b.n	10007cc6 <xQueueGenericSend+0xd6>
10007cbe:	1e6a      	subs	r2, r5, #1
10007cc0:	b2d3      	uxtb	r3, r2
10007cc2:	b255      	sxtb	r5, r2
10007cc4:	b16b      	cbz	r3, 10007ce2 <xQueueGenericSend+0xf2>
10007cc6:	6923      	ldr	r3, [r4, #16]
10007cc8:	b15b      	cbz	r3, 10007ce2 <xQueueGenericSend+0xf2>
10007cca:	4648      	mov	r0, r9
10007ccc:	f001 f9d4 	bl	10009078 <xTaskRemoveFromEventList>
10007cd0:	2800      	cmp	r0, #0
10007cd2:	d0f4      	beq.n	10007cbe <xQueueGenericSend+0xce>
10007cd4:	f001 fa74 	bl	100091c0 <vTaskMissedYield>
10007cd8:	1e6a      	subs	r2, r5, #1
10007cda:	b2d3      	uxtb	r3, r2
10007cdc:	b255      	sxtb	r5, r2
10007cde:	2b00      	cmp	r3, #0
10007ce0:	d1f1      	bne.n	10007cc6 <xQueueGenericSend+0xd6>
10007ce2:	23ff      	movs	r3, #255	@ 0xff
10007ce4:	f884 3044 	strb.w	r3, [r4, #68]	@ 0x44
10007ce8:	f001 fd86 	bl	100097f8 <vPortExitCritical>
10007cec:	f000 ffa2 	bl	10008c34 <xTaskResumeAll>
10007cf0:	f001 fd74 	bl	100097dc <vPortEnterCritical>
10007cf4:	6ba1      	ldr	r1, [r4, #56]	@ 0x38
10007cf6:	6be3      	ldr	r3, [r4, #60]	@ 0x3c
10007cf8:	2201      	movs	r2, #1
10007cfa:	4299      	cmp	r1, r3
10007cfc:	d28a      	bcs.n	10007c14 <xQueueGenericSend+0x24>
10007cfe:	463a      	mov	r2, r7
10007d00:	4641      	mov	r1, r8
10007d02:	4620      	mov	r0, r4
10007d04:	f7ff fefc 	bl	10007b00 <prvCopyDataToQueue>
10007d08:	6a63      	ldr	r3, [r4, #36]	@ 0x24
10007d0a:	2b00      	cmp	r3, #0
10007d0c:	f040 80a8 	bne.w	10007e60 <xQueueGenericSend+0x270>
10007d10:	2800      	cmp	r0, #0
10007d12:	f040 80a2 	bne.w	10007e5a <xQueueGenericSend+0x26a>
10007d16:	f001 fd6f 	bl	100097f8 <vPortExitCritical>
10007d1a:	2001      	movs	r0, #1
10007d1c:	b005      	add	sp, #20
10007d1e:	e8bd 83f0 	ldmia.w	sp!, {r4, r5, r6, r7, r8, r9, pc}
10007d22:	f104 0910 	add.w	r9, r4, #16
10007d26:	f001 fd67 	bl	100097f8 <vPortExitCritical>
10007d2a:	4648      	mov	r0, r9
10007d2c:	9901      	ldr	r1, [sp, #4]
10007d2e:	f001 f8f1 	bl	10008f14 <vTaskPlaceOnEventList>
10007d32:	f001 fd53 	bl	100097dc <vPortEnterCritical>
10007d36:	f894 3045 	ldrb.w	r3, [r4, #69]	@ 0x45
10007d3a:	b25d      	sxtb	r5, r3
10007d3c:	2d00      	cmp	r5, #0
10007d3e:	dc04      	bgt.n	10007d4a <xQueueGenericSend+0x15a>
10007d40:	e011      	b.n	10007d66 <xQueueGenericSend+0x176>
10007d42:	1e6b      	subs	r3, r5, #1
10007d44:	b2da      	uxtb	r2, r3
10007d46:	b25d      	sxtb	r5, r3
10007d48:	b16a      	cbz	r2, 10007d66 <xQueueGenericSend+0x176>
10007d4a:	6a63      	ldr	r3, [r4, #36]	@ 0x24
10007d4c:	b15b      	cbz	r3, 10007d66 <xQueueGenericSend+0x176>
10007d4e:	4630      	mov	r0, r6
10007d50:	f001 f992 	bl	10009078 <xTaskRemoveFromEventList>
10007d54:	2800      	cmp	r0, #0
10007d56:	d0f4      	beq.n	10007d42 <xQueueGenericSend+0x152>
10007d58:	f001 fa32 	bl	100091c0 <vTaskMissedYield>
10007d5c:	1e6b      	subs	r3, r5, #1
10007d5e:	b2da      	uxtb	r2, r3
10007d60:	b25d      	sxtb	r5, r3
10007d62:	2a00      	cmp	r2, #0
10007d64:	d1f1      	bne.n	10007d4a <xQueueGenericSend+0x15a>
10007d66:	23ff      	movs	r3, #255	@ 0xff
10007d68:	f884 3045 	strb.w	r3, [r4, #69]	@ 0x45
10007d6c:	f001 fd44 	bl	100097f8 <vPortExitCritical>
10007d70:	f001 fd34 	bl	100097dc <vPortEnterCritical>
10007d74:	f894 3044 	ldrb.w	r3, [r4, #68]	@ 0x44
10007d78:	b25d      	sxtb	r5, r3
10007d7a:	2d00      	cmp	r5, #0
10007d7c:	dc04      	bgt.n	10007d88 <xQueueGenericSend+0x198>
10007d7e:	e011      	b.n	10007da4 <xQueueGenericSend+0x1b4>
10007d80:	1e6b      	subs	r3, r5, #1
10007d82:	b2da      	uxtb	r2, r3
10007d84:	b25d      	sxtb	r5, r3
10007d86:	b16a      	cbz	r2, 10007da4 <xQueueGenericSend+0x1b4>
10007d88:	6923      	ldr	r3, [r4, #16]
10007d8a:	b15b      	cbz	r3, 10007da4 <xQueueGenericSend+0x1b4>
10007d8c:	4648      	mov	r0, r9
10007d8e:	f001 f973 	bl	10009078 <xTaskRemoveFromEventList>
10007d92:	2800      	cmp	r0, #0
10007d94:	d0f4      	beq.n	10007d80 <xQueueGenericSend+0x190>
10007d96:	f001 fa13 	bl	100091c0 <vTaskMissedYield>
10007d9a:	1e6b      	subs	r3, r5, #1
10007d9c:	b2da      	uxtb	r2, r3
10007d9e:	b25d      	sxtb	r5, r3
10007da0:	2a00      	cmp	r2, #0
10007da2:	d1f1      	bne.n	10007d88 <xQueueGenericSend+0x198>
10007da4:	23ff      	movs	r3, #255	@ 0xff
10007da6:	f884 3044 	strb.w	r3, [r4, #68]	@ 0x44
10007daa:	f001 fd25 	bl	100097f8 <vPortExitCritical>
10007dae:	f000 ff41 	bl	10008c34 <xTaskResumeAll>
10007db2:	2800      	cmp	r0, #0
10007db4:	d19c      	bne.n	10007cf0 <xQueueGenericSend+0x100>
10007db6:	f001 fd05 	bl	100097c4 <vPortYield>
10007dba:	e799      	b.n	10007cf0 <xQueueGenericSend+0x100>
10007dbc:	a802      	add	r0, sp, #8
10007dbe:	f001 f9c3 	bl	10009148 <vTaskInternalSetTimeOutState>
10007dc2:	e72e      	b.n	10007c22 <xQueueGenericSend+0x32>
10007dc4:	f001 fd18 	bl	100097f8 <vPortExitCritical>
10007dc8:	2000      	movs	r0, #0
10007dca:	b005      	add	sp, #20
10007dcc:	e8bd 83f0 	ldmia.w	sp!, {r4, r5, r6, r7, r8, r9, pc}
10007dd0:	f001 fd04 	bl	100097dc <vPortEnterCritical>
10007dd4:	f894 3045 	ldrb.w	r3, [r4, #69]	@ 0x45
10007dd8:	b25d      	sxtb	r5, r3
10007dda:	2d00      	cmp	r5, #0
10007ddc:	dd14      	ble.n	10007e08 <xQueueGenericSend+0x218>
10007dde:	f104 0624 	add.w	r6, r4, #36	@ 0x24
10007de2:	e003      	b.n	10007dec <xQueueGenericSend+0x1fc>
10007de4:	1e6b      	subs	r3, r5, #1
10007de6:	b2da      	uxtb	r2, r3
10007de8:	b25d      	sxtb	r5, r3
10007dea:	b16a      	cbz	r2, 10007e08 <xQueueGenericSend+0x218>
10007dec:	6a63      	ldr	r3, [r4, #36]	@ 0x24
10007dee:	b15b      	cbz	r3, 10007e08 <xQueueGenericSend+0x218>
10007df0:	4630      	mov	r0, r6
10007df2:	f001 f941 	bl	10009078 <xTaskRemoveFromEventList>
10007df6:	2800      	cmp	r0, #0
10007df8:	d0f4      	beq.n	10007de4 <xQueueGenericSend+0x1f4>
10007dfa:	f001 f9e1 	bl	100091c0 <vTaskMissedYield>
10007dfe:	1e6b      	subs	r3, r5, #1
10007e00:	b2da      	uxtb	r2, r3
10007e02:	b25d      	sxtb	r5, r3
10007e04:	2a00      	cmp	r2, #0
10007e06:	d1f1      	bne.n	10007dec <xQueueGenericSend+0x1fc>
10007e08:	23ff      	movs	r3, #255	@ 0xff
10007e0a:	f884 3045 	strb.w	r3, [r4, #69]	@ 0x45
10007e0e:	f001 fcf3 	bl	100097f8 <vPortExitCritical>
10007e12:	f001 fce3 	bl	100097dc <vPortEnterCritical>
10007e16:	f894 3044 	ldrb.w	r3, [r4, #68]	@ 0x44
10007e1a:	b25d      	sxtb	r5, r3
10007e1c:	2d00      	cmp	r5, #0
10007e1e:	dd14      	ble.n	10007e4a <xQueueGenericSend+0x25a>
10007e20:	f104 0610 	add.w	r6, r4, #16
10007e24:	e003      	b.n	10007e2e <xQueueGenericSend+0x23e>
10007e26:	1e6b      	subs	r3, r5, #1
10007e28:	b2da      	uxtb	r2, r3
10007e2a:	b25d      	sxtb	r5, r3
10007e2c:	b16a      	cbz	r2, 10007e4a <xQueueGenericSend+0x25a>
10007e2e:	6923      	ldr	r3, [r4, #16]
10007e30:	b15b      	cbz	r3, 10007e4a <xQueueGenericSend+0x25a>
10007e32:	4630      	mov	r0, r6
10007e34:	f001 f920 	bl	10009078 <xTaskRemoveFromEventList>
10007e38:	2800      	cmp	r0, #0
10007e3a:	d0f4      	beq.n	10007e26 <xQueueGenericSend+0x236>
10007e3c:	f001 f9c0 	bl	100091c0 <vTaskMissedYield>
10007e40:	1e6b      	subs	r3, r5, #1
10007e42:	b2da      	uxtb	r2, r3
10007e44:	b25d      	sxtb	r5, r3
10007e46:	2a00      	cmp	r2, #0
10007e48:	d1f1      	bne.n	10007e2e <xQueueGenericSend+0x23e>
10007e4a:	23ff      	movs	r3, #255	@ 0xff
10007e4c:	f884 3044 	strb.w	r3, [r4, #68]	@ 0x44
10007e50:	f001 fcd2 	bl	100097f8 <vPortExitCritical>
10007e54:	f000 feee 	bl	10008c34 <xTaskResumeAll>
10007e58:	e7b6      	b.n	10007dc8 <xQueueGenericSend+0x1d8>
10007e5a:	f001 fcb3 	bl	100097c4 <vPortYield>
10007e5e:	e75a      	b.n	10007d16 <xQueueGenericSend+0x126>
10007e60:	f104 0024 	add.w	r0, r4, #36	@ 0x24
10007e64:	f001 f908 	bl	10009078 <xTaskRemoveFromEventList>
10007e68:	2800      	cmp	r0, #0
10007e6a:	f43f af54 	beq.w	10007d16 <xQueueGenericSend+0x126>
10007e6e:	e7f4      	b.n	10007e5a <xQueueGenericSend+0x26a>

10007e70 <xQueueCreateMutex>:
10007e70:	b538      	push	{r3, r4, r5, lr}
10007e72:	2048      	movs	r0, #72	@ 0x48
10007e74:	f001 fc58 	bl	10009728 <pvPortMalloc>
10007e78:	4604      	mov	r4, r0
10007e7a:	b350      	cbz	r0, 10007ed2 <xQueueCreateMutex+0x62>
10007e7c:	2500      	movs	r5, #0
10007e7e:	2301      	movs	r3, #1
10007e80:	6020      	str	r0, [r4, #0]
10007e82:	e9c0 350f 	strd	r3, r5, [r0, #60]	@ 0x3c
10007e86:	f001 fca9 	bl	100097dc <vPortEnterCritical>
10007e8a:	e9d4 310f 	ldrd	r3, r1, [r4, #60]	@ 0x3c
10007e8e:	20ff      	movs	r0, #255	@ 0xff
10007e90:	fb01 f303 	mul.w	r3, r1, r3
10007e94:	6822      	ldr	r2, [r4, #0]
10007e96:	1a59      	subs	r1, r3, r1
10007e98:	6062      	str	r2, [r4, #4]
10007e9a:	4413      	add	r3, r2
10007e9c:	440a      	add	r2, r1
10007e9e:	e9c4 3202 	strd	r3, r2, [r4, #8]
10007ea2:	63a5      	str	r5, [r4, #56]	@ 0x38
10007ea4:	f884 0044 	strb.w	r0, [r4, #68]	@ 0x44
10007ea8:	f884 0045 	strb.w	r0, [r4, #69]	@ 0x45
10007eac:	f104 0010 	add.w	r0, r4, #16
10007eb0:	f001 fe16 	bl	10009ae0 <vListInitialise>
10007eb4:	f104 0024 	add.w	r0, r4, #36	@ 0x24
10007eb8:	f001 fe12 	bl	10009ae0 <vListInitialise>
10007ebc:	f001 fc9c 	bl	100097f8 <vPortExitCritical>
10007ec0:	462b      	mov	r3, r5
10007ec2:	462a      	mov	r2, r5
10007ec4:	4629      	mov	r1, r5
10007ec6:	4620      	mov	r0, r4
10007ec8:	60a5      	str	r5, [r4, #8]
10007eca:	6025      	str	r5, [r4, #0]
10007ecc:	60e5      	str	r5, [r4, #12]
10007ece:	f7ff fe8f 	bl	10007bf0 <xQueueGenericSend>
10007ed2:	4620      	mov	r0, r4
10007ed4:	bd38      	pop	{r3, r4, r5, pc}
10007ed6:	bf00      	nop

10007ed8 <xQueueGiveFromISR>:
10007ed8:	b5f8      	push	{r3, r4, r5, r6, r7, lr}
10007eda:	4604      	mov	r4, r0
10007edc:	460e      	mov	r6, r1
10007ede:	f001 fd57 	bl	10009990 <vPortValidateInterruptPriority>
10007ee2:	f001 fd8f 	bl	10009a04 <ulSetInterruptMask>
10007ee6:	6ba3      	ldr	r3, [r4, #56]	@ 0x38
10007ee8:	6be2      	ldr	r2, [r4, #60]	@ 0x3c
10007eea:	4605      	mov	r5, r0
10007eec:	429a      	cmp	r2, r3
10007eee:	d90e      	bls.n	10007f0e <xQueueGiveFromISR+0x36>
10007ef0:	f894 2045 	ldrb.w	r2, [r4, #69]	@ 0x45
10007ef4:	3301      	adds	r3, #1
10007ef6:	2aff      	cmp	r2, #255	@ 0xff
10007ef8:	63a3      	str	r3, [r4, #56]	@ 0x38
10007efa:	b257      	sxtb	r7, r2
10007efc:	d10d      	bne.n	10007f1a <xQueueGiveFromISR+0x42>
10007efe:	6a63      	ldr	r3, [r4, #36]	@ 0x24
10007f00:	b9ab      	cbnz	r3, 10007f2e <xQueueGiveFromISR+0x56>
10007f02:	2401      	movs	r4, #1
10007f04:	4628      	mov	r0, r5
10007f06:	f001 fd89 	bl	10009a1c <vClearInterruptMask>
10007f0a:	4620      	mov	r0, r4
10007f0c:	bdf8      	pop	{r3, r4, r5, r6, r7, pc}
10007f0e:	2400      	movs	r4, #0
10007f10:	4628      	mov	r0, r5
10007f12:	f001 fd83 	bl	10009a1c <vClearInterruptMask>
10007f16:	4620      	mov	r0, r4
10007f18:	bdf8      	pop	{r3, r4, r5, r6, r7, pc}
10007f1a:	f000 ff93 	bl	10008e44 <uxTaskGetNumberOfTasks>
10007f1e:	4287      	cmp	r7, r0
10007f20:	d2ef      	bcs.n	10007f02 <xQueueGiveFromISR+0x2a>
10007f22:	3701      	adds	r7, #1
10007f24:	b27f      	sxtb	r7, r7
10007f26:	f884 7045 	strb.w	r7, [r4, #69]	@ 0x45
10007f2a:	2401      	movs	r4, #1
10007f2c:	e7ea      	b.n	10007f04 <xQueueGiveFromISR+0x2c>
10007f2e:	f104 0024 	add.w	r0, r4, #36	@ 0x24
10007f32:	f001 f8a1 	bl	10009078 <xTaskRemoveFromEventList>
10007f36:	2800      	cmp	r0, #0
10007f38:	d0e3      	beq.n	10007f02 <xQueueGiveFromISR+0x2a>
10007f3a:	2e00      	cmp	r6, #0
10007f3c:	d0e1      	beq.n	10007f02 <xQueueGiveFromISR+0x2a>
10007f3e:	2301      	movs	r3, #1
10007f40:	6033      	str	r3, [r6, #0]
10007f42:	e7de      	b.n	10007f02 <xQueueGiveFromISR+0x2a>

10007f44 <xQueueReceive>:
10007f44:	e92d 43f0 	stmdb	sp!, {r4, r5, r6, r7, r8, r9, lr}
10007f48:	4604      	mov	r4, r0
10007f4a:	b085      	sub	sp, #20
10007f4c:	4688      	mov	r8, r1
10007f4e:	9201      	str	r2, [sp, #4]
10007f50:	f001 fc44 	bl	100097dc <vPortEnterCritical>
10007f54:	6ba5      	ldr	r5, [r4, #56]	@ 0x38
10007f56:	2d00      	cmp	r5, #0
10007f58:	f040 8117 	bne.w	1000818a <xQueueReceive+0x246>
10007f5c:	9b01      	ldr	r3, [sp, #4]
10007f5e:	2b00      	cmp	r3, #0
10007f60:	f000 80c6 	beq.w	100080f0 <xQueueReceive+0x1ac>
10007f64:	a802      	add	r0, sp, #8
10007f66:	f001 f8ef 	bl	10009148 <vTaskInternalSetTimeOutState>
10007f6a:	462f      	mov	r7, r5
10007f6c:	f104 0624 	add.w	r6, r4, #36	@ 0x24
10007f70:	f001 fc42 	bl	100097f8 <vPortExitCritical>
10007f74:	f000 fe56 	bl	10008c24 <vTaskSuspendAll>
10007f78:	f001 fc30 	bl	100097dc <vPortEnterCritical>
10007f7c:	f894 3044 	ldrb.w	r3, [r4, #68]	@ 0x44
10007f80:	2bff      	cmp	r3, #255	@ 0xff
10007f82:	bf08      	it	eq
10007f84:	f884 7044 	strbeq.w	r7, [r4, #68]	@ 0x44
10007f88:	f894 3045 	ldrb.w	r3, [r4, #69]	@ 0x45
10007f8c:	2bff      	cmp	r3, #255	@ 0xff
10007f8e:	bf08      	it	eq
10007f90:	f884 7045 	strbeq.w	r7, [r4, #69]	@ 0x45
10007f94:	f001 fc30 	bl	100097f8 <vPortExitCritical>
10007f98:	a901      	add	r1, sp, #4
10007f9a:	a802      	add	r0, sp, #8
10007f9c:	f001 f8e0 	bl	10009160 <xTaskCheckForTimeOut>
10007fa0:	2800      	cmp	r0, #0
10007fa2:	d154      	bne.n	1000804e <xQueueReceive+0x10a>
10007fa4:	f001 fc1a 	bl	100097dc <vPortEnterCritical>
10007fa8:	6ba3      	ldr	r3, [r4, #56]	@ 0x38
10007faa:	2b00      	cmp	r3, #0
10007fac:	f040 80a6 	bne.w	100080fc <xQueueReceive+0x1b8>
10007fb0:	f104 0924 	add.w	r9, r4, #36	@ 0x24
10007fb4:	f001 fc20 	bl	100097f8 <vPortExitCritical>
10007fb8:	4648      	mov	r0, r9
10007fba:	9901      	ldr	r1, [sp, #4]
10007fbc:	f000 ffaa 	bl	10008f14 <vTaskPlaceOnEventList>
10007fc0:	f001 fc0c 	bl	100097dc <vPortEnterCritical>
10007fc4:	f894 3045 	ldrb.w	r3, [r4, #69]	@ 0x45
10007fc8:	b25d      	sxtb	r5, r3
10007fca:	2d00      	cmp	r5, #0
10007fcc:	dc04      	bgt.n	10007fd8 <xQueueReceive+0x94>
10007fce:	e011      	b.n	10007ff4 <xQueueReceive+0xb0>
10007fd0:	1e6b      	subs	r3, r5, #1
10007fd2:	b2da      	uxtb	r2, r3
10007fd4:	b25d      	sxtb	r5, r3
10007fd6:	b16a      	cbz	r2, 10007ff4 <xQueueReceive+0xb0>
10007fd8:	6a63      	ldr	r3, [r4, #36]	@ 0x24
10007fda:	b15b      	cbz	r3, 10007ff4 <xQueueReceive+0xb0>
10007fdc:	4648      	mov	r0, r9
10007fde:	f001 f84b 	bl	10009078 <xTaskRemoveFromEventList>
10007fe2:	2800      	cmp	r0, #0
10007fe4:	d0f4      	beq.n	10007fd0 <xQueueReceive+0x8c>
10007fe6:	f001 f8eb 	bl	100091c0 <vTaskMissedYield>
10007fea:	1e6b      	subs	r3, r5, #1
10007fec:	b2da      	uxtb	r2, r3
10007fee:	b25d      	sxtb	r5, r3
10007ff0:	2a00      	cmp	r2, #0
10007ff2:	d1f1      	bne.n	10007fd8 <xQueueReceive+0x94>
10007ff4:	23ff      	movs	r3, #255	@ 0xff
10007ff6:	f884 3045 	strb.w	r3, [r4, #69]	@ 0x45
10007ffa:	f001 fbfd 	bl	100097f8 <vPortExitCritical>
10007ffe:	f001 fbed 	bl	100097dc <vPortEnterCritical>
10008002:	f894 3044 	ldrb.w	r3, [r4, #68]	@ 0x44
10008006:	b25d      	sxtb	r5, r3
10008008:	2d00      	cmp	r5, #0
1000800a:	dd14      	ble.n	10008036 <xQueueReceive+0xf2>
1000800c:	f104 0910 	add.w	r9, r4, #16
10008010:	e003      	b.n	1000801a <xQueueReceive+0xd6>
10008012:	1e6b      	subs	r3, r5, #1
10008014:	b2da      	uxtb	r2, r3
10008016:	b25d      	sxtb	r5, r3
10008018:	b16a      	cbz	r2, 10008036 <xQueueReceive+0xf2>
1000801a:	6923      	ldr	r3, [r4, #16]
1000801c:	b15b      	cbz	r3, 10008036 <xQueueReceive+0xf2>
1000801e:	4648      	mov	r0, r9
10008020:	f001 f82a 	bl	10009078 <xTaskRemoveFromEventList>
10008024:	2800      	cmp	r0, #0
10008026:	d0f4      	beq.n	10008012 <xQueueReceive+0xce>
10008028:	f001 f8ca 	bl	100091c0 <vTaskMissedYield>
1000802c:	1e6b      	subs	r3, r5, #1
1000802e:	b2da      	uxtb	r2, r3
10008030:	b25d      	sxtb	r5, r3
10008032:	2a00      	cmp	r2, #0
10008034:	d1f1      	bne.n	1000801a <xQueueReceive+0xd6>
10008036:	23ff      	movs	r3, #255	@ 0xff
10008038:	f884 3044 	strb.w	r3, [r4, #68]	@ 0x44
1000803c:	f001 fbdc 	bl	100097f8 <vPortExitCritical>
10008040:	f000 fdf8 	bl	10008c34 <xTaskResumeAll>
10008044:	2800      	cmp	r0, #0
10008046:	d14a      	bne.n	100080de <xQueueReceive+0x19a>
10008048:	f001 fbbc 	bl	100097c4 <vPortYield>
1000804c:	e047      	b.n	100080de <xQueueReceive+0x19a>
1000804e:	f001 fbc5 	bl	100097dc <vPortEnterCritical>
10008052:	f894 3045 	ldrb.w	r3, [r4, #69]	@ 0x45
10008056:	b25d      	sxtb	r5, r3
10008058:	2d00      	cmp	r5, #0
1000805a:	dc04      	bgt.n	10008066 <xQueueReceive+0x122>
1000805c:	e011      	b.n	10008082 <xQueueReceive+0x13e>
1000805e:	1e6b      	subs	r3, r5, #1
10008060:	b2da      	uxtb	r2, r3
10008062:	b25d      	sxtb	r5, r3
10008064:	b16a      	cbz	r2, 10008082 <xQueueReceive+0x13e>
10008066:	6a63      	ldr	r3, [r4, #36]	@ 0x24
10008068:	b15b      	cbz	r3, 10008082 <xQueueReceive+0x13e>
1000806a:	4630      	mov	r0, r6
1000806c:	f001 f804 	bl	10009078 <xTaskRemoveFromEventList>
10008070:	2800      	cmp	r0, #0
10008072:	d0f4      	beq.n	1000805e <xQueueReceive+0x11a>
10008074:	f001 f8a4 	bl	100091c0 <vTaskMissedYield>
10008078:	1e6b      	subs	r3, r5, #1
1000807a:	b2da      	uxtb	r2, r3
1000807c:	b25d      	sxtb	r5, r3
1000807e:	2a00      	cmp	r2, #0
10008080:	d1f1      	bne.n	10008066 <xQueueReceive+0x122>
10008082:	23ff      	movs	r3, #255	@ 0xff
10008084:	f884 3045 	strb.w	r3, [r4, #69]	@ 0x45
10008088:	f001 fbb6 	bl	100097f8 <vPortExitCritical>
1000808c:	f001 fba6 	bl	100097dc <vPortEnterCritical>
10008090:	f894 3044 	ldrb.w	r3, [r4, #68]	@ 0x44
10008094:	b25d      	sxtb	r5, r3
10008096:	2d00      	cmp	r5, #0
10008098:	dd14      	ble.n	100080c4 <xQueueReceive+0x180>
1000809a:	f104 0910 	add.w	r9, r4, #16
1000809e:	e003      	b.n	100080a8 <xQueueReceive+0x164>
100080a0:	1e6b      	subs	r3, r5, #1
100080a2:	b2da      	uxtb	r2, r3
100080a4:	b25d      	sxtb	r5, r3
100080a6:	b16a      	cbz	r2, 100080c4 <xQueueReceive+0x180>
100080a8:	6923      	ldr	r3, [r4, #16]
100080aa:	b15b      	cbz	r3, 100080c4 <xQueueReceive+0x180>
100080ac:	4648      	mov	r0, r9
100080ae:	f000 ffe3 	bl	10009078 <xTaskRemoveFromEventList>
100080b2:	2800      	cmp	r0, #0
100080b4:	d0f4      	beq.n	100080a0 <xQueueReceive+0x15c>
100080b6:	f001 f883 	bl	100091c0 <vTaskMissedYield>
100080ba:	1e6b      	subs	r3, r5, #1
100080bc:	b2da      	uxtb	r2, r3
100080be:	b25d      	sxtb	r5, r3
100080c0:	2a00      	cmp	r2, #0
100080c2:	d1f1      	bne.n	100080a8 <xQueueReceive+0x164>
100080c4:	23ff      	movs	r3, #255	@ 0xff
100080c6:	f884 3044 	strb.w	r3, [r4, #68]	@ 0x44
100080ca:	f001 fb95 	bl	100097f8 <vPortExitCritical>
100080ce:	f000 fdb1 	bl	10008c34 <xTaskResumeAll>
100080d2:	f001 fb83 	bl	100097dc <vPortEnterCritical>
100080d6:	6ba3      	ldr	r3, [r4, #56]	@ 0x38
100080d8:	b153      	cbz	r3, 100080f0 <xQueueReceive+0x1ac>
100080da:	f001 fb8d 	bl	100097f8 <vPortExitCritical>
100080de:	f001 fb7d 	bl	100097dc <vPortEnterCritical>
100080e2:	6ba5      	ldr	r5, [r4, #56]	@ 0x38
100080e4:	2d00      	cmp	r5, #0
100080e6:	d150      	bne.n	1000818a <xQueueReceive+0x246>
100080e8:	9b01      	ldr	r3, [sp, #4]
100080ea:	2b00      	cmp	r3, #0
100080ec:	f47f af40 	bne.w	10007f70 <xQueueReceive+0x2c>
100080f0:	f001 fb82 	bl	100097f8 <vPortExitCritical>
100080f4:	2000      	movs	r0, #0
100080f6:	b005      	add	sp, #20
100080f8:	e8bd 83f0 	ldmia.w	sp!, {r4, r5, r6, r7, r8, r9, pc}
100080fc:	f001 fb7c 	bl	100097f8 <vPortExitCritical>
10008100:	f001 fb6c 	bl	100097dc <vPortEnterCritical>
10008104:	f894 3045 	ldrb.w	r3, [r4, #69]	@ 0x45
10008108:	b25d      	sxtb	r5, r3
1000810a:	2d00      	cmp	r5, #0
1000810c:	dd14      	ble.n	10008138 <xQueueReceive+0x1f4>
1000810e:	f104 0924 	add.w	r9, r4, #36	@ 0x24
10008112:	e003      	b.n	1000811c <xQueueReceive+0x1d8>
10008114:	1e6b      	subs	r3, r5, #1
10008116:	b2da      	uxtb	r2, r3
10008118:	b25d      	sxtb	r5, r3
1000811a:	b16a      	cbz	r2, 10008138 <xQueueReceive+0x1f4>
1000811c:	6a63      	ldr	r3, [r4, #36]	@ 0x24
1000811e:	b15b      	cbz	r3, 10008138 <xQueueReceive+0x1f4>
10008120:	4648      	mov	r0, r9
10008122:	f000 ffa9 	bl	10009078 <xTaskRemoveFromEventList>
10008126:	2800      	cmp	r0, #0
10008128:	d0f4      	beq.n	10008114 <xQueueReceive+0x1d0>
1000812a:	f001 f849 	bl	100091c0 <vTaskMissedYield>
1000812e:	1e6b      	subs	r3, r5, #1
10008130:	b2da      	uxtb	r2, r3
10008132:	b25d      	sxtb	r5, r3
10008134:	2a00      	cmp	r2, #0
10008136:	d1f1      	bne.n	1000811c <xQueueReceive+0x1d8>
10008138:	23ff      	movs	r3, #255	@ 0xff
1000813a:	f884 3045 	strb.w	r3, [r4, #69]	@ 0x45
1000813e:	f001 fb5b 	bl	100097f8 <vPortExitCritical>
10008142:	f001 fb4b 	bl	100097dc <vPortEnterCritical>
10008146:	f894 3044 	ldrb.w	r3, [r4, #68]	@ 0x44
1000814a:	b25d      	sxtb	r5, r3
1000814c:	2d00      	cmp	r5, #0
1000814e:	dd14      	ble.n	1000817a <xQueueReceive+0x236>
10008150:	f104 0910 	add.w	r9, r4, #16
10008154:	e003      	b.n	1000815e <xQueueReceive+0x21a>
10008156:	1e6b      	subs	r3, r5, #1
10008158:	b2da      	uxtb	r2, r3
1000815a:	b25d      	sxtb	r5, r3
1000815c:	b16a      	cbz	r2, 1000817a <xQueueReceive+0x236>
1000815e:	6923      	ldr	r3, [r4, #16]
10008160:	b15b      	cbz	r3, 1000817a <xQueueReceive+0x236>
10008162:	4648      	mov	r0, r9
10008164:	f000 ff88 	bl	10009078 <xTaskRemoveFromEventList>
10008168:	2800      	cmp	r0, #0
1000816a:	d0f4      	beq.n	10008156 <xQueueReceive+0x212>
1000816c:	f001 f828 	bl	100091c0 <vTaskMissedYield>
10008170:	1e6b      	subs	r3, r5, #1
10008172:	b2da      	uxtb	r2, r3
10008174:	b25d      	sxtb	r5, r3
10008176:	2a00      	cmp	r2, #0
10008178:	d1f1      	bne.n	1000815e <xQueueReceive+0x21a>
1000817a:	23ff      	movs	r3, #255	@ 0xff
1000817c:	f884 3044 	strb.w	r3, [r4, #68]	@ 0x44
10008180:	f001 fb3a 	bl	100097f8 <vPortExitCritical>
10008184:	f000 fd56 	bl	10008c34 <xTaskResumeAll>
10008188:	e7a9      	b.n	100080de <xQueueReceive+0x19a>
1000818a:	6c22      	ldr	r2, [r4, #64]	@ 0x40
1000818c:	b15a      	cbz	r2, 100081a6 <xQueueReceive+0x262>
1000818e:	68e1      	ldr	r1, [r4, #12]
10008190:	68a3      	ldr	r3, [r4, #8]
10008192:	4411      	add	r1, r2
10008194:	4299      	cmp	r1, r3
10008196:	60e1      	str	r1, [r4, #12]
10008198:	bf28      	it	cs
1000819a:	6821      	ldrcs	r1, [r4, #0]
1000819c:	4640      	mov	r0, r8
1000819e:	bf28      	it	cs
100081a0:	60e1      	strcs	r1, [r4, #12]
100081a2:	f002 fb1b 	bl	1000a7dc <memcpy>
100081a6:	6923      	ldr	r3, [r4, #16]
100081a8:	3d01      	subs	r5, #1
100081aa:	63a5      	str	r5, [r4, #56]	@ 0x38
100081ac:	b92b      	cbnz	r3, 100081ba <xQueueReceive+0x276>
100081ae:	f001 fb23 	bl	100097f8 <vPortExitCritical>
100081b2:	2001      	movs	r0, #1
100081b4:	b005      	add	sp, #20
100081b6:	e8bd 83f0 	ldmia.w	sp!, {r4, r5, r6, r7, r8, r9, pc}
100081ba:	f104 0010 	add.w	r0, r4, #16
100081be:	f000 ff5b 	bl	10009078 <xTaskRemoveFromEventList>
100081c2:	2800      	cmp	r0, #0
100081c4:	d0f3      	beq.n	100081ae <xQueueReceive+0x26a>
100081c6:	f001 fafd 	bl	100097c4 <vPortYield>
100081ca:	e7f0      	b.n	100081ae <xQueueReceive+0x26a>

100081cc <xQueueSemaphoreTake>:
100081cc:	e92d 43f0 	stmdb	sp!, {r4, r5, r6, r7, r8, r9, lr}
100081d0:	4604      	mov	r4, r0
100081d2:	b085      	sub	sp, #20
100081d4:	9101      	str	r1, [sp, #4]
100081d6:	f001 fb01 	bl	100097dc <vPortEnterCritical>
100081da:	6ba5      	ldr	r5, [r4, #56]	@ 0x38
100081dc:	2d00      	cmp	r5, #0
100081de:	f040 813b 	bne.w	10008458 <xQueueSemaphoreTake+0x28c>
100081e2:	9b01      	ldr	r3, [sp, #4]
100081e4:	2b00      	cmp	r3, #0
100081e6:	f000 8081 	beq.w	100082ec <xQueueSemaphoreTake+0x120>
100081ea:	a802      	add	r0, sp, #8
100081ec:	f000 ffac 	bl	10009148 <vTaskInternalSetTimeOutState>
100081f0:	462f      	mov	r7, r5
100081f2:	46a8      	mov	r8, r5
100081f4:	f104 0624 	add.w	r6, r4, #36	@ 0x24
100081f8:	f001 fafe 	bl	100097f8 <vPortExitCritical>
100081fc:	f000 fd12 	bl	10008c24 <vTaskSuspendAll>
10008200:	f001 faec 	bl	100097dc <vPortEnterCritical>
10008204:	f894 3044 	ldrb.w	r3, [r4, #68]	@ 0x44
10008208:	2bff      	cmp	r3, #255	@ 0xff
1000820a:	bf08      	it	eq
1000820c:	f884 8044 	strbeq.w	r8, [r4, #68]	@ 0x44
10008210:	f894 3045 	ldrb.w	r3, [r4, #69]	@ 0x45
10008214:	2bff      	cmp	r3, #255	@ 0xff
10008216:	bf08      	it	eq
10008218:	f884 8045 	strbeq.w	r8, [r4, #69]	@ 0x45
1000821c:	f001 faec 	bl	100097f8 <vPortExitCritical>
10008220:	a901      	add	r1, sp, #4
10008222:	a802      	add	r0, sp, #8
10008224:	f000 ff9c 	bl	10009160 <xTaskCheckForTimeOut>
10008228:	2800      	cmp	r0, #0
1000822a:	d162      	bne.n	100082f2 <xQueueSemaphoreTake+0x126>
1000822c:	f001 fad6 	bl	100097dc <vPortEnterCritical>
10008230:	6ba3      	ldr	r3, [r4, #56]	@ 0x38
10008232:	2b00      	cmp	r3, #0
10008234:	f040 80ac 	bne.w	10008390 <xQueueSemaphoreTake+0x1c4>
10008238:	f001 fade 	bl	100097f8 <vPortExitCritical>
1000823c:	6823      	ldr	r3, [r4, #0]
1000823e:	2b00      	cmp	r3, #0
10008240:	f000 8101 	beq.w	10008446 <xQueueSemaphoreTake+0x27a>
10008244:	f104 0924 	add.w	r9, r4, #36	@ 0x24
10008248:	4648      	mov	r0, r9
1000824a:	9901      	ldr	r1, [sp, #4]
1000824c:	f000 fe62 	bl	10008f14 <vTaskPlaceOnEventList>
10008250:	f001 fac4 	bl	100097dc <vPortEnterCritical>
10008254:	f894 3045 	ldrb.w	r3, [r4, #69]	@ 0x45
10008258:	b25d      	sxtb	r5, r3
1000825a:	2d00      	cmp	r5, #0
1000825c:	dc04      	bgt.n	10008268 <xQueueSemaphoreTake+0x9c>
1000825e:	e011      	b.n	10008284 <xQueueSemaphoreTake+0xb8>
10008260:	1e6b      	subs	r3, r5, #1
10008262:	b2da      	uxtb	r2, r3
10008264:	b25d      	sxtb	r5, r3
10008266:	b16a      	cbz	r2, 10008284 <xQueueSemaphoreTake+0xb8>
10008268:	6a63      	ldr	r3, [r4, #36]	@ 0x24
1000826a:	b15b      	cbz	r3, 10008284 <xQueueSemaphoreTake+0xb8>
1000826c:	4648      	mov	r0, r9
1000826e:	f000 ff03 	bl	10009078 <xTaskRemoveFromEventList>
10008272:	2800      	cmp	r0, #0
10008274:	d0f4      	beq.n	10008260 <xQueueSemaphoreTake+0x94>
10008276:	f000 ffa3 	bl	100091c0 <vTaskMissedYield>
1000827a:	1e6b      	subs	r3, r5, #1
1000827c:	b2da      	uxtb	r2, r3
1000827e:	b25d      	sxtb	r5, r3
10008280:	2a00      	cmp	r2, #0
10008282:	d1f1      	bne.n	10008268 <xQueueSemaphoreTake+0x9c>
10008284:	23ff      	movs	r3, #255	@ 0xff
10008286:	f884 3045 	strb.w	r3, [r4, #69]	@ 0x45
1000828a:	f001 fab5 	bl	100097f8 <vPortExitCritical>
1000828e:	f001 faa5 	bl	100097dc <vPortEnterCritical>
10008292:	f894 3044 	ldrb.w	r3, [r4, #68]	@ 0x44
10008296:	b25d      	sxtb	r5, r3
10008298:	2d00      	cmp	r5, #0
1000829a:	dd14      	ble.n	100082c6 <xQueueSemaphoreTake+0xfa>
1000829c:	f104 0910 	add.w	r9, r4, #16
100082a0:	e003      	b.n	100082aa <xQueueSemaphoreTake+0xde>
100082a2:	1e6b      	subs	r3, r5, #1
100082a4:	b2da      	uxtb	r2, r3
100082a6:	b25d      	sxtb	r5, r3
100082a8:	b16a      	cbz	r2, 100082c6 <xQueueSemaphoreTake+0xfa>
100082aa:	6923      	ldr	r3, [r4, #16]
100082ac:	b15b      	cbz	r3, 100082c6 <xQueueSemaphoreTake+0xfa>
100082ae:	4648      	mov	r0, r9
100082b0:	f000 fee2 	bl	10009078 <xTaskRemoveFromEventList>
100082b4:	2800      	cmp	r0, #0
100082b6:	d0f4      	beq.n	100082a2 <xQueueSemaphoreTake+0xd6>
100082b8:	f000 ff82 	bl	100091c0 <vTaskMissedYield>
100082bc:	1e6b      	subs	r3, r5, #1
100082be:	b2da      	uxtb	r2, r3
100082c0:	b25d      	sxtb	r5, r3
100082c2:	2a00      	cmp	r2, #0
100082c4:	d1f1      	bne.n	100082aa <xQueueSemaphoreTake+0xde>
100082c6:	23ff      	movs	r3, #255	@ 0xff
100082c8:	f884 3044 	strb.w	r3, [r4, #68]	@ 0x44
100082cc:	f001 fa94 	bl	100097f8 <vPortExitCritical>
100082d0:	f000 fcb0 	bl	10008c34 <xTaskResumeAll>
100082d4:	2800      	cmp	r0, #0
100082d6:	f000 80a5 	beq.w	10008424 <xQueueSemaphoreTake+0x258>
100082da:	f001 fa7f 	bl	100097dc <vPortEnterCritical>
100082de:	6ba5      	ldr	r5, [r4, #56]	@ 0x38
100082e0:	2d00      	cmp	r5, #0
100082e2:	f040 80b9 	bne.w	10008458 <xQueueSemaphoreTake+0x28c>
100082e6:	9b01      	ldr	r3, [sp, #4]
100082e8:	2b00      	cmp	r3, #0
100082ea:	d185      	bne.n	100081f8 <xQueueSemaphoreTake+0x2c>
100082ec:	f001 fa84 	bl	100097f8 <vPortExitCritical>
100082f0:	e04a      	b.n	10008388 <xQueueSemaphoreTake+0x1bc>
100082f2:	f001 fa73 	bl	100097dc <vPortEnterCritical>
100082f6:	f894 3045 	ldrb.w	r3, [r4, #69]	@ 0x45
100082fa:	b25d      	sxtb	r5, r3
100082fc:	2d00      	cmp	r5, #0
100082fe:	dc04      	bgt.n	1000830a <xQueueSemaphoreTake+0x13e>
10008300:	e011      	b.n	10008326 <xQueueSemaphoreTake+0x15a>
10008302:	1e6b      	subs	r3, r5, #1
10008304:	b2da      	uxtb	r2, r3
10008306:	b25d      	sxtb	r5, r3
10008308:	b16a      	cbz	r2, 10008326 <xQueueSemaphoreTake+0x15a>
1000830a:	6a63      	ldr	r3, [r4, #36]	@ 0x24
1000830c:	b15b      	cbz	r3, 10008326 <xQueueSemaphoreTake+0x15a>
1000830e:	4630      	mov	r0, r6
10008310:	f000 feb2 	bl	10009078 <xTaskRemoveFromEventList>
10008314:	2800      	cmp	r0, #0
10008316:	d0f4      	beq.n	10008302 <xQueueSemaphoreTake+0x136>
10008318:	f000 ff52 	bl	100091c0 <vTaskMissedYield>
1000831c:	1e6b      	subs	r3, r5, #1
1000831e:	b2da      	uxtb	r2, r3
10008320:	b25d      	sxtb	r5, r3
10008322:	2a00      	cmp	r2, #0
10008324:	d1f1      	bne.n	1000830a <xQueueSemaphoreTake+0x13e>
10008326:	23ff      	movs	r3, #255	@ 0xff
10008328:	f884 3045 	strb.w	r3, [r4, #69]	@ 0x45
1000832c:	f001 fa64 	bl	100097f8 <vPortExitCritical>
10008330:	f001 fa54 	bl	100097dc <vPortEnterCritical>
10008334:	f894 3044 	ldrb.w	r3, [r4, #68]	@ 0x44
10008338:	b25d      	sxtb	r5, r3
1000833a:	2d00      	cmp	r5, #0
1000833c:	dd14      	ble.n	10008368 <xQueueSemaphoreTake+0x19c>
1000833e:	f104 0910 	add.w	r9, r4, #16
10008342:	e003      	b.n	1000834c <xQueueSemaphoreTake+0x180>
10008344:	1e6b      	subs	r3, r5, #1
10008346:	b2da      	uxtb	r2, r3
10008348:	b25d      	sxtb	r5, r3
1000834a:	b16a      	cbz	r2, 10008368 <xQueueSemaphoreTake+0x19c>
1000834c:	6923      	ldr	r3, [r4, #16]
1000834e:	b15b      	cbz	r3, 10008368 <xQueueSemaphoreTake+0x19c>
10008350:	4648      	mov	r0, r9
10008352:	f000 fe91 	bl	10009078 <xTaskRemoveFromEventList>
10008356:	2800      	cmp	r0, #0
10008358:	d0f4      	beq.n	10008344 <xQueueSemaphoreTake+0x178>
1000835a:	f000 ff31 	bl	100091c0 <vTaskMissedYield>
1000835e:	1e6b      	subs	r3, r5, #1
10008360:	b2da      	uxtb	r2, r3
10008362:	b25d      	sxtb	r5, r3
10008364:	2a00      	cmp	r2, #0
10008366:	d1f1      	bne.n	1000834c <xQueueSemaphoreTake+0x180>
10008368:	23ff      	movs	r3, #255	@ 0xff
1000836a:	f884 3044 	strb.w	r3, [r4, #68]	@ 0x44
1000836e:	f001 fa43 	bl	100097f8 <vPortExitCritical>
10008372:	f000 fc5f 	bl	10008c34 <xTaskResumeAll>
10008376:	f001 fa31 	bl	100097dc <vPortEnterCritical>
1000837a:	6ba3      	ldr	r3, [r4, #56]	@ 0x38
1000837c:	2b00      	cmp	r3, #0
1000837e:	d14e      	bne.n	1000841e <xQueueSemaphoreTake+0x252>
10008380:	f001 fa3a 	bl	100097f8 <vPortExitCritical>
10008384:	2f00      	cmp	r7, #0
10008386:	d150      	bne.n	1000842a <xQueueSemaphoreTake+0x25e>
10008388:	2000      	movs	r0, #0
1000838a:	b005      	add	sp, #20
1000838c:	e8bd 83f0 	ldmia.w	sp!, {r4, r5, r6, r7, r8, r9, pc}
10008390:	f001 fa32 	bl	100097f8 <vPortExitCritical>
10008394:	f001 fa22 	bl	100097dc <vPortEnterCritical>
10008398:	f894 3045 	ldrb.w	r3, [r4, #69]	@ 0x45
1000839c:	b25d      	sxtb	r5, r3
1000839e:	2d00      	cmp	r5, #0
100083a0:	dd14      	ble.n	100083cc <xQueueSemaphoreTake+0x200>
100083a2:	f104 0924 	add.w	r9, r4, #36	@ 0x24
100083a6:	e003      	b.n	100083b0 <xQueueSemaphoreTake+0x1e4>
100083a8:	1e6b      	subs	r3, r5, #1
100083aa:	b2da      	uxtb	r2, r3
100083ac:	b25d      	sxtb	r5, r3
100083ae:	b16a      	cbz	r2, 100083cc <xQueueSemaphoreTake+0x200>
100083b0:	6a63      	ldr	r3, [r4, #36]	@ 0x24
100083b2:	b15b      	cbz	r3, 100083cc <xQueueSemaphoreTake+0x200>
100083b4:	4648      	mov	r0, r9
100083b6:	f000 fe5f 	bl	10009078 <xTaskRemoveFromEventList>
100083ba:	2800      	cmp	r0, #0
100083bc:	d0f4      	beq.n	100083a8 <xQueueSemaphoreTake+0x1dc>
100083be:	f000 feff 	bl	100091c0 <vTaskMissedYield>
100083c2:	1e6b      	subs	r3, r5, #1
100083c4:	b2da      	uxtb	r2, r3
100083c6:	b25d      	sxtb	r5, r3
100083c8:	2a00      	cmp	r2, #0
100083ca:	d1f1      	bne.n	100083b0 <xQueueSemaphoreTake+0x1e4>
100083cc:	23ff      	movs	r3, #255	@ 0xff
100083ce:	f884 3045 	strb.w	r3, [r4, #69]	@ 0x45
100083d2:	f001 fa11 	bl	100097f8 <vPortExitCritical>
100083d6:	f001 fa01 	bl	100097dc <vPortEnterCritical>
100083da:	f894 3044 	ldrb.w	r3, [r4, #68]	@ 0x44
100083de:	b25d      	sxtb	r5, r3
100083e0:	2d00      	cmp	r5, #0
100083e2:	dd14      	ble.n	1000840e <xQueueSemaphoreTake+0x242>
100083e4:	f104 0910 	add.w	r9, r4, #16
100083e8:	e003      	b.n	100083f2 <xQueueSemaphoreTake+0x226>
100083ea:	1e6b      	subs	r3, r5, #1
100083ec:	b2da      	uxtb	r2, r3
100083ee:	b25d      	sxtb	r5, r3
100083f0:	b16a      	cbz	r2, 1000840e <xQueueSemaphoreTake+0x242>
100083f2:	6923      	ldr	r3, [r4, #16]
100083f4:	b15b      	cbz	r3, 1000840e <xQueueSemaphoreTake+0x242>
100083f6:	4648      	mov	r0, r9
100083f8:	f000 fe3e 	bl	10009078 <xTaskRemoveFromEventList>
100083fc:	2800      	cmp	r0, #0
100083fe:	d0f4      	beq.n	100083ea <xQueueSemaphoreTake+0x21e>
10008400:	f000 fede 	bl	100091c0 <vTaskMissedYield>
10008404:	1e6b      	subs	r3, r5, #1
10008406:	b2da      	uxtb	r2, r3
10008408:	b25d      	sxtb	r5, r3
1000840a:	2a00      	cmp	r2, #0
1000840c:	d1f1      	bne.n	100083f2 <xQueueSemaphoreTake+0x226>
1000840e:	23ff      	movs	r3, #255	@ 0xff
10008410:	f884 3044 	strb.w	r3, [r4, #68]	@ 0x44
10008414:	f001 f9f0 	bl	100097f8 <vPortExitCritical>
10008418:	f000 fc0c 	bl	10008c34 <xTaskResumeAll>
1000841c:	e75d      	b.n	100082da <xQueueSemaphoreTake+0x10e>
1000841e:	f001 f9eb 	bl	100097f8 <vPortExitCritical>
10008422:	e75a      	b.n	100082da <xQueueSemaphoreTake+0x10e>
10008424:	f001 f9ce 	bl	100097c4 <vPortYield>
10008428:	e757      	b.n	100082da <xQueueSemaphoreTake+0x10e>
1000842a:	f001 f9d7 	bl	100097dc <vPortEnterCritical>
1000842e:	6a61      	ldr	r1, [r4, #36]	@ 0x24
10008430:	b119      	cbz	r1, 1000843a <xQueueSemaphoreTake+0x26e>
10008432:	6b23      	ldr	r3, [r4, #48]	@ 0x30
10008434:	6819      	ldr	r1, [r3, #0]
10008436:	f1c1 0106 	rsb	r1, r1, #6
1000843a:	68a0      	ldr	r0, [r4, #8]
1000843c:	f000 ff44 	bl	100092c8 <vTaskPriorityDisinheritAfterTimeout>
10008440:	f001 f9da 	bl	100097f8 <vPortExitCritical>
10008444:	e7a0      	b.n	10008388 <xQueueSemaphoreTake+0x1bc>
10008446:	f001 f9c9 	bl	100097dc <vPortEnterCritical>
1000844a:	68a0      	ldr	r0, [r4, #8]
1000844c:	f000 febe 	bl	100091cc <xTaskPriorityInherit>
10008450:	4607      	mov	r7, r0
10008452:	f001 f9d1 	bl	100097f8 <vPortExitCritical>
10008456:	e6f5      	b.n	10008244 <xQueueSemaphoreTake+0x78>
10008458:	6823      	ldr	r3, [r4, #0]
1000845a:	3d01      	subs	r5, #1
1000845c:	63a5      	str	r5, [r4, #56]	@ 0x38
1000845e:	b183      	cbz	r3, 10008482 <xQueueSemaphoreTake+0x2b6>
10008460:	6923      	ldr	r3, [r4, #16]
10008462:	b92b      	cbnz	r3, 10008470 <xQueueSemaphoreTake+0x2a4>
10008464:	f001 f9c8 	bl	100097f8 <vPortExitCritical>
10008468:	2001      	movs	r0, #1
1000846a:	b005      	add	sp, #20
1000846c:	e8bd 83f0 	ldmia.w	sp!, {r4, r5, r6, r7, r8, r9, pc}
10008470:	f104 0010 	add.w	r0, r4, #16
10008474:	f000 fe00 	bl	10009078 <xTaskRemoveFromEventList>
10008478:	2800      	cmp	r0, #0
1000847a:	d0f3      	beq.n	10008464 <xQueueSemaphoreTake+0x298>
1000847c:	f001 f9a2 	bl	100097c4 <vPortYield>
10008480:	e7f0      	b.n	10008464 <xQueueSemaphoreTake+0x298>
10008482:	f000 ff5d 	bl	10009340 <pvTaskIncrementMutexHeldCount>
10008486:	60a0      	str	r0, [r4, #8]
10008488:	e7ea      	b.n	10008460 <xQueueSemaphoreTake+0x294>
1000848a:	bf00      	nop

1000848c <vQueueAddToRegistry>:
1000848c:	2900      	cmp	r1, #0
1000848e:	d06b      	beq.n	10008568 <vQueueAddToRegistry+0xdc>
10008490:	4b56      	ldr	r3, [pc, #344]	@ (100085ec <vQueueAddToRegistry+0x160>)
10008492:	685a      	ldr	r2, [r3, #4]
10008494:	4290      	cmp	r0, r2
10008496:	f000 808b 	beq.w	100085b0 <vQueueAddToRegistry+0x124>
1000849a:	681a      	ldr	r2, [r3, #0]
1000849c:	b410      	push	{r4}
1000849e:	2a00      	cmp	r2, #0
100084a0:	d03b      	beq.n	1000851a <vQueueAddToRegistry+0x8e>
100084a2:	68da      	ldr	r2, [r3, #12]
100084a4:	4290      	cmp	r0, r2
100084a6:	f000 809e 	beq.w	100085e6 <vQueueAddToRegistry+0x15a>
100084aa:	689a      	ldr	r2, [r3, #8]
100084ac:	2a00      	cmp	r2, #0
100084ae:	d055      	beq.n	1000855c <vQueueAddToRegistry+0xd0>
100084b0:	695a      	ldr	r2, [r3, #20]
100084b2:	4290      	cmp	r0, r2
100084b4:	f000 8095 	beq.w	100085e2 <vQueueAddToRegistry+0x156>
100084b8:	691a      	ldr	r2, [r3, #16]
100084ba:	2a00      	cmp	r2, #0
100084bc:	d055      	beq.n	1000856a <vQueueAddToRegistry+0xde>
100084be:	69da      	ldr	r2, [r3, #28]
100084c0:	4290      	cmp	r0, r2
100084c2:	f000 8082 	beq.w	100085ca <vQueueAddToRegistry+0x13e>
100084c6:	699a      	ldr	r2, [r3, #24]
100084c8:	2a00      	cmp	r2, #0
100084ca:	d054      	beq.n	10008576 <vQueueAddToRegistry+0xea>
100084cc:	6a5a      	ldr	r2, [r3, #36]	@ 0x24
100084ce:	4290      	cmp	r0, r2
100084d0:	d056      	beq.n	10008580 <vQueueAddToRegistry+0xf4>
100084d2:	6a1a      	ldr	r2, [r3, #32]
100084d4:	2a00      	cmp	r2, #0
100084d6:	d057      	beq.n	10008588 <vQueueAddToRegistry+0xfc>
100084d8:	6ada      	ldr	r2, [r3, #44]	@ 0x2c
100084da:	4290      	cmp	r0, r2
100084dc:	d077      	beq.n	100085ce <vQueueAddToRegistry+0x142>
100084de:	6a9a      	ldr	r2, [r3, #40]	@ 0x28
100084e0:	2a00      	cmp	r2, #0
100084e2:	d056      	beq.n	10008592 <vQueueAddToRegistry+0x106>
100084e4:	6b5a      	ldr	r2, [r3, #52]	@ 0x34
100084e6:	4290      	cmp	r0, r2
100084e8:	d073      	beq.n	100085d2 <vQueueAddToRegistry+0x146>
100084ea:	6b1a      	ldr	r2, [r3, #48]	@ 0x30
100084ec:	2a00      	cmp	r2, #0
100084ee:	d055      	beq.n	1000859c <vQueueAddToRegistry+0x110>
100084f0:	6bda      	ldr	r2, [r3, #60]	@ 0x3c
100084f2:	4290      	cmp	r0, r2
100084f4:	d06f      	beq.n	100085d6 <vQueueAddToRegistry+0x14a>
100084f6:	6b9a      	ldr	r2, [r3, #56]	@ 0x38
100084f8:	2a00      	cmp	r2, #0
100084fa:	d054      	beq.n	100085a6 <vQueueAddToRegistry+0x11a>
100084fc:	6c5a      	ldr	r2, [r3, #68]	@ 0x44
100084fe:	4290      	cmp	r0, r2
10008500:	d06b      	beq.n	100085da <vQueueAddToRegistry+0x14e>
10008502:	6c1a      	ldr	r2, [r3, #64]	@ 0x40
10008504:	2a00      	cmp	r2, #0
10008506:	d059      	beq.n	100085bc <vQueueAddToRegistry+0x130>
10008508:	6cda      	ldr	r2, [r3, #76]	@ 0x4c
1000850a:	4290      	cmp	r0, r2
1000850c:	d067      	beq.n	100085de <vQueueAddToRegistry+0x152>
1000850e:	6c9b      	ldr	r3, [r3, #72]	@ 0x48
10008510:	2b00      	cmp	r3, #0
10008512:	d058      	beq.n	100085c6 <vQueueAddToRegistry+0x13a>
10008514:	f85d 4b04 	ldr.w	r4, [sp], #4
10008518:	4770      	bx	lr
1000851a:	68da      	ldr	r2, [r3, #12]
1000851c:	4290      	cmp	r0, r2
1000851e:	d062      	beq.n	100085e6 <vQueueAddToRegistry+0x15a>
10008520:	695a      	ldr	r2, [r3, #20]
10008522:	4290      	cmp	r0, r2
10008524:	d05d      	beq.n	100085e2 <vQueueAddToRegistry+0x156>
10008526:	461a      	mov	r2, r3
10008528:	69dc      	ldr	r4, [r3, #28]
1000852a:	42a0      	cmp	r0, r4
1000852c:	d04d      	beq.n	100085ca <vQueueAddToRegistry+0x13e>
1000852e:	6a5c      	ldr	r4, [r3, #36]	@ 0x24
10008530:	42a0      	cmp	r0, r4
10008532:	d025      	beq.n	10008580 <vQueueAddToRegistry+0xf4>
10008534:	6adc      	ldr	r4, [r3, #44]	@ 0x2c
10008536:	42a0      	cmp	r0, r4
10008538:	d049      	beq.n	100085ce <vQueueAddToRegistry+0x142>
1000853a:	6b5c      	ldr	r4, [r3, #52]	@ 0x34
1000853c:	42a0      	cmp	r0, r4
1000853e:	d048      	beq.n	100085d2 <vQueueAddToRegistry+0x146>
10008540:	6bdc      	ldr	r4, [r3, #60]	@ 0x3c
10008542:	42a0      	cmp	r0, r4
10008544:	d047      	beq.n	100085d6 <vQueueAddToRegistry+0x14a>
10008546:	6c5c      	ldr	r4, [r3, #68]	@ 0x44
10008548:	42a0      	cmp	r0, r4
1000854a:	d046      	beq.n	100085da <vQueueAddToRegistry+0x14e>
1000854c:	6cdc      	ldr	r4, [r3, #76]	@ 0x4c
1000854e:	42a0      	cmp	r0, r4
10008550:	d045      	beq.n	100085de <vQueueAddToRegistry+0x152>
10008552:	e9c2 1000 	strd	r1, r0, [r2]
10008556:	f85d 4b04 	ldr.w	r4, [sp], #4
1000855a:	4770      	bx	lr
1000855c:	695a      	ldr	r2, [r3, #20]
1000855e:	4290      	cmp	r0, r2
10008560:	d03f      	beq.n	100085e2 <vQueueAddToRegistry+0x156>
10008562:	f103 0208 	add.w	r2, r3, #8
10008566:	e7df      	b.n	10008528 <vQueueAddToRegistry+0x9c>
10008568:	4770      	bx	lr
1000856a:	69da      	ldr	r2, [r3, #28]
1000856c:	4290      	cmp	r0, r2
1000856e:	d02c      	beq.n	100085ca <vQueueAddToRegistry+0x13e>
10008570:	f103 0210 	add.w	r2, r3, #16
10008574:	e7db      	b.n	1000852e <vQueueAddToRegistry+0xa2>
10008576:	6a5a      	ldr	r2, [r3, #36]	@ 0x24
10008578:	4290      	cmp	r0, r2
1000857a:	d001      	beq.n	10008580 <vQueueAddToRegistry+0xf4>
1000857c:	4a1c      	ldr	r2, [pc, #112]	@ (100085f0 <vQueueAddToRegistry+0x164>)
1000857e:	e7d9      	b.n	10008534 <vQueueAddToRegistry+0xa8>
10008580:	2204      	movs	r2, #4
10008582:	eb03 02c2 	add.w	r2, r3, r2, lsl #3
10008586:	e7e4      	b.n	10008552 <vQueueAddToRegistry+0xc6>
10008588:	6ada      	ldr	r2, [r3, #44]	@ 0x2c
1000858a:	4290      	cmp	r0, r2
1000858c:	d01f      	beq.n	100085ce <vQueueAddToRegistry+0x142>
1000858e:	4a19      	ldr	r2, [pc, #100]	@ (100085f4 <vQueueAddToRegistry+0x168>)
10008590:	e7d3      	b.n	1000853a <vQueueAddToRegistry+0xae>
10008592:	6b5a      	ldr	r2, [r3, #52]	@ 0x34
10008594:	4290      	cmp	r0, r2
10008596:	d01c      	beq.n	100085d2 <vQueueAddToRegistry+0x146>
10008598:	4a17      	ldr	r2, [pc, #92]	@ (100085f8 <vQueueAddToRegistry+0x16c>)
1000859a:	e7d1      	b.n	10008540 <vQueueAddToRegistry+0xb4>
1000859c:	6bda      	ldr	r2, [r3, #60]	@ 0x3c
1000859e:	4290      	cmp	r0, r2
100085a0:	d019      	beq.n	100085d6 <vQueueAddToRegistry+0x14a>
100085a2:	4a16      	ldr	r2, [pc, #88]	@ (100085fc <vQueueAddToRegistry+0x170>)
100085a4:	e7cf      	b.n	10008546 <vQueueAddToRegistry+0xba>
100085a6:	6c5a      	ldr	r2, [r3, #68]	@ 0x44
100085a8:	4290      	cmp	r0, r2
100085aa:	d016      	beq.n	100085da <vQueueAddToRegistry+0x14e>
100085ac:	4a14      	ldr	r2, [pc, #80]	@ (10008600 <vQueueAddToRegistry+0x174>)
100085ae:	e7cd      	b.n	1000854c <vQueueAddToRegistry+0xc0>
100085b0:	2200      	movs	r2, #0
100085b2:	eb03 02c2 	add.w	r2, r3, r2, lsl #3
100085b6:	e9c2 1000 	strd	r1, r0, [r2]
100085ba:	4770      	bx	lr
100085bc:	6cda      	ldr	r2, [r3, #76]	@ 0x4c
100085be:	4290      	cmp	r0, r2
100085c0:	d00d      	beq.n	100085de <vQueueAddToRegistry+0x152>
100085c2:	4a10      	ldr	r2, [pc, #64]	@ (10008604 <vQueueAddToRegistry+0x178>)
100085c4:	e7c5      	b.n	10008552 <vQueueAddToRegistry+0xc6>
100085c6:	4a10      	ldr	r2, [pc, #64]	@ (10008608 <vQueueAddToRegistry+0x17c>)
100085c8:	e7c3      	b.n	10008552 <vQueueAddToRegistry+0xc6>
100085ca:	2203      	movs	r2, #3
100085cc:	e7d9      	b.n	10008582 <vQueueAddToRegistry+0xf6>
100085ce:	2205      	movs	r2, #5
100085d0:	e7d7      	b.n	10008582 <vQueueAddToRegistry+0xf6>
100085d2:	2206      	movs	r2, #6
100085d4:	e7d5      	b.n	10008582 <vQueueAddToRegistry+0xf6>
100085d6:	2207      	movs	r2, #7
100085d8:	e7d3      	b.n	10008582 <vQueueAddToRegistry+0xf6>
100085da:	2208      	movs	r2, #8
100085dc:	e7d1      	b.n	10008582 <vQueueAddToRegistry+0xf6>
100085de:	2209      	movs	r2, #9
100085e0:	e7cf      	b.n	10008582 <vQueueAddToRegistry+0xf6>
100085e2:	2202      	movs	r2, #2
100085e4:	e7cd      	b.n	10008582 <vQueueAddToRegistry+0xf6>
100085e6:	2201      	movs	r2, #1
100085e8:	e7cb      	b.n	10008582 <vQueueAddToRegistry+0xf6>
100085ea:	bf00      	nop
100085ec:	20001cc8 	.word	0x20001cc8
100085f0:	20001ce0 	.word	0x20001ce0
100085f4:	20001ce8 	.word	0x20001ce8
100085f8:	20001cf0 	.word	0x20001cf0
100085fc:	20001cf8 	.word	0x20001cf8
10008600:	20001d00 	.word	0x20001d00
10008604:	20001d08 	.word	0x20001d08
10008608:	20001d10 	.word	0x20001d10

1000860c <vQueueWaitForMessageRestricted>:
1000860c:	b570      	push	{r4, r5, r6, lr}
1000860e:	4605      	mov	r5, r0
10008610:	460e      	mov	r6, r1
10008612:	4614      	mov	r4, r2
10008614:	f001 f8e2 	bl	100097dc <vPortEnterCritical>
10008618:	f895 3044 	ldrb.w	r3, [r5, #68]	@ 0x44
1000861c:	2bff      	cmp	r3, #255	@ 0xff
1000861e:	bf04      	itt	eq
10008620:	2300      	moveq	r3, #0
10008622:	f885 3044 	strbeq.w	r3, [r5, #68]	@ 0x44
10008626:	f895 3045 	ldrb.w	r3, [r5, #69]	@ 0x45
1000862a:	2bff      	cmp	r3, #255	@ 0xff
1000862c:	bf04      	itt	eq
1000862e:	2300      	moveq	r3, #0
10008630:	f885 3045 	strbeq.w	r3, [r5, #69]	@ 0x45
10008634:	f001 f8e0 	bl	100097f8 <vPortExitCritical>
10008638:	6bab      	ldr	r3, [r5, #56]	@ 0x38
1000863a:	2b00      	cmp	r3, #0
1000863c:	d043      	beq.n	100086c6 <vQueueWaitForMessageRestricted+0xba>
1000863e:	f001 f8cd 	bl	100097dc <vPortEnterCritical>
10008642:	f895 3045 	ldrb.w	r3, [r5, #69]	@ 0x45
10008646:	b25c      	sxtb	r4, r3
10008648:	2c00      	cmp	r4, #0
1000864a:	dd14      	ble.n	10008676 <vQueueWaitForMessageRestricted+0x6a>
1000864c:	f105 0624 	add.w	r6, r5, #36	@ 0x24
10008650:	e003      	b.n	1000865a <vQueueWaitForMessageRestricted+0x4e>
10008652:	1e63      	subs	r3, r4, #1
10008654:	b2da      	uxtb	r2, r3
10008656:	b25c      	sxtb	r4, r3
10008658:	b16a      	cbz	r2, 10008676 <vQueueWaitForMessageRestricted+0x6a>
1000865a:	6a6b      	ldr	r3, [r5, #36]	@ 0x24
1000865c:	b15b      	cbz	r3, 10008676 <vQueueWaitForMessageRestricted+0x6a>
1000865e:	4630      	mov	r0, r6
10008660:	f000 fd0a 	bl	10009078 <xTaskRemoveFromEventList>
10008664:	2800      	cmp	r0, #0
10008666:	d0f4      	beq.n	10008652 <vQueueWaitForMessageRestricted+0x46>
10008668:	f000 fdaa 	bl	100091c0 <vTaskMissedYield>
1000866c:	1e63      	subs	r3, r4, #1
1000866e:	b2da      	uxtb	r2, r3
10008670:	b25c      	sxtb	r4, r3
10008672:	2a00      	cmp	r2, #0
10008674:	d1f1      	bne.n	1000865a <vQueueWaitForMessageRestricted+0x4e>
10008676:	23ff      	movs	r3, #255	@ 0xff
10008678:	f885 3045 	strb.w	r3, [r5, #69]	@ 0x45
1000867c:	f001 f8bc 	bl	100097f8 <vPortExitCritical>
10008680:	f001 f8ac 	bl	100097dc <vPortEnterCritical>
10008684:	f895 3044 	ldrb.w	r3, [r5, #68]	@ 0x44
10008688:	b25c      	sxtb	r4, r3
1000868a:	2c00      	cmp	r4, #0
1000868c:	dd14      	ble.n	100086b8 <vQueueWaitForMessageRestricted+0xac>
1000868e:	f105 0610 	add.w	r6, r5, #16
10008692:	e003      	b.n	1000869c <vQueueWaitForMessageRestricted+0x90>
10008694:	1e63      	subs	r3, r4, #1
10008696:	b2da      	uxtb	r2, r3
10008698:	b25c      	sxtb	r4, r3
1000869a:	b16a      	cbz	r2, 100086b8 <vQueueWaitForMessageRestricted+0xac>
1000869c:	692b      	ldr	r3, [r5, #16]
1000869e:	b15b      	cbz	r3, 100086b8 <vQueueWaitForMessageRestricted+0xac>
100086a0:	4630      	mov	r0, r6
100086a2:	f000 fce9 	bl	10009078 <xTaskRemoveFromEventList>
100086a6:	2800      	cmp	r0, #0
100086a8:	d0f4      	beq.n	10008694 <vQueueWaitForMessageRestricted+0x88>
100086aa:	f000 fd89 	bl	100091c0 <vTaskMissedYield>
100086ae:	1e63      	subs	r3, r4, #1
100086b0:	b2da      	uxtb	r2, r3
100086b2:	b25c      	sxtb	r4, r3
100086b4:	2a00      	cmp	r2, #0
100086b6:	d1f1      	bne.n	1000869c <vQueueWaitForMessageRestricted+0x90>
100086b8:	23ff      	movs	r3, #255	@ 0xff
100086ba:	f885 3044 	strb.w	r3, [r5, #68]	@ 0x44
100086be:	e8bd 4070 	ldmia.w	sp!, {r4, r5, r6, lr}
100086c2:	f001 b899 	b.w	100097f8 <vPortExitCritical>
100086c6:	4622      	mov	r2, r4
100086c8:	4631      	mov	r1, r6
100086ca:	f105 0024 	add.w	r0, r5, #36	@ 0x24
100086ce:	f000 fc6d 	bl	10008fac <vTaskPlaceOnEventListRestricted>
100086d2:	e7b4      	b.n	1000863e <vQueueWaitForMessageRestricted+0x32>

100086d4 <prvAddNewTaskToReadyList>:
100086d4:	e92d 41f0 	stmdb	sp!, {r4, r5, r6, r7, r8, lr}
100086d8:	4604      	mov	r4, r0
100086da:	f001 f87f 	bl	100097dc <vPortEnterCritical>
100086de:	4a36      	ldr	r2, [pc, #216]	@ (100087b8 <prvAddNewTaskToReadyList+0xe4>)
100086e0:	4e36      	ldr	r6, [pc, #216]	@ (100087bc <prvAddNewTaskToReadyList+0xe8>)
100086e2:	6813      	ldr	r3, [r2, #0]
100086e4:	3301      	adds	r3, #1
100086e6:	6013      	str	r3, [r2, #0]
100086e8:	6833      	ldr	r3, [r6, #0]
100086ea:	2b00      	cmp	r3, #0
100086ec:	d034      	beq.n	10008758 <prvAddNewTaskToReadyList+0x84>
100086ee:	4f34      	ldr	r7, [pc, #208]	@ (100087c0 <prvAddNewTaskToReadyList+0xec>)
100086f0:	6ae3      	ldr	r3, [r4, #44]	@ 0x2c
100086f2:	683a      	ldr	r2, [r7, #0]
100086f4:	b34a      	cbz	r2, 1000874a <prvAddNewTaskToReadyList+0x76>
100086f6:	4d33      	ldr	r5, [pc, #204]	@ (100087c4 <prvAddNewTaskToReadyList+0xf0>)
100086f8:	4933      	ldr	r1, [pc, #204]	@ (100087c8 <prvAddNewTaskToReadyList+0xf4>)
100086fa:	4834      	ldr	r0, [pc, #208]	@ (100087cc <prvAddNewTaskToReadyList+0xf8>)
100086fc:	680a      	ldr	r2, [r1, #0]
100086fe:	f104 0c04 	add.w	ip, r4, #4
10008702:	3201      	adds	r2, #1
10008704:	600a      	str	r2, [r1, #0]
10008706:	6802      	ldr	r2, [r0, #0]
10008708:	429a      	cmp	r2, r3
1000870a:	bf38      	it	cc
1000870c:	6003      	strcc	r3, [r0, #0]
1000870e:	eb03 0383 	add.w	r3, r3, r3, lsl #2
10008712:	eb05 0083 	add.w	r0, r5, r3, lsl #2
10008716:	6841      	ldr	r1, [r0, #4]
10008718:	009b      	lsls	r3, r3, #2
1000871a:	58ea      	ldr	r2, [r5, r3]
1000871c:	f8d1 e008 	ldr.w	lr, [r1, #8]
10008720:	60a1      	str	r1, [r4, #8]
10008722:	f8c4 e00c 	str.w	lr, [r4, #12]
10008726:	3201      	adds	r2, #1
10008728:	f8ce c004 	str.w	ip, [lr, #4]
1000872c:	f8c1 c008 	str.w	ip, [r1, #8]
10008730:	6160      	str	r0, [r4, #20]
10008732:	50ea      	str	r2, [r5, r3]
10008734:	f001 f860 	bl	100097f8 <vPortExitCritical>
10008738:	683b      	ldr	r3, [r7, #0]
1000873a:	b123      	cbz	r3, 10008746 <prvAddNewTaskToReadyList+0x72>
1000873c:	6832      	ldr	r2, [r6, #0]
1000873e:	6ae3      	ldr	r3, [r4, #44]	@ 0x2c
10008740:	6ad2      	ldr	r2, [r2, #44]	@ 0x2c
10008742:	429a      	cmp	r2, r3
10008744:	d310      	bcc.n	10008768 <prvAddNewTaskToReadyList+0x94>
10008746:	e8bd 81f0 	ldmia.w	sp!, {r4, r5, r6, r7, r8, pc}
1000874a:	6832      	ldr	r2, [r6, #0]
1000874c:	4d1d      	ldr	r5, [pc, #116]	@ (100087c4 <prvAddNewTaskToReadyList+0xf0>)
1000874e:	6ad2      	ldr	r2, [r2, #44]	@ 0x2c
10008750:	429a      	cmp	r2, r3
10008752:	bf98      	it	ls
10008754:	6034      	strls	r4, [r6, #0]
10008756:	e7cf      	b.n	100086f8 <prvAddNewTaskToReadyList+0x24>
10008758:	6034      	str	r4, [r6, #0]
1000875a:	6813      	ldr	r3, [r2, #0]
1000875c:	2b01      	cmp	r3, #1
1000875e:	d007      	beq.n	10008770 <prvAddNewTaskToReadyList+0x9c>
10008760:	6ae3      	ldr	r3, [r4, #44]	@ 0x2c
10008762:	4d18      	ldr	r5, [pc, #96]	@ (100087c4 <prvAddNewTaskToReadyList+0xf0>)
10008764:	4f16      	ldr	r7, [pc, #88]	@ (100087c0 <prvAddNewTaskToReadyList+0xec>)
10008766:	e7c7      	b.n	100086f8 <prvAddNewTaskToReadyList+0x24>
10008768:	e8bd 41f0 	ldmia.w	sp!, {r4, r5, r6, r7, r8, lr}
1000876c:	f001 b82a 	b.w	100097c4 <vPortYield>
10008770:	4d14      	ldr	r5, [pc, #80]	@ (100087c4 <prvAddNewTaskToReadyList+0xf0>)
10008772:	462f      	mov	r7, r5
10008774:	f105 0878 	add.w	r8, r5, #120	@ 0x78
10008778:	4638      	mov	r0, r7
1000877a:	3714      	adds	r7, #20
1000877c:	f001 f9b0 	bl	10009ae0 <vListInitialise>
10008780:	4547      	cmp	r7, r8
10008782:	d1f9      	bne.n	10008778 <prvAddNewTaskToReadyList+0xa4>
10008784:	f8df 8060 	ldr.w	r8, [pc, #96]	@ 100087e8 <prvAddNewTaskToReadyList+0x114>
10008788:	4f11      	ldr	r7, [pc, #68]	@ (100087d0 <prvAddNewTaskToReadyList+0xfc>)
1000878a:	4640      	mov	r0, r8
1000878c:	f001 f9a8 	bl	10009ae0 <vListInitialise>
10008790:	4638      	mov	r0, r7
10008792:	f001 f9a5 	bl	10009ae0 <vListInitialise>
10008796:	480f      	ldr	r0, [pc, #60]	@ (100087d4 <prvAddNewTaskToReadyList+0x100>)
10008798:	f001 f9a2 	bl	10009ae0 <vListInitialise>
1000879c:	480e      	ldr	r0, [pc, #56]	@ (100087d8 <prvAddNewTaskToReadyList+0x104>)
1000879e:	f001 f99f 	bl	10009ae0 <vListInitialise>
100087a2:	480e      	ldr	r0, [pc, #56]	@ (100087dc <prvAddNewTaskToReadyList+0x108>)
100087a4:	f001 f99c 	bl	10009ae0 <vListInitialise>
100087a8:	4b0d      	ldr	r3, [pc, #52]	@ (100087e0 <prvAddNewTaskToReadyList+0x10c>)
100087aa:	f8c3 8000 	str.w	r8, [r3]
100087ae:	4b0d      	ldr	r3, [pc, #52]	@ (100087e4 <prvAddNewTaskToReadyList+0x110>)
100087b0:	601f      	str	r7, [r3, #0]
100087b2:	6ae3      	ldr	r3, [r4, #44]	@ 0x2c
100087b4:	4f02      	ldr	r7, [pc, #8]	@ (100087c0 <prvAddNewTaskToReadyList+0xec>)
100087b6:	e79f      	b.n	100086f8 <prvAddNewTaskToReadyList+0x24>
100087b8:	20002a30 	.word	0x20002a30
100087bc:	20002968 	.word	0x20002968
100087c0:	20002ac0 	.word	0x20002ac0
100087c4:	2000297c 	.word	0x2000297c
100087c8:	20002a3c 	.word	0x20002a3c
100087cc:	20002a40 	.word	0x20002a40
100087d0:	20002a80 	.word	0x20002a80
100087d4:	20002aac 	.word	0x20002aac
100087d8:	20002ad8 	.word	0x20002ad8
100087dc:	20002ac4 	.word	0x20002ac4
100087e0:	20002970 	.word	0x20002970
100087e4:	20002974 	.word	0x20002974
100087e8:	20002a6c 	.word	0x20002a6c

100087ec <prvIdleTask>:
100087ec:	b580      	push	{r7, lr}
100087ee:	4d12      	ldr	r5, [pc, #72]	@ (10008838 <prvIdleTask+0x4c>)
100087f0:	4f12      	ldr	r7, [pc, #72]	@ (1000883c <prvIdleTask+0x50>)
100087f2:	4e13      	ldr	r6, [pc, #76]	@ (10008840 <prvIdleTask+0x54>)
100087f4:	f8df 804c 	ldr.w	r8, [pc, #76]	@ 10008844 <prvIdleTask+0x58>
100087f8:	e014      	b.n	10008824 <prvIdleTask+0x38>
100087fa:	f000 ffef 	bl	100097dc <vPortEnterCritical>
100087fe:	68fb      	ldr	r3, [r7, #12]
10008800:	68dc      	ldr	r4, [r3, #12]
10008802:	1d20      	adds	r0, r4, #4
10008804:	f001 f9a2 	bl	10009b4c <uxListRemove>
10008808:	6833      	ldr	r3, [r6, #0]
1000880a:	3b01      	subs	r3, #1
1000880c:	6033      	str	r3, [r6, #0]
1000880e:	682b      	ldr	r3, [r5, #0]
10008810:	3b01      	subs	r3, #1
10008812:	602b      	str	r3, [r5, #0]
10008814:	f000 fff0 	bl	100097f8 <vPortExitCritical>
10008818:	6b20      	ldr	r0, [r4, #48]	@ 0x30
1000881a:	f000 ff91 	bl	10009740 <vPortFree>
1000881e:	4620      	mov	r0, r4
10008820:	f000 ff8e 	bl	10009740 <vPortFree>
10008824:	682b      	ldr	r3, [r5, #0]
10008826:	2b00      	cmp	r3, #0
10008828:	d1e7      	bne.n	100087fa <prvIdleTask+0xe>
1000882a:	f8d8 3000 	ldr.w	r3, [r8]
1000882e:	2b01      	cmp	r3, #1
10008830:	d9f8      	bls.n	10008824 <prvIdleTask+0x38>
10008832:	f000 ffc7 	bl	100097c4 <vPortYield>
10008836:	e7f5      	b.n	10008824 <prvIdleTask+0x38>
10008838:	20002a34 	.word	0x20002a34
1000883c:	20002ad8 	.word	0x20002ad8
10008840:	20002a30 	.word	0x20002a30
10008844:	2000297c 	.word	0x2000297c

10008848 <xTaskIncrementTick.part.0>:
10008848:	e92d 4ff0 	stmdb	sp!, {r4, r5, r6, r7, r8, r9, sl, fp, lr}
1000884c:	4b4c      	ldr	r3, [pc, #304]	@ (10008980 <xTaskIncrementTick.part.0+0x138>)
1000884e:	b083      	sub	sp, #12
10008850:	681d      	ldr	r5, [r3, #0]
10008852:	3501      	adds	r5, #1
10008854:	601d      	str	r5, [r3, #0]
10008856:	2d00      	cmp	r5, #0
10008858:	d067      	beq.n	1000892a <xTaskIncrementTick.part.0+0xe2>
1000885a:	494a      	ldr	r1, [pc, #296]	@ (10008984 <xTaskIncrementTick.part.0+0x13c>)
1000885c:	680b      	ldr	r3, [r1, #0]
1000885e:	429d      	cmp	r5, r3
10008860:	d377      	bcc.n	10008952 <xTaskIncrementTick.part.0+0x10a>
10008862:	4e49      	ldr	r6, [pc, #292]	@ (10008988 <xTaskIncrementTick.part.0+0x140>)
10008864:	6833      	ldr	r3, [r6, #0]
10008866:	6818      	ldr	r0, [r3, #0]
10008868:	2800      	cmp	r0, #0
1000886a:	f000 8084 	beq.w	10008976 <xTaskIncrementTick.part.0+0x12e>
1000886e:	2000      	movs	r0, #0
10008870:	46aa      	mov	sl, r5
10008872:	4607      	mov	r7, r0
10008874:	4681      	mov	r9, r0
10008876:	f8df e128 	ldr.w	lr, [pc, #296]	@ 100089a0 <xTaskIncrementTick.part.0+0x158>
1000887a:	4c44      	ldr	r4, [pc, #272]	@ (1000898c <xTaskIncrementTick.part.0+0x144>)
1000887c:	9101      	str	r1, [sp, #4]
1000887e:	e047      	b.n	10008910 <xTaskIncrementTick.part.0+0xc8>
10008880:	6958      	ldr	r0, [r3, #20]
10008882:	e9d3 2c02 	ldrd	r2, ip, [r3, #8]
10008886:	f8c2 c008 	str.w	ip, [r2, #8]
1000888a:	f8cc 2004 	str.w	r2, [ip, #4]
1000888e:	6842      	ldr	r2, [r0, #4]
10008890:	428a      	cmp	r2, r1
10008892:	6802      	ldr	r2, [r0, #0]
10008894:	bf08      	it	eq
10008896:	f8c0 c004 	streq.w	ip, [r0, #4]
1000889a:	3a01      	subs	r2, #1
1000889c:	615f      	str	r7, [r3, #20]
1000889e:	6002      	str	r2, [r0, #0]
100088a0:	6a98      	ldr	r0, [r3, #40]	@ 0x28
100088a2:	b170      	cbz	r0, 100088c2 <xTaskIncrementTick.part.0+0x7a>
100088a4:	e9d3 2c07 	ldrd	r2, ip, [r3, #28]
100088a8:	f8c2 c008 	str.w	ip, [r2, #8]
100088ac:	f8cc 2004 	str.w	r2, [ip, #4]
100088b0:	6842      	ldr	r2, [r0, #4]
100088b2:	42aa      	cmp	r2, r5
100088b4:	6802      	ldr	r2, [r0, #0]
100088b6:	bf08      	it	eq
100088b8:	f8c0 c004 	streq.w	ip, [r0, #4]
100088bc:	3a01      	subs	r2, #1
100088be:	629f      	str	r7, [r3, #40]	@ 0x28
100088c0:	6002      	str	r2, [r0, #0]
100088c2:	6ada      	ldr	r2, [r3, #44]	@ 0x2c
100088c4:	f8de 0000 	ldr.w	r0, [lr]
100088c8:	eb02 0c82 	add.w	ip, r2, r2, lsl #2
100088cc:	eb04 088c 	add.w	r8, r4, ip, lsl #2
100088d0:	4282      	cmp	r2, r0
100088d2:	f8d8 0004 	ldr.w	r0, [r8, #4]
100088d6:	f854 502c 	ldr.w	r5, [r4, ip, lsl #2]
100088da:	f8d0 b008 	ldr.w	fp, [r0, #8]
100088de:	6098      	str	r0, [r3, #8]
100088e0:	f8c3 b00c 	str.w	fp, [r3, #12]
100088e4:	f8cb 1004 	str.w	r1, [fp, #4]
100088e8:	6081      	str	r1, [r0, #8]
100088ea:	f8c3 8014 	str.w	r8, [r3, #20]
100088ee:	4b28      	ldr	r3, [pc, #160]	@ (10008990 <xTaskIncrementTick.part.0+0x148>)
100088f0:	bf88      	it	hi
100088f2:	f8ce 2000 	strhi.w	r2, [lr]
100088f6:	6819      	ldr	r1, [r3, #0]
100088f8:	3501      	adds	r5, #1
100088fa:	6833      	ldr	r3, [r6, #0]
100088fc:	f844 502c 	str.w	r5, [r4, ip, lsl #2]
10008900:	6ac9      	ldr	r1, [r1, #44]	@ 0x2c
10008902:	681b      	ldr	r3, [r3, #0]
10008904:	428a      	cmp	r2, r1
10008906:	bf88      	it	hi
10008908:	f049 0901 	orrhi.w	r9, r9, #1
1000890c:	2b00      	cmp	r3, #0
1000890e:	d030      	beq.n	10008972 <xTaskIncrementTick.part.0+0x12a>
10008910:	6833      	ldr	r3, [r6, #0]
10008912:	68db      	ldr	r3, [r3, #12]
10008914:	68db      	ldr	r3, [r3, #12]
10008916:	685a      	ldr	r2, [r3, #4]
10008918:	1d19      	adds	r1, r3, #4
1000891a:	4592      	cmp	sl, r2
1000891c:	f103 0518 	add.w	r5, r3, #24
10008920:	d2ae      	bcs.n	10008880 <xTaskIncrementTick.part.0+0x38>
10008922:	9901      	ldr	r1, [sp, #4]
10008924:	4648      	mov	r0, r9
10008926:	600a      	str	r2, [r1, #0]
10008928:	e014      	b.n	10008954 <xTaskIncrementTick.part.0+0x10c>
1000892a:	4b17      	ldr	r3, [pc, #92]	@ (10008988 <xTaskIncrementTick.part.0+0x140>)
1000892c:	4a19      	ldr	r2, [pc, #100]	@ (10008994 <xTaskIncrementTick.part.0+0x14c>)
1000892e:	6818      	ldr	r0, [r3, #0]
10008930:	6811      	ldr	r1, [r2, #0]
10008932:	6019      	str	r1, [r3, #0]
10008934:	4918      	ldr	r1, [pc, #96]	@ (10008998 <xTaskIncrementTick.part.0+0x150>)
10008936:	6010      	str	r0, [r2, #0]
10008938:	680a      	ldr	r2, [r1, #0]
1000893a:	3201      	adds	r2, #1
1000893c:	600a      	str	r2, [r1, #0]
1000893e:	681a      	ldr	r2, [r3, #0]
10008940:	6812      	ldr	r2, [r2, #0]
10008942:	b982      	cbnz	r2, 10008966 <xTaskIncrementTick.part.0+0x11e>
10008944:	f04f 33ff 	mov.w	r3, #4294967295
10008948:	490e      	ldr	r1, [pc, #56]	@ (10008984 <xTaskIncrementTick.part.0+0x13c>)
1000894a:	600b      	str	r3, [r1, #0]
1000894c:	680b      	ldr	r3, [r1, #0]
1000894e:	429d      	cmp	r5, r3
10008950:	d287      	bcs.n	10008862 <xTaskIncrementTick.part.0+0x1a>
10008952:	2000      	movs	r0, #0
10008954:	4b11      	ldr	r3, [pc, #68]	@ (1000899c <xTaskIncrementTick.part.0+0x154>)
10008956:	681b      	ldr	r3, [r3, #0]
10008958:	2b00      	cmp	r3, #0
1000895a:	bf18      	it	ne
1000895c:	f040 0001 	orrne.w	r0, r0, #1
10008960:	b003      	add	sp, #12
10008962:	e8bd 8ff0 	ldmia.w	sp!, {r4, r5, r6, r7, r8, r9, sl, fp, pc}
10008966:	681b      	ldr	r3, [r3, #0]
10008968:	4906      	ldr	r1, [pc, #24]	@ (10008984 <xTaskIncrementTick.part.0+0x13c>)
1000896a:	68db      	ldr	r3, [r3, #12]
1000896c:	681b      	ldr	r3, [r3, #0]
1000896e:	600b      	str	r3, [r1, #0]
10008970:	e774      	b.n	1000885c <xTaskIncrementTick.part.0+0x14>
10008972:	4648      	mov	r0, r9
10008974:	9901      	ldr	r1, [sp, #4]
10008976:	f04f 33ff 	mov.w	r3, #4294967295
1000897a:	600b      	str	r3, [r1, #0]
1000897c:	e7ea      	b.n	10008954 <xTaskIncrementTick.part.0+0x10c>
1000897e:	bf00      	nop
10008980:	20002aec 	.word	0x20002aec
10008984:	20002aa0 	.word	0x20002aa0
10008988:	20002970 	.word	0x20002970
1000898c:	2000297c 	.word	0x2000297c
10008990:	20002968 	.word	0x20002968
10008994:	20002974 	.word	0x20002974
10008998:	20002aa4 	.word	0x20002aa4
1000899c:	20002af8 	.word	0x20002af8
100089a0:	20002a40 	.word	0x20002a40

100089a4 <xTaskCreate>:
100089a4:	e92d 43f8 	stmdb	sp!, {r3, r4, r5, r6, r7, r8, r9, lr}
100089a8:	0095      	lsls	r5, r2, #2
100089aa:	4680      	mov	r8, r0
100089ac:	4628      	mov	r0, r5
100089ae:	460f      	mov	r7, r1
100089b0:	4699      	mov	r9, r3
100089b2:	f000 feb9 	bl	10009728 <pvPortMalloc>
100089b6:	2800      	cmp	r0, #0
100089b8:	d072      	beq.n	10008aa0 <xTaskCreate+0xfc>
100089ba:	4606      	mov	r6, r0
100089bc:	2070      	movs	r0, #112	@ 0x70
100089be:	f000 feb3 	bl	10009728 <pvPortMalloc>
100089c2:	4604      	mov	r4, r0
100089c4:	2800      	cmp	r0, #0
100089c6:	d068      	beq.n	10008a9a <xTaskCreate+0xf6>
100089c8:	3d04      	subs	r5, #4
100089ca:	2270      	movs	r2, #112	@ 0x70
100089cc:	2100      	movs	r1, #0
100089ce:	4435      	add	r5, r6
100089d0:	f001 fe20 	bl	1000a614 <memset>
100089d4:	f025 0507 	bic.w	r5, r5, #7
100089d8:	6326      	str	r6, [r4, #48]	@ 0x30
100089da:	2f00      	cmp	r7, #0
100089dc:	d03b      	beq.n	10008a56 <xTaskCreate+0xb2>
100089de:	783b      	ldrb	r3, [r7, #0]
100089e0:	f884 3034 	strb.w	r3, [r4, #52]	@ 0x34
100089e4:	2b00      	cmp	r3, #0
100089e6:	d036      	beq.n	10008a56 <xTaskCreate+0xb2>
100089e8:	787b      	ldrb	r3, [r7, #1]
100089ea:	f884 3035 	strb.w	r3, [r4, #53]	@ 0x35
100089ee:	b393      	cbz	r3, 10008a56 <xTaskCreate+0xb2>
100089f0:	78bb      	ldrb	r3, [r7, #2]
100089f2:	f884 3036 	strb.w	r3, [r4, #54]	@ 0x36
100089f6:	b373      	cbz	r3, 10008a56 <xTaskCreate+0xb2>
100089f8:	78fb      	ldrb	r3, [r7, #3]
100089fa:	f884 3037 	strb.w	r3, [r4, #55]	@ 0x37
100089fe:	b353      	cbz	r3, 10008a56 <xTaskCreate+0xb2>
10008a00:	793b      	ldrb	r3, [r7, #4]
10008a02:	f884 3038 	strb.w	r3, [r4, #56]	@ 0x38
10008a06:	b333      	cbz	r3, 10008a56 <xTaskCreate+0xb2>
10008a08:	797b      	ldrb	r3, [r7, #5]
10008a0a:	f884 3039 	strb.w	r3, [r4, #57]	@ 0x39
10008a0e:	b313      	cbz	r3, 10008a56 <xTaskCreate+0xb2>
10008a10:	79bb      	ldrb	r3, [r7, #6]
10008a12:	f884 303a 	strb.w	r3, [r4, #58]	@ 0x3a
10008a16:	b1f3      	cbz	r3, 10008a56 <xTaskCreate+0xb2>
10008a18:	79fb      	ldrb	r3, [r7, #7]
10008a1a:	f884 303b 	strb.w	r3, [r4, #59]	@ 0x3b
10008a1e:	b1d3      	cbz	r3, 10008a56 <xTaskCreate+0xb2>
10008a20:	7a3b      	ldrb	r3, [r7, #8]
10008a22:	f884 303c 	strb.w	r3, [r4, #60]	@ 0x3c
10008a26:	b1b3      	cbz	r3, 10008a56 <xTaskCreate+0xb2>
10008a28:	7a7b      	ldrb	r3, [r7, #9]
10008a2a:	f884 303d 	strb.w	r3, [r4, #61]	@ 0x3d
10008a2e:	b193      	cbz	r3, 10008a56 <xTaskCreate+0xb2>
10008a30:	7abb      	ldrb	r3, [r7, #10]
10008a32:	f884 303e 	strb.w	r3, [r4, #62]	@ 0x3e
10008a36:	b173      	cbz	r3, 10008a56 <xTaskCreate+0xb2>
10008a38:	7afb      	ldrb	r3, [r7, #11]
10008a3a:	f884 303f 	strb.w	r3, [r4, #63]	@ 0x3f
10008a3e:	b153      	cbz	r3, 10008a56 <xTaskCreate+0xb2>
10008a40:	7b3b      	ldrb	r3, [r7, #12]
10008a42:	f884 3040 	strb.w	r3, [r4, #64]	@ 0x40
10008a46:	b133      	cbz	r3, 10008a56 <xTaskCreate+0xb2>
10008a48:	7b7b      	ldrb	r3, [r7, #13]
10008a4a:	f884 3041 	strb.w	r3, [r4, #65]	@ 0x41
10008a4e:	b113      	cbz	r3, 10008a56 <xTaskCreate+0xb2>
10008a50:	7bbb      	ldrb	r3, [r7, #14]
10008a52:	f884 3042 	strb.w	r3, [r4, #66]	@ 0x42
10008a56:	9f08      	ldr	r7, [sp, #32]
10008a58:	1d20      	adds	r0, r4, #4
10008a5a:	2f05      	cmp	r7, #5
10008a5c:	bf28      	it	cs
10008a5e:	2705      	movcs	r7, #5
10008a60:	62e7      	str	r7, [r4, #44]	@ 0x2c
10008a62:	6467      	str	r7, [r4, #68]	@ 0x44
10008a64:	f001 f848 	bl	10009af8 <vListInitialiseItem>
10008a68:	f1c7 0706 	rsb	r7, r7, #6
10008a6c:	f104 0018 	add.w	r0, r4, #24
10008a70:	f001 f842 	bl	10009af8 <vListInitialiseItem>
10008a74:	464b      	mov	r3, r9
10008a76:	4642      	mov	r2, r8
10008a78:	4628      	mov	r0, r5
10008a7a:	6b21      	ldr	r1, [r4, #48]	@ 0x30
10008a7c:	61a7      	str	r7, [r4, #24]
10008a7e:	6124      	str	r4, [r4, #16]
10008a80:	6264      	str	r4, [r4, #36]	@ 0x24
10008a82:	f000 fedb 	bl	1000983c <pxPortInitialiseStack>
10008a86:	9b09      	ldr	r3, [sp, #36]	@ 0x24
10008a88:	6020      	str	r0, [r4, #0]
10008a8a:	b103      	cbz	r3, 10008a8e <xTaskCreate+0xea>
10008a8c:	601c      	str	r4, [r3, #0]
10008a8e:	4620      	mov	r0, r4
10008a90:	f7ff fe20 	bl	100086d4 <prvAddNewTaskToReadyList>
10008a94:	2001      	movs	r0, #1
10008a96:	e8bd 83f8 	ldmia.w	sp!, {r3, r4, r5, r6, r7, r8, r9, pc}
10008a9a:	4630      	mov	r0, r6
10008a9c:	f000 fe50 	bl	10009740 <vPortFree>
10008aa0:	f04f 30ff 	mov.w	r0, #4294967295
10008aa4:	e8bd 83f8 	ldmia.w	sp!, {r3, r4, r5, r6, r7, r8, r9, pc}

10008aa8 <vTaskDelete>:
10008aa8:	b5f8      	push	{r3, r4, r5, r6, r7, lr}
10008aaa:	4604      	mov	r4, r0
10008aac:	4e25      	ldr	r6, [pc, #148]	@ (10008b44 <vTaskDelete+0x9c>)
10008aae:	f000 fe95 	bl	100097dc <vPortEnterCritical>
10008ab2:	2c00      	cmp	r4, #0
10008ab4:	d03f      	beq.n	10008b36 <vTaskDelete+0x8e>
10008ab6:	1d27      	adds	r7, r4, #4
10008ab8:	4638      	mov	r0, r7
10008aba:	f001 f847 	bl	10009b4c <uxListRemove>
10008abe:	6aa3      	ldr	r3, [r4, #40]	@ 0x28
10008ac0:	b11b      	cbz	r3, 10008aca <vTaskDelete+0x22>
10008ac2:	f104 0018 	add.w	r0, r4, #24
10008ac6:	f001 f841 	bl	10009b4c <uxListRemove>
10008aca:	4a1f      	ldr	r2, [pc, #124]	@ (10008b48 <vTaskDelete+0xa0>)
10008acc:	4d1f      	ldr	r5, [pc, #124]	@ (10008b4c <vTaskDelete+0xa4>)
10008ace:	6813      	ldr	r3, [r2, #0]
10008ad0:	3301      	adds	r3, #1
10008ad2:	6013      	str	r3, [r2, #0]
10008ad4:	6833      	ldr	r3, [r6, #0]
10008ad6:	42a3      	cmp	r3, r4
10008ad8:	682b      	ldr	r3, [r5, #0]
10008ada:	d01f      	beq.n	10008b1c <vTaskDelete+0x74>
10008adc:	4a1c      	ldr	r2, [pc, #112]	@ (10008b50 <vTaskDelete+0xa8>)
10008ade:	6813      	ldr	r3, [r2, #0]
10008ae0:	3b01      	subs	r3, #1
10008ae2:	6013      	str	r3, [r2, #0]
10008ae4:	4b1b      	ldr	r3, [pc, #108]	@ (10008b54 <vTaskDelete+0xac>)
10008ae6:	681a      	ldr	r2, [r3, #0]
10008ae8:	6812      	ldr	r2, [r2, #0]
10008aea:	b192      	cbz	r2, 10008b12 <vTaskDelete+0x6a>
10008aec:	681a      	ldr	r2, [r3, #0]
10008aee:	4b1a      	ldr	r3, [pc, #104]	@ (10008b58 <vTaskDelete+0xb0>)
10008af0:	68d2      	ldr	r2, [r2, #12]
10008af2:	6812      	ldr	r2, [r2, #0]
10008af4:	601a      	str	r2, [r3, #0]
10008af6:	f000 fe7f 	bl	100097f8 <vPortExitCritical>
10008afa:	6b20      	ldr	r0, [r4, #48]	@ 0x30
10008afc:	f000 fe20 	bl	10009740 <vPortFree>
10008b00:	4620      	mov	r0, r4
10008b02:	f000 fe1d 	bl	10009740 <vPortFree>
10008b06:	682b      	ldr	r3, [r5, #0]
10008b08:	b113      	cbz	r3, 10008b10 <vTaskDelete+0x68>
10008b0a:	6833      	ldr	r3, [r6, #0]
10008b0c:	42a3      	cmp	r3, r4
10008b0e:	d014      	beq.n	10008b3a <vTaskDelete+0x92>
10008b10:	bdf8      	pop	{r3, r4, r5, r6, r7, pc}
10008b12:	f04f 32ff 	mov.w	r2, #4294967295
10008b16:	4b10      	ldr	r3, [pc, #64]	@ (10008b58 <vTaskDelete+0xb0>)
10008b18:	601a      	str	r2, [r3, #0]
10008b1a:	e7ec      	b.n	10008af6 <vTaskDelete+0x4e>
10008b1c:	2b00      	cmp	r3, #0
10008b1e:	d0dd      	beq.n	10008adc <vTaskDelete+0x34>
10008b20:	4639      	mov	r1, r7
10008b22:	480e      	ldr	r0, [pc, #56]	@ (10008b5c <vTaskDelete+0xb4>)
10008b24:	f000 ffec 	bl	10009b00 <vListInsertEnd>
10008b28:	4a0d      	ldr	r2, [pc, #52]	@ (10008b60 <vTaskDelete+0xb8>)
10008b2a:	6813      	ldr	r3, [r2, #0]
10008b2c:	3301      	adds	r3, #1
10008b2e:	6013      	str	r3, [r2, #0]
10008b30:	f000 fe62 	bl	100097f8 <vPortExitCritical>
10008b34:	e7e7      	b.n	10008b06 <vTaskDelete+0x5e>
10008b36:	6834      	ldr	r4, [r6, #0]
10008b38:	e7bd      	b.n	10008ab6 <vTaskDelete+0xe>
10008b3a:	e8bd 40f8 	ldmia.w	sp!, {r3, r4, r5, r6, r7, lr}
10008b3e:	f000 be41 	b.w	100097c4 <vPortYield>
10008b42:	bf00      	nop
10008b44:	20002968 	.word	0x20002968
10008b48:	20002a3c 	.word	0x20002a3c
10008b4c:	20002ac0 	.word	0x20002ac0
10008b50:	20002a30 	.word	0x20002a30
10008b54:	20002970 	.word	0x20002970
10008b58:	20002aa0 	.word	0x20002aa0
10008b5c:	20002ad8 	.word	0x20002ad8
10008b60:	20002a34 	.word	0x20002a34

10008b64 <vTaskStartScheduler>:
10008b64:	e92d 43f8 	stmdb	sp!, {r3, r4, r5, r6, r7, r8, r9, lr}
10008b68:	f44f 7000 	mov.w	r0, #512	@ 0x200
10008b6c:	f000 fddc 	bl	10009728 <pvPortMalloc>
10008b70:	b388      	cbz	r0, 10008bd6 <vTaskStartScheduler+0x72>
10008b72:	4606      	mov	r6, r0
10008b74:	2070      	movs	r0, #112	@ 0x70
10008b76:	f000 fdd7 	bl	10009728 <pvPortMalloc>
10008b7a:	4604      	mov	r4, r0
10008b7c:	b378      	cbz	r0, 10008bde <vTaskStartScheduler+0x7a>
10008b7e:	2700      	movs	r7, #0
10008b80:	f8df 9098 	ldr.w	r9, [pc, #152]	@ 10008c1c <vTaskStartScheduler+0xb8>
10008b84:	4639      	mov	r1, r7
10008b86:	2270      	movs	r2, #112	@ 0x70
10008b88:	f001 fd44 	bl	1000a614 <memset>
10008b8c:	f506 75fe 	add.w	r5, r6, #508	@ 0x1fc
10008b90:	e9c4 690c 	strd	r6, r9, [r4, #48]	@ 0x30
10008b94:	2606      	movs	r6, #6
10008b96:	1d20      	adds	r0, r4, #4
10008b98:	f000 ffae 	bl	10009af8 <vListInitialiseItem>
10008b9c:	f025 0507 	bic.w	r5, r5, #7
10008ba0:	f104 0018 	add.w	r0, r4, #24
10008ba4:	f000 ffa8 	bl	10009af8 <vListInitialiseItem>
10008ba8:	463b      	mov	r3, r7
10008baa:	4a17      	ldr	r2, [pc, #92]	@ (10008c08 <vTaskStartScheduler+0xa4>)
10008bac:	6b21      	ldr	r1, [r4, #48]	@ 0x30
10008bae:	4628      	mov	r0, r5
10008bb0:	6124      	str	r4, [r4, #16]
10008bb2:	61a6      	str	r6, [r4, #24]
10008bb4:	6264      	str	r4, [r4, #36]	@ 0x24
10008bb6:	f000 fe41 	bl	1000983c <pxPortInitialiseStack>
10008bba:	4603      	mov	r3, r0
10008bbc:	f8df 8060 	ldr.w	r8, [pc, #96]	@ 10008c20 <vTaskStartScheduler+0xbc>
10008bc0:	6023      	str	r3, [r4, #0]
10008bc2:	4620      	mov	r0, r4
10008bc4:	2701      	movs	r7, #1
10008bc6:	f8c8 4000 	str.w	r4, [r8]
10008bca:	f7ff fd83 	bl	100086d4 <prvAddNewTaskToReadyList>
10008bce:	f000 fd69 	bl	100096a4 <xTimerCreateTimerTask>
10008bd2:	42b8      	cmp	r0, r7
10008bd4:	d00a      	beq.n	10008bec <vTaskStartScheduler+0x88>
10008bd6:	4b0d      	ldr	r3, [pc, #52]	@ (10008c0c <vTaskStartScheduler+0xa8>)
10008bd8:	681b      	ldr	r3, [r3, #0]
10008bda:	e8bd 83f8 	ldmia.w	sp!, {r3, r4, r5, r6, r7, r8, r9, pc}
10008bde:	4630      	mov	r0, r6
10008be0:	f000 fdae 	bl	10009740 <vPortFree>
10008be4:	4b09      	ldr	r3, [pc, #36]	@ (10008c0c <vTaskStartScheduler+0xa8>)
10008be6:	681b      	ldr	r3, [r3, #0]
10008be8:	e8bd 83f8 	ldmia.w	sp!, {r3, r4, r5, r6, r7, r8, r9, pc}
10008bec:	f000 ff0a 	bl	10009a04 <ulSetInterruptMask>
10008bf0:	f04f 34ff 	mov.w	r4, #4294967295
10008bf4:	2200      	movs	r2, #0
10008bf6:	4906      	ldr	r1, [pc, #24]	@ (10008c10 <vTaskStartScheduler+0xac>)
10008bf8:	4b06      	ldr	r3, [pc, #24]	@ (10008c14 <vTaskStartScheduler+0xb0>)
10008bfa:	4807      	ldr	r0, [pc, #28]	@ (10008c18 <vTaskStartScheduler+0xb4>)
10008bfc:	6004      	str	r4, [r0, #0]
10008bfe:	600f      	str	r7, [r1, #0]
10008c00:	601a      	str	r2, [r3, #0]
10008c02:	f000 fe57 	bl	100098b4 <xPortStartScheduler>
10008c06:	e7e6      	b.n	10008bd6 <vTaskStartScheduler+0x72>
10008c08:	100087ed 	.word	0x100087ed
10008c0c:	1000b22c 	.word	0x1000b22c
10008c10:	20002ac0 	.word	0x20002ac0
10008c14:	20002aec 	.word	0x20002aec
10008c18:	20002aa0 	.word	0x20002aa0
10008c1c:	454c4449 	.word	0x454c4449
10008c20:	20002a98 	.word	0x20002a98

10008c24 <vTaskSuspendAll>:
10008c24:	4a02      	ldr	r2, [pc, #8]	@ (10008c30 <vTaskSuspendAll+0xc>)
10008c26:	6813      	ldr	r3, [r2, #0]
10008c28:	3301      	adds	r3, #1
10008c2a:	6013      	str	r3, [r2, #0]
10008c2c:	4770      	bx	lr
10008c2e:	bf00      	nop
10008c30:	20002a38 	.word	0x20002a38

10008c34 <xTaskResumeAll>:
10008c34:	e92d 4ff0 	stmdb	sp!, {r4, r5, r6, r7, r8, r9, sl, fp, lr}
10008c38:	f8df 816c 	ldr.w	r8, [pc, #364]	@ 10008da8 <xTaskResumeAll+0x174>
10008c3c:	b083      	sub	sp, #12
10008c3e:	f000 fdcd 	bl	100097dc <vPortEnterCritical>
10008c42:	f8d8 3000 	ldr.w	r3, [r8]
10008c46:	3b01      	subs	r3, #1
10008c48:	f8c8 3000 	str.w	r3, [r8]
10008c4c:	f8d8 e000 	ldr.w	lr, [r8]
10008c50:	f1be 0f00 	cmp.w	lr, #0
10008c54:	f040 8081 	bne.w	10008d5a <xTaskResumeAll+0x126>
10008c58:	4b4c      	ldr	r3, [pc, #304]	@ (10008d8c <xTaskResumeAll+0x158>)
10008c5a:	681b      	ldr	r3, [r3, #0]
10008c5c:	2b00      	cmp	r3, #0
10008c5e:	d07c      	beq.n	10008d5a <xTaskResumeAll+0x126>
10008c60:	f8df c148 	ldr.w	ip, [pc, #328]	@ 10008dac <xTaskResumeAll+0x178>
10008c64:	f8dc 3000 	ldr.w	r3, [ip]
10008c68:	2b00      	cmp	r3, #0
10008c6a:	f000 808b 	beq.w	10008d84 <xTaskResumeAll+0x150>
10008c6e:	4b48      	ldr	r3, [pc, #288]	@ (10008d90 <xTaskResumeAll+0x15c>)
10008c70:	f8df 913c 	ldr.w	r9, [pc, #316]	@ 10008db0 <xTaskResumeAll+0x17c>
10008c74:	4e47      	ldr	r6, [pc, #284]	@ (10008d94 <xTaskResumeAll+0x160>)
10008c76:	9301      	str	r3, [sp, #4]
10008c78:	f8dc 300c 	ldr.w	r3, [ip, #12]
10008c7c:	68db      	ldr	r3, [r3, #12]
10008c7e:	6a9a      	ldr	r2, [r3, #40]	@ 0x28
10008c80:	e9d3 0107 	ldrd	r0, r1, [r3, #28]
10008c84:	6854      	ldr	r4, [r2, #4]
10008c86:	6081      	str	r1, [r0, #8]
10008c88:	6048      	str	r0, [r1, #4]
10008c8a:	f103 0018 	add.w	r0, r3, #24
10008c8e:	4284      	cmp	r4, r0
10008c90:	bf08      	it	eq
10008c92:	6051      	streq	r1, [r2, #4]
10008c94:	6811      	ldr	r1, [r2, #0]
10008c96:	f8c3 e028 	str.w	lr, [r3, #40]	@ 0x28
10008c9a:	3901      	subs	r1, #1
10008c9c:	6011      	str	r1, [r2, #0]
10008c9e:	695a      	ldr	r2, [r3, #20]
10008ca0:	e9d3 4102 	ldrd	r4, r1, [r3, #8]
10008ca4:	60a1      	str	r1, [r4, #8]
10008ca6:	604c      	str	r4, [r1, #4]
10008ca8:	6854      	ldr	r4, [r2, #4]
10008caa:	1d1d      	adds	r5, r3, #4
10008cac:	42ac      	cmp	r4, r5
10008cae:	bf08      	it	eq
10008cb0:	6051      	streq	r1, [r2, #4]
10008cb2:	6811      	ldr	r1, [r2, #0]
10008cb4:	f8d9 0000 	ldr.w	r0, [r9]
10008cb8:	3901      	subs	r1, #1
10008cba:	6011      	str	r1, [r2, #0]
10008cbc:	6ada      	ldr	r2, [r3, #44]	@ 0x2c
10008cbe:	4282      	cmp	r2, r0
10008cc0:	4835      	ldr	r0, [pc, #212]	@ (10008d98 <xTaskResumeAll+0x164>)
10008cc2:	eb02 0182 	add.w	r1, r2, r2, lsl #2
10008cc6:	bf88      	it	hi
10008cc8:	f8c9 2000 	strhi.w	r2, [r9]
10008ccc:	6800      	ldr	r0, [r0, #0]
10008cce:	eb06 0781 	add.w	r7, r6, r1, lsl #2
10008cd2:	687c      	ldr	r4, [r7, #4]
10008cd4:	f8d0 a02c 	ldr.w	sl, [r0, #44]	@ 0x2c
10008cd8:	f856 0021 	ldr.w	r0, [r6, r1, lsl #2]
10008cdc:	f8d4 b008 	ldr.w	fp, [r4, #8]
10008ce0:	3001      	adds	r0, #1
10008ce2:	4552      	cmp	r2, sl
10008ce4:	609c      	str	r4, [r3, #8]
10008ce6:	f8c3 b00c 	str.w	fp, [r3, #12]
10008cea:	f8cb 5004 	str.w	r5, [fp, #4]
10008cee:	60a5      	str	r5, [r4, #8]
10008cf0:	615f      	str	r7, [r3, #20]
10008cf2:	f846 0021 	str.w	r0, [r6, r1, lsl #2]
10008cf6:	d937      	bls.n	10008d68 <xTaskResumeAll+0x134>
10008cf8:	2201      	movs	r2, #1
10008cfa:	9b01      	ldr	r3, [sp, #4]
10008cfc:	601a      	str	r2, [r3, #0]
10008cfe:	f8dc 3000 	ldr.w	r3, [ip]
10008d02:	2b00      	cmp	r3, #0
10008d04:	d1b8      	bne.n	10008c78 <xTaskResumeAll+0x44>
10008d06:	4b25      	ldr	r3, [pc, #148]	@ (10008d9c <xTaskResumeAll+0x168>)
10008d08:	681a      	ldr	r2, [r3, #0]
10008d0a:	6812      	ldr	r2, [r2, #0]
10008d0c:	2a00      	cmp	r2, #0
10008d0e:	d034      	beq.n	10008d7a <xTaskResumeAll+0x146>
10008d10:	681a      	ldr	r2, [r3, #0]
10008d12:	4b23      	ldr	r3, [pc, #140]	@ (10008da0 <xTaskResumeAll+0x16c>)
10008d14:	68d2      	ldr	r2, [r2, #12]
10008d16:	6812      	ldr	r2, [r2, #0]
10008d18:	601a      	str	r2, [r3, #0]
10008d1a:	4d22      	ldr	r5, [pc, #136]	@ (10008da4 <xTaskResumeAll+0x170>)
10008d1c:	682c      	ldr	r4, [r5, #0]
10008d1e:	b19c      	cbz	r4, 10008d48 <xTaskResumeAll+0x114>
10008d20:	2601      	movs	r6, #1
10008d22:	9f01      	ldr	r7, [sp, #4]
10008d24:	e005      	b.n	10008d32 <xTaskResumeAll+0xfe>
10008d26:	f7ff fd8f 	bl	10008848 <xTaskIncrementTick.part.0>
10008d2a:	b100      	cbz	r0, 10008d2e <xTaskResumeAll+0xfa>
10008d2c:	603e      	str	r6, [r7, #0]
10008d2e:	3c01      	subs	r4, #1
10008d30:	d009      	beq.n	10008d46 <xTaskResumeAll+0x112>
10008d32:	f8d8 3000 	ldr.w	r3, [r8]
10008d36:	2b00      	cmp	r3, #0
10008d38:	d0f5      	beq.n	10008d26 <xTaskResumeAll+0xf2>
10008d3a:	682b      	ldr	r3, [r5, #0]
10008d3c:	3c01      	subs	r4, #1
10008d3e:	f103 0301 	add.w	r3, r3, #1
10008d42:	602b      	str	r3, [r5, #0]
10008d44:	d1f5      	bne.n	10008d32 <xTaskResumeAll+0xfe>
10008d46:	602c      	str	r4, [r5, #0]
10008d48:	9b01      	ldr	r3, [sp, #4]
10008d4a:	681b      	ldr	r3, [r3, #0]
10008d4c:	b12b      	cbz	r3, 10008d5a <xTaskResumeAll+0x126>
10008d4e:	4b12      	ldr	r3, [pc, #72]	@ (10008d98 <xTaskResumeAll+0x164>)
10008d50:	2401      	movs	r4, #1
10008d52:	681b      	ldr	r3, [r3, #0]
10008d54:	f000 fd36 	bl	100097c4 <vPortYield>
10008d58:	e000      	b.n	10008d5c <xTaskResumeAll+0x128>
10008d5a:	2400      	movs	r4, #0
10008d5c:	f000 fd4c 	bl	100097f8 <vPortExitCritical>
10008d60:	4620      	mov	r0, r4
10008d62:	b003      	add	sp, #12
10008d64:	e8bd 8ff0 	ldmia.w	sp!, {r4, r5, r6, r7, r8, r9, sl, fp, pc}
10008d68:	f8dc 3000 	ldr.w	r3, [ip]
10008d6c:	2b00      	cmp	r3, #0
10008d6e:	d183      	bne.n	10008c78 <xTaskResumeAll+0x44>
10008d70:	4b0a      	ldr	r3, [pc, #40]	@ (10008d9c <xTaskResumeAll+0x168>)
10008d72:	681a      	ldr	r2, [r3, #0]
10008d74:	6812      	ldr	r2, [r2, #0]
10008d76:	2a00      	cmp	r2, #0
10008d78:	d1ca      	bne.n	10008d10 <xTaskResumeAll+0xdc>
10008d7a:	f04f 32ff 	mov.w	r2, #4294967295
10008d7e:	4b08      	ldr	r3, [pc, #32]	@ (10008da0 <xTaskResumeAll+0x16c>)
10008d80:	601a      	str	r2, [r3, #0]
10008d82:	e7ca      	b.n	10008d1a <xTaskResumeAll+0xe6>
10008d84:	4b02      	ldr	r3, [pc, #8]	@ (10008d90 <xTaskResumeAll+0x15c>)
10008d86:	9301      	str	r3, [sp, #4]
10008d88:	e7c7      	b.n	10008d1a <xTaskResumeAll+0xe6>
10008d8a:	bf00      	nop
10008d8c:	20002a30 	.word	0x20002a30
10008d90:	20002af8 	.word	0x20002af8
10008d94:	2000297c 	.word	0x2000297c
10008d98:	20002968 	.word	0x20002968
10008d9c:	20002970 	.word	0x20002970
10008da0:	20002aa0 	.word	0x20002aa0
10008da4:	20002aa8 	.word	0x20002aa8
10008da8:	20002a38 	.word	0x20002a38
10008dac:	20002aac 	.word	0x20002aac
10008db0:	20002a40 	.word	0x20002a40

10008db4 <vTaskDelay>:
10008db4:	b908      	cbnz	r0, 10008dba <vTaskDelay+0x6>
10008db6:	f000 bd05 	b.w	100097c4 <vPortYield>
10008dba:	4a19      	ldr	r2, [pc, #100]	@ (10008e20 <vTaskDelay+0x6c>)
10008dbc:	e92d 41f0 	stmdb	sp!, {r4, r5, r6, r7, r8, lr}
10008dc0:	6813      	ldr	r3, [r2, #0]
10008dc2:	4604      	mov	r4, r0
10008dc4:	3301      	adds	r3, #1
10008dc6:	6013      	str	r3, [r2, #0]
10008dc8:	4916      	ldr	r1, [pc, #88]	@ (10008e24 <vTaskDelay+0x70>)
10008dca:	4b17      	ldr	r3, [pc, #92]	@ (10008e28 <vTaskDelay+0x74>)
10008dcc:	4d17      	ldr	r5, [pc, #92]	@ (10008e2c <vTaskDelay+0x78>)
10008dce:	4a18      	ldr	r2, [pc, #96]	@ (10008e30 <vTaskDelay+0x7c>)
10008dd0:	680e      	ldr	r6, [r1, #0]
10008dd2:	6817      	ldr	r7, [r2, #0]
10008dd4:	f8d3 8000 	ldr.w	r8, [r3]
10008dd8:	6828      	ldr	r0, [r5, #0]
10008dda:	3004      	adds	r0, #4
10008ddc:	f000 feb6 	bl	10009b4c <uxListRemove>
10008de0:	682b      	ldr	r3, [r5, #0]
10008de2:	19a4      	adds	r4, r4, r6
10008de4:	6829      	ldr	r1, [r5, #0]
10008de6:	605c      	str	r4, [r3, #4]
10008de8:	d20d      	bcs.n	10008e06 <vTaskDelay+0x52>
10008dea:	4638      	mov	r0, r7
10008dec:	3104      	adds	r1, #4
10008dee:	f000 fe95 	bl	10009b1c <vListInsert>
10008df2:	4b10      	ldr	r3, [pc, #64]	@ (10008e34 <vTaskDelay+0x80>)
10008df4:	681a      	ldr	r2, [r3, #0]
10008df6:	4294      	cmp	r4, r2
10008df8:	bf38      	it	cc
10008dfa:	601c      	strcc	r4, [r3, #0]
10008dfc:	f7ff ff1a 	bl	10008c34 <xTaskResumeAll>
10008e00:	b148      	cbz	r0, 10008e16 <vTaskDelay+0x62>
10008e02:	e8bd 81f0 	ldmia.w	sp!, {r4, r5, r6, r7, r8, pc}
10008e06:	4640      	mov	r0, r8
10008e08:	3104      	adds	r1, #4
10008e0a:	f000 fe87 	bl	10009b1c <vListInsert>
10008e0e:	f7ff ff11 	bl	10008c34 <xTaskResumeAll>
10008e12:	2800      	cmp	r0, #0
10008e14:	d1f5      	bne.n	10008e02 <vTaskDelay+0x4e>
10008e16:	e8bd 41f0 	ldmia.w	sp!, {r4, r5, r6, r7, r8, lr}
10008e1a:	f000 bcd3 	b.w	100097c4 <vPortYield>
10008e1e:	bf00      	nop
10008e20:	20002a38 	.word	0x20002a38
10008e24:	20002aec 	.word	0x20002aec
10008e28:	20002974 	.word	0x20002974
10008e2c:	20002968 	.word	0x20002968
10008e30:	20002970 	.word	0x20002970
10008e34:	20002aa0 	.word	0x20002aa0

10008e38 <xTaskGetTickCount>:
10008e38:	4b01      	ldr	r3, [pc, #4]	@ (10008e40 <xTaskGetTickCount+0x8>)
10008e3a:	6818      	ldr	r0, [r3, #0]
10008e3c:	4770      	bx	lr
10008e3e:	bf00      	nop
10008e40:	20002aec 	.word	0x20002aec

10008e44 <uxTaskGetNumberOfTasks>:
10008e44:	4b01      	ldr	r3, [pc, #4]	@ (10008e4c <uxTaskGetNumberOfTasks+0x8>)
10008e46:	6818      	ldr	r0, [r3, #0]
10008e48:	4770      	bx	lr
10008e4a:	bf00      	nop
10008e4c:	20002a30 	.word	0x20002a30

10008e50 <xTaskIncrementTick>:
10008e50:	4b05      	ldr	r3, [pc, #20]	@ (10008e68 <xTaskIncrementTick+0x18>)
10008e52:	681b      	ldr	r3, [r3, #0]
10008e54:	b90b      	cbnz	r3, 10008e5a <xTaskIncrementTick+0xa>
10008e56:	f7ff bcf7 	b.w	10008848 <xTaskIncrementTick.part.0>
10008e5a:	4a04      	ldr	r2, [pc, #16]	@ (10008e6c <xTaskIncrementTick+0x1c>)
10008e5c:	2000      	movs	r0, #0
10008e5e:	6813      	ldr	r3, [r2, #0]
10008e60:	3301      	adds	r3, #1
10008e62:	6013      	str	r3, [r2, #0]
10008e64:	4770      	bx	lr
10008e66:	bf00      	nop
10008e68:	20002a38 	.word	0x20002a38
10008e6c:	20002aa8 	.word	0x20002aa8

10008e70 <vTaskSwitchContext>:
10008e70:	4b23      	ldr	r3, [pc, #140]	@ (10008f00 <vTaskSwitchContext+0x90>)
10008e72:	681b      	ldr	r3, [r3, #0]
10008e74:	b11b      	cbz	r3, 10008e7e <vTaskSwitchContext+0xe>
10008e76:	2201      	movs	r2, #1
10008e78:	4b22      	ldr	r3, [pc, #136]	@ (10008f04 <vTaskSwitchContext+0x94>)
10008e7a:	601a      	str	r2, [r3, #0]
10008e7c:	4770      	bx	lr
10008e7e:	4a21      	ldr	r2, [pc, #132]	@ (10008f04 <vTaskSwitchContext+0x94>)
10008e80:	b430      	push	{r4, r5}
10008e82:	4c21      	ldr	r4, [pc, #132]	@ (10008f08 <vTaskSwitchContext+0x98>)
10008e84:	6013      	str	r3, [r2, #0]
10008e86:	6820      	ldr	r0, [r4, #0]
10008e88:	4a20      	ldr	r2, [pc, #128]	@ (10008f0c <vTaskSwitchContext+0x9c>)
10008e8a:	eb00 0380 	add.w	r3, r0, r0, lsl #2
10008e8e:	f852 3023 	ldr.w	r3, [r2, r3, lsl #2]
10008e92:	0081      	lsls	r1, r0, #2
10008e94:	bb8b      	cbnz	r3, 10008efa <vTaskSwitchContext+0x8a>
10008e96:	1e43      	subs	r3, r0, #1
10008e98:	eb03 0583 	add.w	r5, r3, r3, lsl #2
10008e9c:	f852 5025 	ldr.w	r5, [r2, r5, lsl #2]
10008ea0:	0099      	lsls	r1, r3, #2
10008ea2:	b9b5      	cbnz	r5, 10008ed2 <vTaskSwitchContext+0x62>
10008ea4:	1e83      	subs	r3, r0, #2
10008ea6:	eb03 0583 	add.w	r5, r3, r3, lsl #2
10008eaa:	f852 5025 	ldr.w	r5, [r2, r5, lsl #2]
10008eae:	0099      	lsls	r1, r3, #2
10008eb0:	b97d      	cbnz	r5, 10008ed2 <vTaskSwitchContext+0x62>
10008eb2:	1ec3      	subs	r3, r0, #3
10008eb4:	eb03 0583 	add.w	r5, r3, r3, lsl #2
10008eb8:	f852 5025 	ldr.w	r5, [r2, r5, lsl #2]
10008ebc:	0099      	lsls	r1, r3, #2
10008ebe:	b945      	cbnz	r5, 10008ed2 <vTaskSwitchContext+0x62>
10008ec0:	1f03      	subs	r3, r0, #4
10008ec2:	eb03 0583 	add.w	r5, r3, r3, lsl #2
10008ec6:	f852 5025 	ldr.w	r5, [r2, r5, lsl #2]
10008eca:	0099      	lsls	r1, r3, #2
10008ecc:	b90d      	cbnz	r5, 10008ed2 <vTaskSwitchContext+0x62>
10008ece:	1f43      	subs	r3, r0, #5
10008ed0:	0099      	lsls	r1, r3, #2
10008ed2:	4419      	add	r1, r3
10008ed4:	eb02 0081 	add.w	r0, r2, r1, lsl #2
10008ed8:	4602      	mov	r2, r0
10008eda:	6841      	ldr	r1, [r0, #4]
10008edc:	3208      	adds	r2, #8
10008ede:	6849      	ldr	r1, [r1, #4]
10008ee0:	4291      	cmp	r1, r2
10008ee2:	6041      	str	r1, [r0, #4]
10008ee4:	bf08      	it	eq
10008ee6:	68c1      	ldreq	r1, [r0, #12]
10008ee8:	4a09      	ldr	r2, [pc, #36]	@ (10008f10 <vTaskSwitchContext+0xa0>)
10008eea:	bf08      	it	eq
10008eec:	6041      	streq	r1, [r0, #4]
10008eee:	68c9      	ldr	r1, [r1, #12]
10008ef0:	6011      	str	r1, [r2, #0]
10008ef2:	6023      	str	r3, [r4, #0]
10008ef4:	6813      	ldr	r3, [r2, #0]
10008ef6:	bc30      	pop	{r4, r5}
10008ef8:	4770      	bx	lr
10008efa:	4603      	mov	r3, r0
10008efc:	e7e9      	b.n	10008ed2 <vTaskSwitchContext+0x62>
10008efe:	bf00      	nop
10008f00:	20002a38 	.word	0x20002a38
10008f04:	20002af8 	.word	0x20002af8
10008f08:	20002a40 	.word	0x20002a40
10008f0c:	2000297c 	.word	0x2000297c
10008f10:	20002968 	.word	0x20002968

10008f14 <vTaskPlaceOnEventList>:
10008f14:	e92d 41f0 	stmdb	sp!, {r4, r5, r6, r7, r8, lr}
10008f18:	460c      	mov	r4, r1
10008f1a:	4d1e      	ldr	r5, [pc, #120]	@ (10008f94 <vTaskPlaceOnEventList+0x80>)
10008f1c:	6829      	ldr	r1, [r5, #0]
10008f1e:	3118      	adds	r1, #24
10008f20:	f000 fdfc 	bl	10009b1c <vListInsert>
10008f24:	4b1c      	ldr	r3, [pc, #112]	@ (10008f98 <vTaskPlaceOnEventList+0x84>)
10008f26:	491d      	ldr	r1, [pc, #116]	@ (10008f9c <vTaskPlaceOnEventList+0x88>)
10008f28:	4a1d      	ldr	r2, [pc, #116]	@ (10008fa0 <vTaskPlaceOnEventList+0x8c>)
10008f2a:	680e      	ldr	r6, [r1, #0]
10008f2c:	6817      	ldr	r7, [r2, #0]
10008f2e:	f8d3 8000 	ldr.w	r8, [r3]
10008f32:	6828      	ldr	r0, [r5, #0]
10008f34:	3004      	adds	r0, #4
10008f36:	f000 fe09 	bl	10009b4c <uxListRemove>
10008f3a:	1c63      	adds	r3, r4, #1
10008f3c:	d015      	beq.n	10008f6a <vTaskPlaceOnEventList+0x56>
10008f3e:	682b      	ldr	r3, [r5, #0]
10008f40:	19a4      	adds	r4, r4, r6
10008f42:	6829      	ldr	r1, [r5, #0]
10008f44:	605c      	str	r4, [r3, #4]
10008f46:	d20a      	bcs.n	10008f5e <vTaskPlaceOnEventList+0x4a>
10008f48:	4638      	mov	r0, r7
10008f4a:	3104      	adds	r1, #4
10008f4c:	f000 fde6 	bl	10009b1c <vListInsert>
10008f50:	4b14      	ldr	r3, [pc, #80]	@ (10008fa4 <vTaskPlaceOnEventList+0x90>)
10008f52:	681a      	ldr	r2, [r3, #0]
10008f54:	4294      	cmp	r4, r2
10008f56:	bf38      	it	cc
10008f58:	601c      	strcc	r4, [r3, #0]
10008f5a:	e8bd 81f0 	ldmia.w	sp!, {r4, r5, r6, r7, r8, pc}
10008f5e:	4640      	mov	r0, r8
10008f60:	e8bd 41f0 	ldmia.w	sp!, {r4, r5, r6, r7, r8, lr}
10008f64:	3104      	adds	r1, #4
10008f66:	f000 bdd9 	b.w	10009b1c <vListInsert>
10008f6a:	4b0f      	ldr	r3, [pc, #60]	@ (10008fa8 <vTaskPlaceOnEventList+0x94>)
10008f6c:	6829      	ldr	r1, [r5, #0]
10008f6e:	685a      	ldr	r2, [r3, #4]
10008f70:	681c      	ldr	r4, [r3, #0]
10008f72:	608a      	str	r2, [r1, #8]
10008f74:	682e      	ldr	r6, [r5, #0]
10008f76:	3401      	adds	r4, #1
10008f78:	6828      	ldr	r0, [r5, #0]
10008f7a:	6829      	ldr	r1, [r5, #0]
10008f7c:	601c      	str	r4, [r3, #0]
10008f7e:	682d      	ldr	r5, [r5, #0]
10008f80:	6894      	ldr	r4, [r2, #8]
10008f82:	3004      	adds	r0, #4
10008f84:	3104      	adds	r1, #4
10008f86:	60f4      	str	r4, [r6, #12]
10008f88:	6060      	str	r0, [r4, #4]
10008f8a:	6091      	str	r1, [r2, #8]
10008f8c:	616b      	str	r3, [r5, #20]
10008f8e:	e8bd 81f0 	ldmia.w	sp!, {r4, r5, r6, r7, r8, pc}
10008f92:	bf00      	nop
10008f94:	20002968 	.word	0x20002968
10008f98:	20002974 	.word	0x20002974
10008f9c:	20002aec 	.word	0x20002aec
10008fa0:	20002970 	.word	0x20002970
10008fa4:	20002aa0 	.word	0x20002aa0
10008fa8:	20002ac4 	.word	0x20002ac4

10008fac <vTaskPlaceOnEventListRestricted>:
10008fac:	4694      	mov	ip, r2
10008fae:	e92d 41f0 	stmdb	sp!, {r4, r5, r6, r7, r8, lr}
10008fb2:	4c2b      	ldr	r4, [pc, #172]	@ (10009060 <vTaskPlaceOnEventListRestricted+0xb4>)
10008fb4:	460d      	mov	r5, r1
10008fb6:	6823      	ldr	r3, [r4, #0]
10008fb8:	6841      	ldr	r1, [r0, #4]
10008fba:	f8d4 8000 	ldr.w	r8, [r4]
10008fbe:	61d9      	str	r1, [r3, #28]
10008fc0:	6827      	ldr	r7, [r4, #0]
10008fc2:	6803      	ldr	r3, [r0, #0]
10008fc4:	6826      	ldr	r6, [r4, #0]
10008fc6:	688a      	ldr	r2, [r1, #8]
10008fc8:	f8d4 e000 	ldr.w	lr, [r4]
10008fcc:	3301      	adds	r3, #1
10008fce:	3718      	adds	r7, #24
10008fd0:	3618      	adds	r6, #24
10008fd2:	f8c8 2020 	str.w	r2, [r8, #32]
10008fd6:	6057      	str	r7, [r2, #4]
10008fd8:	608e      	str	r6, [r1, #8]
10008fda:	4a22      	ldr	r2, [pc, #136]	@ (10009064 <vTaskPlaceOnEventListRestricted+0xb8>)
10008fdc:	f8ce 0028 	str.w	r0, [lr, #40]	@ 0x28
10008fe0:	4921      	ldr	r1, [pc, #132]	@ (10009068 <vTaskPlaceOnEventListRestricted+0xbc>)
10008fe2:	6003      	str	r3, [r0, #0]
10008fe4:	4b21      	ldr	r3, [pc, #132]	@ (1000906c <vTaskPlaceOnEventListRestricted+0xc0>)
10008fe6:	f1bc 0f00 	cmp.w	ip, #0
10008fea:	d01a      	beq.n	10009022 <vTaskPlaceOnEventListRestricted+0x76>
10008fec:	6809      	ldr	r1, [r1, #0]
10008fee:	6812      	ldr	r2, [r2, #0]
10008ff0:	681b      	ldr	r3, [r3, #0]
10008ff2:	6820      	ldr	r0, [r4, #0]
10008ff4:	3004      	adds	r0, #4
10008ff6:	f000 fda9 	bl	10009b4c <uxListRemove>
10008ffa:	4b1d      	ldr	r3, [pc, #116]	@ (10009070 <vTaskPlaceOnEventListRestricted+0xc4>)
10008ffc:	6819      	ldr	r1, [r3, #0]
10008ffe:	685a      	ldr	r2, [r3, #4]
10009000:	3101      	adds	r1, #1
10009002:	6019      	str	r1, [r3, #0]
10009004:	6821      	ldr	r1, [r4, #0]
10009006:	6890      	ldr	r0, [r2, #8]
10009008:	608a      	str	r2, [r1, #8]
1000900a:	6821      	ldr	r1, [r4, #0]
1000900c:	60c8      	str	r0, [r1, #12]
1000900e:	6821      	ldr	r1, [r4, #0]
10009010:	3104      	adds	r1, #4
10009012:	6041      	str	r1, [r0, #4]
10009014:	6821      	ldr	r1, [r4, #0]
10009016:	6820      	ldr	r0, [r4, #0]
10009018:	3104      	adds	r1, #4
1000901a:	6091      	str	r1, [r2, #8]
1000901c:	6143      	str	r3, [r0, #20]
1000901e:	e8bd 81f0 	ldmia.w	sp!, {r4, r5, r6, r7, r8, pc}
10009022:	680e      	ldr	r6, [r1, #0]
10009024:	6817      	ldr	r7, [r2, #0]
10009026:	f8d3 8000 	ldr.w	r8, [r3]
1000902a:	6820      	ldr	r0, [r4, #0]
1000902c:	3004      	adds	r0, #4
1000902e:	f000 fd8d 	bl	10009b4c <uxListRemove>
10009032:	6823      	ldr	r3, [r4, #0]
10009034:	19ad      	adds	r5, r5, r6
10009036:	6821      	ldr	r1, [r4, #0]
10009038:	605d      	str	r5, [r3, #4]
1000903a:	d305      	bcc.n	10009048 <vTaskPlaceOnEventListRestricted+0x9c>
1000903c:	4640      	mov	r0, r8
1000903e:	e8bd 41f0 	ldmia.w	sp!, {r4, r5, r6, r7, r8, lr}
10009042:	3104      	adds	r1, #4
10009044:	f000 bd6a 	b.w	10009b1c <vListInsert>
10009048:	4638      	mov	r0, r7
1000904a:	3104      	adds	r1, #4
1000904c:	f000 fd66 	bl	10009b1c <vListInsert>
10009050:	4b08      	ldr	r3, [pc, #32]	@ (10009074 <vTaskPlaceOnEventListRestricted+0xc8>)
10009052:	681a      	ldr	r2, [r3, #0]
10009054:	4295      	cmp	r5, r2
10009056:	bf38      	it	cc
10009058:	601d      	strcc	r5, [r3, #0]
1000905a:	e8bd 81f0 	ldmia.w	sp!, {r4, r5, r6, r7, r8, pc}
1000905e:	bf00      	nop
10009060:	20002968 	.word	0x20002968
10009064:	20002970 	.word	0x20002970
10009068:	20002aec 	.word	0x20002aec
1000906c:	20002974 	.word	0x20002974
10009070:	20002ac4 	.word	0x20002ac4
10009074:	20002aa0 	.word	0x20002aa0

10009078 <xTaskRemoveFromEventList>:
10009078:	b4f0      	push	{r4, r5, r6, r7}
1000907a:	2600      	movs	r6, #0
1000907c:	68c3      	ldr	r3, [r0, #12]
1000907e:	68db      	ldr	r3, [r3, #12]
10009080:	6a9a      	ldr	r2, [r3, #40]	@ 0x28
10009082:	e9d3 0107 	ldrd	r0, r1, [r3, #28]
10009086:	6081      	str	r1, [r0, #8]
10009088:	6048      	str	r0, [r1, #4]
1000908a:	6850      	ldr	r0, [r2, #4]
1000908c:	f103 0418 	add.w	r4, r3, #24
10009090:	42a0      	cmp	r0, r4
10009092:	4827      	ldr	r0, [pc, #156]	@ (10009130 <xTaskRemoveFromEventList+0xb8>)
10009094:	bf08      	it	eq
10009096:	6051      	streq	r1, [r2, #4]
10009098:	6811      	ldr	r1, [r2, #0]
1000909a:	6805      	ldr	r5, [r0, #0]
1000909c:	3901      	subs	r1, #1
1000909e:	6ad8      	ldr	r0, [r3, #44]	@ 0x2c
100090a0:	629e      	str	r6, [r3, #40]	@ 0x28
100090a2:	6011      	str	r1, [r2, #0]
100090a4:	2d00      	cmp	r5, #0
100090a6:	d12f      	bne.n	10009108 <xTaskRemoveFromEventList+0x90>
100090a8:	e9d3 4102 	ldrd	r4, r1, [r3, #8]
100090ac:	695a      	ldr	r2, [r3, #20]
100090ae:	60a1      	str	r1, [r4, #8]
100090b0:	604c      	str	r4, [r1, #4]
100090b2:	6854      	ldr	r4, [r2, #4]
100090b4:	1d1e      	adds	r6, r3, #4
100090b6:	42b4      	cmp	r4, r6
100090b8:	bf08      	it	eq
100090ba:	6051      	streq	r1, [r2, #4]
100090bc:	6811      	ldr	r1, [r2, #0]
100090be:	3901      	subs	r1, #1
100090c0:	6011      	str	r1, [r2, #0]
100090c2:	4a1c      	ldr	r2, [pc, #112]	@ (10009134 <xTaskRemoveFromEventList+0xbc>)
100090c4:	6811      	ldr	r1, [r2, #0]
100090c6:	4281      	cmp	r1, r0
100090c8:	491b      	ldr	r1, [pc, #108]	@ (10009138 <xTaskRemoveFromEventList+0xc0>)
100090ca:	bf38      	it	cc
100090cc:	6010      	strcc	r0, [r2, #0]
100090ce:	eb00 0280 	add.w	r2, r0, r0, lsl #2
100090d2:	eb01 0782 	add.w	r7, r1, r2, lsl #2
100090d6:	687d      	ldr	r5, [r7, #4]
100090d8:	0092      	lsls	r2, r2, #2
100090da:	f8d5 c008 	ldr.w	ip, [r5, #8]
100090de:	588c      	ldr	r4, [r1, r2]
100090e0:	609d      	str	r5, [r3, #8]
100090e2:	f8c3 c00c 	str.w	ip, [r3, #12]
100090e6:	f8cc 6004 	str.w	r6, [ip, #4]
100090ea:	60ae      	str	r6, [r5, #8]
100090ec:	615f      	str	r7, [r3, #20]
100090ee:	4b13      	ldr	r3, [pc, #76]	@ (1000913c <xTaskRemoveFromEventList+0xc4>)
100090f0:	3401      	adds	r4, #1
100090f2:	681b      	ldr	r3, [r3, #0]
100090f4:	508c      	str	r4, [r1, r2]
100090f6:	6adb      	ldr	r3, [r3, #44]	@ 0x2c
100090f8:	4283      	cmp	r3, r0
100090fa:	d215      	bcs.n	10009128 <xTaskRemoveFromEventList+0xb0>
100090fc:	bcf0      	pop	{r4, r5, r6, r7}
100090fe:	2301      	movs	r3, #1
10009100:	4a0f      	ldr	r2, [pc, #60]	@ (10009140 <xTaskRemoveFromEventList+0xc8>)
10009102:	4618      	mov	r0, r3
10009104:	6013      	str	r3, [r2, #0]
10009106:	4770      	bx	lr
10009108:	4a0e      	ldr	r2, [pc, #56]	@ (10009144 <xTaskRemoveFromEventList+0xcc>)
1000910a:	6815      	ldr	r5, [r2, #0]
1000910c:	6851      	ldr	r1, [r2, #4]
1000910e:	3501      	adds	r5, #1
10009110:	6015      	str	r5, [r2, #0]
10009112:	688d      	ldr	r5, [r1, #8]
10009114:	61d9      	str	r1, [r3, #28]
10009116:	621d      	str	r5, [r3, #32]
10009118:	606c      	str	r4, [r5, #4]
1000911a:	608c      	str	r4, [r1, #8]
1000911c:	629a      	str	r2, [r3, #40]	@ 0x28
1000911e:	4b07      	ldr	r3, [pc, #28]	@ (1000913c <xTaskRemoveFromEventList+0xc4>)
10009120:	681b      	ldr	r3, [r3, #0]
10009122:	6adb      	ldr	r3, [r3, #44]	@ 0x2c
10009124:	4283      	cmp	r3, r0
10009126:	d3e9      	bcc.n	100090fc <xTaskRemoveFromEventList+0x84>
10009128:	bcf0      	pop	{r4, r5, r6, r7}
1000912a:	2000      	movs	r0, #0
1000912c:	4770      	bx	lr
1000912e:	bf00      	nop
10009130:	20002a38 	.word	0x20002a38
10009134:	20002a40 	.word	0x20002a40
10009138:	2000297c 	.word	0x2000297c
1000913c:	20002968 	.word	0x20002968
10009140:	20002af8 	.word	0x20002af8
10009144:	20002aac 	.word	0x20002aac

10009148 <vTaskInternalSetTimeOutState>:
10009148:	4a03      	ldr	r2, [pc, #12]	@ (10009158 <vTaskInternalSetTimeOutState+0x10>)
1000914a:	4b04      	ldr	r3, [pc, #16]	@ (1000915c <vTaskInternalSetTimeOutState+0x14>)
1000914c:	6812      	ldr	r2, [r2, #0]
1000914e:	681b      	ldr	r3, [r3, #0]
10009150:	e9c0 2300 	strd	r2, r3, [r0]
10009154:	4770      	bx	lr
10009156:	bf00      	nop
10009158:	20002aa4 	.word	0x20002aa4
1000915c:	20002aec 	.word	0x20002aec

10009160 <xTaskCheckForTimeOut>:
10009160:	b5f8      	push	{r3, r4, r5, r6, r7, lr}
10009162:	460d      	mov	r5, r1
10009164:	4604      	mov	r4, r0
10009166:	f000 fb39 	bl	100097dc <vPortEnterCritical>
1000916a:	682b      	ldr	r3, [r5, #0]
1000916c:	4a12      	ldr	r2, [pc, #72]	@ (100091b8 <xTaskCheckForTimeOut+0x58>)
1000916e:	1c58      	adds	r0, r3, #1
10009170:	6811      	ldr	r1, [r2, #0]
10009172:	d01b      	beq.n	100091ac <xTaskCheckForTimeOut+0x4c>
10009174:	e9d4 6000 	ldrd	r6, r0, [r4]
10009178:	f8df c040 	ldr.w	ip, [pc, #64]	@ 100091bc <xTaskCheckForTimeOut+0x5c>
1000917c:	f8dc 7000 	ldr.w	r7, [ip]
10009180:	42be      	cmp	r6, r7
10009182:	d008      	beq.n	10009196 <xTaskCheckForTimeOut+0x36>
10009184:	4288      	cmp	r0, r1
10009186:	d806      	bhi.n	10009196 <xTaskCheckForTimeOut+0x36>
10009188:	2300      	movs	r3, #0
1000918a:	2401      	movs	r4, #1
1000918c:	602b      	str	r3, [r5, #0]
1000918e:	f000 fb33 	bl	100097f8 <vPortExitCritical>
10009192:	4620      	mov	r0, r4
10009194:	bdf8      	pop	{r3, r4, r5, r6, r7, pc}
10009196:	1a0f      	subs	r7, r1, r0
10009198:	42bb      	cmp	r3, r7
1000919a:	d9f5      	bls.n	10009188 <xTaskCheckForTimeOut+0x28>
1000919c:	1a5b      	subs	r3, r3, r1
1000919e:	f8dc 1000 	ldr.w	r1, [ip]
100091a2:	6812      	ldr	r2, [r2, #0]
100091a4:	4403      	add	r3, r0
100091a6:	602b      	str	r3, [r5, #0]
100091a8:	e9c4 1200 	strd	r1, r2, [r4]
100091ac:	2400      	movs	r4, #0
100091ae:	f000 fb23 	bl	100097f8 <vPortExitCritical>
100091b2:	4620      	mov	r0, r4
100091b4:	bdf8      	pop	{r3, r4, r5, r6, r7, pc}
100091b6:	bf00      	nop
100091b8:	20002aec 	.word	0x20002aec
100091bc:	20002aa4 	.word	0x20002aa4

100091c0 <vTaskMissedYield>:
100091c0:	2201      	movs	r2, #1
100091c2:	4b01      	ldr	r3, [pc, #4]	@ (100091c8 <vTaskMissedYield+0x8>)
100091c4:	601a      	str	r2, [r3, #0]
100091c6:	4770      	bx	lr
100091c8:	20002af8 	.word	0x20002af8

100091cc <xTaskPriorityInherit>:
100091cc:	b5f8      	push	{r3, r4, r5, r6, r7, lr}
100091ce:	4604      	mov	r4, r0
100091d0:	b1c8      	cbz	r0, 10009206 <xTaskPriorityInherit+0x3a>
100091d2:	4d1f      	ldr	r5, [pc, #124]	@ (10009250 <xTaskPriorityInherit+0x84>)
100091d4:	6ac3      	ldr	r3, [r0, #44]	@ 0x2c
100091d6:	682a      	ldr	r2, [r5, #0]
100091d8:	6ad2      	ldr	r2, [r2, #44]	@ 0x2c
100091da:	4293      	cmp	r3, r2
100091dc:	d214      	bcs.n	10009208 <xTaskPriorityInherit+0x3c>
100091de:	6982      	ldr	r2, [r0, #24]
100091e0:	2a00      	cmp	r2, #0
100091e2:	db04      	blt.n	100091ee <xTaskPriorityInherit+0x22>
100091e4:	682a      	ldr	r2, [r5, #0]
100091e6:	6ad2      	ldr	r2, [r2, #44]	@ 0x2c
100091e8:	f1c2 0206 	rsb	r2, r2, #6
100091ec:	6182      	str	r2, [r0, #24]
100091ee:	4e19      	ldr	r6, [pc, #100]	@ (10009254 <xTaskPriorityInherit+0x88>)
100091f0:	6962      	ldr	r2, [r4, #20]
100091f2:	eb03 0383 	add.w	r3, r3, r3, lsl #2
100091f6:	eb06 0383 	add.w	r3, r6, r3, lsl #2
100091fa:	429a      	cmp	r2, r3
100091fc:	d00c      	beq.n	10009218 <xTaskPriorityInherit+0x4c>
100091fe:	682b      	ldr	r3, [r5, #0]
10009200:	6adb      	ldr	r3, [r3, #44]	@ 0x2c
10009202:	62e3      	str	r3, [r4, #44]	@ 0x2c
10009204:	2001      	movs	r0, #1
10009206:	bdf8      	pop	{r3, r4, r5, r6, r7, pc}
10009208:	682b      	ldr	r3, [r5, #0]
1000920a:	6c40      	ldr	r0, [r0, #68]	@ 0x44
1000920c:	6adb      	ldr	r3, [r3, #44]	@ 0x2c
1000920e:	4298      	cmp	r0, r3
10009210:	bf2c      	ite	cs
10009212:	2000      	movcs	r0, #0
10009214:	2001      	movcc	r0, #1
10009216:	bdf8      	pop	{r3, r4, r5, r6, r7, pc}
10009218:	1d27      	adds	r7, r4, #4
1000921a:	4638      	mov	r0, r7
1000921c:	f000 fc96 	bl	10009b4c <uxListRemove>
10009220:	682b      	ldr	r3, [r5, #0]
10009222:	4a0d      	ldr	r2, [pc, #52]	@ (10009258 <xTaskPriorityInherit+0x8c>)
10009224:	6adb      	ldr	r3, [r3, #44]	@ 0x2c
10009226:	6811      	ldr	r1, [r2, #0]
10009228:	62e3      	str	r3, [r4, #44]	@ 0x2c
1000922a:	428b      	cmp	r3, r1
1000922c:	bf88      	it	hi
1000922e:	6013      	strhi	r3, [r2, #0]
10009230:	eb03 0383 	add.w	r3, r3, r3, lsl #2
10009234:	0098      	lsls	r0, r3, #2
10009236:	eb06 0383 	add.w	r3, r6, r3, lsl #2
1000923a:	6859      	ldr	r1, [r3, #4]
1000923c:	5832      	ldr	r2, [r6, r0]
1000923e:	688d      	ldr	r5, [r1, #8]
10009240:	3201      	adds	r2, #1
10009242:	60a1      	str	r1, [r4, #8]
10009244:	60e5      	str	r5, [r4, #12]
10009246:	606f      	str	r7, [r5, #4]
10009248:	608f      	str	r7, [r1, #8]
1000924a:	6163      	str	r3, [r4, #20]
1000924c:	5032      	str	r2, [r6, r0]
1000924e:	e7d9      	b.n	10009204 <xTaskPriorityInherit+0x38>
10009250:	20002968 	.word	0x20002968
10009254:	2000297c 	.word	0x2000297c
10009258:	20002a40 	.word	0x20002a40

1000925c <xTaskPriorityDisinherit>:
1000925c:	b158      	cbz	r0, 10009276 <xTaskPriorityDisinherit+0x1a>
1000925e:	b5f8      	push	{r3, r4, r5, r6, r7, lr}
10009260:	6ac1      	ldr	r1, [r0, #44]	@ 0x2c
10009262:	6c83      	ldr	r3, [r0, #72]	@ 0x48
10009264:	6c42      	ldr	r2, [r0, #68]	@ 0x44
10009266:	3b01      	subs	r3, #1
10009268:	4291      	cmp	r1, r2
1000926a:	4604      	mov	r4, r0
1000926c:	6483      	str	r3, [r0, #72]	@ 0x48
1000926e:	d000      	beq.n	10009272 <xTaskPriorityDisinherit+0x16>
10009270:	b11b      	cbz	r3, 1000927a <xTaskPriorityDisinherit+0x1e>
10009272:	2000      	movs	r0, #0
10009274:	bdf8      	pop	{r3, r4, r5, r6, r7, pc}
10009276:	2000      	movs	r0, #0
10009278:	4770      	bx	lr
1000927a:	1d06      	adds	r6, r0, #4
1000927c:	4630      	mov	r0, r6
1000927e:	f000 fc65 	bl	10009b4c <uxListRemove>
10009282:	6c63      	ldr	r3, [r4, #68]	@ 0x44
10009284:	4a0e      	ldr	r2, [pc, #56]	@ (100092c0 <xTaskPriorityDisinherit+0x64>)
10009286:	f1c3 0006 	rsb	r0, r3, #6
1000928a:	61a0      	str	r0, [r4, #24]
1000928c:	2001      	movs	r0, #1
1000928e:	6811      	ldr	r1, [r2, #0]
10009290:	62e3      	str	r3, [r4, #44]	@ 0x2c
10009292:	428b      	cmp	r3, r1
10009294:	bf88      	it	hi
10009296:	6013      	strhi	r3, [r2, #0]
10009298:	4a0a      	ldr	r2, [pc, #40]	@ (100092c4 <xTaskPriorityDisinherit+0x68>)
1000929a:	eb03 0383 	add.w	r3, r3, r3, lsl #2
1000929e:	ea4f 0c83 	mov.w	ip, r3, lsl #2
100092a2:	eb02 0383 	add.w	r3, r2, r3, lsl #2
100092a6:	685d      	ldr	r5, [r3, #4]
100092a8:	f852 100c 	ldr.w	r1, [r2, ip]
100092ac:	68af      	ldr	r7, [r5, #8]
100092ae:	4401      	add	r1, r0
100092b0:	60a5      	str	r5, [r4, #8]
100092b2:	60e7      	str	r7, [r4, #12]
100092b4:	607e      	str	r6, [r7, #4]
100092b6:	60ae      	str	r6, [r5, #8]
100092b8:	6163      	str	r3, [r4, #20]
100092ba:	f842 100c 	str.w	r1, [r2, ip]
100092be:	bdf8      	pop	{r3, r4, r5, r6, r7, pc}
100092c0:	20002a40 	.word	0x20002a40
100092c4:	2000297c 	.word	0x2000297c

100092c8 <vTaskPriorityDisinheritAfterTimeout>:
100092c8:	b160      	cbz	r0, 100092e4 <vTaskPriorityDisinheritAfterTimeout+0x1c>
100092ca:	6c42      	ldr	r2, [r0, #68]	@ 0x44
100092cc:	b5f8      	push	{r3, r4, r5, r6, r7, lr}
100092ce:	4291      	cmp	r1, r2
100092d0:	bf38      	it	cc
100092d2:	4611      	movcc	r1, r2
100092d4:	6ac3      	ldr	r3, [r0, #44]	@ 0x2c
100092d6:	4604      	mov	r4, r0
100092d8:	428b      	cmp	r3, r1
100092da:	d002      	beq.n	100092e2 <vTaskPriorityDisinheritAfterTimeout+0x1a>
100092dc:	6c82      	ldr	r2, [r0, #72]	@ 0x48
100092de:	2a01      	cmp	r2, #1
100092e0:	d001      	beq.n	100092e6 <vTaskPriorityDisinheritAfterTimeout+0x1e>
100092e2:	bdf8      	pop	{r3, r4, r5, r6, r7, pc}
100092e4:	4770      	bx	lr
100092e6:	6982      	ldr	r2, [r0, #24]
100092e8:	4d13      	ldr	r5, [pc, #76]	@ (10009338 <vTaskPriorityDisinheritAfterTimeout+0x70>)
100092ea:	2a00      	cmp	r2, #0
100092ec:	eb03 0383 	add.w	r3, r3, r3, lsl #2
100092f0:	6942      	ldr	r2, [r0, #20]
100092f2:	62c1      	str	r1, [r0, #44]	@ 0x2c
100092f4:	eb05 0383 	add.w	r3, r5, r3, lsl #2
100092f8:	bfa4      	itt	ge
100092fa:	f1c1 0106 	rsbge	r1, r1, #6
100092fe:	6181      	strge	r1, [r0, #24]
10009300:	429a      	cmp	r2, r3
10009302:	d1ee      	bne.n	100092e2 <vTaskPriorityDisinheritAfterTimeout+0x1a>
10009304:	1d06      	adds	r6, r0, #4
10009306:	4630      	mov	r0, r6
10009308:	f000 fc20 	bl	10009b4c <uxListRemove>
1000930c:	4a0b      	ldr	r2, [pc, #44]	@ (1000933c <vTaskPriorityDisinheritAfterTimeout+0x74>)
1000930e:	6ae3      	ldr	r3, [r4, #44]	@ 0x2c
10009310:	6811      	ldr	r1, [r2, #0]
10009312:	428b      	cmp	r3, r1
10009314:	bf88      	it	hi
10009316:	6013      	strhi	r3, [r2, #0]
10009318:	eb03 0383 	add.w	r3, r3, r3, lsl #2
1000931c:	0098      	lsls	r0, r3, #2
1000931e:	eb05 0383 	add.w	r3, r5, r3, lsl #2
10009322:	6859      	ldr	r1, [r3, #4]
10009324:	582a      	ldr	r2, [r5, r0]
10009326:	688f      	ldr	r7, [r1, #8]
10009328:	3201      	adds	r2, #1
1000932a:	60a1      	str	r1, [r4, #8]
1000932c:	60e7      	str	r7, [r4, #12]
1000932e:	607e      	str	r6, [r7, #4]
10009330:	608e      	str	r6, [r1, #8]
10009332:	6163      	str	r3, [r4, #20]
10009334:	502a      	str	r2, [r5, r0]
10009336:	bdf8      	pop	{r3, r4, r5, r6, r7, pc}
10009338:	2000297c 	.word	0x2000297c
1000933c:	20002a40 	.word	0x20002a40

10009340 <pvTaskIncrementMutexHeldCount>:
10009340:	4b03      	ldr	r3, [pc, #12]	@ (10009350 <pvTaskIncrementMutexHeldCount+0x10>)
10009342:	6818      	ldr	r0, [r3, #0]
10009344:	b110      	cbz	r0, 1000934c <pvTaskIncrementMutexHeldCount+0xc>
10009346:	6c83      	ldr	r3, [r0, #72]	@ 0x48
10009348:	3301      	adds	r3, #1
1000934a:	6483      	str	r3, [r0, #72]	@ 0x48
1000934c:	4770      	bx	lr
1000934e:	bf00      	nop
10009350:	20002968 	.word	0x20002968

10009354 <prvTimerTask>:
10009354:	e92d 4ff0 	stmdb	sp!, {r4, r5, r6, r7, r8, r9, sl, fp, lr}
10009358:	4fb7      	ldr	r7, [pc, #732]	@ (10009638 <prvTimerTask+0x2e4>)
1000935a:	f8df b2e4 	ldr.w	fp, [pc, #740]	@ 10009640 <prvTimerTask+0x2ec>
1000935e:	f8df 82e4 	ldr.w	r8, [pc, #740]	@ 10009644 <prvTimerTask+0x2f0>
10009362:	4db6      	ldr	r5, [pc, #728]	@ (1000963c <prvTimerTask+0x2e8>)
10009364:	b087      	sub	sp, #28
10009366:	683b      	ldr	r3, [r7, #0]
10009368:	681c      	ldr	r4, [r3, #0]
1000936a:	2c00      	cmp	r4, #0
1000936c:	f040 811d 	bne.w	100095aa <prvTimerTask+0x256>
10009370:	f7ff fc58 	bl	10008c24 <vTaskSuspendAll>
10009374:	f7ff fd60 	bl	10008e38 <xTaskGetTickCount>
10009378:	f8db 3000 	ldr.w	r3, [fp]
1000937c:	4681      	mov	r9, r0
1000937e:	4283      	cmp	r3, r0
10009380:	d848      	bhi.n	10009414 <prvTimerTask+0xc0>
10009382:	f8d8 3000 	ldr.w	r3, [r8]
10009386:	f8cb 0000 	str.w	r0, [fp]
1000938a:	681a      	ldr	r2, [r3, #0]
1000938c:	fab2 f282 	clz	r2, r2
10009390:	0952      	lsrs	r2, r2, #5
10009392:	6828      	ldr	r0, [r5, #0]
10009394:	eba4 0109 	sub.w	r1, r4, r9
10009398:	f7ff f938 	bl	1000860c <vQueueWaitForMessageRestricted>
1000939c:	f7ff fc4a 	bl	10008c34 <xTaskResumeAll>
100093a0:	2800      	cmp	r0, #0
100093a2:	f000 8124 	beq.w	100095ee <prvTimerTask+0x29a>
100093a6:	2300      	movs	r3, #0
100093a8:	e9cd 3302 	strd	r3, r3, [sp, #8]
100093ac:	e9cd 3304 	strd	r3, r3, [sp, #16]
100093b0:	2200      	movs	r2, #0
100093b2:	6828      	ldr	r0, [r5, #0]
100093b4:	a902      	add	r1, sp, #8
100093b6:	f7fe fdc5 	bl	10007f44 <xQueueReceive>
100093ba:	2800      	cmp	r0, #0
100093bc:	d0d3      	beq.n	10009366 <prvTimerTask+0x12>
100093be:	9b02      	ldr	r3, [sp, #8]
100093c0:	9804      	ldr	r0, [sp, #16]
100093c2:	2b00      	cmp	r3, #0
100093c4:	f2c0 80e9 	blt.w	1000959a <prvTimerTask+0x246>
100093c8:	f8dd a010 	ldr.w	sl, [sp, #16]
100093cc:	f8da 3014 	ldr.w	r3, [sl, #20]
100093d0:	b11b      	cbz	r3, 100093da <prvTimerTask+0x86>
100093d2:	f10a 0004 	add.w	r0, sl, #4
100093d6:	f000 fbb9 	bl	10009b4c <uxListRemove>
100093da:	f7ff fd2d 	bl	10008e38 <xTaskGetTickCount>
100093de:	f8db 3000 	ldr.w	r3, [fp]
100093e2:	9001      	str	r0, [sp, #4]
100093e4:	4298      	cmp	r0, r3
100093e6:	d343      	bcc.n	10009470 <prvTimerTask+0x11c>
100093e8:	e9dd 2301 	ldrd	r2, r3, [sp, #4]
100093ec:	3b01      	subs	r3, #1
100093ee:	f8cb 2000 	str.w	r2, [fp]
100093f2:	2b08      	cmp	r3, #8
100093f4:	d8dc      	bhi.n	100093b0 <prvTimerTask+0x5c>
100093f6:	e8df f003 	tbb	[pc, r3]
100093fa:	6161      	.short	0x6161
100093fc:	61c7a5c0 	.word	0x61c7a5c0
10009400:	c061      	.short	0xc061
10009402:	a5          	.byte	0xa5
10009403:	00          	.byte	0x00
10009404:	f022 0201 	bic.w	r2, r2, #1
10009408:	f88a 2024 	strb.w	r2, [sl, #36]	@ 0x24
1000940c:	4650      	mov	r0, sl
1000940e:	f8da 3020 	ldr.w	r3, [sl, #32]
10009412:	4798      	blx	r3
10009414:	683b      	ldr	r3, [r7, #0]
10009416:	681a      	ldr	r2, [r3, #0]
10009418:	2a00      	cmp	r2, #0
1000941a:	f000 80d8 	beq.w	100095ce <prvTimerTask+0x27a>
1000941e:	68da      	ldr	r2, [r3, #12]
10009420:	f8d2 a00c 	ldr.w	sl, [r2, #12]
10009424:	6814      	ldr	r4, [r2, #0]
10009426:	f10a 0604 	add.w	r6, sl, #4
1000942a:	4630      	mov	r0, r6
1000942c:	f000 fb8e 	bl	10009b4c <uxListRemove>
10009430:	f89a 2024 	ldrb.w	r2, [sl, #36]	@ 0x24
10009434:	0751      	lsls	r1, r2, #29
10009436:	d5e5      	bpl.n	10009404 <prvTimerTask+0xb0>
10009438:	e003      	b.n	10009442 <prvTimerTask+0xee>
1000943a:	4650      	mov	r0, sl
1000943c:	f8da 2020 	ldr.w	r2, [sl, #32]
10009440:	4790      	blx	r2
10009442:	f8da 2018 	ldr.w	r2, [sl, #24]
10009446:	f8ca a010 	str.w	sl, [sl, #16]
1000944a:	1911      	adds	r1, r2, r4
1000944c:	18a4      	adds	r4, r4, r2
1000944e:	f8ca 1004 	str.w	r1, [sl, #4]
10009452:	d3f2      	bcc.n	1000943a <prvTimerTask+0xe6>
10009454:	4631      	mov	r1, r6
10009456:	f8d8 0000 	ldr.w	r0, [r8]
1000945a:	f000 fb5f 	bl	10009b1c <vListInsert>
1000945e:	e7d5      	b.n	1000940c <prvTimerTask+0xb8>
10009460:	f021 0101 	bic.w	r1, r1, #1
10009464:	f889 1024 	strb.w	r1, [r9, #36]	@ 0x24
10009468:	4648      	mov	r0, r9
1000946a:	f8d9 3020 	ldr.w	r3, [r9, #32]
1000946e:	4798      	blx	r3
10009470:	683b      	ldr	r3, [r7, #0]
10009472:	6819      	ldr	r1, [r3, #0]
10009474:	2900      	cmp	r1, #0
10009476:	f000 80b4 	beq.w	100095e2 <prvTimerTask+0x28e>
1000947a:	68d9      	ldr	r1, [r3, #12]
1000947c:	f8d1 900c 	ldr.w	r9, [r1, #12]
10009480:	680c      	ldr	r4, [r1, #0]
10009482:	f109 0604 	add.w	r6, r9, #4
10009486:	4630      	mov	r0, r6
10009488:	f000 fb60 	bl	10009b4c <uxListRemove>
1000948c:	f899 1024 	ldrb.w	r1, [r9, #36]	@ 0x24
10009490:	0748      	lsls	r0, r1, #29
10009492:	d5e5      	bpl.n	10009460 <prvTimerTask+0x10c>
10009494:	e003      	b.n	1000949e <prvTimerTask+0x14a>
10009496:	4648      	mov	r0, r9
10009498:	f8d9 1020 	ldr.w	r1, [r9, #32]
1000949c:	4788      	blx	r1
1000949e:	f8d9 1018 	ldr.w	r1, [r9, #24]
100094a2:	f8c9 9010 	str.w	r9, [r9, #16]
100094a6:	1908      	adds	r0, r1, r4
100094a8:	1864      	adds	r4, r4, r1
100094aa:	f8c9 0004 	str.w	r0, [r9, #4]
100094ae:	d3f2      	bcc.n	10009496 <prvTimerTask+0x142>
100094b0:	4631      	mov	r1, r6
100094b2:	f8d8 0000 	ldr.w	r0, [r8]
100094b6:	f000 fb31 	bl	10009b1c <vListInsert>
100094ba:	e7d5      	b.n	10009468 <prvTimerTask+0x114>
100094bc:	f89a 0024 	ldrb.w	r0, [sl, #36]	@ 0x24
100094c0:	9903      	ldr	r1, [sp, #12]
100094c2:	f8da 4018 	ldr.w	r4, [sl, #24]
100094c6:	9a01      	ldr	r2, [sp, #4]
100094c8:	190b      	adds	r3, r1, r4
100094ca:	f040 0601 	orr.w	r6, r0, #1
100094ce:	f88a 6024 	strb.w	r6, [sl, #36]	@ 0x24
100094d2:	bf2c      	ite	cs
100094d4:	2601      	movcs	r6, #1
100094d6:	2600      	movcc	r6, #0
100094d8:	4293      	cmp	r3, r2
100094da:	f8ca 3004 	str.w	r3, [sl, #4]
100094de:	f8ca a010 	str.w	sl, [sl, #16]
100094e2:	f200 8087 	bhi.w	100095f4 <prvTimerTask+0x2a0>
100094e6:	1a51      	subs	r1, r2, r1
100094e8:	428c      	cmp	r4, r1
100094ea:	d83f      	bhi.n	1000956c <prvTimerTask+0x218>
100094ec:	0741      	lsls	r1, r0, #29
100094ee:	d412      	bmi.n	10009516 <prvTimerTask+0x1c2>
100094f0:	f020 0001 	bic.w	r0, r0, #1
100094f4:	f88a 0024 	strb.w	r0, [sl, #36]	@ 0x24
100094f8:	4650      	mov	r0, sl
100094fa:	f8da 3020 	ldr.w	r3, [sl, #32]
100094fe:	4798      	blx	r3
10009500:	e756      	b.n	100093b0 <prvTimerTask+0x5c>
10009502:	428c      	cmp	r4, r1
10009504:	f200 80c6 	bhi.w	10009694 <prvTimerTask+0x340>
10009508:	f8da 3020 	ldr.w	r3, [sl, #32]
1000950c:	4650      	mov	r0, sl
1000950e:	4798      	blx	r3
10009510:	4633      	mov	r3, r6
10009512:	f8da 4018 	ldr.w	r4, [sl, #24]
10009516:	9a01      	ldr	r2, [sp, #4]
10009518:	18e6      	adds	r6, r4, r3
1000951a:	bf2c      	ite	cs
1000951c:	2001      	movcs	r0, #1
1000951e:	2000      	movcc	r0, #0
10009520:	42b2      	cmp	r2, r6
10009522:	eba2 0103 	sub.w	r1, r2, r3
10009526:	f8ca 6004 	str.w	r6, [sl, #4]
1000952a:	f8ca a010 	str.w	sl, [sl, #16]
1000952e:	d2e8      	bcs.n	10009502 <prvTimerTask+0x1ae>
10009530:	429a      	cmp	r2, r3
10009532:	d201      	bcs.n	10009538 <prvTimerTask+0x1e4>
10009534:	2800      	cmp	r0, #0
10009536:	d0e7      	beq.n	10009508 <prvTimerTask+0x1b4>
10009538:	6838      	ldr	r0, [r7, #0]
1000953a:	f10a 0104 	add.w	r1, sl, #4
1000953e:	f000 faed 	bl	10009b1c <vListInsert>
10009542:	e7d9      	b.n	100094f8 <prvTimerTask+0x1a4>
10009544:	9903      	ldr	r1, [sp, #12]
10009546:	9a01      	ldr	r2, [sp, #4]
10009548:	f89a 3024 	ldrb.w	r3, [sl, #36]	@ 0x24
1000954c:	1888      	adds	r0, r1, r2
1000954e:	f043 0301 	orr.w	r3, r3, #1
10009552:	4290      	cmp	r0, r2
10009554:	f88a 3024 	strb.w	r3, [sl, #36]	@ 0x24
10009558:	f8ca 1018 	str.w	r1, [sl, #24]
1000955c:	f8ca 0004 	str.w	r0, [sl, #4]
10009560:	f8ca a010 	str.w	sl, [sl, #16]
10009564:	d84b      	bhi.n	100095fe <prvTimerTask+0x2aa>
10009566:	2900      	cmp	r1, #0
10009568:	f43f af22 	beq.w	100093b0 <prvTimerTask+0x5c>
1000956c:	f8d8 0000 	ldr.w	r0, [r8]
10009570:	f10a 0104 	add.w	r1, sl, #4
10009574:	f000 fad2 	bl	10009b1c <vListInsert>
10009578:	e71a      	b.n	100093b0 <prvTimerTask+0x5c>
1000957a:	f89a 3024 	ldrb.w	r3, [sl, #36]	@ 0x24
1000957e:	f023 0301 	bic.w	r3, r3, #1
10009582:	f88a 3024 	strb.w	r3, [sl, #36]	@ 0x24
10009586:	e713      	b.n	100093b0 <prvTimerTask+0x5c>
10009588:	f89a 3024 	ldrb.w	r3, [sl, #36]	@ 0x24
1000958c:	079a      	lsls	r2, r3, #30
1000958e:	d577      	bpl.n	10009680 <prvTimerTask+0x32c>
10009590:	f023 0301 	bic.w	r3, r3, #1
10009594:	f88a 3024 	strb.w	r3, [sl, #36]	@ 0x24
10009598:	e70a      	b.n	100093b0 <prvTimerTask+0x5c>
1000959a:	9b03      	ldr	r3, [sp, #12]
1000959c:	9905      	ldr	r1, [sp, #20]
1000959e:	4798      	blx	r3
100095a0:	9b02      	ldr	r3, [sp, #8]
100095a2:	2b00      	cmp	r3, #0
100095a4:	f6ff af04 	blt.w	100093b0 <prvTimerTask+0x5c>
100095a8:	e70e      	b.n	100093c8 <prvTimerTask+0x74>
100095aa:	68db      	ldr	r3, [r3, #12]
100095ac:	681c      	ldr	r4, [r3, #0]
100095ae:	f7ff fb39 	bl	10008c24 <vTaskSuspendAll>
100095b2:	f7ff fc41 	bl	10008e38 <xTaskGetTickCount>
100095b6:	f8db 3000 	ldr.w	r3, [fp]
100095ba:	4681      	mov	r9, r0
100095bc:	4283      	cmp	r3, r0
100095be:	f63f af29 	bhi.w	10009414 <prvTimerTask+0xc0>
100095c2:	4284      	cmp	r4, r0
100095c4:	f8cb 0000 	str.w	r0, [fp]
100095c8:	d91f      	bls.n	1000960a <prvTimerTask+0x2b6>
100095ca:	2200      	movs	r2, #0
100095cc:	e6e1      	b.n	10009392 <prvTimerTask+0x3e>
100095ce:	f8d8 2000 	ldr.w	r2, [r8]
100095d2:	f8cb 9000 	str.w	r9, [fp]
100095d6:	603a      	str	r2, [r7, #0]
100095d8:	f8c8 3000 	str.w	r3, [r8]
100095dc:	f7ff fb2a 	bl	10008c34 <xTaskResumeAll>
100095e0:	e6e1      	b.n	100093a6 <prvTimerTask+0x52>
100095e2:	f8d8 1000 	ldr.w	r1, [r8]
100095e6:	f8c8 3000 	str.w	r3, [r8]
100095ea:	6039      	str	r1, [r7, #0]
100095ec:	e6fc      	b.n	100093e8 <prvTimerTask+0x94>
100095ee:	f000 f8e9 	bl	100097c4 <vPortYield>
100095f2:	e6d8      	b.n	100093a6 <prvTimerTask+0x52>
100095f4:	4291      	cmp	r1, r2
100095f6:	d902      	bls.n	100095fe <prvTimerTask+0x2aa>
100095f8:	2e00      	cmp	r6, #0
100095fa:	f43f af77 	beq.w	100094ec <prvTimerTask+0x198>
100095fe:	6838      	ldr	r0, [r7, #0]
10009600:	f10a 0104 	add.w	r1, sl, #4
10009604:	f000 fa8a 	bl	10009b1c <vListInsert>
10009608:	e6d2      	b.n	100093b0 <prvTimerTask+0x5c>
1000960a:	f7ff fb13 	bl	10008c34 <xTaskResumeAll>
1000960e:	683b      	ldr	r3, [r7, #0]
10009610:	68db      	ldr	r3, [r3, #12]
10009612:	68de      	ldr	r6, [r3, #12]
10009614:	1d33      	adds	r3, r6, #4
10009616:	4618      	mov	r0, r3
10009618:	9301      	str	r3, [sp, #4]
1000961a:	f000 fa97 	bl	10009b4c <uxListRemove>
1000961e:	f896 2024 	ldrb.w	r2, [r6, #36]	@ 0x24
10009622:	0753      	lsls	r3, r2, #29
10009624:	d416      	bmi.n	10009654 <prvTimerTask+0x300>
10009626:	f022 0201 	bic.w	r2, r2, #1
1000962a:	f886 2024 	strb.w	r2, [r6, #36]	@ 0x24
1000962e:	4630      	mov	r0, r6
10009630:	6a33      	ldr	r3, [r6, #32]
10009632:	4798      	blx	r3
10009634:	e6b7      	b.n	100093a6 <prvTimerTask+0x52>
10009636:	bf00      	nop
10009638:	2000296c 	.word	0x2000296c
1000963c:	20002af0 	.word	0x20002af0
10009640:	20002a9c 	.word	0x20002a9c
10009644:	20002978 	.word	0x20002978
10009648:	4281      	cmp	r1, r0
1000964a:	d81d      	bhi.n	10009688 <prvTimerTask+0x334>
1000964c:	4630      	mov	r0, r6
1000964e:	6a31      	ldr	r1, [r6, #32]
10009650:	4788      	blx	r1
10009652:	4654      	mov	r4, sl
10009654:	69b1      	ldr	r1, [r6, #24]
10009656:	eba9 0004 	sub.w	r0, r9, r4
1000965a:	eb14 0a01 	adds.w	sl, r4, r1
1000965e:	bf2c      	ite	cs
10009660:	2301      	movcs	r3, #1
10009662:	2300      	movcc	r3, #0
10009664:	45ca      	cmp	sl, r9
10009666:	f8c6 a004 	str.w	sl, [r6, #4]
1000966a:	6136      	str	r6, [r6, #16]
1000966c:	d9ec      	bls.n	10009648 <prvTimerTask+0x2f4>
1000966e:	454c      	cmp	r4, r9
10009670:	d901      	bls.n	10009676 <prvTimerTask+0x322>
10009672:	2b00      	cmp	r3, #0
10009674:	d0ea      	beq.n	1000964c <prvTimerTask+0x2f8>
10009676:	9901      	ldr	r1, [sp, #4]
10009678:	6838      	ldr	r0, [r7, #0]
1000967a:	f000 fa4f 	bl	10009b1c <vListInsert>
1000967e:	e7d6      	b.n	1000962e <prvTimerTask+0x2da>
10009680:	4650      	mov	r0, sl
10009682:	f000 f85d 	bl	10009740 <vPortFree>
10009686:	e693      	b.n	100093b0 <prvTimerTask+0x5c>
10009688:	9901      	ldr	r1, [sp, #4]
1000968a:	f8d8 0000 	ldr.w	r0, [r8]
1000968e:	f000 fa45 	bl	10009b1c <vListInsert>
10009692:	e7cc      	b.n	1000962e <prvTimerTask+0x2da>
10009694:	f8d8 0000 	ldr.w	r0, [r8]
10009698:	f10a 0104 	add.w	r1, sl, #4
1000969c:	f000 fa3e 	bl	10009b1c <vListInsert>
100096a0:	e72a      	b.n	100094f8 <prvTimerTask+0x1a4>
100096a2:	bf00      	nop

100096a4 <xTimerCreateTimerTask>:
100096a4:	b5f0      	push	{r4, r5, r6, r7, lr}
100096a6:	4c17      	ldr	r4, [pc, #92]	@ (10009704 <xTimerCreateTimerTask+0x60>)
100096a8:	b083      	sub	sp, #12
100096aa:	f000 f897 	bl	100097dc <vPortEnterCritical>
100096ae:	6825      	ldr	r5, [r4, #0]
100096b0:	b17d      	cbz	r5, 100096d2 <xTimerCreateTimerTask+0x2e>
100096b2:	f000 f8a1 	bl	100097f8 <vPortExitCritical>
100096b6:	6820      	ldr	r0, [r4, #0]
100096b8:	b148      	cbz	r0, 100096ce <xTimerCreateTimerTask+0x2a>
100096ba:	2403      	movs	r4, #3
100096bc:	4812      	ldr	r0, [pc, #72]	@ (10009708 <xTimerCreateTimerTask+0x64>)
100096be:	2300      	movs	r3, #0
100096c0:	9001      	str	r0, [sp, #4]
100096c2:	2280      	movs	r2, #128	@ 0x80
100096c4:	4911      	ldr	r1, [pc, #68]	@ (1000970c <xTimerCreateTimerTask+0x68>)
100096c6:	4812      	ldr	r0, [pc, #72]	@ (10009710 <xTimerCreateTimerTask+0x6c>)
100096c8:	9400      	str	r4, [sp, #0]
100096ca:	f7ff f96b 	bl	100089a4 <xTaskCreate>
100096ce:	b003      	add	sp, #12
100096d0:	bdf0      	pop	{r4, r5, r6, r7, pc}
100096d2:	4e10      	ldr	r6, [pc, #64]	@ (10009714 <xTimerCreateTimerTask+0x70>)
100096d4:	4f10      	ldr	r7, [pc, #64]	@ (10009718 <xTimerCreateTimerTask+0x74>)
100096d6:	4630      	mov	r0, r6
100096d8:	f000 fa02 	bl	10009ae0 <vListInitialise>
100096dc:	4638      	mov	r0, r7
100096de:	f000 f9ff 	bl	10009ae0 <vListInitialise>
100096e2:	4a0e      	ldr	r2, [pc, #56]	@ (1000971c <xTimerCreateTimerTask+0x78>)
100096e4:	4b0e      	ldr	r3, [pc, #56]	@ (10009720 <xTimerCreateTimerTask+0x7c>)
100096e6:	6017      	str	r7, [r2, #0]
100096e8:	2110      	movs	r1, #16
100096ea:	462a      	mov	r2, r5
100096ec:	200a      	movs	r0, #10
100096ee:	601e      	str	r6, [r3, #0]
100096f0:	f7fe fa42 	bl	10007b78 <xQueueGenericCreate>
100096f4:	6020      	str	r0, [r4, #0]
100096f6:	2800      	cmp	r0, #0
100096f8:	d0db      	beq.n	100096b2 <xTimerCreateTimerTask+0xe>
100096fa:	490a      	ldr	r1, [pc, #40]	@ (10009724 <xTimerCreateTimerTask+0x80>)
100096fc:	f7fe fec6 	bl	1000848c <vQueueAddToRegistry>
10009700:	e7d7      	b.n	100096b2 <xTimerCreateTimerTask+0xe>
10009702:	bf00      	nop
10009704:	20002af0 	.word	0x20002af0
10009708:	20002af4 	.word	0x20002af4
1000970c:	1000afa4 	.word	0x1000afa4
10009710:	10009355 	.word	0x10009355
10009714:	20002a44 	.word	0x20002a44
10009718:	20002a58 	.word	0x20002a58
1000971c:	20002978 	.word	0x20002978
10009720:	2000296c 	.word	0x2000296c
10009724:	1000af9c 	.word	0x1000af9c

10009728 <pvPortMalloc>:
10009728:	b510      	push	{r4, lr}
1000972a:	4604      	mov	r4, r0
1000972c:	f7ff fa7a 	bl	10008c24 <vTaskSuspendAll>
10009730:	4620      	mov	r0, r4
10009732:	f7f9 fd61 	bl	100031f8 <__wrap_malloc>
10009736:	4604      	mov	r4, r0
10009738:	f7ff fa7c 	bl	10008c34 <xTaskResumeAll>
1000973c:	4620      	mov	r0, r4
1000973e:	bd10      	pop	{r4, pc}

10009740 <vPortFree>:
10009740:	b150      	cbz	r0, 10009758 <vPortFree+0x18>
10009742:	b510      	push	{r4, lr}
10009744:	4604      	mov	r4, r0
10009746:	f7ff fa6d 	bl	10008c24 <vTaskSuspendAll>
1000974a:	4620      	mov	r0, r4
1000974c:	f7f9 fd66 	bl	1000321c <__wrap_free>
10009750:	e8bd 4010 	ldmia.w	sp!, {r4, lr}
10009754:	f7ff ba6e 	b.w	10008c34 <xTaskResumeAll>
10009758:	4770      	bx	lr
1000975a:	bf00      	nop

1000975c <prvTaskExitError>:
1000975c:	2300      	movs	r3, #0
1000975e:	b500      	push	{lr}
10009760:	b083      	sub	sp, #12
10009762:	9301      	str	r3, [sp, #4]
10009764:	f000 f94e 	bl	10009a04 <ulSetInterruptMask>
10009768:	9b01      	ldr	r3, [sp, #4]
1000976a:	2b00      	cmp	r3, #0
1000976c:	d0fc      	beq.n	10009768 <prvTaskExitError+0xc>
1000976e:	b003      	add	sp, #12
10009770:	f85d fb04 	ldr.w	pc, [sp], #4

10009774 <isr_systick>:
10009774:	b510      	push	{r4, lr}
10009776:	f000 f945 	bl	10009a04 <ulSetInterruptMask>
1000977a:	4604      	mov	r4, r0
1000977c:	f7ff fb68 	bl	10008e50 <xTaskIncrementTick>
10009780:	b128      	cbz	r0, 1000978e <isr_systick+0x1a>
10009782:	f04f 23e0 	mov.w	r3, #3758153728	@ 0xe000e000
10009786:	f04f 5280 	mov.w	r2, #268435456	@ 0x10000000
1000978a:	f8c3 2d04 	str.w	r2, [r3, #3332]	@ 0xd04
1000978e:	4620      	mov	r0, r4
10009790:	e8bd 4010 	ldmia.w	sp!, {r4, lr}
10009794:	f000 b942 	b.w	10009a1c <vClearInterruptMask>

10009798 <vPortSetupTimerInterrupt>:
10009798:	b510      	push	{r4, lr}
1000979a:	2204      	movs	r2, #4
1000979c:	f04f 24e0 	mov.w	r4, #3758153728	@ 0xe000e000
100097a0:	2300      	movs	r3, #0
100097a2:	6122      	str	r2, [r4, #16]
100097a4:	2005      	movs	r0, #5
100097a6:	61a3      	str	r3, [r4, #24]
100097a8:	f7f9 f9c8 	bl	10002b3c <clock_get_hz>
100097ac:	2107      	movs	r1, #7
100097ae:	4b04      	ldr	r3, [pc, #16]	@ (100097c0 <vPortSetupTimerInterrupt+0x28>)
100097b0:	fba3 2300 	umull	r2, r3, r3, r0
100097b4:	099b      	lsrs	r3, r3, #6
100097b6:	3b01      	subs	r3, #1
100097b8:	6163      	str	r3, [r4, #20]
100097ba:	6121      	str	r1, [r4, #16]
100097bc:	bd10      	pop	{r4, pc}
100097be:	bf00      	nop
100097c0:	10624dd3 	.word	0x10624dd3

100097c4 <vPortYield>:
100097c4:	f04f 23e0 	mov.w	r3, #3758153728	@ 0xe000e000
100097c8:	f04f 5280 	mov.w	r2, #268435456	@ 0x10000000
100097cc:	f8c3 2d04 	str.w	r2, [r3, #3332]	@ 0xd04
100097d0:	f3bf 8f4f 	dsb	sy
100097d4:	f3bf 8f6f 	isb	sy
100097d8:	4770      	bx	lr
100097da:	bf00      	nop

100097dc <vPortEnterCritical>:
100097dc:	b508      	push	{r3, lr}
100097de:	f000 f911 	bl	10009a04 <ulSetInterruptMask>
100097e2:	4a04      	ldr	r2, [pc, #16]	@ (100097f4 <vPortEnterCritical+0x18>)
100097e4:	6813      	ldr	r3, [r2, #0]
100097e6:	3301      	adds	r3, #1
100097e8:	6013      	str	r3, [r2, #0]
100097ea:	f3bf 8f4f 	dsb	sy
100097ee:	f3bf 8f6f 	isb	sy
100097f2:	bd08      	pop	{r3, pc}
100097f4:	200015a4 	.word	0x200015a4

100097f8 <vPortExitCritical>:
100097f8:	4b04      	ldr	r3, [pc, #16]	@ (1000980c <vPortExitCritical+0x14>)
100097fa:	681a      	ldr	r2, [r3, #0]
100097fc:	3a01      	subs	r2, #1
100097fe:	601a      	str	r2, [r3, #0]
10009800:	6818      	ldr	r0, [r3, #0]
10009802:	b100      	cbz	r0, 10009806 <vPortExitCritical+0xe>
10009804:	4770      	bx	lr
10009806:	f000 b909 	b.w	10009a1c <vClearInterruptMask>
1000980a:	bf00      	nop
1000980c:	200015a4 	.word	0x200015a4

10009810 <vPortSVCHandler_C>:
10009810:	6983      	ldr	r3, [r0, #24]
10009812:	f813 3c02 	ldrb.w	r3, [r3, #-2]
10009816:	2b66      	cmp	r3, #102	@ 0x66
10009818:	d000      	beq.n	1000981c <vPortSVCHandler_C+0xc>
1000981a:	4770      	bx	lr
1000981c:	f04f 23e0 	mov.w	r3, #3758153728	@ 0xe000e000
10009820:	f8d3 2d88 	ldr.w	r2, [r3, #3464]	@ 0xd88
10009824:	f442 0270 	orr.w	r2, r2, #15728640	@ 0xf00000
10009828:	f8c3 2d88 	str.w	r2, [r3, #3464]	@ 0xd88
1000982c:	f8d3 2f34 	ldr.w	r2, [r3, #3892]	@ 0xf34
10009830:	f042 4240 	orr.w	r2, r2, #3221225472	@ 0xc0000000
10009834:	f8c3 2f34 	str.w	r2, [r3, #3892]	@ 0xf34
10009838:	f000 b8c6 	b.w	100099c8 <vRestoreContextOfFirstTask>

1000983c <pxPortInitialiseStack>:
1000983c:	e92d 4ff0 	stmdb	sp!, {r4, r5, r6, r7, r8, r9, sl, fp, lr}
10009840:	f04f 3e11 	mov.w	lr, #286331153	@ 0x11111111
10009844:	f04f 7480 	mov.w	r4, #16777216	@ 0x1000000
10009848:	e940 e309 	strd	lr, r3, [r0, #-36]	@ 0x24
1000984c:	f04f 3307 	mov.w	r3, #117901063	@ 0x7070707
10009850:	f840 4c04 	str.w	r4, [r0, #-4]
10009854:	4c16      	ldr	r4, [pc, #88]	@ (100098b0 <pxPortInitialiseStack+0x74>)
10009856:	f840 3c34 	str.w	r3, [r0, #-52]
1000985a:	e940 4203 	strd	r4, r2, [r0, #-12]
1000985e:	f04f 3305 	mov.w	r3, #84215045	@ 0x5050505
10009862:	f04f 3206 	mov.w	r2, #101058054	@ 0x6060606
10009866:	f04f 3b12 	mov.w	fp, #303174162	@ 0x12121212
1000986a:	e940 320f 	strd	r3, r2, [r0, #-60]	@ 0x3c
1000986e:	f04f 3a03 	mov.w	sl, #50529027	@ 0x3030303
10009872:	f04f 3902 	mov.w	r9, #33686018	@ 0x2020202
10009876:	f04f 3801 	mov.w	r8, #16843009	@ 0x1010101
1000987a:	f04f 3710 	mov.w	r7, #269488144	@ 0x10101010
1000987e:	f04f 3609 	mov.w	r6, #151587081	@ 0x9090909
10009882:	f04f 3508 	mov.w	r5, #134744072	@ 0x8080808
10009886:	f04f 3404 	mov.w	r4, #67372036	@ 0x4040404
1000988a:	f06f 0302 	mvn.w	r3, #2
1000988e:	e940 ab05 	strd	sl, fp, [r0, #-20]
10009892:	e940 8907 	strd	r8, r9, [r0, #-28]
10009896:	e940 670b 	strd	r6, r7, [r0, #-44]	@ 0x2c
1000989a:	f840 5c30 	str.w	r5, [r0, #-48]
1000989e:	f840 4c40 	str.w	r4, [r0, #-64]
100098a2:	f840 3c44 	str.w	r3, [r0, #-68]
100098a6:	f840 1d48 	str.w	r1, [r0, #-72]!
100098aa:	e8bd 8ff0 	ldmia.w	sp!, {r4, r5, r6, r7, r8, r9, sl, fp, pc}
100098ae:	bf00      	nop
100098b0:	1000975d 	.word	0x1000975d

100098b4 <xPortStartScheduler>:
100098b4:	f04f 23e0 	mov.w	r3, #3758153728	@ 0xe000e000
100098b8:	f04f 427f 	mov.w	r2, #4278190080	@ 0xff000000
100098bc:	2100      	movs	r1, #0
100098be:	b510      	push	{r4, lr}
100098c0:	b084      	sub	sp, #16
100098c2:	9102      	str	r1, [sp, #8]
100098c4:	f8c3 2d1c 	str.w	r2, [r3, #3356]	@ 0xd1c
100098c8:	f8d3 3d1c 	ldr.w	r3, [r3, #3356]	@ 0xd1c
100098cc:	0e1b      	lsrs	r3, r3, #24
100098ce:	f88d 3007 	strb.w	r3, [sp, #7]
100098d2:	f89d 3007 	ldrb.w	r3, [sp, #7]
100098d6:	f89d 3007 	ldrb.w	r3, [sp, #7]
100098da:	061a      	lsls	r2, r3, #24
100098dc:	d50c      	bpl.n	100098f8 <xPortStartScheduler+0x44>
100098de:	9b02      	ldr	r3, [sp, #8]
100098e0:	3301      	adds	r3, #1
100098e2:	9302      	str	r3, [sp, #8]
100098e4:	f89d 3007 	ldrb.w	r3, [sp, #7]
100098e8:	005b      	lsls	r3, r3, #1
100098ea:	b2db      	uxtb	r3, r3
100098ec:	f88d 3007 	strb.w	r3, [sp, #7]
100098f0:	f89d 3007 	ldrb.w	r3, [sp, #7]
100098f4:	061b      	lsls	r3, r3, #24
100098f6:	d4f2      	bmi.n	100098de <xPortStartScheduler+0x2a>
100098f8:	9b02      	ldr	r3, [sp, #8]
100098fa:	2b08      	cmp	r3, #8
100098fc:	d03a      	beq.n	10009974 <xPortStartScheduler+0xc0>
100098fe:	9a02      	ldr	r2, [sp, #8]
10009900:	f1c2 0207 	rsb	r2, r2, #7
10009904:	0212      	lsls	r2, r2, #8
10009906:	f402 62e0 	and.w	r2, r2, #1792	@ 0x700
1000990a:	f04f 23e0 	mov.w	r3, #3758153728	@ 0xe000e000
1000990e:	2400      	movs	r4, #0
10009910:	4919      	ldr	r1, [pc, #100]	@ (10009978 <xPortStartScheduler+0xc4>)
10009912:	200e      	movs	r0, #14
10009914:	600a      	str	r2, [r1, #0]
10009916:	f8d3 2d20 	ldr.w	r2, [r3, #3360]	@ 0xd20
1000991a:	4918      	ldr	r1, [pc, #96]	@ (1000997c <xPortStartScheduler+0xc8>)
1000991c:	f442 027f 	orr.w	r2, r2, #16711680	@ 0xff0000
10009920:	f8c3 2d20 	str.w	r2, [r3, #3360]	@ 0xd20
10009924:	f8d3 2d20 	ldr.w	r2, [r3, #3360]	@ 0xd20
10009928:	f042 427f 	orr.w	r2, r2, #4278190080	@ 0xff000000
1000992c:	f8c3 2d20 	str.w	r2, [r3, #3360]	@ 0xd20
10009930:	f8c3 4d1c 	str.w	r4, [r3, #3356]	@ 0xd1c
10009934:	f7fd ff62 	bl	100077fc <exception_set_exclusive_handler>
10009938:	4911      	ldr	r1, [pc, #68]	@ (10009980 <xPortStartScheduler+0xcc>)
1000993a:	200f      	movs	r0, #15
1000993c:	f7fd ff5e 	bl	100077fc <exception_set_exclusive_handler>
10009940:	4910      	ldr	r1, [pc, #64]	@ (10009984 <xPortStartScheduler+0xd0>)
10009942:	200b      	movs	r0, #11
10009944:	f7fd ff5a 	bl	100077fc <exception_set_exclusive_handler>
10009948:	f7ff ff26 	bl	10009798 <vPortSetupTimerInterrupt>
1000994c:	f04f 4250 	mov.w	r2, #3489660928	@ 0xd0000000
10009950:	490d      	ldr	r1, [pc, #52]	@ (10009988 <xPortStartScheduler+0xd4>)
10009952:	4b0e      	ldr	r3, [pc, #56]	@ (1000998c <xPortStartScheduler+0xd8>)
10009954:	600c      	str	r4, [r1, #0]
10009956:	6812      	ldr	r2, [r2, #0]
10009958:	701a      	strb	r2, [r3, #0]
1000995a:	f000 f84b 	bl	100099f4 <vStartFirstTask>
1000995e:	f7ff fa87 	bl	10008e70 <vTaskSwitchContext>
10009962:	9403      	str	r4, [sp, #12]
10009964:	f000 f84e 	bl	10009a04 <ulSetInterruptMask>
10009968:	9b03      	ldr	r3, [sp, #12]
1000996a:	2b00      	cmp	r3, #0
1000996c:	d0fc      	beq.n	10009968 <xPortStartScheduler+0xb4>
1000996e:	2000      	movs	r0, #0
10009970:	b004      	add	sp, #16
10009972:	bd10      	pop	{r4, pc}
10009974:	2200      	movs	r2, #0
10009976:	e7c8      	b.n	1000990a <xPortStartScheduler+0x56>
10009978:	20002a18 	.word	0x20002a18
1000997c:	10009a2d 	.word	0x10009a2d
10009980:	10009775 	.word	0x10009775
10009984:	10009aad 	.word	0x10009aad
10009988:	200015a4 	.word	0x200015a4
1000998c:	200015a0 	.word	0x200015a0

10009990 <vPortValidateInterruptPriority>:
10009990:	f3ef 8305 	mrs	r3, IPSR
10009994:	2b0f      	cmp	r3, #15
10009996:	bf84      	itt	hi
10009998:	4a01      	ldrhi	r2, [pc, #4]	@ (100099a0 <vPortValidateInterruptPriority+0x10>)
1000999a:	5c9b      	ldrbhi	r3, [r3, r2]
1000999c:	4770      	bx	lr
1000999e:	bf00      	nop
100099a0:	e000e3f0 	.word	0xe000e3f0

100099a4 <prvRuntimeInitializer>:
100099a4:	b508      	push	{r3, lr}
100099a6:	f7f8 f825 	bl	100019f4 <next_striped_spin_lock_num>
100099aa:	4b04      	ldr	r3, [pc, #16]	@ (100099bc <prvRuntimeInitializer+0x18>)
100099ac:	4a04      	ldr	r2, [pc, #16]	@ (100099c0 <prvRuntimeInitializer+0x1c>)
100099ae:	4403      	add	r3, r0
100099b0:	6013      	str	r3, [r2, #0]
100099b2:	f000 f887 	bl	10009ac4 <xEventGroupCreate>
100099b6:	4b03      	ldr	r3, [pc, #12]	@ (100099c4 <prvRuntimeInitializer+0x20>)
100099b8:	6018      	str	r0, [r3, #0]
100099ba:	bd08      	pop	{r3, pc}
100099bc:	2000205c 	.word	0x2000205c
100099c0:	20002964 	.word	0x20002964
100099c4:	20002a94 	.word	0x20002a94

100099c8 <vRestoreContextOfFirstTask>:
100099c8:	4a09      	ldr	r2, [pc, #36]	@ (100099f0 <vRestoreContextOfFirstTask+0x28>)
100099ca:	6811      	ldr	r1, [r2, #0]
100099cc:	6808      	ldr	r0, [r1, #0]
100099ce:	c806      	ldmia	r0!, {r1, r2}
100099d0:	f381 880b 	msr	PSPLIM, r1
100099d4:	2102      	movs	r1, #2
100099d6:	f381 8814 	msr	CONTROL, r1
100099da:	3020      	adds	r0, #32
100099dc:	f380 8809 	msr	PSP, r0
100099e0:	f3bf 8f6f 	isb	sy
100099e4:	f04f 0000 	mov.w	r0, #0
100099e8:	f380 8811 	msr	BASEPRI, r0
100099ec:	4710      	bx	r2
100099ee:	0000      	.short	0x0000
100099f0:	20002968 	.word	0x20002968

100099f4 <vStartFirstTask>:
100099f4:	b662      	cpsie	i
100099f6:	b661      	cpsie	f
100099f8:	f3bf 8f4f 	dsb	sy
100099fc:	f3bf 8f6f 	isb	sy
10009a00:	df66      	svc	102	@ 0x66
10009a02:	bf00      	nop

10009a04 <ulSetInterruptMask>:
10009a04:	f3ef 8011 	mrs	r0, BASEPRI
10009a08:	f04f 0110 	mov.w	r1, #16
10009a0c:	f381 8811 	msr	BASEPRI, r1
10009a10:	f3bf 8f4f 	dsb	sy
10009a14:	f3bf 8f6f 	isb	sy
10009a18:	4770      	bx	lr
10009a1a:	bf00      	nop

10009a1c <vClearInterruptMask>:
10009a1c:	f380 8811 	msr	BASEPRI, r0
10009a20:	f3bf 8f4f 	dsb	sy
10009a24:	f3bf 8f6f 	isb	sy
10009a28:	4770      	bx	lr
10009a2a:	bf00      	nop

10009a2c <isr_pendsv>:
10009a2c:	f3ef 8109 	mrs	r1, PSP
10009a30:	f01e 0f10 	tst.w	lr, #16
10009a34:	bf08      	it	eq
10009a36:	ed21 8a10 	vstmdbeq	r1!, {s16-s31}
10009a3a:	f3ef 820b 	mrs	r2, PSPLIM
10009a3e:	4673      	mov	r3, lr
10009a40:	e921 0ffc 	stmdb	r1!, {r2, r3, r4, r5, r6, r7, r8, r9, sl, fp}
10009a44:	fc55 4408 	dcp_pxmd r4, r5
10009a48:	fc57 6409 	dcp_pymd r6, r7
10009a4c:	fc59 840a 	dcp_pefd r8, r9
10009a50:	e901 03f0 	stmdb	r1, {r4, r5, r6, r7, r8, r9}
10009a54:	4a14      	ldr	r2, [pc, #80]	@ (10009aa8 <isr_pendsv+0x7c>)
10009a56:	6813      	ldr	r3, [r2, #0]
10009a58:	6019      	str	r1, [r3, #0]
10009a5a:	f04f 0110 	mov.w	r1, #16
10009a5e:	f381 8811 	msr	BASEPRI, r1
10009a62:	f3bf 8f4f 	dsb	sy
10009a66:	f3bf 8f6f 	isb	sy
10009a6a:	f7ff fa01 	bl	10008e70 <vTaskSwitchContext>
10009a6e:	f04f 0000 	mov.w	r0, #0
10009a72:	f380 8811 	msr	BASEPRI, r0
10009a76:	4a0c      	ldr	r2, [pc, #48]	@ (10009aa8 <isr_pendsv+0x7c>)
10009a78:	6811      	ldr	r1, [r2, #0]
10009a7a:	6808      	ldr	r0, [r1, #0]
10009a7c:	3818      	subs	r0, #24
10009a7e:	e8b0 03f0 	ldmia.w	r0!, {r4, r5, r6, r7, r8, r9}
10009a82:	ec45 4400 	dcp_wxmd r4, r5
10009a86:	ec47 6401 	dcp_wymd r6, r7
10009a8a:	ec49 8402 	dcp_wefd r8, r9
10009a8e:	e8b0 0ffc 	ldmia.w	r0!, {r2, r3, r4, r5, r6, r7, r8, r9, sl, fp}
10009a92:	f013 0f10 	tst.w	r3, #16
10009a96:	bf08      	it	eq
10009a98:	ecb0 8a10 	vldmiaeq	r0!, {s16-s31}
10009a9c:	f382 880b 	msr	PSPLIM, r2
10009aa0:	f380 8809 	msr	PSP, r0
10009aa4:	4718      	bx	r3
10009aa6:	0000      	.short	0x0000
10009aa8:	20002968 	.word	0x20002968

10009aac <isr_svcall>:
10009aac:	f01e 0f04 	tst.w	lr, #4
10009ab0:	bf0c      	ite	eq
10009ab2:	f3ef 8008 	mrseq	r0, MSP
10009ab6:	f3ef 8009 	mrsne	r0, PSP
10009aba:	4901      	ldr	r1, [pc, #4]	@ (10009ac0 <isr_svcall+0x14>)
10009abc:	4708      	bx	r1
10009abe:	0000      	.short	0x0000
10009ac0:	10009811 	.word	0x10009811

10009ac4 <xEventGroupCreate>:
10009ac4:	b510      	push	{r4, lr}
10009ac6:	2018      	movs	r0, #24
10009ac8:	f7ff fe2e 	bl	10009728 <pvPortMalloc>
10009acc:	4604      	mov	r4, r0
10009ace:	b120      	cbz	r0, 10009ada <xEventGroupCreate+0x16>
10009ad0:	2300      	movs	r3, #0
10009ad2:	f840 3b04 	str.w	r3, [r0], #4
10009ad6:	f000 f803 	bl	10009ae0 <vListInitialise>
10009ada:	4620      	mov	r0, r4
10009adc:	bd10      	pop	{r4, pc}
10009ade:	bf00      	nop

10009ae0 <vListInitialise>:
10009ae0:	f04f 31ff 	mov.w	r1, #4294967295
10009ae4:	2200      	movs	r2, #0
10009ae6:	f100 0308 	add.w	r3, r0, #8
10009aea:	e9c0 3101 	strd	r3, r1, [r0, #4]
10009aee:	e9c0 3303 	strd	r3, r3, [r0, #12]
10009af2:	6002      	str	r2, [r0, #0]
10009af4:	4770      	bx	lr
10009af6:	bf00      	nop

10009af8 <vListInitialiseItem>:
10009af8:	2300      	movs	r3, #0
10009afa:	6103      	str	r3, [r0, #16]
10009afc:	4770      	bx	lr
10009afe:	bf00      	nop

10009b00 <vListInsertEnd>:
10009b00:	b410      	push	{r4}
10009b02:	e9d0 3200 	ldrd	r3, r2, [r0]
10009b06:	6894      	ldr	r4, [r2, #8]
10009b08:	3301      	adds	r3, #1
10009b0a:	e9c1 2401 	strd	r2, r4, [r1, #4]
10009b0e:	6061      	str	r1, [r4, #4]
10009b10:	6091      	str	r1, [r2, #8]
10009b12:	f85d 4b04 	ldr.w	r4, [sp], #4
10009b16:	6108      	str	r0, [r1, #16]
10009b18:	6003      	str	r3, [r0, #0]
10009b1a:	4770      	bx	lr

10009b1c <vListInsert>:
10009b1c:	b430      	push	{r4, r5}
10009b1e:	680d      	ldr	r5, [r1, #0]
10009b20:	1c6b      	adds	r3, r5, #1
10009b22:	d010      	beq.n	10009b46 <vListInsert+0x2a>
10009b24:	f100 0308 	add.w	r3, r0, #8
10009b28:	461c      	mov	r4, r3
10009b2a:	685b      	ldr	r3, [r3, #4]
10009b2c:	681a      	ldr	r2, [r3, #0]
10009b2e:	42aa      	cmp	r2, r5
10009b30:	d9fa      	bls.n	10009b28 <vListInsert+0xc>
10009b32:	6802      	ldr	r2, [r0, #0]
10009b34:	604b      	str	r3, [r1, #4]
10009b36:	3201      	adds	r2, #1
10009b38:	6099      	str	r1, [r3, #8]
10009b3a:	608c      	str	r4, [r1, #8]
10009b3c:	6061      	str	r1, [r4, #4]
10009b3e:	6108      	str	r0, [r1, #16]
10009b40:	bc30      	pop	{r4, r5}
10009b42:	6002      	str	r2, [r0, #0]
10009b44:	4770      	bx	lr
10009b46:	6904      	ldr	r4, [r0, #16]
10009b48:	6863      	ldr	r3, [r4, #4]
10009b4a:	e7f2      	b.n	10009b32 <vListInsert+0x16>

10009b4c <uxListRemove>:
10009b4c:	4603      	mov	r3, r0
10009b4e:	6902      	ldr	r2, [r0, #16]
10009b50:	b410      	push	{r4}
10009b52:	6854      	ldr	r4, [r2, #4]
10009b54:	6840      	ldr	r0, [r0, #4]
10009b56:	6899      	ldr	r1, [r3, #8]
10009b58:	429c      	cmp	r4, r3
10009b5a:	6081      	str	r1, [r0, #8]
10009b5c:	6048      	str	r0, [r1, #4]
10009b5e:	bf08      	it	eq
10009b60:	6051      	streq	r1, [r2, #4]
10009b62:	2100      	movs	r1, #0
10009b64:	6810      	ldr	r0, [r2, #0]
10009b66:	f85d 4b04 	ldr.w	r4, [sp], #4
10009b6a:	3801      	subs	r0, #1
10009b6c:	6119      	str	r1, [r3, #16]
10009b6e:	6010      	str	r0, [r2, #0]
10009b70:	4770      	bx	lr
10009b72:	bf00      	nop

10009b74 <eeprom_write_data>:
10009b74:	b530      	push	{r4, r5, lr}
10009b76:	461c      	mov	r4, r3
10009b78:	b08d      	sub	sp, #52	@ 0x34
10009b7a:	ba4b      	rev16	r3, r1
10009b7c:	4605      	mov	r5, r0
10009b7e:	4611      	mov	r1, r2
10009b80:	f10d 000e 	add.w	r0, sp, #14
10009b84:	4622      	mov	r2, r4
10009b86:	f8ad 300c 	strh.w	r3, [sp, #12]
10009b8a:	f000 fe27 	bl	1000a7dc <memcpy>
10009b8e:	2300      	movs	r3, #0
10009b90:	2157      	movs	r1, #87	@ 0x57
10009b92:	aa03      	add	r2, sp, #12
10009b94:	9300      	str	r3, [sp, #0]
10009b96:	4628      	mov	r0, r5
10009b98:	1ca3      	adds	r3, r4, #2
10009b9a:	f7fd fdcb 	bl	10007734 <i2c_write_blocking>
10009b9e:	2005      	movs	r0, #5
10009ba0:	f7f8 fe36 	bl	10002810 <sleep_ms>
10009ba4:	b00d      	add	sp, #52	@ 0x34
10009ba6:	bd30      	pop	{r4, r5, pc}

10009ba8 <eeprom_read_data>:
10009ba8:	b5f0      	push	{r4, r5, r6, r7, lr}
10009baa:	2401      	movs	r4, #1
10009bac:	b085      	sub	sp, #20
10009bae:	4615      	mov	r5, r2
10009bb0:	461e      	mov	r6, r3
10009bb2:	9400      	str	r4, [sp, #0]
10009bb4:	2700      	movs	r7, #0
10009bb6:	4604      	mov	r4, r0
10009bb8:	ba49      	rev16	r1, r1
10009bba:	f8ad 100c 	strh.w	r1, [sp, #12]
10009bbe:	aa03      	add	r2, sp, #12
10009bc0:	2302      	movs	r3, #2
10009bc2:	2157      	movs	r1, #87	@ 0x57
10009bc4:	f7fd fdb6 	bl	10007734 <i2c_write_blocking>
10009bc8:	2157      	movs	r1, #87	@ 0x57
10009bca:	4633      	mov	r3, r6
10009bcc:	462a      	mov	r2, r5
10009bce:	4620      	mov	r0, r4
10009bd0:	9700      	str	r7, [sp, #0]
10009bd2:	f7fd fdd5 	bl	10007780 <i2c_read_blocking>
10009bd6:	b005      	add	sp, #20
10009bd8:	bdf0      	pop	{r4, r5, r6, r7, pc}
10009bda:	bf00      	nop

10009bdc <ds3231_set_datetime>:
10009bdc:	e92d 4ff0 	stmdb	sp!, {r4, r5, r6, r7, r8, r9, sl, fp, lr}
10009be0:	460d      	mov	r5, r1
10009be2:	2100      	movs	r1, #0
10009be4:	2664      	movs	r6, #100	@ 0x64
10009be6:	b08d      	sub	sp, #52	@ 0x34
10009be8:	9100      	str	r1, [sp, #0]
10009bea:	f8b0 a006 	ldrh.w	sl, [r0, #6]
10009bee:	4c65      	ldr	r4, [pc, #404]	@ (10009d84 <ds3231_set_datetime+0x1a8>)
10009bf0:	f88d 1028 	strb.w	r1, [sp, #40]	@ 0x28
10009bf4:	fba4 140a 	umull	r1, r4, r4, sl
10009bf8:	0964      	lsrs	r4, r4, #5
10009bfa:	fb06 a414 	mls	r4, r6, r4, sl
10009bfe:	f890 c002 	ldrb.w	ip, [r0, #2]
10009c02:	7807      	ldrb	r7, [r0, #0]
10009c04:	78c6      	ldrb	r6, [r0, #3]
10009c06:	7941      	ldrb	r1, [r0, #5]
10009c08:	fa1f fb84 	uxth.w	fp, r4
10009c0c:	7844      	ldrb	r4, [r0, #1]
10009c0e:	7900      	ldrb	r0, [r0, #4]
10009c10:	f8df 9174 	ldr.w	r9, [pc, #372]	@ 10009d88 <ds3231_set_datetime+0x1ac>
10009c14:	f000 0007 	and.w	r0, r0, #7
10009c18:	f88d 002c 	strb.w	r0, [sp, #44]	@ 0x2c
10009c1c:	fba9 e00c 	umull	lr, r0, r9, ip
10009c20:	08c0      	lsrs	r0, r0, #3
10009c22:	eb00 0080 	add.w	r0, r0, r0, lsl #2
10009c26:	ebac 0040 	sub.w	r0, ip, r0, lsl #1
10009c2a:	b2c0      	uxtb	r0, r0
10009c2c:	9003      	str	r0, [sp, #12]
10009c2e:	ebac 0000 	sub.w	r0, ip, r0
10009c32:	9005      	str	r0, [sp, #20]
10009c34:	fba9 c004 	umull	ip, r0, r9, r4
10009c38:	08c0      	lsrs	r0, r0, #3
10009c3a:	eb00 0080 	add.w	r0, r0, r0, lsl #2
10009c3e:	eba4 0040 	sub.w	r0, r4, r0, lsl #1
10009c42:	b2c0      	uxtb	r0, r0
10009c44:	9004      	str	r0, [sp, #16]
10009c46:	1a24      	subs	r4, r4, r0
10009c48:	fba9 0c01 	umull	r0, ip, r9, r1
10009c4c:	fba9 0e06 	umull	r0, lr, r9, r6
10009c50:	9406      	str	r4, [sp, #24]
10009c52:	fba9 0407 	umull	r0, r4, r9, r7
10009c56:	fba9 090a 	umull	r0, r9, r9, sl
10009c5a:	ea4f 0cdc 	mov.w	ip, ip, lsr #3
10009c5e:	eb0c 0c8c 	add.w	ip, ip, ip, lsl #2
10009c62:	eba1 0c4c 	sub.w	ip, r1, ip, lsl #1
10009c66:	fa5f fc8c 	uxtb.w	ip, ip
10009c6a:	ea4f 09d9 	mov.w	r9, r9, lsr #3
10009c6e:	eb09 0989 	add.w	r9, r9, r9, lsl #2
10009c72:	eba1 010c 	sub.w	r1, r1, ip
10009c76:	f8df 8114 	ldr.w	r8, [pc, #276]	@ 10009d8c <ds3231_set_datetime+0x1b0>
10009c7a:	ebaa 0049 	sub.w	r0, sl, r9, lsl #1
10009c7e:	9107      	str	r1, [sp, #28]
10009c80:	9905      	ldr	r1, [sp, #20]
10009c82:	b280      	uxth	r0, r0
10009c84:	ebab 0a00 	sub.w	sl, fp, r0
10009c88:	fb88 9b01 	smull	r9, fp, r8, r1
10009c8c:	ea4f 79e1 	mov.w	r9, r1, asr #31
10009c90:	9903      	ldr	r1, [sp, #12]
10009c92:	ebc9 09ab 	rsb	r9, r9, fp, asr #2
10009c96:	ea41 1909 	orr.w	r9, r1, r9, lsl #4
10009c9a:	9906      	ldr	r1, [sp, #24]
10009c9c:	f88d 9029 	strb.w	r9, [sp, #41]	@ 0x29
10009ca0:	fb88 9b01 	smull	r9, fp, r8, r1
10009ca4:	08e4      	lsrs	r4, r4, #3
10009ca6:	eb04 0484 	add.w	r4, r4, r4, lsl #2
10009caa:	eba7 0444 	sub.w	r4, r7, r4, lsl #1
10009cae:	ea4f 79e1 	mov.w	r9, r1, asr #31
10009cb2:	9904      	ldr	r1, [sp, #16]
10009cb4:	ebc9 09ab 	rsb	r9, r9, fp, asr #2
10009cb8:	b2e4      	uxtb	r4, r4
10009cba:	1b3f      	subs	r7, r7, r4
10009cbc:	ea41 1909 	orr.w	r9, r1, r9, lsl #4
10009cc0:	f88d 902a 	strb.w	r9, [sp, #42]	@ 0x2a
10009cc4:	fb88 b907 	smull	fp, r9, r8, r7
10009cc8:	ea4f 0ede 	mov.w	lr, lr, lsr #3
10009ccc:	eb0e 0e8e 	add.w	lr, lr, lr, lsl #2
10009cd0:	eba6 0e4e 	sub.w	lr, r6, lr, lsl #1
10009cd4:	17ff      	asrs	r7, r7, #31
10009cd6:	ebc7 07a9 	rsb	r7, r7, r9, asr #2
10009cda:	fa5f fe8e 	uxtb.w	lr, lr
10009cde:	eba6 060e 	sub.w	r6, r6, lr
10009ce2:	ea44 1407 	orr.w	r4, r4, r7, lsl #4
10009ce6:	f88d 402b 	strb.w	r4, [sp, #43]	@ 0x2b
10009cea:	fb88 7406 	smull	r7, r4, r8, r6
10009cee:	9907      	ldr	r1, [sp, #28]
10009cf0:	17f6      	asrs	r6, r6, #31
10009cf2:	ebc6 06a4 	rsb	r6, r6, r4, asr #2
10009cf6:	ea4e 1e06 	orr.w	lr, lr, r6, lsl #4
10009cfa:	fb88 6401 	smull	r6, r4, r8, r1
10009cfe:	17c9      	asrs	r1, r1, #31
10009d00:	ebc1 01a4 	rsb	r1, r1, r4, asr #2
10009d04:	2401      	movs	r4, #1
10009d06:	fb88 680a 	smull	r6, r8, r8, sl
10009d0a:	260f      	movs	r6, #15
10009d0c:	ea4f 7aea 	mov.w	sl, sl, asr #31
10009d10:	ebca 0aa8 	rsb	sl, sl, r8, asr #2
10009d14:	ea40 100a 	orr.w	r0, r0, sl, lsl #4
10009d18:	ea4c 1c01 	orr.w	ip, ip, r1, lsl #4
10009d1c:	aa0a      	add	r2, sp, #40	@ 0x28
10009d1e:	7929      	ldrb	r1, [r5, #4]
10009d20:	f88d 002f 	strb.w	r0, [sp, #47]	@ 0x2f
10009d24:	2308      	movs	r3, #8
10009d26:	6828      	ldr	r0, [r5, #0]
10009d28:	f88d e02d 	strb.w	lr, [sp, #45]	@ 0x2d
10009d2c:	f88d c02e 	strb.w	ip, [sp, #46]	@ 0x2e
10009d30:	f7fd fd00 	bl	10007734 <i2c_write_blocking>
10009d34:	9400      	str	r4, [sp, #0]
10009d36:	4623      	mov	r3, r4
10009d38:	7929      	ldrb	r1, [r5, #4]
10009d3a:	f10d 0222 	add.w	r2, sp, #34	@ 0x22
10009d3e:	6828      	ldr	r0, [r5, #0]
10009d40:	f88d 6022 	strb.w	r6, [sp, #34]	@ 0x22
10009d44:	f7fd fcf6 	bl	10007734 <i2c_write_blocking>
10009d48:	9400      	str	r4, [sp, #0]
10009d4a:	4623      	mov	r3, r4
10009d4c:	7929      	ldrb	r1, [r5, #4]
10009d4e:	f10d 0223 	add.w	r2, sp, #35	@ 0x23
10009d52:	6828      	ldr	r0, [r5, #0]
10009d54:	f7fd fd14 	bl	10007780 <i2c_read_blocking>
10009d58:	2200      	movs	r2, #0
10009d5a:	f89d 1023 	ldrb.w	r1, [sp, #35]	@ 0x23
10009d5e:	9200      	str	r2, [sp, #0]
10009d60:	f001 017f 	and.w	r1, r1, #127	@ 0x7f
10009d64:	f88d 1023 	strb.w	r1, [sp, #35]	@ 0x23
10009d68:	f88d 1025 	strb.w	r1, [sp, #37]	@ 0x25
10009d6c:	2302      	movs	r3, #2
10009d6e:	7929      	ldrb	r1, [r5, #4]
10009d70:	6828      	ldr	r0, [r5, #0]
10009d72:	aa09      	add	r2, sp, #36	@ 0x24
10009d74:	f88d 6024 	strb.w	r6, [sp, #36]	@ 0x24
10009d78:	f7fd fcdc 	bl	10007734 <i2c_write_blocking>
10009d7c:	b00d      	add	sp, #52	@ 0x34
10009d7e:	e8bd 8ff0 	ldmia.w	sp!, {r4, r5, r6, r7, r8, r9, sl, fp, pc}
10009d82:	bf00      	nop
10009d84:	51eb851f 	.word	0x51eb851f
10009d88:	cccccccd 	.word	0xcccccccd
10009d8c:	66666667 	.word	0x66666667

10009d90 <ds3231_get_datetime>:
10009d90:	2301      	movs	r3, #1
10009d92:	b570      	push	{r4, r5, r6, lr}
10009d94:	460d      	mov	r5, r1
10009d96:	2600      	movs	r6, #0
10009d98:	4604      	mov	r4, r0
10009d9a:	b086      	sub	sp, #24
10009d9c:	9300      	str	r3, [sp, #0]
10009d9e:	f10d 020f 	add.w	r2, sp, #15
10009da2:	7909      	ldrb	r1, [r1, #4]
10009da4:	6828      	ldr	r0, [r5, #0]
10009da6:	f88d 600f 	strb.w	r6, [sp, #15]
10009daa:	f7fd fcc3 	bl	10007734 <i2c_write_blocking>
10009dae:	9600      	str	r6, [sp, #0]
10009db0:	7929      	ldrb	r1, [r5, #4]
10009db2:	aa04      	add	r2, sp, #16
10009db4:	2307      	movs	r3, #7
10009db6:	6828      	ldr	r0, [r5, #0]
10009db8:	f7fd fce2 	bl	10007780 <i2c_read_blocking>
10009dbc:	f89d 2010 	ldrb.w	r2, [sp, #16]
10009dc0:	f89d 3011 	ldrb.w	r3, [sp, #17]
10009dc4:	0911      	lsrs	r1, r2, #4
10009dc6:	eb01 0181 	add.w	r1, r1, r1, lsl #2
10009dca:	f002 020f 	and.w	r2, r2, #15
10009dce:	eb02 0241 	add.w	r2, r2, r1, lsl #1
10009dd2:	0919      	lsrs	r1, r3, #4
10009dd4:	eb01 0181 	add.w	r1, r1, r1, lsl #2
10009dd8:	f003 030f 	and.w	r3, r3, #15
10009ddc:	eb03 0341 	add.w	r3, r3, r1, lsl #1
10009de0:	f89d 1012 	ldrb.w	r1, [sp, #18]
10009de4:	70a2      	strb	r2, [r4, #2]
10009de6:	7063      	strb	r3, [r4, #1]
10009de8:	064a      	lsls	r2, r1, #25
10009dea:	ea4f 1311 	mov.w	r3, r1, lsr #4
10009dee:	bf4c      	ite	mi
10009df0:	f003 0301 	andmi.w	r3, r3, #1
10009df4:	f003 0303 	andpl.w	r3, r3, #3
10009df8:	f001 000f 	and.w	r0, r1, #15
10009dfc:	eb03 0383 	add.w	r3, r3, r3, lsl #2
10009e00:	eb00 0043 	add.w	r0, r0, r3, lsl #1
10009e04:	f89d 3014 	ldrb.w	r3, [sp, #20]
10009e08:	f89d 1013 	ldrb.w	r1, [sp, #19]
10009e0c:	091a      	lsrs	r2, r3, #4
10009e0e:	eb02 0282 	add.w	r2, r2, r2, lsl #2
10009e12:	f003 030f 	and.w	r3, r3, #15
10009e16:	eb03 0342 	add.w	r3, r3, r2, lsl #1
10009e1a:	f89d 2015 	ldrb.w	r2, [sp, #21]
10009e1e:	f001 0107 	and.w	r1, r1, #7
10009e22:	7121      	strb	r1, [r4, #4]
10009e24:	70e3      	strb	r3, [r4, #3]
10009e26:	f3c2 1100 	ubfx	r1, r2, #4, #1
10009e2a:	f89d 3016 	ldrb.w	r3, [sp, #22]
10009e2e:	eb01 0181 	add.w	r1, r1, r1, lsl #2
10009e32:	f002 020f 	and.w	r2, r2, #15
10009e36:	eb02 0241 	add.w	r2, r2, r1, lsl #1
10009e3a:	0919      	lsrs	r1, r3, #4
10009e3c:	f003 030f 	and.w	r3, r3, #15
10009e40:	eb01 0181 	add.w	r1, r1, r1, lsl #2
10009e44:	f503 63fa 	add.w	r3, r3, #2000	@ 0x7d0
10009e48:	eb03 0341 	add.w	r3, r3, r1, lsl #1
10009e4c:	7020      	strb	r0, [r4, #0]
10009e4e:	7162      	strb	r2, [r4, #5]
10009e50:	80e3      	strh	r3, [r4, #6]
10009e52:	b006      	add	sp, #24
10009e54:	bd70      	pop	{r4, r5, r6, pc}
10009e56:	bf00      	nop

10009e58 <mcp4725_begin>:
10009e58:	e92d 43f0 	stmdb	sp!, {r4, r5, r6, r7, r8, r9, lr}
10009e5c:	4604      	mov	r4, r0
10009e5e:	f44f 7e80 	mov.w	lr, #256	@ 0x100
10009e62:	461d      	mov	r5, r3
10009e64:	4689      	mov	r9, r1
10009e66:	b087      	sub	sp, #28
10009e68:	f8df c0ac 	ldr.w	ip, [pc, #172]	@ 10009f18 <mcp4725_begin+0xc0>
10009e6c:	9b10      	ldr	r3, [sp, #64]	@ 0x40
10009e6e:	f89d 8038 	ldrb.w	r8, [sp, #56]	@ 0x38
10009e72:	f89d 703c 	ldrb.w	r7, [sp, #60]	@ 0x3c
10009e76:	f8a4 e018 	strh.w	lr, [r4, #24]
10009e7a:	f8c4 c01a 	str.w	ip, [r4, #26]
10009e7e:	60e3      	str	r3, [r4, #12]
10009e80:	6062      	str	r2, [r4, #4]
10009e82:	4640      	mov	r0, r8
10009e84:	f884 9000 	strb.w	r9, [r4]
10009e88:	8165      	strh	r5, [r4, #10]
10009e8a:	f884 8008 	strb.w	r8, [r4, #8]
10009e8e:	7267      	strb	r7, [r4, #9]
10009e90:	2103      	movs	r1, #3
10009e92:	4616      	mov	r6, r2
10009e94:	f7f7 fc4c 	bl	10001730 <gpio_set_function>
10009e98:	4638      	mov	r0, r7
10009e9a:	2103      	movs	r1, #3
10009e9c:	f7f7 fc48 	bl	10001730 <gpio_set_function>
10009ea0:	4640      	mov	r0, r8
10009ea2:	2200      	movs	r2, #0
10009ea4:	2101      	movs	r1, #1
10009ea6:	f7f7 fc61 	bl	1000176c <gpio_set_pulls>
10009eaa:	2200      	movs	r2, #0
10009eac:	4638      	mov	r0, r7
10009eae:	2101      	movs	r1, #1
10009eb0:	f7f7 fc5c 	bl	1000176c <gpio_set_pulls>
10009eb4:	f44f 717a 	mov.w	r1, #1000	@ 0x3e8
10009eb8:	4630      	mov	r0, r6
10009eba:	fb05 f101 	mul.w	r1, r5, r1
10009ebe:	f7fd fc13 	bl	100076e8 <i2c_init>
10009ec2:	2032      	movs	r0, #50	@ 0x32
10009ec4:	f7f8 fca4 	bl	10002810 <sleep_ms>
10009ec8:	2300      	movs	r3, #0
10009eca:	6865      	ldr	r5, [r4, #4]
10009ecc:	7826      	ldrb	r6, [r4, #0]
10009ece:	f88d 3017 	strb.w	r3, [sp, #23]
10009ed2:	68e4      	ldr	r4, [r4, #12]
10009ed4:	f7f8 fdae 	bl	10002a34 <time_us_64>
10009ed8:	1824      	adds	r4, r4, r0
10009eda:	f04f 30ff 	mov.w	r0, #4294967295
10009ede:	f06f 4200 	mvn.w	r2, #2147483648	@ 0x80000000
10009ee2:	f141 0300 	adc.w	r3, r1, #0
10009ee6:	42a0      	cmp	r0, r4
10009ee8:	eb72 0103 	sbcs.w	r1, r2, r3
10009eec:	bf3c      	itt	cc
10009eee:	4604      	movcc	r4, r0
10009ef0:	4613      	movcc	r3, r2
10009ef2:	9402      	str	r4, [sp, #8]
10009ef4:	2400      	movs	r4, #0
10009ef6:	9303      	str	r3, [sp, #12]
10009ef8:	4631      	mov	r1, r6
10009efa:	4628      	mov	r0, r5
10009efc:	2301      	movs	r3, #1
10009efe:	f10d 0217 	add.w	r2, sp, #23
10009f02:	9400      	str	r4, [sp, #0]
10009f04:	f7fd fc44 	bl	10007790 <i2c_read_blocking_until>
10009f08:	42a0      	cmp	r0, r4
10009f0a:	bfd4      	ite	le
10009f0c:	2000      	movle	r0, #0
10009f0e:	2001      	movgt	r0, #1
10009f10:	b007      	add	sp, #28
10009f12:	e8bd 83f0 	ldmia.w	sp!, {r4, r5, r6, r7, r8, r9, pc}
10009f16:	bf00      	nop
10009f18:	00640019 	.word	0x00640019

10009f1c <mcp4725_set_reference_voltage>:
10009f1c:	ee07 1a90 	vmov	s15, r1
10009f20:	eef5 7ac0 	vcmpe.f32	s15, #0.0
10009f24:	eef1 fa10 	vmrs	APSR_nzcv, fpscr
10009f28:	bf8b      	itete	hi
10009f2a:	eddf 6a06 	vldrhi	s13, [pc, #24]	@ 10009f44 <mcp4725_set_reference_voltage+0x28>
10009f2e:	ed9f 7a06 	vldrls	s14, [pc, #24]	@ 10009f48 <mcp4725_set_reference_voltage+0x2c>
10009f32:	ee86 7aa7 	vdivhi.f32	s14, s13, s15
10009f36:	eef1 7a04 	vmovls.f32	s15, #20	@ 0x40a00000  5.0
10009f3a:	ed80 7a05 	vstr	s14, [r0, #20]
10009f3e:	edc0 7a04 	vstr	s15, [r0, #16]
10009f42:	4770      	bx	lr
10009f44:	45800000 	.word	0x45800000
10009f48:	444ccccd 	.word	0x444ccccd

10009f4c <mcp4725_set_voltage>:
10009f4c:	e92d 41f0 	stmdb	sp!, {r4, r5, r6, r7, r8, lr}
10009f50:	4617      	mov	r7, r2
10009f52:	7e42      	ldrb	r2, [r0, #25]
10009f54:	4604      	mov	r4, r0
10009f56:	ee07 1a90 	vmov	s15, r1
10009f5a:	b086      	sub	sp, #24
10009f5c:	2a00      	cmp	r2, #0
10009f5e:	d043      	beq.n	10009fe8 <mcp4725_set_voltage+0x9c>
10009f60:	ed90 7a04 	vldr	s14, [r0, #16]
10009f64:	eeb4 7ae7 	vcmpe.f32	s14, s15
10009f68:	eef1 fa10 	vmrs	APSR_nzcv, fpscr
10009f6c:	d837      	bhi.n	10009fde <mcp4725_set_voltage+0x92>
10009f6e:	f640 71ff 	movw	r1, #4095	@ 0xfff
10009f72:	6865      	ldr	r5, [r4, #4]
10009f74:	7826      	ldrb	r6, [r4, #0]
10009f76:	f8d4 800c 	ldr.w	r8, [r4, #12]
10009f7a:	2f00      	cmp	r7, #0
10009f7c:	d043      	beq.n	1000a006 <mcp4725_set_voltage+0xba>
10009f7e:	ea47 0343 	orr.w	r3, r7, r3, lsl #1
10009f82:	f88d 3014 	strb.w	r3, [sp, #20]
10009f86:	010b      	lsls	r3, r1, #4
10009f88:	f3c1 1107 	ubfx	r1, r1, #4, #8
10009f8c:	f88d 3016 	strb.w	r3, [sp, #22]
10009f90:	f88d 1015 	strb.w	r1, [sp, #21]
10009f94:	f7f8 fd4e 	bl	10002a34 <time_us_64>
10009f98:	f04f 32ff 	mov.w	r2, #4294967295
10009f9c:	f06f 4300 	mvn.w	r3, #2147483648	@ 0x80000000
10009fa0:	eb10 0008 	adds.w	r0, r0, r8
10009fa4:	f141 0100 	adc.w	r1, r1, #0
10009fa8:	4282      	cmp	r2, r0
10009faa:	eb73 0c01 	sbcs.w	ip, r3, r1
10009fae:	bf3c      	itt	cc
10009fb0:	4610      	movcc	r0, r2
10009fb2:	4619      	movcc	r1, r3
10009fb4:	e9cd 0102 	strd	r0, r1, [sp, #8]
10009fb8:	4628      	mov	r0, r5
10009fba:	2500      	movs	r5, #0
10009fbc:	4631      	mov	r1, r6
10009fbe:	2303      	movs	r3, #3
10009fc0:	aa05      	add	r2, sp, #20
10009fc2:	9500      	str	r5, [sp, #0]
10009fc4:	f7fd fbbe 	bl	10007744 <i2c_write_blocking_until>
10009fc8:	42a8      	cmp	r0, r5
10009fca:	dd45      	ble.n	1000a058 <mcp4725_set_voltage+0x10c>
10009fcc:	2f60      	cmp	r7, #96	@ 0x60
10009fce:	d102      	bne.n	10009fd6 <mcp4725_set_voltage+0x8a>
10009fd0:	8b60      	ldrh	r0, [r4, #26]
10009fd2:	f7f8 fc1d 	bl	10002810 <sleep_ms>
10009fd6:	2001      	movs	r0, #1
10009fd8:	b006      	add	sp, #24
10009fda:	e8bd 81f0 	ldmia.w	sp!, {r4, r5, r6, r7, r8, pc}
10009fde:	eef5 7ac0 	vcmpe.f32	s15, #0.0
10009fe2:	eef1 fa10 	vmrs	APSR_nzcv, fpscr
10009fe6:	d93b      	bls.n	1000a060 <mcp4725_set_voltage+0x114>
10009fe8:	ed94 7a05 	vldr	s14, [r4, #20]
10009fec:	ee67 7a87 	vmul.f32	s15, s15, s14
10009ff0:	eefc 7ae7 	vcvt.u32.f32	s15, s15
10009ff4:	ee17 2a90 	vmov	r2, s15
10009ff8:	b291      	uxth	r1, r2
10009ffa:	6865      	ldr	r5, [r4, #4]
10009ffc:	7826      	ldrb	r6, [r4, #0]
10009ffe:	f8d4 800c 	ldr.w	r8, [r4, #12]
1000a002:	2f00      	cmp	r7, #0
1000a004:	d1bb      	bne.n	10009f7e <mcp4725_set_voltage+0x32>
1000a006:	f88d 1015 	strb.w	r1, [sp, #21]
1000a00a:	f3c1 2103 	ubfx	r1, r1, #8, #4
1000a00e:	ea41 1303 	orr.w	r3, r1, r3, lsl #4
1000a012:	f88d 3014 	strb.w	r3, [sp, #20]
1000a016:	f7f8 fd0d 	bl	10002a34 <time_us_64>
1000a01a:	eb10 0308 	adds.w	r3, r0, r8
1000a01e:	f04f 30ff 	mov.w	r0, #4294967295
1000a022:	f06f 4200 	mvn.w	r2, #2147483648	@ 0x80000000
1000a026:	f141 0400 	adc.w	r4, r1, #0
1000a02a:	4298      	cmp	r0, r3
1000a02c:	eb72 0104 	sbcs.w	r1, r2, r4
1000a030:	bf3c      	itt	cc
1000a032:	4603      	movcc	r3, r0
1000a034:	4614      	movcc	r4, r2
1000a036:	4628      	mov	r0, r5
1000a038:	2500      	movs	r5, #0
1000a03a:	9302      	str	r3, [sp, #8]
1000a03c:	4631      	mov	r1, r6
1000a03e:	2302      	movs	r3, #2
1000a040:	aa05      	add	r2, sp, #20
1000a042:	9403      	str	r4, [sp, #12]
1000a044:	9500      	str	r5, [sp, #0]
1000a046:	f7fd fb7d 	bl	10007744 <i2c_write_blocking_until>
1000a04a:	42a8      	cmp	r0, r5
1000a04c:	bfd4      	ite	le
1000a04e:	2000      	movle	r0, #0
1000a050:	2001      	movgt	r0, #1
1000a052:	b006      	add	sp, #24
1000a054:	e8bd 81f0 	ldmia.w	sp!, {r4, r5, r6, r7, r8, pc}
1000a058:	4628      	mov	r0, r5
1000a05a:	b006      	add	sp, #24
1000a05c:	e8bd 81f0 	ldmia.w	sp!, {r4, r5, r6, r7, r8, pc}
1000a060:	2100      	movs	r1, #0
1000a062:	e7ca      	b.n	10009ffa <mcp4725_set_voltage+0xae>

1000a064 <malloc>:
1000a064:	4b02      	ldr	r3, [pc, #8]	@ (1000a070 <malloc+0xc>)
1000a066:	4601      	mov	r1, r0
1000a068:	6818      	ldr	r0, [r3, #0]
1000a06a:	f000 b80b 	b.w	1000a084 <_malloc_r>
1000a06e:	bf00      	nop
1000a070:	200019b8 	.word	0x200019b8

1000a074 <free>:
1000a074:	4b02      	ldr	r3, [pc, #8]	@ (1000a080 <free+0xc>)
1000a076:	4601      	mov	r1, r0
1000a078:	6818      	ldr	r0, [r3, #0]
1000a07a:	f000 bcaf 	b.w	1000a9dc <_free_r>
1000a07e:	bf00      	nop
1000a080:	200019b8 	.word	0x200019b8

1000a084 <_malloc_r>:
1000a084:	f101 030b 	add.w	r3, r1, #11
1000a088:	2b16      	cmp	r3, #22
1000a08a:	e92d 4ff0 	stmdb	sp!, {r4, r5, r6, r7, r8, r9, sl, fp, lr}
1000a08e:	4607      	mov	r7, r0
1000a090:	b083      	sub	sp, #12
1000a092:	d823      	bhi.n	1000a0dc <_malloc_r+0x58>
1000a094:	2910      	cmp	r1, #16
1000a096:	f200 80af 	bhi.w	1000a1f8 <_malloc_r+0x174>
1000a09a:	f000 faaf 	bl	1000a5fc <__malloc_lock>
1000a09e:	2510      	movs	r5, #16
1000a0a0:	2318      	movs	r3, #24
1000a0a2:	2002      	movs	r0, #2
1000a0a4:	4eba      	ldr	r6, [pc, #744]	@ (1000a390 <_malloc_r+0x30c>)
1000a0a6:	4433      	add	r3, r6
1000a0a8:	685c      	ldr	r4, [r3, #4]
1000a0aa:	f1a3 0208 	sub.w	r2, r3, #8
1000a0ae:	4294      	cmp	r4, r2
1000a0b0:	f000 8156 	beq.w	1000a360 <_malloc_r+0x2dc>
1000a0b4:	6863      	ldr	r3, [r4, #4]
1000a0b6:	4638      	mov	r0, r7
1000a0b8:	f023 0303 	bic.w	r3, r3, #3
1000a0bc:	e9d4 1202 	ldrd	r1, r2, [r4, #8]
1000a0c0:	4423      	add	r3, r4
1000a0c2:	60ca      	str	r2, [r1, #12]
1000a0c4:	6091      	str	r1, [r2, #8]
1000a0c6:	685a      	ldr	r2, [r3, #4]
1000a0c8:	3408      	adds	r4, #8
1000a0ca:	f042 0201 	orr.w	r2, r2, #1
1000a0ce:	605a      	str	r2, [r3, #4]
1000a0d0:	f000 fa9a 	bl	1000a608 <__malloc_unlock>
1000a0d4:	4620      	mov	r0, r4
1000a0d6:	b003      	add	sp, #12
1000a0d8:	e8bd 8ff0 	ldmia.w	sp!, {r4, r5, r6, r7, r8, r9, sl, fp, pc}
1000a0dc:	2b00      	cmp	r3, #0
1000a0de:	f023 0507 	bic.w	r5, r3, #7
1000a0e2:	f2c0 8089 	blt.w	1000a1f8 <_malloc_r+0x174>
1000a0e6:	42a9      	cmp	r1, r5
1000a0e8:	f200 8086 	bhi.w	1000a1f8 <_malloc_r+0x174>
1000a0ec:	f000 fa86 	bl	1000a5fc <__malloc_lock>
1000a0f0:	f5b5 7ffc 	cmp.w	r5, #504	@ 0x1f8
1000a0f4:	f0c0 827b 	bcc.w	1000a5ee <_malloc_r+0x56a>
1000a0f8:	0a6b      	lsrs	r3, r5, #9
1000a0fa:	f000 8084 	beq.w	1000a206 <_malloc_r+0x182>
1000a0fe:	2b04      	cmp	r3, #4
1000a100:	f200 8162 	bhi.w	1000a3c8 <_malloc_r+0x344>
1000a104:	09ab      	lsrs	r3, r5, #6
1000a106:	f103 0039 	add.w	r0, r3, #57	@ 0x39
1000a10a:	f103 0e38 	add.w	lr, r3, #56	@ 0x38
1000a10e:	00c3      	lsls	r3, r0, #3
1000a110:	4e9f      	ldr	r6, [pc, #636]	@ (1000a390 <_malloc_r+0x30c>)
1000a112:	4433      	add	r3, r6
1000a114:	f1a3 0c08 	sub.w	ip, r3, #8
1000a118:	685c      	ldr	r4, [r3, #4]
1000a11a:	45a4      	cmp	ip, r4
1000a11c:	d107      	bne.n	1000a12e <_malloc_r+0xaa>
1000a11e:	e00d      	b.n	1000a13c <_malloc_r+0xb8>
1000a120:	2a00      	cmp	r2, #0
1000a122:	68e1      	ldr	r1, [r4, #12]
1000a124:	f280 8116 	bge.w	1000a354 <_malloc_r+0x2d0>
1000a128:	458c      	cmp	ip, r1
1000a12a:	460c      	mov	r4, r1
1000a12c:	d006      	beq.n	1000a13c <_malloc_r+0xb8>
1000a12e:	6863      	ldr	r3, [r4, #4]
1000a130:	f023 0303 	bic.w	r3, r3, #3
1000a134:	1b5a      	subs	r2, r3, r5
1000a136:	2a0f      	cmp	r2, #15
1000a138:	ddf2      	ble.n	1000a120 <_malloc_r+0x9c>
1000a13a:	4670      	mov	r0, lr
1000a13c:	f8df 8268 	ldr.w	r8, [pc, #616]	@ 1000a3a8 <_malloc_r+0x324>
1000a140:	6934      	ldr	r4, [r6, #16]
1000a142:	4544      	cmp	r4, r8
1000a144:	f000 80f2 	beq.w	1000a32c <_malloc_r+0x2a8>
1000a148:	6863      	ldr	r3, [r4, #4]
1000a14a:	f023 0c03 	bic.w	ip, r3, #3
1000a14e:	ebac 0305 	sub.w	r3, ip, r5
1000a152:	2b0f      	cmp	r3, #15
1000a154:	f300 8174 	bgt.w	1000a440 <_malloc_r+0x3bc>
1000a158:	2b00      	cmp	r3, #0
1000a15a:	e9c6 8804 	strd	r8, r8, [r6, #16]
1000a15e:	f280 8163 	bge.w	1000a428 <_malloc_r+0x3a4>
1000a162:	f5bc 7f00 	cmp.w	ip, #512	@ 0x200
1000a166:	f8d6 e004 	ldr.w	lr, [r6, #4]
1000a16a:	f080 80ff 	bcs.w	1000a36c <_malloc_r+0x2e8>
1000a16e:	ea4f 03dc 	mov.w	r3, ip, lsr #3
1000a172:	2201      	movs	r2, #1
1000a174:	ea4f 1c5c 	mov.w	ip, ip, lsr #5
1000a178:	3301      	adds	r3, #1
1000a17a:	fa02 f20c 	lsl.w	r2, r2, ip
1000a17e:	f856 1033 	ldr.w	r1, [r6, r3, lsl #3]
1000a182:	ea4e 0e02 	orr.w	lr, lr, r2
1000a186:	eb06 02c3 	add.w	r2, r6, r3, lsl #3
1000a18a:	3a08      	subs	r2, #8
1000a18c:	f8c6 e004 	str.w	lr, [r6, #4]
1000a190:	e9c4 1202 	strd	r1, r2, [r4, #8]
1000a194:	f846 4033 	str.w	r4, [r6, r3, lsl #3]
1000a198:	60cc      	str	r4, [r1, #12]
1000a19a:	1083      	asrs	r3, r0, #2
1000a19c:	f04f 0c01 	mov.w	ip, #1
1000a1a0:	fa0c fc03 	lsl.w	ip, ip, r3
1000a1a4:	45f4      	cmp	ip, lr
1000a1a6:	d834      	bhi.n	1000a212 <_malloc_r+0x18e>
1000a1a8:	ea1c 0f0e 	tst.w	ip, lr
1000a1ac:	d107      	bne.n	1000a1be <_malloc_r+0x13a>
1000a1ae:	f020 0003 	bic.w	r0, r0, #3
1000a1b2:	ea4f 0c4c 	mov.w	ip, ip, lsl #1
1000a1b6:	3004      	adds	r0, #4
1000a1b8:	ea1c 0f0e 	tst.w	ip, lr
1000a1bc:	d0f9      	beq.n	1000a1b2 <_malloc_r+0x12e>
1000a1be:	eb06 0ac0 	add.w	sl, r6, r0, lsl #3
1000a1c2:	4681      	mov	r9, r0
1000a1c4:	46d6      	mov	lr, sl
1000a1c6:	f8de 300c 	ldr.w	r3, [lr, #12]
1000a1ca:	e00b      	b.n	1000a1e4 <_malloc_r+0x160>
1000a1cc:	685a      	ldr	r2, [r3, #4]
1000a1ce:	461c      	mov	r4, r3
1000a1d0:	68db      	ldr	r3, [r3, #12]
1000a1d2:	f022 0203 	bic.w	r2, r2, #3
1000a1d6:	1b51      	subs	r1, r2, r5
1000a1d8:	290f      	cmp	r1, #15
1000a1da:	f300 8101 	bgt.w	1000a3e0 <_malloc_r+0x35c>
1000a1de:	2900      	cmp	r1, #0
1000a1e0:	f280 8115 	bge.w	1000a40e <_malloc_r+0x38a>
1000a1e4:	459e      	cmp	lr, r3
1000a1e6:	d1f1      	bne.n	1000a1cc <_malloc_r+0x148>
1000a1e8:	f109 0901 	add.w	r9, r9, #1
1000a1ec:	f10e 0e08 	add.w	lr, lr, #8
1000a1f0:	f019 0f03 	tst.w	r9, #3
1000a1f4:	d1e7      	bne.n	1000a1c6 <_malloc_r+0x142>
1000a1f6:	e158      	b.n	1000a4aa <_malloc_r+0x426>
1000a1f8:	230c      	movs	r3, #12
1000a1fa:	603b      	str	r3, [r7, #0]
1000a1fc:	2400      	movs	r4, #0
1000a1fe:	4620      	mov	r0, r4
1000a200:	b003      	add	sp, #12
1000a202:	e8bd 8ff0 	ldmia.w	sp!, {r4, r5, r6, r7, r8, r9, sl, fp, pc}
1000a206:	f44f 7300 	mov.w	r3, #512	@ 0x200
1000a20a:	2040      	movs	r0, #64	@ 0x40
1000a20c:	f04f 0e3f 	mov.w	lr, #63	@ 0x3f
1000a210:	e77e      	b.n	1000a110 <_malloc_r+0x8c>
1000a212:	68b4      	ldr	r4, [r6, #8]
1000a214:	6863      	ldr	r3, [r4, #4]
1000a216:	f023 0903 	bic.w	r9, r3, #3
1000a21a:	45a9      	cmp	r9, r5
1000a21c:	eba9 0305 	sub.w	r3, r9, r5
1000a220:	d302      	bcc.n	1000a228 <_malloc_r+0x1a4>
1000a222:	2b0f      	cmp	r3, #15
1000a224:	f300 8085 	bgt.w	1000a332 <_malloc_r+0x2ae>
1000a228:	4b5a      	ldr	r3, [pc, #360]	@ (1000a394 <_malloc_r+0x310>)
1000a22a:	2008      	movs	r0, #8
1000a22c:	681b      	ldr	r3, [r3, #0]
1000a22e:	f103 0810 	add.w	r8, r3, #16
1000a232:	eb04 0309 	add.w	r3, r4, r9
1000a236:	9300      	str	r3, [sp, #0]
1000a238:	f000 fac2 	bl	1000a7c0 <sysconf>
1000a23c:	4a56      	ldr	r2, [pc, #344]	@ (1000a398 <_malloc_r+0x314>)
1000a23e:	44a8      	add	r8, r5
1000a240:	4683      	mov	fp, r0
1000a242:	6813      	ldr	r3, [r2, #0]
1000a244:	3301      	adds	r3, #1
1000a246:	d005      	beq.n	1000a254 <_malloc_r+0x1d0>
1000a248:	f108 38ff 	add.w	r8, r8, #4294967295
1000a24c:	4243      	negs	r3, r0
1000a24e:	4480      	add	r8, r0
1000a250:	ea03 0808 	and.w	r8, r3, r8
1000a254:	4641      	mov	r1, r8
1000a256:	4638      	mov	r0, r7
1000a258:	f000 fa96 	bl	1000a788 <_sbrk_r>
1000a25c:	f1b0 3fff 	cmp.w	r0, #4294967295
1000a260:	4682      	mov	sl, r0
1000a262:	4a4d      	ldr	r2, [pc, #308]	@ (1000a398 <_malloc_r+0x314>)
1000a264:	f000 8107 	beq.w	1000a476 <_malloc_r+0x3f2>
1000a268:	eb04 0309 	add.w	r3, r4, r9
1000a26c:	4283      	cmp	r3, r0
1000a26e:	f200 8100 	bhi.w	1000a472 <_malloc_r+0x3ee>
1000a272:	4b4a      	ldr	r3, [pc, #296]	@ (1000a39c <_malloc_r+0x318>)
1000a274:	f10b 3cff 	add.w	ip, fp, #4294967295
1000a278:	6818      	ldr	r0, [r3, #0]
1000a27a:	4440      	add	r0, r8
1000a27c:	6018      	str	r0, [r3, #0]
1000a27e:	f000 8164 	beq.w	1000a54a <_malloc_r+0x4c6>
1000a282:	6811      	ldr	r1, [r2, #0]
1000a284:	3101      	adds	r1, #1
1000a286:	f000 816c 	beq.w	1000a562 <_malloc_r+0x4de>
1000a28a:	eb04 0209 	add.w	r2, r4, r9
1000a28e:	ebaa 0202 	sub.w	r2, sl, r2
1000a292:	4402      	add	r2, r0
1000a294:	601a      	str	r2, [r3, #0]
1000a296:	f01a 0207 	ands.w	r2, sl, #7
1000a29a:	e9cd 2300 	strd	r2, r3, [sp]
1000a29e:	f000 8127 	beq.w	1000a4f0 <_malloc_r+0x46c>
1000a2a2:	f1c2 0208 	rsb	r2, r2, #8
1000a2a6:	4638      	mov	r0, r7
1000a2a8:	4492      	add	sl, r2
1000a2aa:	445a      	add	r2, fp
1000a2ac:	44d0      	add	r8, sl
1000a2ae:	ea08 010c 	and.w	r1, r8, ip
1000a2b2:	1a52      	subs	r2, r2, r1
1000a2b4:	ea02 0b0c 	and.w	fp, r2, ip
1000a2b8:	4659      	mov	r1, fp
1000a2ba:	f000 fa65 	bl	1000a788 <_sbrk_r>
1000a2be:	1c42      	adds	r2, r0, #1
1000a2c0:	9b01      	ldr	r3, [sp, #4]
1000a2c2:	f000 816a 	beq.w	1000a59a <_malloc_r+0x516>
1000a2c6:	eba0 000a 	sub.w	r0, r0, sl
1000a2ca:	eb00 080b 	add.w	r8, r0, fp
1000a2ce:	6818      	ldr	r0, [r3, #0]
1000a2d0:	f048 0201 	orr.w	r2, r8, #1
1000a2d4:	42b4      	cmp	r4, r6
1000a2d6:	f8c6 a008 	str.w	sl, [r6, #8]
1000a2da:	4458      	add	r0, fp
1000a2dc:	f8ca 2004 	str.w	r2, [sl, #4]
1000a2e0:	6018      	str	r0, [r3, #0]
1000a2e2:	d017      	beq.n	1000a314 <_malloc_r+0x290>
1000a2e4:	f1b9 0f0f 	cmp.w	r9, #15
1000a2e8:	f240 813e 	bls.w	1000a568 <_malloc_r+0x4e4>
1000a2ec:	6861      	ldr	r1, [r4, #4]
1000a2ee:	f1a9 020c 	sub.w	r2, r9, #12
1000a2f2:	f04f 0c05 	mov.w	ip, #5
1000a2f6:	f022 0207 	bic.w	r2, r2, #7
1000a2fa:	f001 0101 	and.w	r1, r1, #1
1000a2fe:	4311      	orrs	r1, r2
1000a300:	2a0f      	cmp	r2, #15
1000a302:	6061      	str	r1, [r4, #4]
1000a304:	eb04 0102 	add.w	r1, r4, r2
1000a308:	e9c1 cc01 	strd	ip, ip, [r1, #4]
1000a30c:	f200 814d 	bhi.w	1000a5aa <_malloc_r+0x526>
1000a310:	f8da 2004 	ldr.w	r2, [sl, #4]
1000a314:	4b22      	ldr	r3, [pc, #136]	@ (1000a3a0 <_malloc_r+0x31c>)
1000a316:	4654      	mov	r4, sl
1000a318:	6819      	ldr	r1, [r3, #0]
1000a31a:	4281      	cmp	r1, r0
1000a31c:	bf38      	it	cc
1000a31e:	6018      	strcc	r0, [r3, #0]
1000a320:	4b20      	ldr	r3, [pc, #128]	@ (1000a3a4 <_malloc_r+0x320>)
1000a322:	6819      	ldr	r1, [r3, #0]
1000a324:	4281      	cmp	r1, r0
1000a326:	bf38      	it	cc
1000a328:	6018      	strcc	r0, [r3, #0]
1000a32a:	e0a6      	b.n	1000a47a <_malloc_r+0x3f6>
1000a32c:	f8d6 e004 	ldr.w	lr, [r6, #4]
1000a330:	e733      	b.n	1000a19a <_malloc_r+0x116>
1000a332:	1962      	adds	r2, r4, r5
1000a334:	f045 0501 	orr.w	r5, r5, #1
1000a338:	f043 0301 	orr.w	r3, r3, #1
1000a33c:	3408      	adds	r4, #8
1000a33e:	f844 5c04 	str.w	r5, [r4, #-4]
1000a342:	4638      	mov	r0, r7
1000a344:	60b2      	str	r2, [r6, #8]
1000a346:	6053      	str	r3, [r2, #4]
1000a348:	f000 f95e 	bl	1000a608 <__malloc_unlock>
1000a34c:	4620      	mov	r0, r4
1000a34e:	b003      	add	sp, #12
1000a350:	e8bd 8ff0 	ldmia.w	sp!, {r4, r5, r6, r7, r8, r9, sl, fp, pc}
1000a354:	68a2      	ldr	r2, [r4, #8]
1000a356:	4423      	add	r3, r4
1000a358:	4638      	mov	r0, r7
1000a35a:	60d1      	str	r1, [r2, #12]
1000a35c:	608a      	str	r2, [r1, #8]
1000a35e:	e6b2      	b.n	1000a0c6 <_malloc_r+0x42>
1000a360:	68dc      	ldr	r4, [r3, #12]
1000a362:	42a3      	cmp	r3, r4
1000a364:	f47f aea6 	bne.w	1000a0b4 <_malloc_r+0x30>
1000a368:	3002      	adds	r0, #2
1000a36a:	e6e7      	b.n	1000a13c <_malloc_r+0xb8>
1000a36c:	f5bc 6f20 	cmp.w	ip, #2560	@ 0xa00
1000a370:	ea4f 225c 	mov.w	r2, ip, lsr #9
1000a374:	d376      	bcc.n	1000a464 <_malloc_r+0x3e0>
1000a376:	2a14      	cmp	r2, #20
1000a378:	f200 80cd 	bhi.w	1000a516 <_malloc_r+0x492>
1000a37c:	f102 035c 	add.w	r3, r2, #92	@ 0x5c
1000a380:	325b      	adds	r2, #91	@ 0x5b
1000a382:	00db      	lsls	r3, r3, #3
1000a384:	18f1      	adds	r1, r6, r3
1000a386:	58f3      	ldr	r3, [r6, r3]
1000a388:	3908      	subs	r1, #8
1000a38a:	4299      	cmp	r1, r3
1000a38c:	d111      	bne.n	1000a3b2 <_malloc_r+0x32e>
1000a38e:	e0a5      	b.n	1000a4dc <_malloc_r+0x458>
1000a390:	200015b0 	.word	0x200015b0
1000a394:	20001d7c 	.word	0x20001d7c
1000a398:	200015a8 	.word	0x200015a8
1000a39c:	20001d4c 	.word	0x20001d4c
1000a3a0:	20001d74 	.word	0x20001d74
1000a3a4:	20001d78 	.word	0x20001d78
1000a3a8:	200015b8 	.word	0x200015b8
1000a3ac:	689b      	ldr	r3, [r3, #8]
1000a3ae:	4299      	cmp	r1, r3
1000a3b0:	d004      	beq.n	1000a3bc <_malloc_r+0x338>
1000a3b2:	685a      	ldr	r2, [r3, #4]
1000a3b4:	f022 0203 	bic.w	r2, r2, #3
1000a3b8:	4562      	cmp	r2, ip
1000a3ba:	d8f7      	bhi.n	1000a3ac <_malloc_r+0x328>
1000a3bc:	68d9      	ldr	r1, [r3, #12]
1000a3be:	e9c4 3102 	strd	r3, r1, [r4, #8]
1000a3c2:	608c      	str	r4, [r1, #8]
1000a3c4:	60dc      	str	r4, [r3, #12]
1000a3c6:	e6e8      	b.n	1000a19a <_malloc_r+0x116>
1000a3c8:	2b14      	cmp	r3, #20
1000a3ca:	d963      	bls.n	1000a494 <_malloc_r+0x410>
1000a3cc:	2b54      	cmp	r3, #84	@ 0x54
1000a3ce:	f200 80ab 	bhi.w	1000a528 <_malloc_r+0x4a4>
1000a3d2:	0b2b      	lsrs	r3, r5, #12
1000a3d4:	f103 006f 	add.w	r0, r3, #111	@ 0x6f
1000a3d8:	f103 0e6e 	add.w	lr, r3, #110	@ 0x6e
1000a3dc:	00c3      	lsls	r3, r0, #3
1000a3de:	e697      	b.n	1000a110 <_malloc_r+0x8c>
1000a3e0:	f8d4 c008 	ldr.w	ip, [r4, #8]
1000a3e4:	4638      	mov	r0, r7
1000a3e6:	1967      	adds	r7, r4, r5
1000a3e8:	f045 0501 	orr.w	r5, r5, #1
1000a3ec:	6065      	str	r5, [r4, #4]
1000a3ee:	f8cc 300c 	str.w	r3, [ip, #12]
1000a3f2:	f8c3 c008 	str.w	ip, [r3, #8]
1000a3f6:	f041 0301 	orr.w	r3, r1, #1
1000a3fa:	e9c6 7704 	strd	r7, r7, [r6, #16]
1000a3fe:	e9c7 8802 	strd	r8, r8, [r7, #8]
1000a402:	607b      	str	r3, [r7, #4]
1000a404:	50a1      	str	r1, [r4, r2]
1000a406:	3408      	adds	r4, #8
1000a408:	f000 f8fe 	bl	1000a608 <__malloc_unlock>
1000a40c:	e6f7      	b.n	1000a1fe <_malloc_r+0x17a>
1000a40e:	4422      	add	r2, r4
1000a410:	4638      	mov	r0, r7
1000a412:	6851      	ldr	r1, [r2, #4]
1000a414:	f041 0101 	orr.w	r1, r1, #1
1000a418:	6051      	str	r1, [r2, #4]
1000a41a:	f854 2f08 	ldr.w	r2, [r4, #8]!
1000a41e:	60d3      	str	r3, [r2, #12]
1000a420:	609a      	str	r2, [r3, #8]
1000a422:	f000 f8f1 	bl	1000a608 <__malloc_unlock>
1000a426:	e6ea      	b.n	1000a1fe <_malloc_r+0x17a>
1000a428:	44a4      	add	ip, r4
1000a42a:	4638      	mov	r0, r7
1000a42c:	3408      	adds	r4, #8
1000a42e:	f8dc 3004 	ldr.w	r3, [ip, #4]
1000a432:	f043 0301 	orr.w	r3, r3, #1
1000a436:	f8cc 3004 	str.w	r3, [ip, #4]
1000a43a:	f000 f8e5 	bl	1000a608 <__malloc_unlock>
1000a43e:	e6de      	b.n	1000a1fe <_malloc_r+0x17a>
1000a440:	1962      	adds	r2, r4, r5
1000a442:	f043 0101 	orr.w	r1, r3, #1
1000a446:	f045 0501 	orr.w	r5, r5, #1
1000a44a:	4638      	mov	r0, r7
1000a44c:	6065      	str	r5, [r4, #4]
1000a44e:	e9c6 2204 	strd	r2, r2, [r6, #16]
1000a452:	e9c2 8802 	strd	r8, r8, [r2, #8]
1000a456:	6051      	str	r1, [r2, #4]
1000a458:	f844 300c 	str.w	r3, [r4, ip]
1000a45c:	3408      	adds	r4, #8
1000a45e:	f000 f8d3 	bl	1000a608 <__malloc_unlock>
1000a462:	e6cc      	b.n	1000a1fe <_malloc_r+0x17a>
1000a464:	ea4f 129c 	mov.w	r2, ip, lsr #6
1000a468:	f102 0339 	add.w	r3, r2, #57	@ 0x39
1000a46c:	3238      	adds	r2, #56	@ 0x38
1000a46e:	00db      	lsls	r3, r3, #3
1000a470:	e788      	b.n	1000a384 <_malloc_r+0x300>
1000a472:	42b4      	cmp	r4, r6
1000a474:	d062      	beq.n	1000a53c <_malloc_r+0x4b8>
1000a476:	68b4      	ldr	r4, [r6, #8]
1000a478:	6862      	ldr	r2, [r4, #4]
1000a47a:	f022 0803 	bic.w	r8, r2, #3
1000a47e:	45a8      	cmp	r8, r5
1000a480:	eba8 0305 	sub.w	r3, r8, r5
1000a484:	d302      	bcc.n	1000a48c <_malloc_r+0x408>
1000a486:	2b0f      	cmp	r3, #15
1000a488:	f73f af53 	bgt.w	1000a332 <_malloc_r+0x2ae>
1000a48c:	4638      	mov	r0, r7
1000a48e:	f000 f8bb 	bl	1000a608 <__malloc_unlock>
1000a492:	e6b3      	b.n	1000a1fc <_malloc_r+0x178>
1000a494:	f103 005c 	add.w	r0, r3, #92	@ 0x5c
1000a498:	f103 0e5b 	add.w	lr, r3, #91	@ 0x5b
1000a49c:	00c3      	lsls	r3, r0, #3
1000a49e:	e637      	b.n	1000a110 <_malloc_r+0x8c>
1000a4a0:	f85a 3908 	ldr.w	r3, [sl], #-8
1000a4a4:	4553      	cmp	r3, sl
1000a4a6:	f040 80a0 	bne.w	1000a5ea <_malloc_r+0x566>
1000a4aa:	f010 0f03 	tst.w	r0, #3
1000a4ae:	f100 30ff 	add.w	r0, r0, #4294967295
1000a4b2:	d1f5      	bne.n	1000a4a0 <_malloc_r+0x41c>
1000a4b4:	6873      	ldr	r3, [r6, #4]
1000a4b6:	ea23 030c 	bic.w	r3, r3, ip
1000a4ba:	6073      	str	r3, [r6, #4]
1000a4bc:	ea4f 0c4c 	mov.w	ip, ip, lsl #1
1000a4c0:	f10c 32ff 	add.w	r2, ip, #4294967295
1000a4c4:	429a      	cmp	r2, r3
1000a4c6:	d304      	bcc.n	1000a4d2 <_malloc_r+0x44e>
1000a4c8:	e6a3      	b.n	1000a212 <_malloc_r+0x18e>
1000a4ca:	ea4f 0c4c 	mov.w	ip, ip, lsl #1
1000a4ce:	f109 0904 	add.w	r9, r9, #4
1000a4d2:	ea1c 0f03 	tst.w	ip, r3
1000a4d6:	d0f8      	beq.n	1000a4ca <_malloc_r+0x446>
1000a4d8:	4648      	mov	r0, r9
1000a4da:	e670      	b.n	1000a1be <_malloc_r+0x13a>
1000a4dc:	1092      	asrs	r2, r2, #2
1000a4de:	f04f 0c01 	mov.w	ip, #1
1000a4e2:	fa0c f202 	lsl.w	r2, ip, r2
1000a4e6:	ea4e 0e02 	orr.w	lr, lr, r2
1000a4ea:	f8c6 e004 	str.w	lr, [r6, #4]
1000a4ee:	e766      	b.n	1000a3be <_malloc_r+0x33a>
1000a4f0:	eb0a 0208 	add.w	r2, sl, r8
1000a4f4:	4638      	mov	r0, r7
1000a4f6:	ea02 020c 	and.w	r2, r2, ip
1000a4fa:	ebab 0b02 	sub.w	fp, fp, r2
1000a4fe:	ea0b 0b0c 	and.w	fp, fp, ip
1000a502:	4659      	mov	r1, fp
1000a504:	f000 f940 	bl	1000a788 <_sbrk_r>
1000a508:	1c43      	adds	r3, r0, #1
1000a50a:	9b01      	ldr	r3, [sp, #4]
1000a50c:	f47f aedb 	bne.w	1000a2c6 <_malloc_r+0x242>
1000a510:	f8dd b000 	ldr.w	fp, [sp]
1000a514:	e6db      	b.n	1000a2ce <_malloc_r+0x24a>
1000a516:	2a54      	cmp	r2, #84	@ 0x54
1000a518:	d82a      	bhi.n	1000a570 <_malloc_r+0x4ec>
1000a51a:	ea4f 321c 	mov.w	r2, ip, lsr #12
1000a51e:	f102 036f 	add.w	r3, r2, #111	@ 0x6f
1000a522:	326e      	adds	r2, #110	@ 0x6e
1000a524:	00db      	lsls	r3, r3, #3
1000a526:	e72d      	b.n	1000a384 <_malloc_r+0x300>
1000a528:	f5b3 7faa 	cmp.w	r3, #340	@ 0x154
1000a52c:	d82a      	bhi.n	1000a584 <_malloc_r+0x500>
1000a52e:	0beb      	lsrs	r3, r5, #15
1000a530:	f103 0078 	add.w	r0, r3, #120	@ 0x78
1000a534:	f103 0e77 	add.w	lr, r3, #119	@ 0x77
1000a538:	00c3      	lsls	r3, r0, #3
1000a53a:	e5e9      	b.n	1000a110 <_malloc_r+0x8c>
1000a53c:	4b2e      	ldr	r3, [pc, #184]	@ (1000a5f8 <_malloc_r+0x574>)
1000a53e:	f10b 3cff 	add.w	ip, fp, #4294967295
1000a542:	6818      	ldr	r0, [r3, #0]
1000a544:	4440      	add	r0, r8
1000a546:	6018      	str	r0, [r3, #0]
1000a548:	e69b      	b.n	1000a282 <_malloc_r+0x1fe>
1000a54a:	ea1a 0f0c 	tst.w	sl, ip
1000a54e:	f47f ae98 	bne.w	1000a282 <_malloc_r+0x1fe>
1000a552:	44c8      	add	r8, r9
1000a554:	f8d6 a008 	ldr.w	sl, [r6, #8]
1000a558:	f048 0201 	orr.w	r2, r8, #1
1000a55c:	f8ca 2004 	str.w	r2, [sl, #4]
1000a560:	e6d8      	b.n	1000a314 <_malloc_r+0x290>
1000a562:	f8c2 a000 	str.w	sl, [r2]
1000a566:	e696      	b.n	1000a296 <_malloc_r+0x212>
1000a568:	2301      	movs	r3, #1
1000a56a:	f8ca 3004 	str.w	r3, [sl, #4]
1000a56e:	e78d      	b.n	1000a48c <_malloc_r+0x408>
1000a570:	f5b2 7faa 	cmp.w	r2, #340	@ 0x154
1000a574:	d824      	bhi.n	1000a5c0 <_malloc_r+0x53c>
1000a576:	ea4f 32dc 	mov.w	r2, ip, lsr #15
1000a57a:	f102 0378 	add.w	r3, r2, #120	@ 0x78
1000a57e:	3277      	adds	r2, #119	@ 0x77
1000a580:	00db      	lsls	r3, r3, #3
1000a582:	e6ff      	b.n	1000a384 <_malloc_r+0x300>
1000a584:	f240 5254 	movw	r2, #1364	@ 0x554
1000a588:	4293      	cmp	r3, r2
1000a58a:	d824      	bhi.n	1000a5d6 <_malloc_r+0x552>
1000a58c:	0cab      	lsrs	r3, r5, #18
1000a58e:	f103 007d 	add.w	r0, r3, #125	@ 0x7d
1000a592:	f103 0e7c 	add.w	lr, r3, #124	@ 0x7c
1000a596:	00c3      	lsls	r3, r0, #3
1000a598:	e5ba      	b.n	1000a110 <_malloc_r+0x8c>
1000a59a:	9a00      	ldr	r2, [sp, #0]
1000a59c:	f04f 0b00 	mov.w	fp, #0
1000a5a0:	3a08      	subs	r2, #8
1000a5a2:	4490      	add	r8, r2
1000a5a4:	eba8 080a 	sub.w	r8, r8, sl
1000a5a8:	e691      	b.n	1000a2ce <_malloc_r+0x24a>
1000a5aa:	4638      	mov	r0, r7
1000a5ac:	f104 0108 	add.w	r1, r4, #8
1000a5b0:	9300      	str	r3, [sp, #0]
1000a5b2:	f000 fa13 	bl	1000a9dc <_free_r>
1000a5b6:	9b00      	ldr	r3, [sp, #0]
1000a5b8:	f8d6 a008 	ldr.w	sl, [r6, #8]
1000a5bc:	6818      	ldr	r0, [r3, #0]
1000a5be:	e6a7      	b.n	1000a310 <_malloc_r+0x28c>
1000a5c0:	f240 5354 	movw	r3, #1364	@ 0x554
1000a5c4:	429a      	cmp	r2, r3
1000a5c6:	d80c      	bhi.n	1000a5e2 <_malloc_r+0x55e>
1000a5c8:	ea4f 429c 	mov.w	r2, ip, lsr #18
1000a5cc:	f102 037d 	add.w	r3, r2, #125	@ 0x7d
1000a5d0:	327c      	adds	r2, #124	@ 0x7c
1000a5d2:	00db      	lsls	r3, r3, #3
1000a5d4:	e6d6      	b.n	1000a384 <_malloc_r+0x300>
1000a5d6:	f44f 737e 	mov.w	r3, #1016	@ 0x3f8
1000a5da:	207f      	movs	r0, #127	@ 0x7f
1000a5dc:	f04f 0e7e 	mov.w	lr, #126	@ 0x7e
1000a5e0:	e596      	b.n	1000a110 <_malloc_r+0x8c>
1000a5e2:	f44f 737e 	mov.w	r3, #1016	@ 0x3f8
1000a5e6:	227e      	movs	r2, #126	@ 0x7e
1000a5e8:	e6cc      	b.n	1000a384 <_malloc_r+0x300>
1000a5ea:	6873      	ldr	r3, [r6, #4]
1000a5ec:	e766      	b.n	1000a4bc <_malloc_r+0x438>
1000a5ee:	08e8      	lsrs	r0, r5, #3
1000a5f0:	f105 0308 	add.w	r3, r5, #8
1000a5f4:	e556      	b.n	1000a0a4 <_malloc_r+0x20>
1000a5f6:	bf00      	nop
1000a5f8:	20001d4c 	.word	0x20001d4c

1000a5fc <__malloc_lock>:
1000a5fc:	4801      	ldr	r0, [pc, #4]	@ (1000a604 <__malloc_lock+0x8>)
1000a5fe:	f000 b8db 	b.w	1000a7b8 <__retarget_lock_acquire_recursive>
1000a602:	bf00      	nop
1000a604:	20001d48 	.word	0x20001d48

1000a608 <__malloc_unlock>:
1000a608:	4801      	ldr	r0, [pc, #4]	@ (1000a610 <__malloc_unlock+0x8>)
1000a60a:	f000 b8d7 	b.w	1000a7bc <__retarget_lock_release_recursive>
1000a60e:	bf00      	nop
1000a610:	20001d48 	.word	0x20001d48

1000a614 <memset>:
1000a614:	0783      	lsls	r3, r0, #30
1000a616:	b530      	push	{r4, r5, lr}
1000a618:	d046      	beq.n	1000a6a8 <memset+0x94>
1000a61a:	1884      	adds	r4, r0, r2
1000a61c:	4684      	mov	ip, r0
1000a61e:	e004      	b.n	1000a62a <memset+0x16>
1000a620:	f803 1b01 	strb.w	r1, [r3], #1
1000a624:	079d      	lsls	r5, r3, #30
1000a626:	d004      	beq.n	1000a632 <memset+0x1e>
1000a628:	469c      	mov	ip, r3
1000a62a:	45a4      	cmp	ip, r4
1000a62c:	4663      	mov	r3, ip
1000a62e:	d1f7      	bne.n	1000a620 <memset+0xc>
1000a630:	bd30      	pop	{r4, r5, pc}
1000a632:	3a01      	subs	r2, #1
1000a634:	4402      	add	r2, r0
1000a636:	eba2 020c 	sub.w	r2, r2, ip
1000a63a:	2a03      	cmp	r2, #3
1000a63c:	d929      	bls.n	1000a692 <memset+0x7e>
1000a63e:	b2cc      	uxtb	r4, r1
1000a640:	2a0f      	cmp	r2, #15
1000a642:	eb04 2404 	add.w	r4, r4, r4, lsl #8
1000a646:	eb04 4404 	add.w	r4, r4, r4, lsl #16
1000a64a:	d92f      	bls.n	1000a6ac <memset+0x98>
1000a64c:	f1a2 0c10 	sub.w	ip, r2, #16
1000a650:	f103 0510 	add.w	r5, r3, #16
1000a654:	f02c 0c0f 	bic.w	ip, ip, #15
1000a658:	44ac      	add	ip, r5
1000a65a:	e9c3 4400 	strd	r4, r4, [r3]
1000a65e:	e9c3 4402 	strd	r4, r4, [r3, #8]
1000a662:	3310      	adds	r3, #16
1000a664:	4563      	cmp	r3, ip
1000a666:	d1f8      	bne.n	1000a65a <memset+0x46>
1000a668:	f012 0f0c 	tst.w	r2, #12
1000a66c:	f002 0e0f 	and.w	lr, r2, #15
1000a670:	d018      	beq.n	1000a6a4 <memset+0x90>
1000a672:	f02e 0c03 	bic.w	ip, lr, #3
1000a676:	f1ae 0504 	sub.w	r5, lr, #4
1000a67a:	461a      	mov	r2, r3
1000a67c:	449c      	add	ip, r3
1000a67e:	f842 4b04 	str.w	r4, [r2], #4
1000a682:	4562      	cmp	r2, ip
1000a684:	d1fb      	bne.n	1000a67e <memset+0x6a>
1000a686:	f025 0403 	bic.w	r4, r5, #3
1000a68a:	3304      	adds	r3, #4
1000a68c:	f00e 0203 	and.w	r2, lr, #3
1000a690:	4423      	add	r3, r4
1000a692:	2a00      	cmp	r2, #0
1000a694:	d0cc      	beq.n	1000a630 <memset+0x1c>
1000a696:	b2c9      	uxtb	r1, r1
1000a698:	441a      	add	r2, r3
1000a69a:	f803 1b01 	strb.w	r1, [r3], #1
1000a69e:	4293      	cmp	r3, r2
1000a6a0:	d1fb      	bne.n	1000a69a <memset+0x86>
1000a6a2:	bd30      	pop	{r4, r5, pc}
1000a6a4:	4672      	mov	r2, lr
1000a6a6:	e7f4      	b.n	1000a692 <memset+0x7e>
1000a6a8:	4603      	mov	r3, r0
1000a6aa:	e7c6      	b.n	1000a63a <memset+0x26>
1000a6ac:	4696      	mov	lr, r2
1000a6ae:	e7e0      	b.n	1000a672 <memset+0x5e>

1000a6b0 <strncmp>:
1000a6b0:	b382      	cbz	r2, 1000a714 <strncmp+0x64>
1000a6b2:	460b      	mov	r3, r1
1000a6b4:	b530      	push	{r4, r5, lr}
1000a6b6:	ea40 0401 	orr.w	r4, r0, r1
1000a6ba:	4686      	mov	lr, r0
1000a6bc:	07a4      	lsls	r4, r4, #30
1000a6be:	d117      	bne.n	1000a6f0 <strncmp+0x40>
1000a6c0:	2a03      	cmp	r2, #3
1000a6c2:	d807      	bhi.n	1000a6d4 <strncmp+0x24>
1000a6c4:	e014      	b.n	1000a6f0 <strncmp+0x40>
1000a6c6:	3a04      	subs	r2, #4
1000a6c8:	d022      	beq.n	1000a710 <strncmp+0x60>
1000a6ca:	f01c 3f80 	tst.w	ip, #2155905152	@ 0x80808080
1000a6ce:	d11f      	bne.n	1000a710 <strncmp+0x60>
1000a6d0:	2a03      	cmp	r2, #3
1000a6d2:	d923      	bls.n	1000a71c <strncmp+0x6c>
1000a6d4:	f8de 4000 	ldr.w	r4, [lr]
1000a6d8:	4619      	mov	r1, r3
1000a6da:	f853 5b04 	ldr.w	r5, [r3], #4
1000a6de:	4670      	mov	r0, lr
1000a6e0:	f1a4 3c01 	sub.w	ip, r4, #16843009	@ 0x1010101
1000a6e4:	f10e 0e04 	add.w	lr, lr, #4
1000a6e8:	42ac      	cmp	r4, r5
1000a6ea:	ea2c 0c04 	bic.w	ip, ip, r4
1000a6ee:	d0ea      	beq.n	1000a6c6 <strncmp+0x16>
1000a6f0:	7803      	ldrb	r3, [r0, #0]
1000a6f2:	3a01      	subs	r2, #1
1000a6f4:	780c      	ldrb	r4, [r1, #0]
1000a6f6:	42a3      	cmp	r3, r4
1000a6f8:	d10e      	bne.n	1000a718 <strncmp+0x68>
1000a6fa:	4402      	add	r2, r0
1000a6fc:	e006      	b.n	1000a70c <strncmp+0x5c>
1000a6fe:	b13b      	cbz	r3, 1000a710 <strncmp+0x60>
1000a700:	f810 3f01 	ldrb.w	r3, [r0, #1]!
1000a704:	f811 4f01 	ldrb.w	r4, [r1, #1]!
1000a708:	42a3      	cmp	r3, r4
1000a70a:	d105      	bne.n	1000a718 <strncmp+0x68>
1000a70c:	4290      	cmp	r0, r2
1000a70e:	d1f6      	bne.n	1000a6fe <strncmp+0x4e>
1000a710:	2000      	movs	r0, #0
1000a712:	bd30      	pop	{r4, r5, pc}
1000a714:	4610      	mov	r0, r2
1000a716:	4770      	bx	lr
1000a718:	1b18      	subs	r0, r3, r4
1000a71a:	bd30      	pop	{r4, r5, pc}
1000a71c:	4670      	mov	r0, lr
1000a71e:	4619      	mov	r1, r3
1000a720:	e7e6      	b.n	1000a6f0 <strncmp+0x40>
1000a722:	bf00      	nop

1000a724 <strncpy>:
1000a724:	ea40 0301 	orr.w	r3, r0, r1
1000a728:	079b      	lsls	r3, r3, #30
1000a72a:	b530      	push	{r4, r5, lr}
1000a72c:	d101      	bne.n	1000a732 <strncpy+0xe>
1000a72e:	2a03      	cmp	r2, #3
1000a730:	d817      	bhi.n	1000a762 <strncpy+0x3e>
1000a732:	4684      	mov	ip, r0
1000a734:	f101 3eff 	add.w	lr, r1, #4294967295
1000a738:	e007      	b.n	1000a74a <strncpy+0x26>
1000a73a:	f81e 1f01 	ldrb.w	r1, [lr, #1]!
1000a73e:	1e54      	subs	r4, r2, #1
1000a740:	f803 1b01 	strb.w	r1, [r3], #1
1000a744:	b129      	cbz	r1, 1000a752 <strncpy+0x2e>
1000a746:	4622      	mov	r2, r4
1000a748:	469c      	mov	ip, r3
1000a74a:	4663      	mov	r3, ip
1000a74c:	2a00      	cmp	r2, #0
1000a74e:	d1f4      	bne.n	1000a73a <strncpy+0x16>
1000a750:	bd30      	pop	{r4, r5, pc}
1000a752:	2c00      	cmp	r4, #0
1000a754:	d0fc      	beq.n	1000a750 <strncpy+0x2c>
1000a756:	4494      	add	ip, r2
1000a758:	f803 1b01 	strb.w	r1, [r3], #1
1000a75c:	4563      	cmp	r3, ip
1000a75e:	d1fb      	bne.n	1000a758 <strncpy+0x34>
1000a760:	bd30      	pop	{r4, r5, pc}
1000a762:	460c      	mov	r4, r1
1000a764:	4684      	mov	ip, r0
1000a766:	6825      	ldr	r5, [r4, #0]
1000a768:	4621      	mov	r1, r4
1000a76a:	3404      	adds	r4, #4
1000a76c:	f1a5 3301 	sub.w	r3, r5, #16843009	@ 0x1010101
1000a770:	ea23 0305 	bic.w	r3, r3, r5
1000a774:	f013 3f80 	tst.w	r3, #2155905152	@ 0x80808080
1000a778:	d1dc      	bne.n	1000a734 <strncpy+0x10>
1000a77a:	3a04      	subs	r2, #4
1000a77c:	f84c 5b04 	str.w	r5, [ip], #4
1000a780:	2a03      	cmp	r2, #3
1000a782:	d8f0      	bhi.n	1000a766 <strncpy+0x42>
1000a784:	4621      	mov	r1, r4
1000a786:	e7d5      	b.n	1000a734 <strncpy+0x10>

1000a788 <_sbrk_r>:
1000a788:	b538      	push	{r3, r4, r5, lr}
1000a78a:	2200      	movs	r2, #0
1000a78c:	4d06      	ldr	r5, [pc, #24]	@ (1000a7a8 <_sbrk_r+0x20>)
1000a78e:	4604      	mov	r4, r0
1000a790:	4608      	mov	r0, r1
1000a792:	602a      	str	r2, [r5, #0]
1000a794:	f7fa f8c4 	bl	10004920 <_sbrk>
1000a798:	1c43      	adds	r3, r0, #1
1000a79a:	d000      	beq.n	1000a79e <_sbrk_r+0x16>
1000a79c:	bd38      	pop	{r3, r4, r5, pc}
1000a79e:	682b      	ldr	r3, [r5, #0]
1000a7a0:	2b00      	cmp	r3, #0
1000a7a2:	d0fb      	beq.n	1000a79c <_sbrk_r+0x14>
1000a7a4:	6023      	str	r3, [r4, #0]
1000a7a6:	bd38      	pop	{r3, r4, r5, pc}
1000a7a8:	20002508 	.word	0x20002508

1000a7ac <__errno>:
1000a7ac:	4b01      	ldr	r3, [pc, #4]	@ (1000a7b4 <__errno+0x8>)
1000a7ae:	6818      	ldr	r0, [r3, #0]
1000a7b0:	4770      	bx	lr
1000a7b2:	bf00      	nop
1000a7b4:	200019b8 	.word	0x200019b8

1000a7b8 <__retarget_lock_acquire_recursive>:
1000a7b8:	4770      	bx	lr
1000a7ba:	bf00      	nop

1000a7bc <__retarget_lock_release_recursive>:
1000a7bc:	4770      	bx	lr
1000a7be:	bf00      	nop

1000a7c0 <sysconf>:
1000a7c0:	2808      	cmp	r0, #8
1000a7c2:	d102      	bne.n	1000a7ca <sysconf+0xa>
1000a7c4:	f44f 5080 	mov.w	r0, #4096	@ 0x1000
1000a7c8:	4770      	bx	lr
1000a7ca:	b508      	push	{r3, lr}
1000a7cc:	f7ff ffee 	bl	1000a7ac <__errno>
1000a7d0:	2216      	movs	r2, #22
1000a7d2:	4603      	mov	r3, r0
1000a7d4:	f04f 30ff 	mov.w	r0, #4294967295
1000a7d8:	601a      	str	r2, [r3, #0]
1000a7da:	bd08      	pop	{r3, pc}

1000a7dc <memcpy>:
1000a7dc:	4684      	mov	ip, r0
1000a7de:	ea41 0300 	orr.w	r3, r1, r0
1000a7e2:	f013 0303 	ands.w	r3, r3, #3
1000a7e6:	d149      	bne.n	1000a87c <memcpy+0xa0>
1000a7e8:	3a40      	subs	r2, #64	@ 0x40
1000a7ea:	d323      	bcc.n	1000a834 <memcpy+0x58>
1000a7ec:	680b      	ldr	r3, [r1, #0]
1000a7ee:	6003      	str	r3, [r0, #0]
1000a7f0:	684b      	ldr	r3, [r1, #4]
1000a7f2:	6043      	str	r3, [r0, #4]
1000a7f4:	688b      	ldr	r3, [r1, #8]
1000a7f6:	6083      	str	r3, [r0, #8]
1000a7f8:	68cb      	ldr	r3, [r1, #12]
1000a7fa:	60c3      	str	r3, [r0, #12]
1000a7fc:	690b      	ldr	r3, [r1, #16]
1000a7fe:	6103      	str	r3, [r0, #16]
1000a800:	694b      	ldr	r3, [r1, #20]
1000a802:	6143      	str	r3, [r0, #20]
1000a804:	698b      	ldr	r3, [r1, #24]
1000a806:	6183      	str	r3, [r0, #24]
1000a808:	69cb      	ldr	r3, [r1, #28]
1000a80a:	61c3      	str	r3, [r0, #28]
1000a80c:	6a0b      	ldr	r3, [r1, #32]
1000a80e:	6203      	str	r3, [r0, #32]
1000a810:	6a4b      	ldr	r3, [r1, #36]	@ 0x24
1000a812:	6243      	str	r3, [r0, #36]	@ 0x24
1000a814:	6a8b      	ldr	r3, [r1, #40]	@ 0x28
1000a816:	6283      	str	r3, [r0, #40]	@ 0x28
1000a818:	6acb      	ldr	r3, [r1, #44]	@ 0x2c
1000a81a:	62c3      	str	r3, [r0, #44]	@ 0x2c
1000a81c:	6b0b      	ldr	r3, [r1, #48]	@ 0x30
1000a81e:	6303      	str	r3, [r0, #48]	@ 0x30
1000a820:	6b4b      	ldr	r3, [r1, #52]	@ 0x34
1000a822:	6343      	str	r3, [r0, #52]	@ 0x34
1000a824:	6b8b      	ldr	r3, [r1, #56]	@ 0x38
1000a826:	6383      	str	r3, [r0, #56]	@ 0x38
1000a828:	6bcb      	ldr	r3, [r1, #60]	@ 0x3c
1000a82a:	63c3      	str	r3, [r0, #60]	@ 0x3c
1000a82c:	3040      	adds	r0, #64	@ 0x40
1000a82e:	3140      	adds	r1, #64	@ 0x40
1000a830:	3a40      	subs	r2, #64	@ 0x40
1000a832:	d2db      	bcs.n	1000a7ec <memcpy+0x10>
1000a834:	3230      	adds	r2, #48	@ 0x30
1000a836:	d30b      	bcc.n	1000a850 <memcpy+0x74>
1000a838:	680b      	ldr	r3, [r1, #0]
1000a83a:	6003      	str	r3, [r0, #0]
1000a83c:	684b      	ldr	r3, [r1, #4]
1000a83e:	6043      	str	r3, [r0, #4]
1000a840:	688b      	ldr	r3, [r1, #8]
1000a842:	6083      	str	r3, [r0, #8]
1000a844:	68cb      	ldr	r3, [r1, #12]
1000a846:	60c3      	str	r3, [r0, #12]
1000a848:	3010      	adds	r0, #16
1000a84a:	3110      	adds	r1, #16
1000a84c:	3a10      	subs	r2, #16
1000a84e:	d2f3      	bcs.n	1000a838 <memcpy+0x5c>
1000a850:	320c      	adds	r2, #12
1000a852:	d305      	bcc.n	1000a860 <memcpy+0x84>
1000a854:	f851 3b04 	ldr.w	r3, [r1], #4
1000a858:	f840 3b04 	str.w	r3, [r0], #4
1000a85c:	3a04      	subs	r2, #4
1000a85e:	d2f9      	bcs.n	1000a854 <memcpy+0x78>
1000a860:	3204      	adds	r2, #4
1000a862:	d008      	beq.n	1000a876 <memcpy+0x9a>
1000a864:	07d2      	lsls	r2, r2, #31
1000a866:	bf1c      	itt	ne
1000a868:	f811 3b01 	ldrbne.w	r3, [r1], #1
1000a86c:	f800 3b01 	strbne.w	r3, [r0], #1
1000a870:	d301      	bcc.n	1000a876 <memcpy+0x9a>
1000a872:	880b      	ldrh	r3, [r1, #0]
1000a874:	8003      	strh	r3, [r0, #0]
1000a876:	4660      	mov	r0, ip
1000a878:	4770      	bx	lr
1000a87a:	bf00      	nop
1000a87c:	2a08      	cmp	r2, #8
1000a87e:	d313      	bcc.n	1000a8a8 <memcpy+0xcc>
1000a880:	078b      	lsls	r3, r1, #30
1000a882:	d0b1      	beq.n	1000a7e8 <memcpy+0xc>
1000a884:	f010 0303 	ands.w	r3, r0, #3
1000a888:	d0ae      	beq.n	1000a7e8 <memcpy+0xc>
1000a88a:	f1c3 0304 	rsb	r3, r3, #4
1000a88e:	1ad2      	subs	r2, r2, r3
1000a890:	07db      	lsls	r3, r3, #31
1000a892:	bf1c      	itt	ne
1000a894:	f811 3b01 	ldrbne.w	r3, [r1], #1
1000a898:	f800 3b01 	strbne.w	r3, [r0], #1
1000a89c:	d3a4      	bcc.n	1000a7e8 <memcpy+0xc>
1000a89e:	f831 3b02 	ldrh.w	r3, [r1], #2
1000a8a2:	f820 3b02 	strh.w	r3, [r0], #2
1000a8a6:	e79f      	b.n	1000a7e8 <memcpy+0xc>
1000a8a8:	3a04      	subs	r2, #4
1000a8aa:	d3d9      	bcc.n	1000a860 <memcpy+0x84>
1000a8ac:	3a01      	subs	r2, #1
1000a8ae:	f811 3b01 	ldrb.w	r3, [r1], #1
1000a8b2:	f800 3b01 	strb.w	r3, [r0], #1
1000a8b6:	d2f9      	bcs.n	1000a8ac <memcpy+0xd0>
1000a8b8:	780b      	ldrb	r3, [r1, #0]
1000a8ba:	7003      	strb	r3, [r0, #0]
1000a8bc:	784b      	ldrb	r3, [r1, #1]
1000a8be:	7043      	strb	r3, [r0, #1]
1000a8c0:	788b      	ldrb	r3, [r1, #2]
1000a8c2:	7083      	strb	r3, [r0, #2]
1000a8c4:	4660      	mov	r0, ip
1000a8c6:	4770      	bx	lr

1000a8c8 <strlen>:
1000a8c8:	f020 0103 	bic.w	r1, r0, #3
1000a8cc:	f010 0003 	ands.w	r0, r0, #3
1000a8d0:	f1c0 0000 	rsb	r0, r0, #0
1000a8d4:	f851 3b04 	ldr.w	r3, [r1], #4
1000a8d8:	f100 0c04 	add.w	ip, r0, #4
1000a8dc:	ea4f 0ccc 	mov.w	ip, ip, lsl #3
1000a8e0:	f06f 0200 	mvn.w	r2, #0
1000a8e4:	bf1c      	itt	ne
1000a8e6:	fa22 f20c 	lsrne.w	r2, r2, ip
1000a8ea:	4313      	orrne	r3, r2
1000a8ec:	f04f 0c01 	mov.w	ip, #1
1000a8f0:	ea4c 2c0c 	orr.w	ip, ip, ip, lsl #8
1000a8f4:	ea4c 4c0c 	orr.w	ip, ip, ip, lsl #16
1000a8f8:	eba3 020c 	sub.w	r2, r3, ip
1000a8fc:	ea22 0203 	bic.w	r2, r2, r3
1000a900:	ea12 12cc 	ands.w	r2, r2, ip, lsl #7
1000a904:	bf04      	itt	eq
1000a906:	f851 3b04 	ldreq.w	r3, [r1], #4
1000a90a:	3004      	addeq	r0, #4
1000a90c:	d0f4      	beq.n	1000a8f8 <strlen+0x30>
1000a90e:	f1c2 0100 	rsb	r1, r2, #0
1000a912:	ea02 0201 	and.w	r2, r2, r1
1000a916:	fab2 f282 	clz	r2, r2
1000a91a:	f1c2 021f 	rsb	r2, r2, #31
1000a91e:	eb00 00d2 	add.w	r0, r0, r2, lsr #3
1000a922:	4770      	bx	lr

1000a924 <_malloc_trim_r>:
1000a924:	e92d 43f8 	stmdb	sp!, {r3, r4, r5, r6, r7, r8, r9, lr}
1000a928:	4606      	mov	r6, r0
1000a92a:	f8df 80ac 	ldr.w	r8, [pc, #172]	@ 1000a9d8 <_malloc_trim_r+0xb4>
1000a92e:	2008      	movs	r0, #8
1000a930:	4689      	mov	r9, r1
1000a932:	f7ff ff45 	bl	1000a7c0 <sysconf>
1000a936:	4605      	mov	r5, r0
1000a938:	4630      	mov	r0, r6
1000a93a:	f7ff fe5f 	bl	1000a5fc <__malloc_lock>
1000a93e:	f8d8 3008 	ldr.w	r3, [r8, #8]
1000a942:	685f      	ldr	r7, [r3, #4]
1000a944:	f027 0703 	bic.w	r7, r7, #3
1000a948:	f1a7 0411 	sub.w	r4, r7, #17
1000a94c:	eba4 0409 	sub.w	r4, r4, r9
1000a950:	442c      	add	r4, r5
1000a952:	fbb4 f4f5 	udiv	r4, r4, r5
1000a956:	3c01      	subs	r4, #1
1000a958:	fb05 f404 	mul.w	r4, r5, r4
1000a95c:	42a5      	cmp	r5, r4
1000a95e:	dc08      	bgt.n	1000a972 <_malloc_trim_r+0x4e>
1000a960:	2100      	movs	r1, #0
1000a962:	4630      	mov	r0, r6
1000a964:	f7ff ff10 	bl	1000a788 <_sbrk_r>
1000a968:	f8d8 3008 	ldr.w	r3, [r8, #8]
1000a96c:	443b      	add	r3, r7
1000a96e:	4298      	cmp	r0, r3
1000a970:	d005      	beq.n	1000a97e <_malloc_trim_r+0x5a>
1000a972:	4630      	mov	r0, r6
1000a974:	f7ff fe48 	bl	1000a608 <__malloc_unlock>
1000a978:	2000      	movs	r0, #0
1000a97a:	e8bd 83f8 	ldmia.w	sp!, {r3, r4, r5, r6, r7, r8, r9, pc}
1000a97e:	4261      	negs	r1, r4
1000a980:	4630      	mov	r0, r6
1000a982:	f7ff ff01 	bl	1000a788 <_sbrk_r>
1000a986:	3001      	adds	r0, #1
1000a988:	d00f      	beq.n	1000a9aa <_malloc_trim_r+0x86>
1000a98a:	1b3f      	subs	r7, r7, r4
1000a98c:	4a10      	ldr	r2, [pc, #64]	@ (1000a9d0 <_malloc_trim_r+0xac>)
1000a98e:	f8d8 3008 	ldr.w	r3, [r8, #8]
1000a992:	4630      	mov	r0, r6
1000a994:	f047 0701 	orr.w	r7, r7, #1
1000a998:	605f      	str	r7, [r3, #4]
1000a99a:	6813      	ldr	r3, [r2, #0]
1000a99c:	1b1b      	subs	r3, r3, r4
1000a99e:	6013      	str	r3, [r2, #0]
1000a9a0:	f7ff fe32 	bl	1000a608 <__malloc_unlock>
1000a9a4:	2001      	movs	r0, #1
1000a9a6:	e8bd 83f8 	ldmia.w	sp!, {r3, r4, r5, r6, r7, r8, r9, pc}
1000a9aa:	2100      	movs	r1, #0
1000a9ac:	4630      	mov	r0, r6
1000a9ae:	f7ff feeb 	bl	1000a788 <_sbrk_r>
1000a9b2:	f8d8 2008 	ldr.w	r2, [r8, #8]
1000a9b6:	1a83      	subs	r3, r0, r2
1000a9b8:	2b0f      	cmp	r3, #15
1000a9ba:	ddda      	ble.n	1000a972 <_malloc_trim_r+0x4e>
1000a9bc:	f043 0301 	orr.w	r3, r3, #1
1000a9c0:	4903      	ldr	r1, [pc, #12]	@ (1000a9d0 <_malloc_trim_r+0xac>)
1000a9c2:	6053      	str	r3, [r2, #4]
1000a9c4:	4b03      	ldr	r3, [pc, #12]	@ (1000a9d4 <_malloc_trim_r+0xb0>)
1000a9c6:	681b      	ldr	r3, [r3, #0]
1000a9c8:	1ac0      	subs	r0, r0, r3
1000a9ca:	6008      	str	r0, [r1, #0]
1000a9cc:	e7d1      	b.n	1000a972 <_malloc_trim_r+0x4e>
1000a9ce:	bf00      	nop
1000a9d0:	20001d4c 	.word	0x20001d4c
1000a9d4:	200015a8 	.word	0x200015a8
1000a9d8:	200015b0 	.word	0x200015b0

1000a9dc <_free_r>:
1000a9dc:	2900      	cmp	r1, #0
1000a9de:	d05a      	beq.n	1000aa96 <_free_r+0xba>
1000a9e0:	b5f8      	push	{r3, r4, r5, r6, r7, lr}
1000a9e2:	460c      	mov	r4, r1
1000a9e4:	4607      	mov	r7, r0
1000a9e6:	f7ff fe09 	bl	1000a5fc <__malloc_lock>
1000a9ea:	4d73      	ldr	r5, [pc, #460]	@ (1000abb8 <_free_r+0x1dc>)
1000a9ec:	f854 cc04 	ldr.w	ip, [r4, #-4]
1000a9f0:	f1a4 0208 	sub.w	r2, r4, #8
1000a9f4:	68a8      	ldr	r0, [r5, #8]
1000a9f6:	f02c 0301 	bic.w	r3, ip, #1
1000a9fa:	f00c 0e01 	and.w	lr, ip, #1
1000a9fe:	18d1      	adds	r1, r2, r3
1000aa00:	684e      	ldr	r6, [r1, #4]
1000aa02:	4288      	cmp	r0, r1
1000aa04:	f026 0603 	bic.w	r6, r6, #3
1000aa08:	d07c      	beq.n	1000ab04 <_free_r+0x128>
1000aa0a:	1988      	adds	r0, r1, r6
1000aa0c:	604e      	str	r6, [r1, #4]
1000aa0e:	6840      	ldr	r0, [r0, #4]
1000aa10:	f000 0001 	and.w	r0, r0, #1
1000aa14:	f1be 0f00 	cmp.w	lr, #0
1000aa18:	d12e      	bne.n	1000aa78 <_free_r+0x9c>
1000aa1a:	f854 4c08 	ldr.w	r4, [r4, #-8]
1000aa1e:	f105 0c08 	add.w	ip, r5, #8
1000aa22:	1b12      	subs	r2, r2, r4
1000aa24:	4423      	add	r3, r4
1000aa26:	6894      	ldr	r4, [r2, #8]
1000aa28:	4564      	cmp	r4, ip
1000aa2a:	d060      	beq.n	1000aaee <_free_r+0x112>
1000aa2c:	f8d2 e00c 	ldr.w	lr, [r2, #12]
1000aa30:	f8c4 e00c 	str.w	lr, [r4, #12]
1000aa34:	f8ce 4008 	str.w	r4, [lr, #8]
1000aa38:	2800      	cmp	r0, #0
1000aa3a:	d07d      	beq.n	1000ab38 <_free_r+0x15c>
1000aa3c:	f043 0001 	orr.w	r0, r3, #1
1000aa40:	6050      	str	r0, [r2, #4]
1000aa42:	600b      	str	r3, [r1, #0]
1000aa44:	f5b3 7f00 	cmp.w	r3, #512	@ 0x200
1000aa48:	d22e      	bcs.n	1000aaa8 <_free_r+0xcc>
1000aa4a:	0958      	lsrs	r0, r3, #5
1000aa4c:	08d9      	lsrs	r1, r3, #3
1000aa4e:	2301      	movs	r3, #1
1000aa50:	4083      	lsls	r3, r0
1000aa52:	6868      	ldr	r0, [r5, #4]
1000aa54:	3101      	adds	r1, #1
1000aa56:	4303      	orrs	r3, r0
1000aa58:	f855 0031 	ldr.w	r0, [r5, r1, lsl #3]
1000aa5c:	606b      	str	r3, [r5, #4]
1000aa5e:	eb05 03c1 	add.w	r3, r5, r1, lsl #3
1000aa62:	3b08      	subs	r3, #8
1000aa64:	e9c2 0302 	strd	r0, r3, [r2, #8]
1000aa68:	f845 2031 	str.w	r2, [r5, r1, lsl #3]
1000aa6c:	60c2      	str	r2, [r0, #12]
1000aa6e:	4638      	mov	r0, r7
1000aa70:	e8bd 40f8 	ldmia.w	sp!, {r3, r4, r5, r6, r7, lr}
1000aa74:	f7ff bdc8 	b.w	1000a608 <__malloc_unlock>
1000aa78:	b970      	cbnz	r0, 1000aa98 <_free_r+0xbc>
1000aa7a:	4433      	add	r3, r6
1000aa7c:	f105 0c08 	add.w	ip, r5, #8
1000aa80:	6888      	ldr	r0, [r1, #8]
1000aa82:	f043 0401 	orr.w	r4, r3, #1
1000aa86:	4560      	cmp	r0, ip
1000aa88:	d06e      	beq.n	1000ab68 <_free_r+0x18c>
1000aa8a:	68c9      	ldr	r1, [r1, #12]
1000aa8c:	60c1      	str	r1, [r0, #12]
1000aa8e:	6088      	str	r0, [r1, #8]
1000aa90:	6054      	str	r4, [r2, #4]
1000aa92:	50d3      	str	r3, [r2, r3]
1000aa94:	e7d6      	b.n	1000aa44 <_free_r+0x68>
1000aa96:	4770      	bx	lr
1000aa98:	f04c 0101 	orr.w	r1, ip, #1
1000aa9c:	f5b3 7f00 	cmp.w	r3, #512	@ 0x200
1000aaa0:	f844 1c04 	str.w	r1, [r4, #-4]
1000aaa4:	50d3      	str	r3, [r2, r3]
1000aaa6:	d3d0      	bcc.n	1000aa4a <_free_r+0x6e>
1000aaa8:	f5b3 6f20 	cmp.w	r3, #2560	@ 0xa00
1000aaac:	ea4f 2153 	mov.w	r1, r3, lsr #9
1000aab0:	d244      	bcs.n	1000ab3c <_free_r+0x160>
1000aab2:	0999      	lsrs	r1, r3, #6
1000aab4:	f101 0039 	add.w	r0, r1, #57	@ 0x39
1000aab8:	f101 0438 	add.w	r4, r1, #56	@ 0x38
1000aabc:	00c1      	lsls	r1, r0, #3
1000aabe:	1868      	adds	r0, r5, r1
1000aac0:	5869      	ldr	r1, [r5, r1]
1000aac2:	3808      	subs	r0, #8
1000aac4:	4288      	cmp	r0, r1
1000aac6:	d103      	bne.n	1000aad0 <_free_r+0xf4>
1000aac8:	e055      	b.n	1000ab76 <_free_r+0x19a>
1000aaca:	6889      	ldr	r1, [r1, #8]
1000aacc:	4288      	cmp	r0, r1
1000aace:	d004      	beq.n	1000aada <_free_r+0xfe>
1000aad0:	684c      	ldr	r4, [r1, #4]
1000aad2:	f024 0403 	bic.w	r4, r4, #3
1000aad6:	429c      	cmp	r4, r3
1000aad8:	d8f7      	bhi.n	1000aaca <_free_r+0xee>
1000aada:	68c8      	ldr	r0, [r1, #12]
1000aadc:	e9c2 1002 	strd	r1, r0, [r2, #8]
1000aae0:	6082      	str	r2, [r0, #8]
1000aae2:	4638      	mov	r0, r7
1000aae4:	60ca      	str	r2, [r1, #12]
1000aae6:	e8bd 40f8 	ldmia.w	sp!, {r3, r4, r5, r6, r7, lr}
1000aaea:	f7ff bd8d 	b.w	1000a608 <__malloc_unlock>
1000aaee:	bb80      	cbnz	r0, 1000ab52 <_free_r+0x176>
1000aaf0:	441e      	add	r6, r3
1000aaf2:	e9d1 1302 	ldrd	r1, r3, [r1, #8]
1000aaf6:	60cb      	str	r3, [r1, #12]
1000aaf8:	6099      	str	r1, [r3, #8]
1000aafa:	f046 0301 	orr.w	r3, r6, #1
1000aafe:	6053      	str	r3, [r2, #4]
1000ab00:	5196      	str	r6, [r2, r6]
1000ab02:	e7b4      	b.n	1000aa6e <_free_r+0x92>
1000ab04:	441e      	add	r6, r3
1000ab06:	f1be 0f00 	cmp.w	lr, #0
1000ab0a:	d107      	bne.n	1000ab1c <_free_r+0x140>
1000ab0c:	f854 3c08 	ldr.w	r3, [r4, #-8]
1000ab10:	1ad2      	subs	r2, r2, r3
1000ab12:	441e      	add	r6, r3
1000ab14:	e9d2 1302 	ldrd	r1, r3, [r2, #8]
1000ab18:	60cb      	str	r3, [r1, #12]
1000ab1a:	6099      	str	r1, [r3, #8]
1000ab1c:	f046 0301 	orr.w	r3, r6, #1
1000ab20:	6053      	str	r3, [r2, #4]
1000ab22:	4b26      	ldr	r3, [pc, #152]	@ (1000abbc <_free_r+0x1e0>)
1000ab24:	60aa      	str	r2, [r5, #8]
1000ab26:	681b      	ldr	r3, [r3, #0]
1000ab28:	42b3      	cmp	r3, r6
1000ab2a:	d8a0      	bhi.n	1000aa6e <_free_r+0x92>
1000ab2c:	4b24      	ldr	r3, [pc, #144]	@ (1000abc0 <_free_r+0x1e4>)
1000ab2e:	4638      	mov	r0, r7
1000ab30:	6819      	ldr	r1, [r3, #0]
1000ab32:	f7ff fef7 	bl	1000a924 <_malloc_trim_r>
1000ab36:	e79a      	b.n	1000aa6e <_free_r+0x92>
1000ab38:	4433      	add	r3, r6
1000ab3a:	e7a1      	b.n	1000aa80 <_free_r+0xa4>
1000ab3c:	2914      	cmp	r1, #20
1000ab3e:	d90d      	bls.n	1000ab5c <_free_r+0x180>
1000ab40:	2954      	cmp	r1, #84	@ 0x54
1000ab42:	d81f      	bhi.n	1000ab84 <_free_r+0x1a8>
1000ab44:	0b19      	lsrs	r1, r3, #12
1000ab46:	f101 006f 	add.w	r0, r1, #111	@ 0x6f
1000ab4a:	f101 046e 	add.w	r4, r1, #110	@ 0x6e
1000ab4e:	00c1      	lsls	r1, r0, #3
1000ab50:	e7b5      	b.n	1000aabe <_free_r+0xe2>
1000ab52:	f043 0001 	orr.w	r0, r3, #1
1000ab56:	6050      	str	r0, [r2, #4]
1000ab58:	600b      	str	r3, [r1, #0]
1000ab5a:	e788      	b.n	1000aa6e <_free_r+0x92>
1000ab5c:	f101 005c 	add.w	r0, r1, #92	@ 0x5c
1000ab60:	f101 045b 	add.w	r4, r1, #91	@ 0x5b
1000ab64:	00c1      	lsls	r1, r0, #3
1000ab66:	e7aa      	b.n	1000aabe <_free_r+0xe2>
1000ab68:	e9c5 2204 	strd	r2, r2, [r5, #16]
1000ab6c:	e9c2 cc02 	strd	ip, ip, [r2, #8]
1000ab70:	6054      	str	r4, [r2, #4]
1000ab72:	50d3      	str	r3, [r2, r3]
1000ab74:	e77b      	b.n	1000aa6e <_free_r+0x92>
1000ab76:	10a4      	asrs	r4, r4, #2
1000ab78:	2301      	movs	r3, #1
1000ab7a:	40a3      	lsls	r3, r4
1000ab7c:	686c      	ldr	r4, [r5, #4]
1000ab7e:	4323      	orrs	r3, r4
1000ab80:	606b      	str	r3, [r5, #4]
1000ab82:	e7ab      	b.n	1000aadc <_free_r+0x100>
1000ab84:	f5b1 7faa 	cmp.w	r1, #340	@ 0x154
1000ab88:	d806      	bhi.n	1000ab98 <_free_r+0x1bc>
1000ab8a:	0bd9      	lsrs	r1, r3, #15
1000ab8c:	f101 0078 	add.w	r0, r1, #120	@ 0x78
1000ab90:	f101 0477 	add.w	r4, r1, #119	@ 0x77
1000ab94:	00c1      	lsls	r1, r0, #3
1000ab96:	e792      	b.n	1000aabe <_free_r+0xe2>
1000ab98:	f240 5054 	movw	r0, #1364	@ 0x554
1000ab9c:	4281      	cmp	r1, r0
1000ab9e:	d806      	bhi.n	1000abae <_free_r+0x1d2>
1000aba0:	0c99      	lsrs	r1, r3, #18
1000aba2:	f101 007d 	add.w	r0, r1, #125	@ 0x7d
1000aba6:	f101 047c 	add.w	r4, r1, #124	@ 0x7c
1000abaa:	00c1      	lsls	r1, r0, #3
1000abac:	e787      	b.n	1000aabe <_free_r+0xe2>
1000abae:	f44f 717e 	mov.w	r1, #1016	@ 0x3f8
1000abb2:	247e      	movs	r4, #126	@ 0x7e
1000abb4:	e783      	b.n	1000aabe <_free_r+0xe2>
1000abb6:	bf00      	nop
1000abb8:	200015b0 	.word	0x200015b0
1000abbc:	200015ac 	.word	0x200015ac
1000abc0:	20001d7c 	.word	0x20001d7c

1000abc4 <_fini>:
1000abc4:	b5f8      	push	{r3, r4, r5, r6, r7, lr}
1000abc6:	bf00      	nop

1000abc8 <__mutex_enter_timeout_ms_veneer>:
1000abc8:	f85f f000 	ldr.w	pc, [pc]	@ 1000abcc <__mutex_enter_timeout_ms_veneer+0x4>
1000abcc:	20000235 	.word	0x20000235

1000abd0 <__hw_endpoint_start_next_buffer_veneer>:
1000abd0:	f85f f000 	ldr.w	pc, [pc]	@ 1000abd4 <__hw_endpoint_start_next_buffer_veneer+0x4>
1000abd4:	20000b0d 	.word	0x20000b0d

1000abd8 <____aeabi_f2d_veneer>:
1000abd8:	f85f f000 	ldr.w	pc, [pc]	@ 1000abdc <____aeabi_f2d_veneer+0x4>
1000abdc:	20001099 	.word	0x20001099

1000abe0 <____aeabi_uldivmod_veneer>:
1000abe0:	f85f f000 	ldr.w	pc, [pc]	@ 1000abe4 <____aeabi_uldivmod_veneer+0x4>
1000abe4:	20001149 	.word	0x20001149

1000abe8 <__mutex_exit_veneer>:
1000abe8:	f85f f000 	ldr.w	pc, [pc]	@ 1000abec <__mutex_exit_veneer+0x4>
1000abec:	2000026d 	.word	0x2000026d

1000abf0 <__e15_is_critical_frame_period_veneer>:
1000abf0:	f85f f000 	ldr.w	pc, [pc]	@ 1000abf4 <__e15_is_critical_frame_period_veneer+0x4>
1000abf4:	20000a95 	.word	0x20000a95

1000abf8 <___hw_endpoint_buffer_control_update32_veneer>:
1000abf8:	f85f f000 	ldr.w	pc, [pc]	@ 1000abfc <___hw_endpoint_buffer_control_update32_veneer+0x4>
1000abfc:	20000ac9 	.word	0x20000ac9

1000ac00 <__mutex_try_enter_block_until_veneer>:
1000ac00:	f85f f000 	ldr.w	pc, [pc]	@ 1000ac04 <__mutex_try_enter_block_until_veneer+0x4>
1000ac04:	200001cd 	.word	0x200001cd

1000ac08 <__reset_non_control_endpoints_veneer>:
1000ac08:	f85f f000 	ldr.w	pc, [pc]	@ 1000ac0c <__reset_non_control_endpoints_veneer+0x4>
1000ac0c:	200002a9 	.word	0x200002a9

1000ac10 <__e15_is_bulkin_ep_veneer>:
1000ac10:	f85f f000 	ldr.w	pc, [pc]	@ 1000ac14 <__e15_is_bulkin_ep_veneer+0x4>
1000ac14:	20000a6d 	.word	0x20000a6d

1000ac18 <__mutex_try_enter_veneer>:
1000ac18:	f85f f000 	ldr.w	pc, [pc]	@ 1000ac1c <__mutex_try_enter_veneer+0x4>
1000ac1c:	20000111 	.word	0x20000111

1000ac20 <__pre_init_runtime_init_bootrom_reset>:
1000ac20:	10002e09                                ....

1000ac24 <__pre_init_runtime_init_early_resets>:
1000ac24:	10002d7d                                }-..

1000ac28 <__pre_init_runtime_init_usb_power_down>:
1000ac28:	10002db1                                .-..

1000ac2c <__pre_init_runtime_init_clocks>:
1000ac2c:	10002e55                                U...

1000ac30 <__pre_init_runtime_init_post_clock_resets>:
1000ac30:	10002de9                                .-..

1000ac34 <__pre_init_runtime_init_boot_locks_reset>:
1000ac34:	10002d01                                .-..

1000ac38 <__pre_init_runtime_init_spin_locks_reset>:
1000ac38:	10002e31                                1...

1000ac3c <__pre_init_runtime_init_bootrom_locking_enable>:
1000ac3c:	10002ced                                .,..

1000ac40 <__pre_init_runtime_init_mutex>:
1000ac40:	10002045                                E ..

1000ac44 <__pre_init_runtime_init_install_ram_vector_table>:
1000ac44:	10002e35                                5...

1000ac48 <__pre_init_runtime_init_default_alarm_pool>:
1000ac48:	10002409                                .$..

1000ac4c <__pre_init_first_per_core_initializer>:
1000ac4c:	10002d4d                                M-..

1000ac50 <__pre_init_runtime_init_per_core_bootrom_reset>:
1000ac50:	10002e1d                                ....

1000ac54 <__pre_init_runtime_init_per_core_enable_coprocessors>:
1000ac54:	10002dcd                                .-..

1000ac58 <__pre_init_spinlock_set_extexclall>:
1000ac58:	10001a2d                                -...

1000ac5c <__pre_init_runtime_init_per_core_irq_priorities>:
1000ac5c:	10001a55                                U...

1000ac60 <__frame_dummy_init_array_entry>:
1000ac60:	10000219 1000518d 100099a5              .....Q......

Disassembly of section .data:

20000110 <mutex_try_enter>:
20000110:	4603      	mov	r3, r0
20000112:	b500      	push	{lr}
20000114:	6802      	ldr	r2, [r0, #0]
20000116:	f3ef 8c10 	mrs	ip, PRIMASK
2000011a:	b672      	cpsid	i
2000011c:	e8d2 efcf 	ldaexb	lr, [r2]
20000120:	2001      	movs	r0, #1
20000122:	f1be 0f00 	cmp.w	lr, #0
20000126:	d1f9      	bne.n	2000011c <mutex_try_enter+0xc>
20000128:	e8c2 0f4e 	strexb	lr, r0, [r2]
2000012c:	f1be 0f00 	cmp.w	lr, #0
20000130:	d1f4      	bne.n	2000011c <mutex_try_enter+0xc>
20000132:	f3bf 8f5f 	dmb	sy
20000136:	f993 2004 	ldrsb.w	r2, [r3, #4]
2000013a:	2a00      	cmp	r2, #0
2000013c:	db0a      	blt.n	20000154 <mutex_try_enter+0x44>
2000013e:	b101      	cbz	r1, 20000142 <mutex_try_enter+0x32>
20000140:	600a      	str	r2, [r1, #0]
20000142:	2000      	movs	r0, #0
20000144:	2200      	movs	r2, #0
20000146:	681b      	ldr	r3, [r3, #0]
20000148:	e8c3 2f8f 	stlb	r2, [r3]
2000014c:	f38c 8810 	msr	PRIMASK, ip
20000150:	f85d fb04 	ldr.w	pc, [sp], #4
20000154:	f04f 4250 	mov.w	r2, #3489660928	@ 0xd0000000
20000158:	6812      	ldr	r2, [r2, #0]
2000015a:	2001      	movs	r0, #1
2000015c:	711a      	strb	r2, [r3, #4]
2000015e:	e7f1      	b.n	20000144 <mutex_try_enter+0x34>

20000160 <mutex_enter_block_until>:
20000160:	f04f 4150 	mov.w	r1, #3489660928	@ 0xd0000000
20000164:	e92d 41f0 	stmdb	sp!, {r4, r5, r6, r7, r8, lr}
20000168:	2700      	movs	r7, #0
2000016a:	4604      	mov	r4, r0
2000016c:	4616      	mov	r6, r2
2000016e:	461d      	mov	r5, r3
20000170:	f8d1 8000 	ldr.w	r8, [r1]
20000174:	e008      	b.n	20000188 <mutex_enter_block_until+0x28>
20000176:	e8c1 7f8f 	stlb	r7, [r1]
2000017a:	f38c 8810 	msr	PRIMASK, ip
2000017e:	4630      	mov	r0, r6
20000180:	4629      	mov	r1, r5
20000182:	f001 f9b1 	bl	200014e8 <__best_effort_wfe_or_timeout_veneer>
20000186:	b9e8      	cbnz	r0, 200001c4 <mutex_enter_block_until+0x64>
20000188:	6821      	ldr	r1, [r4, #0]
2000018a:	f3ef 8c10 	mrs	ip, PRIMASK
2000018e:	b672      	cpsid	i
20000190:	e8d1 2fcf 	ldaexb	r2, [r1]
20000194:	2301      	movs	r3, #1
20000196:	2a00      	cmp	r2, #0
20000198:	d1fa      	bne.n	20000190 <mutex_enter_block_until+0x30>
2000019a:	e8c1 3f42 	strexb	r2, r3, [r1]
2000019e:	2a00      	cmp	r2, #0
200001a0:	d1f6      	bne.n	20000190 <mutex_enter_block_until+0x30>
200001a2:	f3bf 8f5f 	dmb	sy
200001a6:	f994 3004 	ldrsb.w	r3, [r4, #4]
200001aa:	6821      	ldr	r1, [r4, #0]
200001ac:	2b00      	cmp	r3, #0
200001ae:	dae2      	bge.n	20000176 <mutex_enter_block_until+0x16>
200001b0:	2300      	movs	r3, #0
200001b2:	f884 8004 	strb.w	r8, [r4, #4]
200001b6:	e8c1 3f8f 	stlb	r3, [r1]
200001ba:	f38c 8810 	msr	PRIMASK, ip
200001be:	2001      	movs	r0, #1
200001c0:	e8bd 81f0 	ldmia.w	sp!, {r4, r5, r6, r7, r8, pc}
200001c4:	2000      	movs	r0, #0
200001c6:	e8bd 81f0 	ldmia.w	sp!, {r4, r5, r6, r7, r8, pc}
200001ca:	bf00      	nop

200001cc <mutex_try_enter_block_until>:
200001cc:	b530      	push	{r4, r5, lr}
200001ce:	6804      	ldr	r4, [r0, #0]
200001d0:	f3ef 8c10 	mrs	ip, PRIMASK
200001d4:	b672      	cpsid	i
200001d6:	e8d4 efcf 	ldaexb	lr, [r4]
200001da:	2501      	movs	r5, #1
200001dc:	f1be 0f00 	cmp.w	lr, #0
200001e0:	d1f9      	bne.n	200001d6 <mutex_try_enter_block_until+0xa>
200001e2:	e8c4 5f4e 	strexb	lr, r5, [r4]
200001e6:	f1be 0f00 	cmp.w	lr, #0
200001ea:	d1f4      	bne.n	200001d6 <mutex_try_enter_block_until+0xa>
200001ec:	f3bf 8f5f 	dmb	sy
200001f0:	f990 4004 	ldrsb.w	r4, [r0, #4]
200001f4:	6805      	ldr	r5, [r0, #0]
200001f6:	2c00      	cmp	r4, #0
200001f8:	db10      	blt.n	2000021c <mutex_try_enter_block_until+0x50>
200001fa:	2100      	movs	r1, #0
200001fc:	e8c5 1f8f 	stlb	r1, [r5]
20000200:	f38c 8810 	msr	PRIMASK, ip
20000204:	f04f 4550 	mov.w	r5, #3489660928	@ 0xd0000000
20000208:	f995 5000 	ldrsb.w	r5, [r5]
2000020c:	42a5      	cmp	r5, r4
2000020e:	d101      	bne.n	20000214 <mutex_try_enter_block_until+0x48>
20000210:	4608      	mov	r0, r1
20000212:	bd30      	pop	{r4, r5, pc}
20000214:	e8bd 4030 	ldmia.w	sp!, {r4, r5, lr}
20000218:	f7ff bfa2 	b.w	20000160 <mutex_enter_block_until>
2000021c:	f04f 4250 	mov.w	r2, #3489660928	@ 0xd0000000
20000220:	6812      	ldr	r2, [r2, #0]
20000222:	2300      	movs	r3, #0
20000224:	7102      	strb	r2, [r0, #4]
20000226:	e8c5 3f8f 	stlb	r3, [r5]
2000022a:	f38c 8810 	msr	PRIMASK, ip
2000022e:	2001      	movs	r0, #1
20000230:	bd30      	pop	{r4, r5, pc}
20000232:	bf00      	nop

20000234 <mutex_enter_timeout_ms>:
20000234:	b570      	push	{r4, r5, r6, lr}
20000236:	4605      	mov	r5, r0
20000238:	460c      	mov	r4, r1
2000023a:	f001 f94d 	bl	200014d8 <__time_us_64_veneer>
2000023e:	4602      	mov	r2, r0
20000240:	460b      	mov	r3, r1
20000242:	f44f 707a 	mov.w	r0, #1000	@ 0x3e8
20000246:	f04f 3eff 	mov.w	lr, #4294967295
2000024a:	f06f 4c00 	mvn.w	ip, #2147483648	@ 0x80000000
2000024e:	fbe4 2300 	umlal	r2, r3, r4, r0
20000252:	4596      	cmp	lr, r2
20000254:	eb7c 0103 	sbcs.w	r1, ip, r3
20000258:	bf38      	it	cc
2000025a:	4672      	movcc	r2, lr
2000025c:	4628      	mov	r0, r5
2000025e:	e8bd 4070 	ldmia.w	sp!, {r4, r5, r6, lr}
20000262:	bf38      	it	cc
20000264:	4663      	movcc	r3, ip
20000266:	f7ff bf7b 	b.w	20000160 <mutex_enter_block_until>
2000026a:	bf00      	nop

2000026c <mutex_exit>:
2000026c:	6803      	ldr	r3, [r0, #0]
2000026e:	f3ef 8210 	mrs	r2, PRIMASK
20000272:	b672      	cpsid	i
20000274:	e8d3 cfcf 	ldaexb	ip, [r3]
20000278:	2101      	movs	r1, #1
2000027a:	f1bc 0f00 	cmp.w	ip, #0
2000027e:	d1f9      	bne.n	20000274 <mutex_exit+0x8>
20000280:	e8c3 1f4c 	strexb	ip, r1, [r3]
20000284:	f1bc 0f00 	cmp.w	ip, #0
20000288:	d1f4      	bne.n	20000274 <mutex_exit+0x8>
2000028a:	f3bf 8f5f 	dmb	sy
2000028e:	f04f 0cff 	mov.w	ip, #255	@ 0xff
20000292:	2300      	movs	r3, #0
20000294:	6801      	ldr	r1, [r0, #0]
20000296:	f880 c004 	strb.w	ip, [r0, #4]
2000029a:	e8c1 3f8f 	stlb	r3, [r1]
2000029e:	f382 8810 	msr	PRIMASK, r2
200002a2:	bf40      	sev
200002a4:	4770      	bx	lr
200002a6:	bf00      	nop

200002a8 <reset_non_control_endpoints>:
200002a8:	2100      	movs	r1, #0
200002aa:	b508      	push	{r3, lr}
200002ac:	4b13      	ldr	r3, [pc, #76]	@ (200002fc <reset_non_control_endpoints+0x54>)
200002ae:	f44f 7270 	mov.w	r2, #960	@ 0x3c0
200002b2:	6099      	str	r1, [r3, #8]
200002b4:	4812      	ldr	r0, [pc, #72]	@ (20000300 <reset_non_control_endpoints+0x58>)
200002b6:	60d9      	str	r1, [r3, #12]
200002b8:	6119      	str	r1, [r3, #16]
200002ba:	6159      	str	r1, [r3, #20]
200002bc:	6199      	str	r1, [r3, #24]
200002be:	61d9      	str	r1, [r3, #28]
200002c0:	6219      	str	r1, [r3, #32]
200002c2:	6259      	str	r1, [r3, #36]	@ 0x24
200002c4:	6299      	str	r1, [r3, #40]	@ 0x28
200002c6:	62d9      	str	r1, [r3, #44]	@ 0x2c
200002c8:	6319      	str	r1, [r3, #48]	@ 0x30
200002ca:	6359      	str	r1, [r3, #52]	@ 0x34
200002cc:	6399      	str	r1, [r3, #56]	@ 0x38
200002ce:	63d9      	str	r1, [r3, #60]	@ 0x3c
200002d0:	6419      	str	r1, [r3, #64]	@ 0x40
200002d2:	6459      	str	r1, [r3, #68]	@ 0x44
200002d4:	6499      	str	r1, [r3, #72]	@ 0x48
200002d6:	64d9      	str	r1, [r3, #76]	@ 0x4c
200002d8:	6519      	str	r1, [r3, #80]	@ 0x50
200002da:	6559      	str	r1, [r3, #84]	@ 0x54
200002dc:	6599      	str	r1, [r3, #88]	@ 0x58
200002de:	65d9      	str	r1, [r3, #92]	@ 0x5c
200002e0:	6619      	str	r1, [r3, #96]	@ 0x60
200002e2:	6659      	str	r1, [r3, #100]	@ 0x64
200002e4:	6699      	str	r1, [r3, #104]	@ 0x68
200002e6:	66d9      	str	r1, [r3, #108]	@ 0x6c
200002e8:	6719      	str	r1, [r3, #112]	@ 0x70
200002ea:	6759      	str	r1, [r3, #116]	@ 0x74
200002ec:	6799      	str	r1, [r3, #120]	@ 0x78
200002ee:	67d9      	str	r1, [r3, #124]	@ 0x7c
200002f0:	f001 f8ea 	bl	200014c8 <__memset_veneer>
200002f4:	4b03      	ldr	r3, [pc, #12]	@ (20000304 <reset_non_control_endpoints+0x5c>)
200002f6:	4a04      	ldr	r2, [pc, #16]	@ (20000308 <reset_non_control_endpoints+0x60>)
200002f8:	601a      	str	r2, [r3, #0]
200002fa:	bd08      	pop	{r3, pc}
200002fc:	50100000 	.word	0x50100000
20000300:	20002554 	.word	0x20002554
20000304:	20002920 	.word	0x20002920
20000308:	50100180 	.word	0x50100180

2000030c <hw_handle_buff_status>:
2000030c:	e92d 4ff0 	stmdb	sp!, {r4, r5, r6, r7, r8, r9, sl, fp, lr}
20000310:	4b1f      	ldr	r3, [pc, #124]	@ (20000390 <hw_handle_buff_status+0x84>)
20000312:	b085      	sub	sp, #20
20000314:	f8d3 a058 	ldr.w	sl, [r3, #88]	@ 0x58
20000318:	f1ba 0f00 	cmp.w	sl, #0
2000031c:	d022      	beq.n	20000364 <hw_handle_buff_status+0x58>
2000031e:	2400      	movs	r4, #0
20000320:	2501      	movs	r5, #1
20000322:	f44f 69e0 	mov.w	r9, #1792	@ 0x700
20000326:	f8df 8070 	ldr.w	r8, [pc, #112]	@ 20000398 <hw_handle_buff_status+0x8c>
2000032a:	4f1a      	ldr	r7, [pc, #104]	@ (20000394 <hw_handle_buff_status+0x88>)
2000032c:	e001      	b.n	20000332 <hw_handle_buff_status+0x26>
2000032e:	2c20      	cmp	r4, #32
20000330:	d018      	beq.n	20000364 <hw_handle_buff_status+0x58>
20000332:	ea0a 0205 	and.w	r2, sl, r5
20000336:	1c61      	adds	r1, r4, #1
20000338:	4623      	mov	r3, r4
2000033a:	46ab      	mov	fp, r5
2000033c:	b2cc      	uxtb	r4, r1
2000033e:	006d      	lsls	r5, r5, #1
20000340:	2a00      	cmp	r2, #0
20000342:	d0f4      	beq.n	2000032e <hw_handle_buff_status+0x22>
20000344:	f004 0201 	and.w	r2, r4, #1
20000348:	f003 06fe 	and.w	r6, r3, #254	@ 0xfe
2000034c:	4416      	add	r6, r2
2000034e:	eb07 1646 	add.w	r6, r7, r6, lsl #5
20000352:	4630      	mov	r0, r6
20000354:	f8c8 b058 	str.w	fp, [r8, #88]	@ 0x58
20000358:	f000 fc0a 	bl	20000b70 <hw_endpoint_xfer_continue>
2000035c:	b928      	cbnz	r0, 2000036a <hw_handle_buff_status+0x5e>
2000035e:	ea3a 0a0b 	bics.w	sl, sl, fp
20000362:	d1e4      	bne.n	2000032e <hw_handle_buff_status+0x22>
20000364:	b005      	add	sp, #20
20000366:	e8bd 8ff0 	ldmia.w	sp!, {r4, r5, r6, r7, r8, r9, sl, fp, pc}
2000036a:	2300      	movs	r3, #0
2000036c:	f88d 3009 	strb.w	r3, [sp, #9]
20000370:	78b3      	ldrb	r3, [r6, #2]
20000372:	a801      	add	r0, sp, #4
20000374:	f88d 3008 	strb.w	r3, [sp, #8]
20000378:	8af3      	ldrh	r3, [r6, #22]
2000037a:	2101      	movs	r1, #1
2000037c:	f8ad 9004 	strh.w	r9, [sp, #4]
20000380:	9303      	str	r3, [sp, #12]
20000382:	f000 fc13 	bl	20000bac <dcd_event_handler>
20000386:	4630      	mov	r0, r6
20000388:	f000 fb98 	bl	20000abc <hw_endpoint_reset_transfer>
2000038c:	e7e7      	b.n	2000035e <hw_handle_buff_status+0x52>
2000038e:	bf00      	nop
20000390:	50110000 	.word	0x50110000
20000394:	20002514 	.word	0x20002514
20000398:	50113000 	.word	0x50113000

2000039c <dcd_rp2040_irq>:
2000039c:	b5f0      	push	{r4, r5, r6, r7, lr}
2000039e:	4bbb      	ldr	r3, [pc, #748]	@ (2000068c <dcd_rp2040_irq+0x2f0>)
200003a0:	b085      	sub	sp, #20
200003a2:	f8d3 5098 	ldr.w	r5, [r3, #152]	@ 0x98
200003a6:	f415 3600 	ands.w	r6, r5, #131072	@ 0x20000
200003aa:	d074      	beq.n	20000496 <dcd_rp2040_irq+0xfa>
200003ac:	4bb8      	ldr	r3, [pc, #736]	@ (20000690 <dcd_rp2040_irq+0x2f4>)
200003ae:	4cb9      	ldr	r4, [pc, #740]	@ (20000694 <dcd_rp2040_irq+0x2f8>)
200003b0:	6a99      	ldr	r1, [r3, #40]	@ 0x28
200003b2:	f894 303b 	ldrb.w	r3, [r4, #59]	@ 0x3b
200003b6:	4ab8      	ldr	r2, [pc, #736]	@ (20000698 <dcd_rp2040_irq+0x2fc>)
200003b8:	2b02      	cmp	r3, #2
200003ba:	6011      	str	r1, [r2, #0]
200003bc:	f000 80d4 	beq.w	20000568 <dcd_rp2040_irq+0x1cc>
200003c0:	2600      	movs	r6, #0
200003c2:	f894 307b 	ldrb.w	r3, [r4, #123]	@ 0x7b
200003c6:	2b02      	cmp	r3, #2
200003c8:	f000 813b 	beq.w	20000642 <dcd_rp2040_irq+0x2a6>
200003cc:	f894 30bb 	ldrb.w	r3, [r4, #187]	@ 0xbb
200003d0:	2b02      	cmp	r3, #2
200003d2:	f000 817d 	beq.w	200006d0 <dcd_rp2040_irq+0x334>
200003d6:	f894 30fb 	ldrb.w	r3, [r4, #251]	@ 0xfb
200003da:	2b02      	cmp	r3, #2
200003dc:	f000 816c 	beq.w	200006b8 <dcd_rp2040_irq+0x31c>
200003e0:	f894 313b 	ldrb.w	r3, [r4, #315]	@ 0x13b
200003e4:	2b02      	cmp	r3, #2
200003e6:	f000 8144 	beq.w	20000672 <dcd_rp2040_irq+0x2d6>
200003ea:	f894 317b 	ldrb.w	r3, [r4, #379]	@ 0x17b
200003ee:	2b02      	cmp	r3, #2
200003f0:	f000 8133 	beq.w	2000065a <dcd_rp2040_irq+0x2be>
200003f4:	f894 31bb 	ldrb.w	r3, [r4, #443]	@ 0x1bb
200003f8:	2b02      	cmp	r3, #2
200003fa:	f000 81b6 	beq.w	2000076a <dcd_rp2040_irq+0x3ce>
200003fe:	f894 31fb 	ldrb.w	r3, [r4, #507]	@ 0x1fb
20000402:	2b02      	cmp	r3, #2
20000404:	f000 81a6 	beq.w	20000754 <dcd_rp2040_irq+0x3b8>
20000408:	f894 323b 	ldrb.w	r3, [r4, #571]	@ 0x23b
2000040c:	2b02      	cmp	r3, #2
2000040e:	f000 8196 	beq.w	2000073e <dcd_rp2040_irq+0x3a2>
20000412:	f894 327b 	ldrb.w	r3, [r4, #635]	@ 0x27b
20000416:	2b02      	cmp	r3, #2
20000418:	f000 8186 	beq.w	20000728 <dcd_rp2040_irq+0x38c>
2000041c:	f894 32bb 	ldrb.w	r3, [r4, #699]	@ 0x2bb
20000420:	2b02      	cmp	r3, #2
20000422:	f000 8176 	beq.w	20000712 <dcd_rp2040_irq+0x376>
20000426:	f894 32fb 	ldrb.w	r3, [r4, #763]	@ 0x2fb
2000042a:	2b02      	cmp	r3, #2
2000042c:	f000 8166 	beq.w	200006fc <dcd_rp2040_irq+0x360>
20000430:	f894 333b 	ldrb.w	r3, [r4, #827]	@ 0x33b
20000434:	2b02      	cmp	r3, #2
20000436:	f000 8156 	beq.w	200006e6 <dcd_rp2040_irq+0x34a>
2000043a:	f894 337b 	ldrb.w	r3, [r4, #891]	@ 0x37b
2000043e:	2b02      	cmp	r3, #2
20000440:	f000 80a4 	beq.w	2000058c <dcd_rp2040_irq+0x1f0>
20000444:	f894 33bb 	ldrb.w	r3, [r4, #955]	@ 0x3bb
20000448:	2b02      	cmp	r3, #2
2000044a:	f000 8199 	beq.w	20000780 <dcd_rp2040_irq+0x3e4>
2000044e:	f894 33fb 	ldrb.w	r3, [r4, #1019]	@ 0x3fb
20000452:	2b02      	cmp	r3, #2
20000454:	f000 80b4 	beq.w	200005c0 <dcd_rp2040_irq+0x224>
20000458:	b93e      	cbnz	r6, 2000046a <dcd_rp2040_irq+0xce>
2000045a:	4b90      	ldr	r3, [pc, #576]	@ (2000069c <dcd_rp2040_irq+0x300>)
2000045c:	781b      	ldrb	r3, [r3, #0]
2000045e:	b923      	cbnz	r3, 2000046a <dcd_rp2040_irq+0xce>
20000460:	f44f 3200 	mov.w	r2, #131072	@ 0x20000
20000464:	4b8e      	ldr	r3, [pc, #568]	@ (200006a0 <dcd_rp2040_irq+0x304>)
20000466:	f8c3 2090 	str.w	r2, [r3, #144]	@ 0x90
2000046a:	f44f 7240 	mov.w	r2, #768	@ 0x300
2000046e:	4b87      	ldr	r3, [pc, #540]	@ (2000068c <dcd_rp2040_irq+0x2f0>)
20000470:	2101      	movs	r1, #1
20000472:	6c9b      	ldr	r3, [r3, #72]	@ 0x48
20000474:	a801      	add	r0, sp, #4
20000476:	f3c3 030a 	ubfx	r3, r3, #0, #11
2000047a:	f8ad 2004 	strh.w	r2, [sp, #4]
2000047e:	9302      	str	r3, [sp, #8]
20000480:	f000 fb94 	bl	20000bac <dcd_event_handler>
20000484:	06ea      	lsls	r2, r5, #27
20000486:	f44f 3600 	mov.w	r6, #131072	@ 0x20000
2000048a:	4c86      	ldr	r4, [pc, #536]	@ (200006a4 <dcd_rp2040_irq+0x308>)
2000048c:	d507      	bpl.n	2000049e <dcd_rp2040_irq+0x102>
2000048e:	f7ff ff3d 	bl	2000030c <hw_handle_buff_status>
20000492:	4626      	mov	r6, r4
20000494:	e003      	b.n	2000049e <dcd_rp2040_irq+0x102>
20000496:	06ea      	lsls	r2, r5, #27
20000498:	f04f 0410 	mov.w	r4, #16
2000049c:	d4f7      	bmi.n	2000048e <dcd_rp2040_irq+0xf2>
2000049e:	03eb      	lsls	r3, r5, #15
200004a0:	d522      	bpl.n	200004e8 <dcd_rp2040_irq+0x14c>
200004a2:	4c7c      	ldr	r4, [pc, #496]	@ (20000694 <dcd_rp2040_irq+0x2f8>)
200004a4:	f446 3680 	orr.w	r6, r6, #65536	@ 0x10000
200004a8:	7ea3      	ldrb	r3, [r4, #26]
200004aa:	2b00      	cmp	r3, #0
200004ac:	f040 8099 	bne.w	200005e2 <dcd_rp2040_irq+0x246>
200004b0:	2301      	movs	r3, #1
200004b2:	f894 203a 	ldrb.w	r2, [r4, #58]	@ 0x3a
200004b6:	70e3      	strb	r3, [r4, #3]
200004b8:	2a00      	cmp	r2, #0
200004ba:	f040 80ad 	bne.w	20000618 <dcd_rp2040_irq+0x27c>
200004be:	2301      	movs	r3, #1
200004c0:	f44f 61c0 	mov.w	r1, #1536	@ 0x600
200004c4:	4a78      	ldr	r2, [pc, #480]	@ (200006a8 <dcd_rp2040_irq+0x30c>)
200004c6:	f884 3023 	strb.w	r3, [r4, #35]	@ 0x23
200004ca:	f8ad 1004 	strh.w	r1, [sp, #4]
200004ce:	e892 0003 	ldmia.w	r2, {r0, r1}
200004d2:	aa04      	add	r2, sp, #16
200004d4:	e902 0003 	stmdb	r2, {r0, r1}
200004d8:	4619      	mov	r1, r3
200004da:	a801      	add	r0, sp, #4
200004dc:	f000 fb66 	bl	20000bac <dcd_event_handler>
200004e0:	f44f 3200 	mov.w	r2, #131072	@ 0x20000
200004e4:	4b6e      	ldr	r3, [pc, #440]	@ (200006a0 <dcd_rp2040_irq+0x304>)
200004e6:	651a      	str	r2, [r3, #80]	@ 0x50
200004e8:	04e9      	lsls	r1, r5, #19
200004ea:	d408      	bmi.n	200004fe <dcd_rp2040_irq+0x162>
200004ec:	046a      	lsls	r2, r5, #17
200004ee:	d41d      	bmi.n	2000052c <dcd_rp2040_irq+0x190>
200004f0:	042b      	lsls	r3, r5, #16
200004f2:	d42a      	bmi.n	2000054a <dcd_rp2040_irq+0x1ae>
200004f4:	42ae      	cmp	r6, r5
200004f6:	f040 81c5 	bne.w	20000884 <dcd_rp2040_irq+0x4e8>
200004fa:	b005      	add	sp, #20
200004fc:	bdf0      	pop	{r4, r5, r6, r7, pc}
200004fe:	2400      	movs	r4, #0
20000500:	4b62      	ldr	r3, [pc, #392]	@ (2000068c <dcd_rp2040_irq+0x2f0>)
20000502:	f446 5680 	orr.w	r6, r6, #4096	@ 0x1000
20000506:	601c      	str	r4, [r3, #0]
20000508:	f7ff fece 	bl	200002a8 <reset_non_control_endpoints>
2000050c:	f44f 7380 	mov.w	r3, #256	@ 0x100
20000510:	2101      	movs	r1, #1
20000512:	a801      	add	r0, sp, #4
20000514:	f8ad 3004 	strh.w	r3, [sp, #4]
20000518:	f88d 4008 	strb.w	r4, [sp, #8]
2000051c:	f000 fb46 	bl	20000bac <dcd_event_handler>
20000520:	f44f 2200 	mov.w	r2, #524288	@ 0x80000
20000524:	4b5e      	ldr	r3, [pc, #376]	@ (200006a0 <dcd_rp2040_irq+0x304>)
20000526:	651a      	str	r2, [r3, #80]	@ 0x50
20000528:	046a      	lsls	r2, r5, #17
2000052a:	d5e1      	bpl.n	200004f0 <dcd_rp2040_irq+0x154>
2000052c:	f44f 6380 	mov.w	r3, #1024	@ 0x400
20000530:	2101      	movs	r1, #1
20000532:	a801      	add	r0, sp, #4
20000534:	f8ad 3004 	strh.w	r3, [sp, #4]
20000538:	f000 fb38 	bl	20000bac <dcd_event_handler>
2000053c:	2210      	movs	r2, #16
2000053e:	4b58      	ldr	r3, [pc, #352]	@ (200006a0 <dcd_rp2040_irq+0x304>)
20000540:	f446 4680 	orr.w	r6, r6, #16384	@ 0x4000
20000544:	651a      	str	r2, [r3, #80]	@ 0x50
20000546:	042b      	lsls	r3, r5, #16
20000548:	d5d4      	bpl.n	200004f4 <dcd_rp2040_irq+0x158>
2000054a:	f44f 63a0 	mov.w	r3, #1280	@ 0x500
2000054e:	2101      	movs	r1, #1
20000550:	a801      	add	r0, sp, #4
20000552:	f8ad 3004 	strh.w	r3, [sp, #4]
20000556:	f000 fb29 	bl	20000bac <dcd_event_handler>
2000055a:	f44f 6200 	mov.w	r2, #2048	@ 0x800
2000055e:	4b50      	ldr	r3, [pc, #320]	@ (200006a0 <dcd_rp2040_irq+0x304>)
20000560:	f446 4600 	orr.w	r6, r6, #32768	@ 0x8000
20000564:	651a      	str	r2, [r3, #80]	@ 0x50
20000566:	e7c5      	b.n	200004f4 <dcd_rp2040_irq+0x158>
20000568:	f894 603a 	ldrb.w	r6, [r4, #58]	@ 0x3a
2000056c:	2e00      	cmp	r6, #0
2000056e:	f43f af28 	beq.w	200003c2 <dcd_rp2040_irq+0x26>
20000572:	f894 303c 	ldrb.w	r3, [r4, #60]	@ 0x3c
20000576:	2b00      	cmp	r3, #0
20000578:	f43f af23 	beq.w	200003c2 <dcd_rp2040_irq+0x26>
2000057c:	2300      	movs	r3, #0
2000057e:	f104 0020 	add.w	r0, r4, #32
20000582:	f884 303c 	strb.w	r3, [r4, #60]	@ 0x3c
20000586:	f000 fac1 	bl	20000b0c <hw_endpoint_start_next_buffer>
2000058a:	e71a      	b.n	200003c2 <dcd_rp2040_irq+0x26>
2000058c:	f894 737a 	ldrb.w	r7, [r4, #890]	@ 0x37a
20000590:	2f00      	cmp	r7, #0
20000592:	f43f af57 	beq.w	20000444 <dcd_rp2040_irq+0xa8>
20000596:	f894 337c 	ldrb.w	r3, [r4, #892]	@ 0x37c
2000059a:	2b00      	cmp	r3, #0
2000059c:	f040 8164 	bne.w	20000868 <dcd_rp2040_irq+0x4cc>
200005a0:	f894 33bb 	ldrb.w	r3, [r4, #955]	@ 0x3bb
200005a4:	2b02      	cmp	r3, #2
200005a6:	f040 80f4 	bne.w	20000792 <dcd_rp2040_irq+0x3f6>
200005aa:	f894 33ba 	ldrb.w	r3, [r4, #954]	@ 0x3ba
200005ae:	2b00      	cmp	r3, #0
200005b0:	f040 80eb 	bne.w	2000078a <dcd_rp2040_irq+0x3ee>
200005b4:	f894 33fb 	ldrb.w	r3, [r4, #1019]	@ 0x3fb
200005b8:	2b02      	cmp	r3, #2
200005ba:	f47f af56 	bne.w	2000046a <dcd_rp2040_irq+0xce>
200005be:	463e      	mov	r6, r7
200005c0:	f894 33fa 	ldrb.w	r3, [r4, #1018]	@ 0x3fa
200005c4:	2b00      	cmp	r3, #0
200005c6:	f43f af47 	beq.w	20000458 <dcd_rp2040_irq+0xbc>
200005ca:	f894 33fc 	ldrb.w	r3, [r4, #1020]	@ 0x3fc
200005ce:	2b00      	cmp	r3, #0
200005d0:	f43f af4b 	beq.w	2000046a <dcd_rp2040_irq+0xce>
200005d4:	2300      	movs	r3, #0
200005d6:	4835      	ldr	r0, [pc, #212]	@ (200006ac <dcd_rp2040_irq+0x310>)
200005d8:	f884 33fc 	strb.w	r3, [r4, #1020]	@ 0x3fc
200005dc:	f000 fa96 	bl	20000b0c <hw_endpoint_start_next_buffer>
200005e0:	e743      	b.n	2000046a <dcd_rp2040_irq+0xce>
200005e2:	2102      	movs	r1, #2
200005e4:	4b32      	ldr	r3, [pc, #200]	@ (200006b0 <dcd_rp2040_irq+0x314>)
200005e6:	4a29      	ldr	r2, [pc, #164]	@ (2000068c <dcd_rp2040_irq+0x2f0>)
200005e8:	6619      	str	r1, [r3, #96]	@ 0x60
200005ea:	6e53      	ldr	r3, [r2, #100]	@ 0x64
200005ec:	079f      	lsls	r7, r3, #30
200005ee:	d5fc      	bpl.n	200005ea <dcd_rp2040_irq+0x24e>
200005f0:	f44f 5240 	mov.w	r2, #12288	@ 0x3000
200005f4:	2100      	movs	r1, #0
200005f6:	4827      	ldr	r0, [pc, #156]	@ (20000694 <dcd_rp2040_irq+0x2f8>)
200005f8:	f000 fa66 	bl	20000ac8 <_hw_endpoint_buffer_control_update32>
200005fc:	4825      	ldr	r0, [pc, #148]	@ (20000694 <dcd_rp2040_irq+0x2f8>)
200005fe:	f000 fa5d 	bl	20000abc <hw_endpoint_reset_transfer>
20000602:	2202      	movs	r2, #2
20000604:	4b26      	ldr	r3, [pc, #152]	@ (200006a0 <dcd_rp2040_irq+0x304>)
20000606:	665a      	str	r2, [r3, #100]	@ 0x64
20000608:	661a      	str	r2, [r3, #96]	@ 0x60
2000060a:	2301      	movs	r3, #1
2000060c:	f894 203a 	ldrb.w	r2, [r4, #58]	@ 0x3a
20000610:	70e3      	strb	r3, [r4, #3]
20000612:	2a00      	cmp	r2, #0
20000614:	f43f af53 	beq.w	200004be <dcd_rp2040_irq+0x122>
20000618:	4a25      	ldr	r2, [pc, #148]	@ (200006b0 <dcd_rp2040_irq+0x314>)
2000061a:	6613      	str	r3, [r2, #96]	@ 0x60
2000061c:	f5a2 5200 	sub.w	r2, r2, #8192	@ 0x2000
20000620:	6e53      	ldr	r3, [r2, #100]	@ 0x64
20000622:	07d8      	lsls	r0, r3, #31
20000624:	d5fc      	bpl.n	20000620 <dcd_rp2040_irq+0x284>
20000626:	f44f 5240 	mov.w	r2, #12288	@ 0x3000
2000062a:	2100      	movs	r1, #0
2000062c:	4821      	ldr	r0, [pc, #132]	@ (200006b4 <dcd_rp2040_irq+0x318>)
2000062e:	f000 fa4b 	bl	20000ac8 <_hw_endpoint_buffer_control_update32>
20000632:	4820      	ldr	r0, [pc, #128]	@ (200006b4 <dcd_rp2040_irq+0x318>)
20000634:	f000 fa42 	bl	20000abc <hw_endpoint_reset_transfer>
20000638:	2201      	movs	r2, #1
2000063a:	4b19      	ldr	r3, [pc, #100]	@ (200006a0 <dcd_rp2040_irq+0x304>)
2000063c:	665a      	str	r2, [r3, #100]	@ 0x64
2000063e:	661a      	str	r2, [r3, #96]	@ 0x60
20000640:	e73d      	b.n	200004be <dcd_rp2040_irq+0x122>
20000642:	f894 707a 	ldrb.w	r7, [r4, #122]	@ 0x7a
20000646:	2f00      	cmp	r7, #0
20000648:	f43f aec0 	beq.w	200003cc <dcd_rp2040_irq+0x30>
2000064c:	f894 307c 	ldrb.w	r3, [r4, #124]	@ 0x7c
20000650:	2b00      	cmp	r3, #0
20000652:	f040 8101 	bne.w	20000858 <dcd_rp2040_irq+0x4bc>
20000656:	463e      	mov	r6, r7
20000658:	e6b8      	b.n	200003cc <dcd_rp2040_irq+0x30>
2000065a:	f894 717a 	ldrb.w	r7, [r4, #378]	@ 0x17a
2000065e:	2f00      	cmp	r7, #0
20000660:	f43f aec8 	beq.w	200003f4 <dcd_rp2040_irq+0x58>
20000664:	f894 317c 	ldrb.w	r3, [r4, #380]	@ 0x17c
20000668:	2b00      	cmp	r3, #0
2000066a:	f040 80ed 	bne.w	20000848 <dcd_rp2040_irq+0x4ac>
2000066e:	463e      	mov	r6, r7
20000670:	e6c0      	b.n	200003f4 <dcd_rp2040_irq+0x58>
20000672:	f894 713a 	ldrb.w	r7, [r4, #314]	@ 0x13a
20000676:	2f00      	cmp	r7, #0
20000678:	f43f aeb7 	beq.w	200003ea <dcd_rp2040_irq+0x4e>
2000067c:	f894 313c 	ldrb.w	r3, [r4, #316]	@ 0x13c
20000680:	2b00      	cmp	r3, #0
20000682:	f040 80d9 	bne.w	20000838 <dcd_rp2040_irq+0x49c>
20000686:	463e      	mov	r6, r7
20000688:	e6af      	b.n	200003ea <dcd_rp2040_irq+0x4e>
2000068a:	bf00      	nop
2000068c:	50110000 	.word	0x50110000
20000690:	400b0000 	.word	0x400b0000
20000694:	20002514 	.word	0x20002514
20000698:	20002504 	.word	0x20002504
2000069c:	20002aff 	.word	0x20002aff
200006a0:	50113000 	.word	0x50113000
200006a4:	00020010 	.word	0x00020010
200006a8:	50100000 	.word	0x50100000
200006ac:	200028f4 	.word	0x200028f4
200006b0:	50112000 	.word	0x50112000
200006b4:	20002534 	.word	0x20002534
200006b8:	f894 70fa 	ldrb.w	r7, [r4, #250]	@ 0xfa
200006bc:	2f00      	cmp	r7, #0
200006be:	f43f ae8f 	beq.w	200003e0 <dcd_rp2040_irq+0x44>
200006c2:	f894 30fc 	ldrb.w	r3, [r4, #252]	@ 0xfc
200006c6:	2b00      	cmp	r3, #0
200006c8:	f040 808e 	bne.w	200007e8 <dcd_rp2040_irq+0x44c>
200006cc:	463e      	mov	r6, r7
200006ce:	e687      	b.n	200003e0 <dcd_rp2040_irq+0x44>
200006d0:	f894 70ba 	ldrb.w	r7, [r4, #186]	@ 0xba
200006d4:	2f00      	cmp	r7, #0
200006d6:	f43f ae7e 	beq.w	200003d6 <dcd_rp2040_irq+0x3a>
200006da:	f894 30bc 	ldrb.w	r3, [r4, #188]	@ 0xbc
200006de:	2b00      	cmp	r3, #0
200006e0:	d17a      	bne.n	200007d8 <dcd_rp2040_irq+0x43c>
200006e2:	463e      	mov	r6, r7
200006e4:	e677      	b.n	200003d6 <dcd_rp2040_irq+0x3a>
200006e6:	f894 733a 	ldrb.w	r7, [r4, #826]	@ 0x33a
200006ea:	2f00      	cmp	r7, #0
200006ec:	f43f aea5 	beq.w	2000043a <dcd_rp2040_irq+0x9e>
200006f0:	f894 333c 	ldrb.w	r3, [r4, #828]	@ 0x33c
200006f4:	2b00      	cmp	r3, #0
200006f6:	d157      	bne.n	200007a8 <dcd_rp2040_irq+0x40c>
200006f8:	463e      	mov	r6, r7
200006fa:	e69e      	b.n	2000043a <dcd_rp2040_irq+0x9e>
200006fc:	f894 72fa 	ldrb.w	r7, [r4, #762]	@ 0x2fa
20000700:	2f00      	cmp	r7, #0
20000702:	f43f ae95 	beq.w	20000430 <dcd_rp2040_irq+0x94>
20000706:	f894 32fc 	ldrb.w	r3, [r4, #764]	@ 0x2fc
2000070a:	2b00      	cmp	r3, #0
2000070c:	d15c      	bne.n	200007c8 <dcd_rp2040_irq+0x42c>
2000070e:	463e      	mov	r6, r7
20000710:	e68e      	b.n	20000430 <dcd_rp2040_irq+0x94>
20000712:	f894 72ba 	ldrb.w	r7, [r4, #698]	@ 0x2ba
20000716:	2f00      	cmp	r7, #0
20000718:	f43f ae85 	beq.w	20000426 <dcd_rp2040_irq+0x8a>
2000071c:	f894 32bc 	ldrb.w	r3, [r4, #700]	@ 0x2bc
20000720:	2b00      	cmp	r3, #0
20000722:	d149      	bne.n	200007b8 <dcd_rp2040_irq+0x41c>
20000724:	463e      	mov	r6, r7
20000726:	e67e      	b.n	20000426 <dcd_rp2040_irq+0x8a>
20000728:	f894 727a 	ldrb.w	r7, [r4, #634]	@ 0x27a
2000072c:	2f00      	cmp	r7, #0
2000072e:	f43f ae75 	beq.w	2000041c <dcd_rp2040_irq+0x80>
20000732:	f894 327c 	ldrb.w	r3, [r4, #636]	@ 0x27c
20000736:	2b00      	cmp	r3, #0
20000738:	d176      	bne.n	20000828 <dcd_rp2040_irq+0x48c>
2000073a:	463e      	mov	r6, r7
2000073c:	e66e      	b.n	2000041c <dcd_rp2040_irq+0x80>
2000073e:	f894 723a 	ldrb.w	r7, [r4, #570]	@ 0x23a
20000742:	2f00      	cmp	r7, #0
20000744:	f43f ae65 	beq.w	20000412 <dcd_rp2040_irq+0x76>
20000748:	f894 323c 	ldrb.w	r3, [r4, #572]	@ 0x23c
2000074c:	2b00      	cmp	r3, #0
2000074e:	d163      	bne.n	20000818 <dcd_rp2040_irq+0x47c>
20000750:	463e      	mov	r6, r7
20000752:	e65e      	b.n	20000412 <dcd_rp2040_irq+0x76>
20000754:	f894 71fa 	ldrb.w	r7, [r4, #506]	@ 0x1fa
20000758:	2f00      	cmp	r7, #0
2000075a:	f43f ae55 	beq.w	20000408 <dcd_rp2040_irq+0x6c>
2000075e:	f894 31fc 	ldrb.w	r3, [r4, #508]	@ 0x1fc
20000762:	2b00      	cmp	r3, #0
20000764:	d150      	bne.n	20000808 <dcd_rp2040_irq+0x46c>
20000766:	463e      	mov	r6, r7
20000768:	e64e      	b.n	20000408 <dcd_rp2040_irq+0x6c>
2000076a:	f894 71ba 	ldrb.w	r7, [r4, #442]	@ 0x1ba
2000076e:	2f00      	cmp	r7, #0
20000770:	f43f ae45 	beq.w	200003fe <dcd_rp2040_irq+0x62>
20000774:	f894 31bc 	ldrb.w	r3, [r4, #444]	@ 0x1bc
20000778:	2b00      	cmp	r3, #0
2000077a:	d13d      	bne.n	200007f8 <dcd_rp2040_irq+0x45c>
2000077c:	463e      	mov	r6, r7
2000077e:	e63e      	b.n	200003fe <dcd_rp2040_irq+0x62>
20000780:	f894 33ba 	ldrb.w	r3, [r4, #954]	@ 0x3ba
20000784:	2b00      	cmp	r3, #0
20000786:	f43f ae62 	beq.w	2000044e <dcd_rp2040_irq+0xb2>
2000078a:	f894 33bc 	ldrb.w	r3, [r4, #956]	@ 0x3bc
2000078e:	2b00      	cmp	r3, #0
20000790:	d171      	bne.n	20000876 <dcd_rp2040_irq+0x4da>
20000792:	f894 33fb 	ldrb.w	r3, [r4, #1019]	@ 0x3fb
20000796:	2b02      	cmp	r3, #2
20000798:	f47f ae67 	bne.w	2000046a <dcd_rp2040_irq+0xce>
2000079c:	f894 33fa 	ldrb.w	r3, [r4, #1018]	@ 0x3fa
200007a0:	2b00      	cmp	r3, #0
200007a2:	f43f ae62 	beq.w	2000046a <dcd_rp2040_irq+0xce>
200007a6:	e710      	b.n	200005ca <dcd_rp2040_irq+0x22e>
200007a8:	2300      	movs	r3, #0
200007aa:	4839      	ldr	r0, [pc, #228]	@ (20000890 <dcd_rp2040_irq+0x4f4>)
200007ac:	f884 333c 	strb.w	r3, [r4, #828]	@ 0x33c
200007b0:	463e      	mov	r6, r7
200007b2:	f000 f9ab 	bl	20000b0c <hw_endpoint_start_next_buffer>
200007b6:	e640      	b.n	2000043a <dcd_rp2040_irq+0x9e>
200007b8:	2300      	movs	r3, #0
200007ba:	4836      	ldr	r0, [pc, #216]	@ (20000894 <dcd_rp2040_irq+0x4f8>)
200007bc:	f884 32bc 	strb.w	r3, [r4, #700]	@ 0x2bc
200007c0:	463e      	mov	r6, r7
200007c2:	f000 f9a3 	bl	20000b0c <hw_endpoint_start_next_buffer>
200007c6:	e62e      	b.n	20000426 <dcd_rp2040_irq+0x8a>
200007c8:	2300      	movs	r3, #0
200007ca:	4833      	ldr	r0, [pc, #204]	@ (20000898 <dcd_rp2040_irq+0x4fc>)
200007cc:	f884 32fc 	strb.w	r3, [r4, #764]	@ 0x2fc
200007d0:	463e      	mov	r6, r7
200007d2:	f000 f99b 	bl	20000b0c <hw_endpoint_start_next_buffer>
200007d6:	e62b      	b.n	20000430 <dcd_rp2040_irq+0x94>
200007d8:	2300      	movs	r3, #0
200007da:	4830      	ldr	r0, [pc, #192]	@ (2000089c <dcd_rp2040_irq+0x500>)
200007dc:	f884 30bc 	strb.w	r3, [r4, #188]	@ 0xbc
200007e0:	463e      	mov	r6, r7
200007e2:	f000 f993 	bl	20000b0c <hw_endpoint_start_next_buffer>
200007e6:	e5f6      	b.n	200003d6 <dcd_rp2040_irq+0x3a>
200007e8:	2300      	movs	r3, #0
200007ea:	482d      	ldr	r0, [pc, #180]	@ (200008a0 <dcd_rp2040_irq+0x504>)
200007ec:	f884 30fc 	strb.w	r3, [r4, #252]	@ 0xfc
200007f0:	463e      	mov	r6, r7
200007f2:	f000 f98b 	bl	20000b0c <hw_endpoint_start_next_buffer>
200007f6:	e5f3      	b.n	200003e0 <dcd_rp2040_irq+0x44>
200007f8:	2300      	movs	r3, #0
200007fa:	482a      	ldr	r0, [pc, #168]	@ (200008a4 <dcd_rp2040_irq+0x508>)
200007fc:	f884 31bc 	strb.w	r3, [r4, #444]	@ 0x1bc
20000800:	463e      	mov	r6, r7
20000802:	f000 f983 	bl	20000b0c <hw_endpoint_start_next_buffer>
20000806:	e5fa      	b.n	200003fe <dcd_rp2040_irq+0x62>
20000808:	2300      	movs	r3, #0
2000080a:	4827      	ldr	r0, [pc, #156]	@ (200008a8 <dcd_rp2040_irq+0x50c>)
2000080c:	f884 31fc 	strb.w	r3, [r4, #508]	@ 0x1fc
20000810:	463e      	mov	r6, r7
20000812:	f000 f97b 	bl	20000b0c <hw_endpoint_start_next_buffer>
20000816:	e5f7      	b.n	20000408 <dcd_rp2040_irq+0x6c>
20000818:	2300      	movs	r3, #0
2000081a:	4824      	ldr	r0, [pc, #144]	@ (200008ac <dcd_rp2040_irq+0x510>)
2000081c:	f884 323c 	strb.w	r3, [r4, #572]	@ 0x23c
20000820:	463e      	mov	r6, r7
20000822:	f000 f973 	bl	20000b0c <hw_endpoint_start_next_buffer>
20000826:	e5f4      	b.n	20000412 <dcd_rp2040_irq+0x76>
20000828:	2300      	movs	r3, #0
2000082a:	4821      	ldr	r0, [pc, #132]	@ (200008b0 <dcd_rp2040_irq+0x514>)
2000082c:	f884 327c 	strb.w	r3, [r4, #636]	@ 0x27c
20000830:	463e      	mov	r6, r7
20000832:	f000 f96b 	bl	20000b0c <hw_endpoint_start_next_buffer>
20000836:	e5f1      	b.n	2000041c <dcd_rp2040_irq+0x80>
20000838:	2300      	movs	r3, #0
2000083a:	481e      	ldr	r0, [pc, #120]	@ (200008b4 <dcd_rp2040_irq+0x518>)
2000083c:	f884 313c 	strb.w	r3, [r4, #316]	@ 0x13c
20000840:	463e      	mov	r6, r7
20000842:	f000 f963 	bl	20000b0c <hw_endpoint_start_next_buffer>
20000846:	e5d0      	b.n	200003ea <dcd_rp2040_irq+0x4e>
20000848:	2300      	movs	r3, #0
2000084a:	481b      	ldr	r0, [pc, #108]	@ (200008b8 <dcd_rp2040_irq+0x51c>)
2000084c:	f884 317c 	strb.w	r3, [r4, #380]	@ 0x17c
20000850:	463e      	mov	r6, r7
20000852:	f000 f95b 	bl	20000b0c <hw_endpoint_start_next_buffer>
20000856:	e5cd      	b.n	200003f4 <dcd_rp2040_irq+0x58>
20000858:	2300      	movs	r3, #0
2000085a:	4818      	ldr	r0, [pc, #96]	@ (200008bc <dcd_rp2040_irq+0x520>)
2000085c:	f884 307c 	strb.w	r3, [r4, #124]	@ 0x7c
20000860:	463e      	mov	r6, r7
20000862:	f000 f953 	bl	20000b0c <hw_endpoint_start_next_buffer>
20000866:	e5b1      	b.n	200003cc <dcd_rp2040_irq+0x30>
20000868:	2300      	movs	r3, #0
2000086a:	4815      	ldr	r0, [pc, #84]	@ (200008c0 <dcd_rp2040_irq+0x524>)
2000086c:	f884 337c 	strb.w	r3, [r4, #892]	@ 0x37c
20000870:	f000 f94c 	bl	20000b0c <hw_endpoint_start_next_buffer>
20000874:	e694      	b.n	200005a0 <dcd_rp2040_irq+0x204>
20000876:	2300      	movs	r3, #0
20000878:	4812      	ldr	r0, [pc, #72]	@ (200008c4 <dcd_rp2040_irq+0x528>)
2000087a:	f884 33bc 	strb.w	r3, [r4, #956]	@ 0x3bc
2000087e:	f000 f945 	bl	20000b0c <hw_endpoint_start_next_buffer>
20000882:	e786      	b.n	20000792 <dcd_rp2040_irq+0x3f6>
20000884:	4810      	ldr	r0, [pc, #64]	@ (200008c8 <dcd_rp2040_irq+0x52c>)
20000886:	ea86 0105 	eor.w	r1, r6, r5
2000088a:	f000 fe31 	bl	200014f0 <__panic_veneer>
2000088e:	bf00      	nop
20000890:	20002834 	.word	0x20002834
20000894:	200027b4 	.word	0x200027b4
20000898:	200027f4 	.word	0x200027f4
2000089c:	200025b4 	.word	0x200025b4
200008a0:	200025f4 	.word	0x200025f4
200008a4:	200026b4 	.word	0x200026b4
200008a8:	200026f4 	.word	0x200026f4
200008ac:	20002734 	.word	0x20002734
200008b0:	20002774 	.word	0x20002774
200008b4:	20002634 	.word	0x20002634
200008b8:	20002674 	.word	0x20002674
200008bc:	20002574 	.word	0x20002574
200008c0:	20002874 	.word	0x20002874
200008c4:	200028b4 	.word	0x200028b4
200008c8:	1000af40 	.word	0x1000af40

200008cc <prepare_ep_buffer>:
200008cc:	e92d 47f0 	stmdb	sp!, {r4, r5, r6, r7, r8, r9, sl, lr}
200008d0:	8a84      	ldrh	r4, [r0, #20]
200008d2:	8b05      	ldrh	r5, [r0, #24]
200008d4:	78c2      	ldrb	r2, [r0, #3]
200008d6:	42a5      	cmp	r5, r4
200008d8:	bf28      	it	cs
200008da:	4625      	movcs	r5, r4
200008dc:	1e17      	subs	r7, r2, #0
200008de:	bf18      	it	ne
200008e0:	2701      	movne	r7, #1
200008e2:	1b64      	subs	r4, r4, r5
200008e4:	7846      	ldrb	r6, [r0, #1]
200008e6:	f082 0201 	eor.w	r2, r2, #1
200008ea:	b2a4      	uxth	r4, r4
200008ec:	4603      	mov	r3, r0
200008ee:	70c2      	strb	r2, [r0, #3]
200008f0:	8284      	strh	r4, [r0, #20]
200008f2:	f445 6080 	orr.w	r0, r5, #1024	@ 0x400
200008f6:	ea40 3047 	orr.w	r0, r0, r7, lsl #13
200008fa:	bba6      	cbnz	r6, 20000966 <prepare_ep_buffer+0x9a>
200008fc:	e9d3 2603 	ldrd	r2, r6, [r3, #12]
20000900:	1e6f      	subs	r7, r5, #1
20000902:	eb02 1e81 	add.w	lr, r2, r1, lsl #6
20000906:	b355      	cbz	r5, 2000095e <prepare_ep_buffer+0x92>
20000908:	2f05      	cmp	r7, #5
2000090a:	bf98      	it	ls
2000090c:	1c72      	addls	r2, r6, #1
2000090e:	d931      	bls.n	20000974 <prepare_ep_buffer+0xa8>
20000910:	eb02 1c81 	add.w	ip, r2, r1, lsl #6
20000914:	1c72      	adds	r2, r6, #1
20000916:	ebac 0402 	sub.w	r4, ip, r2
2000091a:	2c02      	cmp	r4, #2
2000091c:	d92a      	bls.n	20000974 <prepare_ep_buffer+0xa8>
2000091e:	4632      	mov	r2, r6
20000920:	ea4f 0995 	mov.w	r9, r5, lsr #2
20000924:	ea4f 0a89 	mov.w	sl, r9, lsl #2
20000928:	eb06 0889 	add.w	r8, r6, r9, lsl #2
2000092c:	f852 4b04 	ldr.w	r4, [r2], #4
20000930:	4542      	cmp	r2, r8
20000932:	f84c 4b04 	str.w	r4, [ip], #4
20000936:	d1f9      	bne.n	2000092c <prepare_ep_buffer+0x60>
20000938:	4555      	cmp	r5, sl
2000093a:	eba7 070a 	sub.w	r7, r7, sl
2000093e:	eb0e 040a 	add.w	r4, lr, sl
20000942:	d00a      	beq.n	2000095a <prepare_ep_buffer+0x8e>
20000944:	f816 6029 	ldrb.w	r6, [r6, r9, lsl #2]
20000948:	f80e 6029 	strb.w	r6, [lr, r9, lsl #2]
2000094c:	b12f      	cbz	r7, 2000095a <prepare_ep_buffer+0x8e>
2000094e:	7856      	ldrb	r6, [r2, #1]
20000950:	2f01      	cmp	r7, #1
20000952:	7066      	strb	r6, [r4, #1]
20000954:	d001      	beq.n	2000095a <prepare_ep_buffer+0x8e>
20000956:	7892      	ldrb	r2, [r2, #2]
20000958:	70a2      	strb	r2, [r4, #2]
2000095a:	691e      	ldr	r6, [r3, #16]
2000095c:	8a9c      	ldrh	r4, [r3, #20]
2000095e:	442e      	add	r6, r5
20000960:	611e      	str	r6, [r3, #16]
20000962:	f440 4000 	orr.w	r0, r0, #32768	@ 0x8000
20000966:	b90c      	cbnz	r4, 2000096c <prepare_ep_buffer+0xa0>
20000968:	f440 4080 	orr.w	r0, r0, #16384	@ 0x4000
2000096c:	b101      	cbz	r1, 20000970 <prepare_ep_buffer+0xa4>
2000096e:	0400      	lsls	r0, r0, #16
20000970:	e8bd 87f0 	ldmia.w	sp!, {r4, r5, r6, r7, r8, r9, sl, pc}
20000974:	f10e 3eff 	add.w	lr, lr, #4294967295
20000978:	442e      	add	r6, r5
2000097a:	e000      	b.n	2000097e <prepare_ep_buffer+0xb2>
2000097c:	3201      	adds	r2, #1
2000097e:	f812 4c01 	ldrb.w	r4, [r2, #-1]
20000982:	42b2      	cmp	r2, r6
20000984:	f80e 4f01 	strb.w	r4, [lr, #1]!
20000988:	d1f8      	bne.n	2000097c <prepare_ep_buffer+0xb0>
2000098a:	e7e6      	b.n	2000095a <prepare_ep_buffer+0x8e>

2000098c <sync_ep_buffer>:
2000098c:	6883      	ldr	r3, [r0, #8]
2000098e:	4602      	mov	r2, r0
20000990:	6818      	ldr	r0, [r3, #0]
20000992:	b101      	cbz	r1, 20000996 <sync_ep_buffer+0xa>
20000994:	0c00      	lsrs	r0, r0, #16
20000996:	7853      	ldrb	r3, [r2, #1]
20000998:	f3c0 0009 	ubfx	r0, r0, #0, #10
2000099c:	2b00      	cmp	r3, #0
2000099e:	d03c      	beq.n	20000a1a <sync_ep_buffer+0x8e>
200009a0:	e92d 41f0 	stmdb	sp!, {r4, r5, r6, r7, r8, lr}
200009a4:	e9d2 3403 	ldrd	r3, r4, [r2, #12]
200009a8:	1e46      	subs	r6, r0, #1
200009aa:	eb03 1e81 	add.w	lr, r3, r1, lsl #6
200009ae:	b340      	cbz	r0, 20000a02 <sync_ep_buffer+0x76>
200009b0:	2e05      	cmp	r6, #5
200009b2:	d93b      	bls.n	20000a2c <sync_ep_buffer+0xa0>
200009b4:	0189      	lsls	r1, r1, #6
200009b6:	1c4d      	adds	r5, r1, #1
200009b8:	441d      	add	r5, r3
200009ba:	1b65      	subs	r5, r4, r5
200009bc:	2d02      	cmp	r5, #2
200009be:	d935      	bls.n	20000a2c <sync_ep_buffer+0xa0>
200009c0:	4673      	mov	r3, lr
200009c2:	4621      	mov	r1, r4
200009c4:	f400 777f 	and.w	r7, r0, #1020	@ 0x3fc
200009c8:	ea4f 0890 	mov.w	r8, r0, lsr #2
200009cc:	18fd      	adds	r5, r7, r3
200009ce:	f853 cb04 	ldr.w	ip, [r3], #4
200009d2:	42ab      	cmp	r3, r5
200009d4:	f841 cb04 	str.w	ip, [r1], #4
200009d8:	d1f9      	bne.n	200009ce <sync_ep_buffer+0x42>
200009da:	42b8      	cmp	r0, r7
200009dc:	eba6 0607 	sub.w	r6, r6, r7
200009e0:	eb04 0307 	add.w	r3, r4, r7
200009e4:	eb0e 0107 	add.w	r1, lr, r7
200009e8:	d00a      	beq.n	20000a00 <sync_ep_buffer+0x74>
200009ea:	f81e 5028 	ldrb.w	r5, [lr, r8, lsl #2]
200009ee:	f804 5028 	strb.w	r5, [r4, r8, lsl #2]
200009f2:	b12e      	cbz	r6, 20000a00 <sync_ep_buffer+0x74>
200009f4:	784c      	ldrb	r4, [r1, #1]
200009f6:	2e01      	cmp	r6, #1
200009f8:	705c      	strb	r4, [r3, #1]
200009fa:	d001      	beq.n	20000a00 <sync_ep_buffer+0x74>
200009fc:	7889      	ldrb	r1, [r1, #2]
200009fe:	7099      	strb	r1, [r3, #2]
20000a00:	6914      	ldr	r4, [r2, #16]
20000a02:	8ad3      	ldrh	r3, [r2, #22]
20000a04:	4404      	add	r4, r0
20000a06:	4403      	add	r3, r0
20000a08:	82d3      	strh	r3, [r2, #22]
20000a0a:	8b13      	ldrh	r3, [r2, #24]
20000a0c:	6114      	str	r4, [r2, #16]
20000a0e:	4283      	cmp	r3, r0
20000a10:	bf84      	itt	hi
20000a12:	2300      	movhi	r3, #0
20000a14:	8293      	strhhi	r3, [r2, #20]
20000a16:	e8bd 81f0 	ldmia.w	sp!, {r4, r5, r6, r7, r8, pc}
20000a1a:	8ad3      	ldrh	r3, [r2, #22]
20000a1c:	4403      	add	r3, r0
20000a1e:	82d3      	strh	r3, [r2, #22]
20000a20:	8b13      	ldrh	r3, [r2, #24]
20000a22:	4283      	cmp	r3, r0
20000a24:	bf84      	itt	hi
20000a26:	2300      	movhi	r3, #0
20000a28:	8293      	strhhi	r3, [r2, #20]
20000a2a:	4770      	bx	lr
20000a2c:	3c01      	subs	r4, #1
20000a2e:	eb0e 0100 	add.w	r1, lr, r0
20000a32:	f81e 3b01 	ldrb.w	r3, [lr], #1
20000a36:	4571      	cmp	r1, lr
20000a38:	f804 3f01 	strb.w	r3, [r4, #1]!
20000a3c:	d1f9      	bne.n	20000a32 <sync_ep_buffer+0xa6>
20000a3e:	e7df      	b.n	20000a00 <sync_ep_buffer+0x74>

20000a40 <_hw_endpoint_xfer_sync>:
20000a40:	b510      	push	{r4, lr}
20000a42:	4604      	mov	r4, r0
20000a44:	6883      	ldr	r3, [r0, #8]
20000a46:	2100      	movs	r1, #0
20000a48:	681b      	ldr	r3, [r3, #0]
20000a4a:	f7ff ff9f 	bl	2000098c <sync_ep_buffer>
20000a4e:	6863      	ldr	r3, [r4, #4]
20000a50:	681b      	ldr	r3, [r3, #0]
20000a52:	005b      	lsls	r3, r3, #1
20000a54:	d502      	bpl.n	20000a5c <_hw_endpoint_xfer_sync+0x1c>
20000a56:	8b23      	ldrh	r3, [r4, #24]
20000a58:	4283      	cmp	r3, r0
20000a5a:	d000      	beq.n	20000a5e <_hw_endpoint_xfer_sync+0x1e>
20000a5c:	bd10      	pop	{r4, pc}
20000a5e:	4620      	mov	r0, r4
20000a60:	e8bd 4010 	ldmia.w	sp!, {r4, lr}
20000a64:	2101      	movs	r1, #1
20000a66:	f7ff bf91 	b.w	2000098c <sync_ep_buffer>
20000a6a:	bf00      	nop

20000a6c <e15_is_bulkin_ep>:
20000a6c:	4b08      	ldr	r3, [pc, #32]	@ (20000a90 <e15_is_bulkin_ep+0x24>)
20000a6e:	6c1b      	ldr	r3, [r3, #64]	@ 0x40
20000a70:	f013 0302 	ands.w	r3, r3, #2
20000a74:	d102      	bne.n	20000a7c <e15_is_bulkin_ep+0x10>
20000a76:	7882      	ldrb	r2, [r0, #2]
20000a78:	09d2      	lsrs	r2, r2, #7
20000a7a:	d101      	bne.n	20000a80 <e15_is_bulkin_ep+0x14>
20000a7c:	2000      	movs	r0, #0
20000a7e:	4770      	bx	lr
20000a80:	7ec0      	ldrb	r0, [r0, #27]
20000a82:	f1a0 0002 	sub.w	r0, r0, #2
20000a86:	fab0 f080 	clz	r0, r0
20000a8a:	0940      	lsrs	r0, r0, #5
20000a8c:	4770      	bx	lr
20000a8e:	bf00      	nop
20000a90:	50110000 	.word	0x50110000

20000a94 <e15_is_critical_frame_period>:
20000a94:	b508      	push	{r3, lr}
20000a96:	f7ff ffe9 	bl	20000a6c <e15_is_bulkin_ep>
20000a9a:	b150      	cbz	r0, 20000ab2 <e15_is_critical_frame_period+0x1e>
20000a9c:	4a05      	ldr	r2, [pc, #20]	@ (20000ab4 <e15_is_critical_frame_period+0x20>)
20000a9e:	4b06      	ldr	r3, [pc, #24]	@ (20000ab8 <e15_is_critical_frame_period+0x24>)
20000aa0:	6a90      	ldr	r0, [r2, #40]	@ 0x28
20000aa2:	681b      	ldr	r3, [r3, #0]
20000aa4:	f5a0 7048 	sub.w	r0, r0, #800	@ 0x320
20000aa8:	1ac0      	subs	r0, r0, r3
20000aaa:	28c6      	cmp	r0, #198	@ 0xc6
20000aac:	bf8c      	ite	hi
20000aae:	2000      	movhi	r0, #0
20000ab0:	2001      	movls	r0, #1
20000ab2:	bd08      	pop	{r3, pc}
20000ab4:	400b0000 	.word	0x400b0000
20000ab8:	20002504 	.word	0x20002504

20000abc <hw_endpoint_reset_transfer>:
20000abc:	2300      	movs	r3, #0
20000abe:	e9c0 3304 	strd	r3, r3, [r0, #16]
20000ac2:	7683      	strb	r3, [r0, #26]
20000ac4:	4770      	bx	lr
20000ac6:	bf00      	nop

20000ac8 <_hw_endpoint_buffer_control_update32>:
20000ac8:	b510      	push	{r4, lr}
20000aca:	6883      	ldr	r3, [r0, #8]
20000acc:	b109      	cbz	r1, 20000ad2 <_hw_endpoint_buffer_control_update32+0xa>
20000ace:	681c      	ldr	r4, [r3, #0]
20000ad0:	4021      	ands	r1, r4
20000ad2:	b182      	cbz	r2, 20000af6 <_hw_endpoint_buffer_control_update32+0x2e>
20000ad4:	4311      	orrs	r1, r2
20000ad6:	0552      	lsls	r2, r2, #21
20000ad8:	d50d      	bpl.n	20000af6 <_hw_endpoint_buffer_control_update32+0x2e>
20000ada:	681a      	ldr	r2, [r3, #0]
20000adc:	0554      	lsls	r4, r2, #21
20000ade:	d40c      	bmi.n	20000afa <_hw_endpoint_buffer_control_update32+0x32>
20000ae0:	4a08      	ldr	r2, [pc, #32]	@ (20000b04 <_hw_endpoint_buffer_control_update32+0x3c>)
20000ae2:	f421 6480 	bic.w	r4, r1, #1024	@ 0x400
20000ae6:	601c      	str	r4, [r3, #0]
20000ae8:	6c12      	ldr	r2, [r2, #64]	@ 0x40
20000aea:	0792      	lsls	r2, r2, #30
20000aec:	d403      	bmi.n	20000af6 <_hw_endpoint_buffer_control_update32+0x2e>
20000aee:	230c      	movs	r3, #12
20000af0:	3b03      	subs	r3, #3
20000af2:	d2fd      	bcs.n	20000af0 <_hw_endpoint_buffer_control_update32+0x28>
20000af4:	6883      	ldr	r3, [r0, #8]
20000af6:	6019      	str	r1, [r3, #0]
20000af8:	bd10      	pop	{r4, pc}
20000afa:	7881      	ldrb	r1, [r0, #2]
20000afc:	4802      	ldr	r0, [pc, #8]	@ (20000b08 <_hw_endpoint_buffer_control_update32+0x40>)
20000afe:	f000 fcf7 	bl	200014f0 <__panic_veneer>
20000b02:	bf00      	nop
20000b04:	50110000 	.word	0x50110000
20000b08:	1000af54 	.word	0x1000af54

20000b0c <hw_endpoint_start_next_buffer>:
20000b0c:	b530      	push	{r4, r5, lr}
20000b0e:	6843      	ldr	r3, [r0, #4]
20000b10:	2100      	movs	r1, #0
20000b12:	b083      	sub	sp, #12
20000b14:	4604      	mov	r4, r0
20000b16:	681d      	ldr	r5, [r3, #0]
20000b18:	f7ff fed8 	bl	200008cc <prepare_ep_buffer>
20000b1c:	4b13      	ldr	r3, [pc, #76]	@ (20000b6c <hw_endpoint_start_next_buffer+0x60>)
20000b1e:	f440 5280 	orr.w	r2, r0, #4096	@ 0x1000
20000b22:	6c19      	ldr	r1, [r3, #64]	@ 0x40
20000b24:	78a3      	ldrb	r3, [r4, #2]
20000b26:	0789      	lsls	r1, r1, #30
20000b28:	d50e      	bpl.n	20000b48 <hw_endpoint_start_next_buffer+0x3c>
20000b2a:	065b      	lsls	r3, r3, #25
20000b2c:	d00e      	beq.n	20000b4c <hw_endpoint_start_next_buffer+0x40>
20000b2e:	f025 45a0 	bic.w	r5, r5, #1342177280	@ 0x50000000
20000b32:	f045 5500 	orr.w	r5, r5, #536870912	@ 0x20000000
20000b36:	2100      	movs	r1, #0
20000b38:	4620      	mov	r0, r4
20000b3a:	6863      	ldr	r3, [r4, #4]
20000b3c:	601d      	str	r5, [r3, #0]
20000b3e:	b003      	add	sp, #12
20000b40:	e8bd 4030 	ldmia.w	sp!, {r4, r5, lr}
20000b44:	f7ff bfc0 	b.w	20000ac8 <_hw_endpoint_buffer_control_update32>
20000b48:	09db      	lsrs	r3, r3, #7
20000b4a:	d0f0      	beq.n	20000b2e <hw_endpoint_start_next_buffer+0x22>
20000b4c:	8aa3      	ldrh	r3, [r4, #20]
20000b4e:	2b00      	cmp	r3, #0
20000b50:	d0ed      	beq.n	20000b2e <hw_endpoint_start_next_buffer+0x22>
20000b52:	2101      	movs	r1, #1
20000b54:	4620      	mov	r0, r4
20000b56:	9201      	str	r2, [sp, #4]
20000b58:	f7ff feb8 	bl	200008cc <prepare_ep_buffer>
20000b5c:	9a01      	ldr	r2, [sp, #4]
20000b5e:	f025 5500 	bic.w	r5, r5, #536870912	@ 0x20000000
20000b62:	4302      	orrs	r2, r0
20000b64:	f045 45a0 	orr.w	r5, r5, #1342177280	@ 0x50000000
20000b68:	e7e5      	b.n	20000b36 <hw_endpoint_start_next_buffer+0x2a>
20000b6a:	bf00      	nop
20000b6c:	50110000 	.word	0x50110000

20000b70 <hw_endpoint_xfer_continue>:
20000b70:	b538      	push	{r3, r4, r5, lr}
20000b72:	7e85      	ldrb	r5, [r0, #26]
20000b74:	4604      	mov	r4, r0
20000b76:	b195      	cbz	r5, 20000b9e <hw_endpoint_xfer_continue+0x2e>
20000b78:	f7ff ff62 	bl	20000a40 <_hw_endpoint_xfer_sync>
20000b7c:	8aa3      	ldrh	r3, [r4, #20]
20000b7e:	b90b      	cbnz	r3, 20000b84 <hw_endpoint_xfer_continue+0x14>
20000b80:	4628      	mov	r0, r5
20000b82:	bd38      	pop	{r3, r4, r5, pc}
20000b84:	4620      	mov	r0, r4
20000b86:	f7ff ff85 	bl	20000a94 <e15_is_critical_frame_period>
20000b8a:	b120      	cbz	r0, 20000b96 <hw_endpoint_xfer_continue+0x26>
20000b8c:	2301      	movs	r3, #1
20000b8e:	7723      	strb	r3, [r4, #28]
20000b90:	2500      	movs	r5, #0
20000b92:	4628      	mov	r0, r5
20000b94:	bd38      	pop	{r3, r4, r5, pc}
20000b96:	4620      	mov	r0, r4
20000b98:	f7ff ffb8 	bl	20000b0c <hw_endpoint_start_next_buffer>
20000b9c:	e7f8      	b.n	20000b90 <hw_endpoint_xfer_continue+0x20>
20000b9e:	7881      	ldrb	r1, [r0, #2]
20000ba0:	4801      	ldr	r0, [pc, #4]	@ (20000ba8 <hw_endpoint_xfer_continue+0x38>)
20000ba2:	f000 fca5 	bl	200014f0 <__panic_veneer>
20000ba6:	bf00      	nop
20000ba8:	1000af74 	.word	0x1000af74

20000bac <dcd_event_handler>:
20000bac:	e92d 43f0 	stmdb	sp!, {r4, r5, r6, r7, r8, r9, lr}
20000bb0:	7843      	ldrb	r3, [r0, #1]
20000bb2:	4681      	mov	r9, r0
20000bb4:	3b02      	subs	r3, #2
20000bb6:	460d      	mov	r5, r1
20000bb8:	b085      	sub	sp, #20
20000bba:	2b04      	cmp	r3, #4
20000bbc:	d813      	bhi.n	20000be6 <dcd_event_handler+0x3a>
20000bbe:	e8df f003 	tbb	[pc, r3]
20000bc2:	4a03      	.short	0x4a03
20000bc4:	736a      	.short	0x736a
20000bc6:	44          	.byte	0x44
20000bc7:	00          	.byte	0x00
20000bc8:	2100      	movs	r1, #0
20000bca:	4b7b      	ldr	r3, [pc, #492]	@ (20000db8 <dcd_event_handler+0x20c>)
20000bcc:	781a      	ldrb	r2, [r3, #0]
20000bce:	f022 0201 	bic.w	r2, r2, #1
20000bd2:	701a      	strb	r2, [r3, #0]
20000bd4:	781a      	ldrb	r2, [r3, #0]
20000bd6:	f022 0202 	bic.w	r2, r2, #2
20000bda:	701a      	strb	r2, [r3, #0]
20000bdc:	7059      	strb	r1, [r3, #1]
20000bde:	781a      	ldrb	r2, [r3, #0]
20000be0:	f361 0282 	bfi	r2, r1, #2, #1
20000be4:	701a      	strb	r2, [r3, #0]
20000be6:	4b75      	ldr	r3, [pc, #468]	@ (20000dbc <dcd_event_handler+0x210>)
20000be8:	681c      	ldr	r4, [r3, #0]
20000bea:	6963      	ldr	r3, [r4, #20]
20000bec:	f3ef 8210 	mrs	r2, PRIMASK
20000bf0:	b672      	cpsid	i
20000bf2:	e8d3 0fcf 	ldaexb	r0, [r3]
20000bf6:	2101      	movs	r1, #1
20000bf8:	2800      	cmp	r0, #0
20000bfa:	d1fa      	bne.n	20000bf2 <dcd_event_handler+0x46>
20000bfc:	e8c3 1f40 	strexb	r0, r1, [r3]
20000c00:	2800      	cmp	r0, #0
20000c02:	d1f6      	bne.n	20000bf2 <dcd_event_handler+0x46>
20000c04:	f3bf 8f5f 	dmb	sy
20000c08:	61a2      	str	r2, [r4, #24]
20000c0a:	4649      	mov	r1, r9
20000c0c:	4620      	mov	r0, r4
20000c0e:	f000 fc67 	bl	200014e0 <__tu_fifo_write_veneer>
20000c12:	2300      	movs	r3, #0
20000c14:	6962      	ldr	r2, [r4, #20]
20000c16:	e8c2 3f8f 	stlb	r3, [r2]
20000c1a:	69a3      	ldr	r3, [r4, #24]
20000c1c:	f383 8810 	msr	PRIMASK, r3
20000c20:	b948      	cbnz	r0, 20000c36 <dcd_event_handler+0x8a>
20000c22:	f04f 23e0 	mov.w	r3, #3758153728	@ 0xe000e000
20000c26:	f8d3 3df0 	ldr.w	r3, [r3, #3568]	@ 0xdf0
20000c2a:	07db      	lsls	r3, r3, #31
20000c2c:	d50a      	bpl.n	20000c44 <dcd_event_handler+0x98>
20000c2e:	be00      	bkpt	0x0000
20000c30:	b005      	add	sp, #20
20000c32:	e8bd 83f0 	ldmia.w	sp!, {r4, r5, r6, r7, r8, r9, pc}
20000c36:	462a      	mov	r2, r5
20000c38:	f899 1001 	ldrb.w	r1, [r9, #1]
20000c3c:	f899 0000 	ldrb.w	r0, [r9]
20000c40:	f000 fc46 	bl	200014d0 <__tud_event_hook_cb_veneer>
20000c44:	b005      	add	sp, #20
20000c46:	e8bd 83f0 	ldmia.w	sp!, {r4, r5, r6, r7, r8, r9, pc}
20000c4a:	4a5d      	ldr	r2, [pc, #372]	@ (20000dc0 <dcd_event_handler+0x214>)
20000c4c:	7813      	ldrb	r3, [r2, #0]
20000c4e:	3301      	adds	r3, #1
20000c50:	b2db      	uxtb	r3, r3
20000c52:	7013      	strb	r3, [r2, #0]
20000c54:	e7c7      	b.n	20000be6 <dcd_event_handler+0x3a>
20000c56:	2400      	movs	r4, #0
20000c58:	4e5a      	ldr	r6, [pc, #360]	@ (20000dc4 <dcd_event_handler+0x218>)
20000c5a:	4623      	mov	r3, r4
20000c5c:	7831      	ldrb	r1, [r6, #0]
20000c5e:	f8df 816c 	ldr.w	r8, [pc, #364]	@ 20000dcc <dcd_event_handler+0x220>
20000c62:	4f59      	ldr	r7, [pc, #356]	@ (20000dc8 <dcd_event_handler+0x21c>)
20000c64:	e011      	b.n	20000c8a <dcd_event_handler+0xde>
20000c66:	683b      	ldr	r3, [r7, #0]
20000c68:	eb13 1344 	adds.w	r3, r3, r4, lsl #5
20000c6c:	d007      	beq.n	20000c7e <dcd_event_handler+0xd2>
20000c6e:	69db      	ldr	r3, [r3, #28]
20000c70:	b12b      	cbz	r3, 20000c7e <dcd_event_handler+0xd2>
20000c72:	f8d9 1004 	ldr.w	r1, [r9, #4]
20000c76:	f899 0000 	ldrb.w	r0, [r9]
20000c7a:	4798      	blx	r3
20000c7c:	7831      	ldrb	r1, [r6, #0]
20000c7e:	3401      	adds	r4, #1
20000c80:	b2e4      	uxtb	r4, r4
20000c82:	1c4a      	adds	r2, r1, #1
20000c84:	42a2      	cmp	r2, r4
20000c86:	4623      	mov	r3, r4
20000c88:	db17      	blt.n	20000cba <dcd_event_handler+0x10e>
20000c8a:	42a1      	cmp	r1, r4
20000c8c:	d8eb      	bhi.n	20000c66 <dcd_event_handler+0xba>
20000c8e:	1a5b      	subs	r3, r3, r1
20000c90:	eb08 1343 	add.w	r3, r8, r3, lsl #5
20000c94:	e7eb      	b.n	20000c6e <dcd_event_handler+0xc2>
20000c96:	4b48      	ldr	r3, [pc, #288]	@ (20000db8 <dcd_event_handler+0x20c>)
20000c98:	781a      	ldrb	r2, [r3, #0]
20000c9a:	07d6      	lsls	r6, r2, #31
20000c9c:	d5d2      	bpl.n	20000c44 <dcd_event_handler+0x98>
20000c9e:	781a      	ldrb	r2, [r3, #0]
20000ca0:	f042 0204 	orr.w	r2, r2, #4
20000ca4:	701a      	strb	r2, [r3, #0]
20000ca6:	e79e      	b.n	20000be6 <dcd_event_handler+0x3a>
20000ca8:	4b43      	ldr	r3, [pc, #268]	@ (20000db8 <dcd_event_handler+0x20c>)
20000caa:	781a      	ldrb	r2, [r3, #0]
20000cac:	07d4      	lsls	r4, r2, #31
20000cae:	d5c9      	bpl.n	20000c44 <dcd_event_handler+0x98>
20000cb0:	781a      	ldrb	r2, [r3, #0]
20000cb2:	f022 0204 	bic.w	r2, r2, #4
20000cb6:	701a      	strb	r2, [r3, #0]
20000cb8:	e795      	b.n	20000be6 <dcd_event_handler+0x3a>
20000cba:	4c3f      	ldr	r4, [pc, #252]	@ (20000db8 <dcd_event_handler+0x20c>)
20000cbc:	7823      	ldrb	r3, [r4, #0]
20000cbe:	0758      	lsls	r0, r3, #29
20000cc0:	d43a      	bmi.n	20000d38 <dcd_event_handler+0x18c>
20000cc2:	78e3      	ldrb	r3, [r4, #3]
20000cc4:	07da      	lsls	r2, r3, #31
20000cc6:	d5bd      	bpl.n	20000c44 <dcd_event_handler+0x98>
20000cc8:	2303      	movs	r3, #3
20000cca:	2600      	movs	r6, #0
20000ccc:	4a3b      	ldr	r2, [pc, #236]	@ (20000dbc <dcd_event_handler+0x210>)
20000cce:	f899 1000 	ldrb.w	r1, [r9]
20000cd2:	6814      	ldr	r4, [r2, #0]
20000cd4:	f8d9 2004 	ldr.w	r2, [r9, #4]
20000cd8:	f88d 1004 	strb.w	r1, [sp, #4]
20000cdc:	f88d 3005 	strb.w	r3, [sp, #5]
20000ce0:	6963      	ldr	r3, [r4, #20]
20000ce2:	f8cd 6006 	str.w	r6, [sp, #6]
20000ce6:	f8cd 600a 	str.w	r6, [sp, #10]
20000cea:	f8ad 600e 	strh.w	r6, [sp, #14]
20000cee:	9202      	str	r2, [sp, #8]
20000cf0:	f3ef 8210 	mrs	r2, PRIMASK
20000cf4:	b672      	cpsid	i
20000cf6:	e8d3 0fcf 	ldaexb	r0, [r3]
20000cfa:	2101      	movs	r1, #1
20000cfc:	2800      	cmp	r0, #0
20000cfe:	d1fa      	bne.n	20000cf6 <dcd_event_handler+0x14a>
20000d00:	e8c3 1f40 	strexb	r0, r1, [r3]
20000d04:	2800      	cmp	r0, #0
20000d06:	d1f6      	bne.n	20000cf6 <dcd_event_handler+0x14a>
20000d08:	f3bf 8f5f 	dmb	sy
20000d0c:	4620      	mov	r0, r4
20000d0e:	61a2      	str	r2, [r4, #24]
20000d10:	a901      	add	r1, sp, #4
20000d12:	f000 fbe5 	bl	200014e0 <__tu_fifo_write_veneer>
20000d16:	6963      	ldr	r3, [r4, #20]
20000d18:	e8c3 6f8f 	stlb	r6, [r3]
20000d1c:	69a3      	ldr	r3, [r4, #24]
20000d1e:	f383 8810 	msr	PRIMASK, r3
20000d22:	2800      	cmp	r0, #0
20000d24:	f43f af7d 	beq.w	20000c22 <dcd_event_handler+0x76>
20000d28:	462a      	mov	r2, r5
20000d2a:	f89d 1005 	ldrb.w	r1, [sp, #5]
20000d2e:	f89d 0004 	ldrb.w	r0, [sp, #4]
20000d32:	f000 fbcd 	bl	200014d0 <__tud_event_hook_cb_veneer>
20000d36:	e785      	b.n	20000c44 <dcd_event_handler+0x98>
20000d38:	7823      	ldrb	r3, [r4, #0]
20000d3a:	2700      	movs	r7, #0
20000d3c:	f023 0304 	bic.w	r3, r3, #4
20000d40:	7023      	strb	r3, [r4, #0]
20000d42:	2305      	movs	r3, #5
20000d44:	4a1d      	ldr	r2, [pc, #116]	@ (20000dbc <dcd_event_handler+0x210>)
20000d46:	f88d 3005 	strb.w	r3, [sp, #5]
20000d4a:	6816      	ldr	r6, [r2, #0]
20000d4c:	f899 2000 	ldrb.w	r2, [r9]
20000d50:	f8ad 700e 	strh.w	r7, [sp, #14]
20000d54:	f88d 2004 	strb.w	r2, [sp, #4]
20000d58:	6973      	ldr	r3, [r6, #20]
20000d5a:	f8cd 7006 	str.w	r7, [sp, #6]
20000d5e:	f8cd 700a 	str.w	r7, [sp, #10]
20000d62:	f3ef 8210 	mrs	r2, PRIMASK
20000d66:	b672      	cpsid	i
20000d68:	e8d3 0fcf 	ldaexb	r0, [r3]
20000d6c:	2101      	movs	r1, #1
20000d6e:	2800      	cmp	r0, #0
20000d70:	d1fa      	bne.n	20000d68 <dcd_event_handler+0x1bc>
20000d72:	e8c3 1f40 	strexb	r0, r1, [r3]
20000d76:	2800      	cmp	r0, #0
20000d78:	d1f6      	bne.n	20000d68 <dcd_event_handler+0x1bc>
20000d7a:	f3bf 8f5f 	dmb	sy
20000d7e:	4630      	mov	r0, r6
20000d80:	61b2      	str	r2, [r6, #24]
20000d82:	a901      	add	r1, sp, #4
20000d84:	f000 fbac 	bl	200014e0 <__tu_fifo_write_veneer>
20000d88:	6973      	ldr	r3, [r6, #20]
20000d8a:	e8c3 7f8f 	stlb	r7, [r3]
20000d8e:	69b3      	ldr	r3, [r6, #24]
20000d90:	f383 8810 	msr	PRIMASK, r3
20000d94:	b938      	cbnz	r0, 20000da6 <dcd_event_handler+0x1fa>
20000d96:	f04f 23e0 	mov.w	r3, #3758153728	@ 0xe000e000
20000d9a:	f8d3 3df0 	ldr.w	r3, [r3, #3568]	@ 0xdf0
20000d9e:	07d9      	lsls	r1, r3, #31
20000da0:	d58f      	bpl.n	20000cc2 <dcd_event_handler+0x116>
20000da2:	be00      	bkpt	0x0000
20000da4:	e78d      	b.n	20000cc2 <dcd_event_handler+0x116>
20000da6:	462a      	mov	r2, r5
20000da8:	f89d 1005 	ldrb.w	r1, [sp, #5]
20000dac:	f89d 0004 	ldrb.w	r0, [sp, #4]
20000db0:	f000 fb8e 	bl	200014d0 <__tud_event_hook_cb_veneer>
20000db4:	e785      	b.n	20000cc2 <dcd_event_handler+0x116>
20000db6:	bf00      	nop
20000db8:	20002088 	.word	0x20002088
20000dbc:	200020e0 	.word	0x200020e0
20000dc0:	20002b00 	.word	0x20002b00
20000dc4:	20002afe 	.word	0x20002afe
20000dc8:	20001eb8 	.word	0x20001eb8
20000dcc:	1000b1dc 	.word	0x1000b1dc

20000dd0 <__aeabi_drsub>:
20000dd0:	f081 4100 	eor.w	r1, r1, #2147483648	@ 0x80000000
20000dd4:	e002      	b.n	20000ddc <__adddf3>
20000dd6:	bf00      	nop

20000dd8 <__aeabi_dsub>:
20000dd8:	f083 4300 	eor.w	r3, r3, #2147483648	@ 0x80000000

20000ddc <__adddf3>:
20000ddc:	b530      	push	{r4, r5, lr}
20000dde:	ea4f 0441 	mov.w	r4, r1, lsl #1
20000de2:	ea4f 0543 	mov.w	r5, r3, lsl #1
20000de6:	ea94 0f05 	teq	r4, r5
20000dea:	bf08      	it	eq
20000dec:	ea90 0f02 	teqeq	r0, r2
20000df0:	bf1f      	itttt	ne
20000df2:	ea54 0c00 	orrsne.w	ip, r4, r0
20000df6:	ea55 0c02 	orrsne.w	ip, r5, r2
20000dfa:	ea7f 5c64 	mvnsne.w	ip, r4, asr #21
20000dfe:	ea7f 5c65 	mvnsne.w	ip, r5, asr #21
20000e02:	f000 80e2 	beq.w	20000fca <__adddf3+0x1ee>
20000e06:	ea4f 5454 	mov.w	r4, r4, lsr #21
20000e0a:	ebd4 5555 	rsbs	r5, r4, r5, lsr #21
20000e0e:	bfb8      	it	lt
20000e10:	426d      	neglt	r5, r5
20000e12:	dd0c      	ble.n	20000e2e <__adddf3+0x52>
20000e14:	442c      	add	r4, r5
20000e16:	ea80 0202 	eor.w	r2, r0, r2
20000e1a:	ea81 0303 	eor.w	r3, r1, r3
20000e1e:	ea82 0000 	eor.w	r0, r2, r0
20000e22:	ea83 0101 	eor.w	r1, r3, r1
20000e26:	ea80 0202 	eor.w	r2, r0, r2
20000e2a:	ea81 0303 	eor.w	r3, r1, r3
20000e2e:	2d36      	cmp	r5, #54	@ 0x36
20000e30:	bf88      	it	hi
20000e32:	bd30      	pophi	{r4, r5, pc}
20000e34:	f011 4f00 	tst.w	r1, #2147483648	@ 0x80000000
20000e38:	ea4f 3101 	mov.w	r1, r1, lsl #12
20000e3c:	f44f 1c80 	mov.w	ip, #1048576	@ 0x100000
20000e40:	ea4c 3111 	orr.w	r1, ip, r1, lsr #12
20000e44:	d002      	beq.n	20000e4c <__adddf3+0x70>
20000e46:	4240      	negs	r0, r0
20000e48:	eb61 0141 	sbc.w	r1, r1, r1, lsl #1
20000e4c:	f013 4f00 	tst.w	r3, #2147483648	@ 0x80000000
20000e50:	ea4f 3303 	mov.w	r3, r3, lsl #12
20000e54:	ea4c 3313 	orr.w	r3, ip, r3, lsr #12
20000e58:	d002      	beq.n	20000e60 <__adddf3+0x84>
20000e5a:	4252      	negs	r2, r2
20000e5c:	eb63 0343 	sbc.w	r3, r3, r3, lsl #1
20000e60:	ea94 0f05 	teq	r4, r5
20000e64:	f000 80a7 	beq.w	20000fb6 <__adddf3+0x1da>
20000e68:	f1a4 0401 	sub.w	r4, r4, #1
20000e6c:	f1d5 0e20 	rsbs	lr, r5, #32
20000e70:	db0d      	blt.n	20000e8e <__adddf3+0xb2>
20000e72:	fa02 fc0e 	lsl.w	ip, r2, lr
20000e76:	fa22 f205 	lsr.w	r2, r2, r5
20000e7a:	1880      	adds	r0, r0, r2
20000e7c:	f141 0100 	adc.w	r1, r1, #0
20000e80:	fa03 f20e 	lsl.w	r2, r3, lr
20000e84:	1880      	adds	r0, r0, r2
20000e86:	fa43 f305 	asr.w	r3, r3, r5
20000e8a:	4159      	adcs	r1, r3
20000e8c:	e00e      	b.n	20000eac <__adddf3+0xd0>
20000e8e:	f1a5 0520 	sub.w	r5, r5, #32
20000e92:	f10e 0e20 	add.w	lr, lr, #32
20000e96:	2a01      	cmp	r2, #1
20000e98:	fa03 fc0e 	lsl.w	ip, r3, lr
20000e9c:	bf28      	it	cs
20000e9e:	f04c 0c02 	orrcs.w	ip, ip, #2
20000ea2:	fa43 f305 	asr.w	r3, r3, r5
20000ea6:	18c0      	adds	r0, r0, r3
20000ea8:	eb51 71e3 	adcs.w	r1, r1, r3, asr #31
20000eac:	f001 4500 	and.w	r5, r1, #2147483648	@ 0x80000000
20000eb0:	d507      	bpl.n	20000ec2 <__adddf3+0xe6>
20000eb2:	f04f 0e00 	mov.w	lr, #0
20000eb6:	f1dc 0c00 	rsbs	ip, ip, #0
20000eba:	eb7e 0000 	sbcs.w	r0, lr, r0
20000ebe:	eb6e 0101 	sbc.w	r1, lr, r1
20000ec2:	f5b1 1f80 	cmp.w	r1, #1048576	@ 0x100000
20000ec6:	d31b      	bcc.n	20000f00 <__adddf3+0x124>
20000ec8:	f5b1 1f00 	cmp.w	r1, #2097152	@ 0x200000
20000ecc:	d30c      	bcc.n	20000ee8 <__adddf3+0x10c>
20000ece:	0849      	lsrs	r1, r1, #1
20000ed0:	ea5f 0030 	movs.w	r0, r0, rrx
20000ed4:	ea4f 0c3c 	mov.w	ip, ip, rrx
20000ed8:	f104 0401 	add.w	r4, r4, #1
20000edc:	ea4f 5244 	mov.w	r2, r4, lsl #21
20000ee0:	f512 0f80 	cmn.w	r2, #4194304	@ 0x400000
20000ee4:	f080 809a 	bcs.w	2000101c <__adddf3+0x240>
20000ee8:	f1bc 4f00 	cmp.w	ip, #2147483648	@ 0x80000000
20000eec:	bf08      	it	eq
20000eee:	ea5f 0c50 	movseq.w	ip, r0, lsr #1
20000ef2:	f150 0000 	adcs.w	r0, r0, #0
20000ef6:	eb41 5104 	adc.w	r1, r1, r4, lsl #20
20000efa:	ea41 0105 	orr.w	r1, r1, r5
20000efe:	bd30      	pop	{r4, r5, pc}
20000f00:	ea5f 0c4c 	movs.w	ip, ip, lsl #1
20000f04:	4140      	adcs	r0, r0
20000f06:	eb41 0101 	adc.w	r1, r1, r1
20000f0a:	3c01      	subs	r4, #1
20000f0c:	bf28      	it	cs
20000f0e:	f5b1 1f80 	cmpcs.w	r1, #1048576	@ 0x100000
20000f12:	d2e9      	bcs.n	20000ee8 <__adddf3+0x10c>
20000f14:	f091 0f00 	teq	r1, #0
20000f18:	bf04      	itt	eq
20000f1a:	4601      	moveq	r1, r0
20000f1c:	2000      	moveq	r0, #0
20000f1e:	fab1 f381 	clz	r3, r1
20000f22:	bf08      	it	eq
20000f24:	3320      	addeq	r3, #32
20000f26:	f1a3 030b 	sub.w	r3, r3, #11
20000f2a:	f1b3 0220 	subs.w	r2, r3, #32
20000f2e:	da0c      	bge.n	20000f4a <__adddf3+0x16e>
20000f30:	320c      	adds	r2, #12
20000f32:	dd08      	ble.n	20000f46 <__adddf3+0x16a>
20000f34:	f102 0c14 	add.w	ip, r2, #20
20000f38:	f1c2 020c 	rsb	r2, r2, #12
20000f3c:	fa01 f00c 	lsl.w	r0, r1, ip
20000f40:	fa21 f102 	lsr.w	r1, r1, r2
20000f44:	e00c      	b.n	20000f60 <__adddf3+0x184>
20000f46:	f102 0214 	add.w	r2, r2, #20
20000f4a:	bfd8      	it	le
20000f4c:	f1c2 0c20 	rsble	ip, r2, #32
20000f50:	fa01 f102 	lsl.w	r1, r1, r2
20000f54:	fa20 fc0c 	lsr.w	ip, r0, ip
20000f58:	bfdc      	itt	le
20000f5a:	ea41 010c 	orrle.w	r1, r1, ip
20000f5e:	4090      	lslle	r0, r2
20000f60:	1ae4      	subs	r4, r4, r3
20000f62:	bfa2      	ittt	ge
20000f64:	eb01 5104 	addge.w	r1, r1, r4, lsl #20
20000f68:	4329      	orrge	r1, r5
20000f6a:	bd30      	popge	{r4, r5, pc}
20000f6c:	ea6f 0404 	mvn.w	r4, r4
20000f70:	3c1f      	subs	r4, #31
20000f72:	da1c      	bge.n	20000fae <__adddf3+0x1d2>
20000f74:	340c      	adds	r4, #12
20000f76:	dc0e      	bgt.n	20000f96 <__adddf3+0x1ba>
20000f78:	f104 0414 	add.w	r4, r4, #20
20000f7c:	f1c4 0220 	rsb	r2, r4, #32
20000f80:	fa20 f004 	lsr.w	r0, r0, r4
20000f84:	fa01 f302 	lsl.w	r3, r1, r2
20000f88:	ea40 0003 	orr.w	r0, r0, r3
20000f8c:	fa21 f304 	lsr.w	r3, r1, r4
20000f90:	ea45 0103 	orr.w	r1, r5, r3
20000f94:	bd30      	pop	{r4, r5, pc}
20000f96:	f1c4 040c 	rsb	r4, r4, #12
20000f9a:	f1c4 0220 	rsb	r2, r4, #32
20000f9e:	fa20 f002 	lsr.w	r0, r0, r2
20000fa2:	fa01 f304 	lsl.w	r3, r1, r4
20000fa6:	ea40 0003 	orr.w	r0, r0, r3
20000faa:	4629      	mov	r1, r5
20000fac:	bd30      	pop	{r4, r5, pc}
20000fae:	fa21 f004 	lsr.w	r0, r1, r4
20000fb2:	4629      	mov	r1, r5
20000fb4:	bd30      	pop	{r4, r5, pc}
20000fb6:	f094 0f00 	teq	r4, #0
20000fba:	f483 1380 	eor.w	r3, r3, #1048576	@ 0x100000
20000fbe:	bf06      	itte	eq
20000fc0:	f481 1180 	eoreq.w	r1, r1, #1048576	@ 0x100000
20000fc4:	3401      	addeq	r4, #1
20000fc6:	3d01      	subne	r5, #1
20000fc8:	e74e      	b.n	20000e68 <__adddf3+0x8c>
20000fca:	ea7f 5c64 	mvns.w	ip, r4, asr #21
20000fce:	bf18      	it	ne
20000fd0:	ea7f 5c65 	mvnsne.w	ip, r5, asr #21
20000fd4:	d029      	beq.n	2000102a <__adddf3+0x24e>
20000fd6:	ea94 0f05 	teq	r4, r5
20000fda:	bf08      	it	eq
20000fdc:	ea90 0f02 	teqeq	r0, r2
20000fe0:	d005      	beq.n	20000fee <__adddf3+0x212>
20000fe2:	ea54 0c00 	orrs.w	ip, r4, r0
20000fe6:	bf04      	itt	eq
20000fe8:	4619      	moveq	r1, r3
20000fea:	4610      	moveq	r0, r2
20000fec:	bd30      	pop	{r4, r5, pc}
20000fee:	ea91 0f03 	teq	r1, r3
20000ff2:	bf1e      	ittt	ne
20000ff4:	2100      	movne	r1, #0
20000ff6:	2000      	movne	r0, #0
20000ff8:	bd30      	popne	{r4, r5, pc}
20000ffa:	ea5f 5c54 	movs.w	ip, r4, lsr #21
20000ffe:	d105      	bne.n	2000100c <__adddf3+0x230>
20001000:	0040      	lsls	r0, r0, #1
20001002:	4149      	adcs	r1, r1
20001004:	bf28      	it	cs
20001006:	f041 4100 	orrcs.w	r1, r1, #2147483648	@ 0x80000000
2000100a:	bd30      	pop	{r4, r5, pc}
2000100c:	f514 0480 	adds.w	r4, r4, #4194304	@ 0x400000
20001010:	bf3c      	itt	cc
20001012:	f501 1180 	addcc.w	r1, r1, #1048576	@ 0x100000
20001016:	bd30      	popcc	{r4, r5, pc}
20001018:	f001 4500 	and.w	r5, r1, #2147483648	@ 0x80000000
2000101c:	f045 41fe 	orr.w	r1, r5, #2130706432	@ 0x7f000000
20001020:	f441 0170 	orr.w	r1, r1, #15728640	@ 0xf00000
20001024:	f04f 0000 	mov.w	r0, #0
20001028:	bd30      	pop	{r4, r5, pc}
2000102a:	ea7f 5c64 	mvns.w	ip, r4, asr #21
2000102e:	bf1a      	itte	ne
20001030:	4619      	movne	r1, r3
20001032:	4610      	movne	r0, r2
20001034:	ea7f 5c65 	mvnseq.w	ip, r5, asr #21
20001038:	bf1c      	itt	ne
2000103a:	460b      	movne	r3, r1
2000103c:	4602      	movne	r2, r0
2000103e:	ea50 3401 	orrs.w	r4, r0, r1, lsl #12
20001042:	bf06      	itte	eq
20001044:	ea52 3503 	orrseq.w	r5, r2, r3, lsl #12
20001048:	ea91 0f03 	teqeq	r1, r3
2000104c:	f441 2100 	orrne.w	r1, r1, #524288	@ 0x80000
20001050:	bd30      	pop	{r4, r5, pc}
20001052:	bf00      	nop

20001054 <__aeabi_ui2d>:
20001054:	f090 0f00 	teq	r0, #0
20001058:	bf04      	itt	eq
2000105a:	2100      	moveq	r1, #0
2000105c:	4770      	bxeq	lr
2000105e:	b530      	push	{r4, r5, lr}
20001060:	f44f 6480 	mov.w	r4, #1024	@ 0x400
20001064:	f104 0432 	add.w	r4, r4, #50	@ 0x32
20001068:	f04f 0500 	mov.w	r5, #0
2000106c:	f04f 0100 	mov.w	r1, #0
20001070:	e750      	b.n	20000f14 <__adddf3+0x138>
20001072:	bf00      	nop

20001074 <__aeabi_i2d>:
20001074:	f090 0f00 	teq	r0, #0
20001078:	bf04      	itt	eq
2000107a:	2100      	moveq	r1, #0
2000107c:	4770      	bxeq	lr
2000107e:	b530      	push	{r4, r5, lr}
20001080:	f44f 6480 	mov.w	r4, #1024	@ 0x400
20001084:	f104 0432 	add.w	r4, r4, #50	@ 0x32
20001088:	f010 4500 	ands.w	r5, r0, #2147483648	@ 0x80000000
2000108c:	bf48      	it	mi
2000108e:	4240      	negmi	r0, r0
20001090:	f04f 0100 	mov.w	r1, #0
20001094:	e73e      	b.n	20000f14 <__adddf3+0x138>
20001096:	bf00      	nop

20001098 <__aeabi_f2d>:
20001098:	0042      	lsls	r2, r0, #1
2000109a:	ea4f 01e2 	mov.w	r1, r2, asr #3
2000109e:	ea4f 0131 	mov.w	r1, r1, rrx
200010a2:	ea4f 7002 	mov.w	r0, r2, lsl #28
200010a6:	bf1f      	itttt	ne
200010a8:	f012 437f 	andsne.w	r3, r2, #4278190080	@ 0xff000000
200010ac:	f093 4f7f 	teqne	r3, #4278190080	@ 0xff000000
200010b0:	f081 5160 	eorne.w	r1, r1, #939524096	@ 0x38000000
200010b4:	4770      	bxne	lr
200010b6:	f032 427f 	bics.w	r2, r2, #4278190080	@ 0xff000000
200010ba:	bf08      	it	eq
200010bc:	4770      	bxeq	lr
200010be:	f093 4f7f 	teq	r3, #4278190080	@ 0xff000000
200010c2:	bf04      	itt	eq
200010c4:	f441 2100 	orreq.w	r1, r1, #524288	@ 0x80000
200010c8:	4770      	bxeq	lr
200010ca:	b530      	push	{r4, r5, lr}
200010cc:	f44f 7460 	mov.w	r4, #896	@ 0x380
200010d0:	f001 4500 	and.w	r5, r1, #2147483648	@ 0x80000000
200010d4:	f021 4100 	bic.w	r1, r1, #2147483648	@ 0x80000000
200010d8:	e71c      	b.n	20000f14 <__adddf3+0x138>
200010da:	bf00      	nop

200010dc <__aeabi_ul2d>:
200010dc:	ea50 0201 	orrs.w	r2, r0, r1
200010e0:	bf08      	it	eq
200010e2:	4770      	bxeq	lr
200010e4:	b530      	push	{r4, r5, lr}
200010e6:	f04f 0500 	mov.w	r5, #0
200010ea:	e00a      	b.n	20001102 <__aeabi_l2d+0x16>

200010ec <__aeabi_l2d>:
200010ec:	ea50 0201 	orrs.w	r2, r0, r1
200010f0:	bf08      	it	eq
200010f2:	4770      	bxeq	lr
200010f4:	b530      	push	{r4, r5, lr}
200010f6:	f011 4500 	ands.w	r5, r1, #2147483648	@ 0x80000000
200010fa:	d502      	bpl.n	20001102 <__aeabi_l2d+0x16>
200010fc:	4240      	negs	r0, r0
200010fe:	eb61 0141 	sbc.w	r1, r1, r1, lsl #1
20001102:	f44f 6480 	mov.w	r4, #1024	@ 0x400
20001106:	f104 0432 	add.w	r4, r4, #50	@ 0x32
2000110a:	ea5f 5c91 	movs.w	ip, r1, lsr #22
2000110e:	f43f aed8 	beq.w	20000ec2 <__adddf3+0xe6>
20001112:	f04f 0203 	mov.w	r2, #3
20001116:	ea5f 0cdc 	movs.w	ip, ip, lsr #3
2000111a:	bf18      	it	ne
2000111c:	3203      	addne	r2, #3
2000111e:	ea5f 0cdc 	movs.w	ip, ip, lsr #3
20001122:	bf18      	it	ne
20001124:	3203      	addne	r2, #3
20001126:	eb02 02dc 	add.w	r2, r2, ip, lsr #3
2000112a:	f1c2 0320 	rsb	r3, r2, #32
2000112e:	fa00 fc03 	lsl.w	ip, r0, r3
20001132:	fa20 f002 	lsr.w	r0, r0, r2
20001136:	fa01 fe03 	lsl.w	lr, r1, r3
2000113a:	ea40 000e 	orr.w	r0, r0, lr
2000113e:	fa21 f102 	lsr.w	r1, r1, r2
20001142:	4414      	add	r4, r2
20001144:	e6bd      	b.n	20000ec2 <__adddf3+0xe6>
20001146:	bf00      	nop

20001148 <__aeabi_uldivmod>:
20001148:	b953      	cbnz	r3, 20001160 <__aeabi_uldivmod+0x18>
2000114a:	b94a      	cbnz	r2, 20001160 <__aeabi_uldivmod+0x18>
2000114c:	2900      	cmp	r1, #0
2000114e:	bf08      	it	eq
20001150:	2800      	cmpeq	r0, #0
20001152:	bf1c      	itt	ne
20001154:	f04f 31ff 	movne.w	r1, #4294967295
20001158:	f04f 30ff 	movne.w	r0, #4294967295
2000115c:	f000 b9b2 	b.w	200014c4 <__aeabi_idiv0>
20001160:	f1ad 0c08 	sub.w	ip, sp, #8
20001164:	e96d ce04 	strd	ip, lr, [sp, #-16]!
20001168:	f000 f806 	bl	20001178 <__udivmoddi4>
2000116c:	f8dd e004 	ldr.w	lr, [sp, #4]
20001170:	e9dd 2302 	ldrd	r2, r3, [sp, #8]
20001174:	b004      	add	sp, #16
20001176:	4770      	bx	lr

20001178 <__udivmoddi4>:
20001178:	e92d 4ff0 	stmdb	sp!, {r4, r5, r6, r7, r8, r9, sl, fp, lr}
2000117c:	468c      	mov	ip, r1
2000117e:	9e09      	ldr	r6, [sp, #36]	@ 0x24
20001180:	4604      	mov	r4, r0
20001182:	460f      	mov	r7, r1
20001184:	2b00      	cmp	r3, #0
20001186:	d148      	bne.n	2000121a <__udivmoddi4+0xa2>
20001188:	428a      	cmp	r2, r1
2000118a:	4615      	mov	r5, r2
2000118c:	d95e      	bls.n	2000124c <__udivmoddi4+0xd4>
2000118e:	fab2 f382 	clz	r3, r2
20001192:	b13b      	cbz	r3, 200011a4 <__udivmoddi4+0x2c>
20001194:	f1c3 0220 	rsb	r2, r3, #32
20001198:	409f      	lsls	r7, r3
2000119a:	409d      	lsls	r5, r3
2000119c:	409c      	lsls	r4, r3
2000119e:	fa20 f202 	lsr.w	r2, r0, r2
200011a2:	4317      	orrs	r7, r2
200011a4:	ea4f 4e15 	mov.w	lr, r5, lsr #16
200011a8:	fa1f fc85 	uxth.w	ip, r5
200011ac:	0c22      	lsrs	r2, r4, #16
200011ae:	fbb7 f1fe 	udiv	r1, r7, lr
200011b2:	fb0e 7711 	mls	r7, lr, r1, r7
200011b6:	fb01 f00c 	mul.w	r0, r1, ip
200011ba:	ea42 4207 	orr.w	r2, r2, r7, lsl #16
200011be:	4290      	cmp	r0, r2
200011c0:	d907      	bls.n	200011d2 <__udivmoddi4+0x5a>
200011c2:	18aa      	adds	r2, r5, r2
200011c4:	f101 37ff 	add.w	r7, r1, #4294967295
200011c8:	d202      	bcs.n	200011d0 <__udivmoddi4+0x58>
200011ca:	4290      	cmp	r0, r2
200011cc:	f200 8158 	bhi.w	20001480 <__udivmoddi4+0x308>
200011d0:	4639      	mov	r1, r7
200011d2:	1a12      	subs	r2, r2, r0
200011d4:	b2a4      	uxth	r4, r4
200011d6:	fbb2 f0fe 	udiv	r0, r2, lr
200011da:	fb0e 2210 	mls	r2, lr, r0, r2
200011de:	fb00 fc0c 	mul.w	ip, r0, ip
200011e2:	ea44 4402 	orr.w	r4, r4, r2, lsl #16
200011e6:	45a4      	cmp	ip, r4
200011e8:	d90b      	bls.n	20001202 <__udivmoddi4+0x8a>
200011ea:	192c      	adds	r4, r5, r4
200011ec:	f100 32ff 	add.w	r2, r0, #4294967295
200011f0:	bf2c      	ite	cs
200011f2:	2701      	movcs	r7, #1
200011f4:	2700      	movcc	r7, #0
200011f6:	45a4      	cmp	ip, r4
200011f8:	d902      	bls.n	20001200 <__udivmoddi4+0x88>
200011fa:	2f00      	cmp	r7, #0
200011fc:	f000 8143 	beq.w	20001486 <__udivmoddi4+0x30e>
20001200:	4610      	mov	r0, r2
20001202:	ea40 4001 	orr.w	r0, r0, r1, lsl #16
20001206:	eba4 040c 	sub.w	r4, r4, ip
2000120a:	2100      	movs	r1, #0
2000120c:	b11e      	cbz	r6, 20001216 <__udivmoddi4+0x9e>
2000120e:	40dc      	lsrs	r4, r3
20001210:	2300      	movs	r3, #0
20001212:	e9c6 4300 	strd	r4, r3, [r6]
20001216:	e8bd 8ff0 	ldmia.w	sp!, {r4, r5, r6, r7, r8, r9, sl, fp, pc}
2000121a:	428b      	cmp	r3, r1
2000121c:	d906      	bls.n	2000122c <__udivmoddi4+0xb4>
2000121e:	b10e      	cbz	r6, 20001224 <__udivmoddi4+0xac>
20001220:	e9c6 0100 	strd	r0, r1, [r6]
20001224:	2100      	movs	r1, #0
20001226:	4608      	mov	r0, r1
20001228:	e8bd 8ff0 	ldmia.w	sp!, {r4, r5, r6, r7, r8, r9, sl, fp, pc}
2000122c:	fab3 f183 	clz	r1, r3
20001230:	2900      	cmp	r1, #0
20001232:	d151      	bne.n	200012d8 <__udivmoddi4+0x160>
20001234:	4563      	cmp	r3, ip
20001236:	f0c0 8116 	bcc.w	20001466 <__udivmoddi4+0x2ee>
2000123a:	4282      	cmp	r2, r0
2000123c:	f240 8113 	bls.w	20001466 <__udivmoddi4+0x2ee>
20001240:	4608      	mov	r0, r1
20001242:	2e00      	cmp	r6, #0
20001244:	d0e7      	beq.n	20001216 <__udivmoddi4+0x9e>
20001246:	e9c6 4700 	strd	r4, r7, [r6]
2000124a:	e7e4      	b.n	20001216 <__udivmoddi4+0x9e>
2000124c:	2a00      	cmp	r2, #0
2000124e:	f000 80af 	beq.w	200013b0 <__udivmoddi4+0x238>
20001252:	fab2 f382 	clz	r3, r2
20001256:	2b00      	cmp	r3, #0
20001258:	f040 80c2 	bne.w	200013e0 <__udivmoddi4+0x268>
2000125c:	1a8a      	subs	r2, r1, r2
2000125e:	ea4f 4e15 	mov.w	lr, r5, lsr #16
20001262:	b2af      	uxth	r7, r5
20001264:	2101      	movs	r1, #1
20001266:	0c20      	lsrs	r0, r4, #16
20001268:	fbb2 fcfe 	udiv	ip, r2, lr
2000126c:	fb0e 221c 	mls	r2, lr, ip, r2
20001270:	ea40 4202 	orr.w	r2, r0, r2, lsl #16
20001274:	fb07 f00c 	mul.w	r0, r7, ip
20001278:	4290      	cmp	r0, r2
2000127a:	d90e      	bls.n	2000129a <__udivmoddi4+0x122>
2000127c:	18aa      	adds	r2, r5, r2
2000127e:	f10c 38ff 	add.w	r8, ip, #4294967295
20001282:	bf2c      	ite	cs
20001284:	f04f 0901 	movcs.w	r9, #1
20001288:	f04f 0900 	movcc.w	r9, #0
2000128c:	4290      	cmp	r0, r2
2000128e:	d903      	bls.n	20001298 <__udivmoddi4+0x120>
20001290:	f1b9 0f00 	cmp.w	r9, #0
20001294:	f000 80f0 	beq.w	20001478 <__udivmoddi4+0x300>
20001298:	46c4      	mov	ip, r8
2000129a:	1a12      	subs	r2, r2, r0
2000129c:	b2a4      	uxth	r4, r4
2000129e:	fbb2 f0fe 	udiv	r0, r2, lr
200012a2:	fb0e 2210 	mls	r2, lr, r0, r2
200012a6:	fb00 f707 	mul.w	r7, r0, r7
200012aa:	ea44 4402 	orr.w	r4, r4, r2, lsl #16
200012ae:	42a7      	cmp	r7, r4
200012b0:	d90e      	bls.n	200012d0 <__udivmoddi4+0x158>
200012b2:	192c      	adds	r4, r5, r4
200012b4:	f100 32ff 	add.w	r2, r0, #4294967295
200012b8:	bf2c      	ite	cs
200012ba:	f04f 0e01 	movcs.w	lr, #1
200012be:	f04f 0e00 	movcc.w	lr, #0
200012c2:	42a7      	cmp	r7, r4
200012c4:	d903      	bls.n	200012ce <__udivmoddi4+0x156>
200012c6:	f1be 0f00 	cmp.w	lr, #0
200012ca:	f000 80d2 	beq.w	20001472 <__udivmoddi4+0x2fa>
200012ce:	4610      	mov	r0, r2
200012d0:	1be4      	subs	r4, r4, r7
200012d2:	ea40 400c 	orr.w	r0, r0, ip, lsl #16
200012d6:	e799      	b.n	2000120c <__udivmoddi4+0x94>
200012d8:	f1c1 0520 	rsb	r5, r1, #32
200012dc:	408b      	lsls	r3, r1
200012de:	fa0c f401 	lsl.w	r4, ip, r1
200012e2:	fa00 f901 	lsl.w	r9, r0, r1
200012e6:	fa22 f705 	lsr.w	r7, r2, r5
200012ea:	fa2c fc05 	lsr.w	ip, ip, r5
200012ee:	408a      	lsls	r2, r1
200012f0:	431f      	orrs	r7, r3
200012f2:	fa20 f305 	lsr.w	r3, r0, r5
200012f6:	0c38      	lsrs	r0, r7, #16
200012f8:	4323      	orrs	r3, r4
200012fa:	fa1f fe87 	uxth.w	lr, r7
200012fe:	0c1c      	lsrs	r4, r3, #16
20001300:	fbbc f8f0 	udiv	r8, ip, r0
20001304:	fb00 cc18 	mls	ip, r0, r8, ip
20001308:	ea44 440c 	orr.w	r4, r4, ip, lsl #16
2000130c:	fb08 fc0e 	mul.w	ip, r8, lr
20001310:	45a4      	cmp	ip, r4
20001312:	d90e      	bls.n	20001332 <__udivmoddi4+0x1ba>
20001314:	193c      	adds	r4, r7, r4
20001316:	f108 3aff 	add.w	sl, r8, #4294967295
2000131a:	bf2c      	ite	cs
2000131c:	f04f 0b01 	movcs.w	fp, #1
20001320:	f04f 0b00 	movcc.w	fp, #0
20001324:	45a4      	cmp	ip, r4
20001326:	d903      	bls.n	20001330 <__udivmoddi4+0x1b8>
20001328:	f1bb 0f00 	cmp.w	fp, #0
2000132c:	f000 80b8 	beq.w	200014a0 <__udivmoddi4+0x328>
20001330:	46d0      	mov	r8, sl
20001332:	eba4 040c 	sub.w	r4, r4, ip
20001336:	fa1f fc83 	uxth.w	ip, r3
2000133a:	fbb4 f3f0 	udiv	r3, r4, r0
2000133e:	fb00 4413 	mls	r4, r0, r3, r4
20001342:	fb03 fe0e 	mul.w	lr, r3, lr
20001346:	ea4c 4404 	orr.w	r4, ip, r4, lsl #16
2000134a:	45a6      	cmp	lr, r4
2000134c:	d90e      	bls.n	2000136c <__udivmoddi4+0x1f4>
2000134e:	193c      	adds	r4, r7, r4
20001350:	f103 30ff 	add.w	r0, r3, #4294967295
20001354:	bf2c      	ite	cs
20001356:	f04f 0c01 	movcs.w	ip, #1
2000135a:	f04f 0c00 	movcc.w	ip, #0
2000135e:	45a6      	cmp	lr, r4
20001360:	d903      	bls.n	2000136a <__udivmoddi4+0x1f2>
20001362:	f1bc 0f00 	cmp.w	ip, #0
20001366:	f000 809f 	beq.w	200014a8 <__udivmoddi4+0x330>
2000136a:	4603      	mov	r3, r0
2000136c:	ea43 4008 	orr.w	r0, r3, r8, lsl #16
20001370:	eba4 040e 	sub.w	r4, r4, lr
20001374:	fba0 ec02 	umull	lr, ip, r0, r2
20001378:	4564      	cmp	r4, ip
2000137a:	4673      	mov	r3, lr
2000137c:	46e0      	mov	r8, ip
2000137e:	d302      	bcc.n	20001386 <__udivmoddi4+0x20e>
20001380:	d107      	bne.n	20001392 <__udivmoddi4+0x21a>
20001382:	45f1      	cmp	r9, lr
20001384:	d205      	bcs.n	20001392 <__udivmoddi4+0x21a>
20001386:	ebbe 0302 	subs.w	r3, lr, r2
2000138a:	eb6c 0c07 	sbc.w	ip, ip, r7
2000138e:	3801      	subs	r0, #1
20001390:	46e0      	mov	r8, ip
20001392:	b15e      	cbz	r6, 200013ac <__udivmoddi4+0x234>
20001394:	ebb9 0203 	subs.w	r2, r9, r3
20001398:	eb64 0408 	sbc.w	r4, r4, r8
2000139c:	fa04 f505 	lsl.w	r5, r4, r5
200013a0:	fa22 f301 	lsr.w	r3, r2, r1
200013a4:	40cc      	lsrs	r4, r1
200013a6:	431d      	orrs	r5, r3
200013a8:	e9c6 5400 	strd	r5, r4, [r6]
200013ac:	2100      	movs	r1, #0
200013ae:	e732      	b.n	20001216 <__udivmoddi4+0x9e>
200013b0:	0842      	lsrs	r2, r0, #1
200013b2:	462f      	mov	r7, r5
200013b4:	084b      	lsrs	r3, r1, #1
200013b6:	46ac      	mov	ip, r5
200013b8:	ea42 72c1 	orr.w	r2, r2, r1, lsl #31
200013bc:	46ae      	mov	lr, r5
200013be:	07c4      	lsls	r4, r0, #31
200013c0:	0c11      	lsrs	r1, r2, #16
200013c2:	b292      	uxth	r2, r2
200013c4:	ea41 4103 	orr.w	r1, r1, r3, lsl #16
200013c8:	ea42 4201 	orr.w	r2, r2, r1, lsl #16
200013cc:	fbb1 f1f5 	udiv	r1, r1, r5
200013d0:	fbb3 f0f5 	udiv	r0, r3, r5
200013d4:	231f      	movs	r3, #31
200013d6:	eba2 020c 	sub.w	r2, r2, ip
200013da:	ea41 4100 	orr.w	r1, r1, r0, lsl #16
200013de:	e742      	b.n	20001266 <__udivmoddi4+0xee>
200013e0:	409d      	lsls	r5, r3
200013e2:	f1c3 0220 	rsb	r2, r3, #32
200013e6:	4099      	lsls	r1, r3
200013e8:	409c      	lsls	r4, r3
200013ea:	fa2c fc02 	lsr.w	ip, ip, r2
200013ee:	ea4f 4e15 	mov.w	lr, r5, lsr #16
200013f2:	fa20 f202 	lsr.w	r2, r0, r2
200013f6:	b2af      	uxth	r7, r5
200013f8:	fbbc f8fe 	udiv	r8, ip, lr
200013fc:	430a      	orrs	r2, r1
200013fe:	fb0e cc18 	mls	ip, lr, r8, ip
20001402:	0c11      	lsrs	r1, r2, #16
20001404:	ea41 410c 	orr.w	r1, r1, ip, lsl #16
20001408:	fb08 fc07 	mul.w	ip, r8, r7
2000140c:	458c      	cmp	ip, r1
2000140e:	d950      	bls.n	200014b2 <__udivmoddi4+0x33a>
20001410:	1869      	adds	r1, r5, r1
20001412:	f108 30ff 	add.w	r0, r8, #4294967295
20001416:	bf2c      	ite	cs
20001418:	f04f 0901 	movcs.w	r9, #1
2000141c:	f04f 0900 	movcc.w	r9, #0
20001420:	458c      	cmp	ip, r1
20001422:	d902      	bls.n	2000142a <__udivmoddi4+0x2b2>
20001424:	f1b9 0f00 	cmp.w	r9, #0
20001428:	d030      	beq.n	2000148c <__udivmoddi4+0x314>
2000142a:	eba1 010c 	sub.w	r1, r1, ip
2000142e:	fbb1 f8fe 	udiv	r8, r1, lr
20001432:	fb08 fc07 	mul.w	ip, r8, r7
20001436:	fb0e 1118 	mls	r1, lr, r8, r1
2000143a:	b292      	uxth	r2, r2
2000143c:	ea42 4201 	orr.w	r2, r2, r1, lsl #16
20001440:	4562      	cmp	r2, ip
20001442:	d234      	bcs.n	200014ae <__udivmoddi4+0x336>
20001444:	18aa      	adds	r2, r5, r2
20001446:	f108 31ff 	add.w	r1, r8, #4294967295
2000144a:	bf2c      	ite	cs
2000144c:	f04f 0901 	movcs.w	r9, #1
20001450:	f04f 0900 	movcc.w	r9, #0
20001454:	4562      	cmp	r2, ip
20001456:	d2be      	bcs.n	200013d6 <__udivmoddi4+0x25e>
20001458:	f1b9 0f00 	cmp.w	r9, #0
2000145c:	d1bb      	bne.n	200013d6 <__udivmoddi4+0x25e>
2000145e:	f1a8 0102 	sub.w	r1, r8, #2
20001462:	442a      	add	r2, r5
20001464:	e7b7      	b.n	200013d6 <__udivmoddi4+0x25e>
20001466:	1a84      	subs	r4, r0, r2
20001468:	eb6c 0203 	sbc.w	r2, ip, r3
2000146c:	2001      	movs	r0, #1
2000146e:	4617      	mov	r7, r2
20001470:	e6e7      	b.n	20001242 <__udivmoddi4+0xca>
20001472:	442c      	add	r4, r5
20001474:	3802      	subs	r0, #2
20001476:	e72b      	b.n	200012d0 <__udivmoddi4+0x158>
20001478:	f1ac 0c02 	sub.w	ip, ip, #2
2000147c:	442a      	add	r2, r5
2000147e:	e70c      	b.n	2000129a <__udivmoddi4+0x122>
20001480:	3902      	subs	r1, #2
20001482:	442a      	add	r2, r5
20001484:	e6a5      	b.n	200011d2 <__udivmoddi4+0x5a>
20001486:	442c      	add	r4, r5
20001488:	3802      	subs	r0, #2
2000148a:	e6ba      	b.n	20001202 <__udivmoddi4+0x8a>
2000148c:	eba5 0c0c 	sub.w	ip, r5, ip
20001490:	f1a8 0002 	sub.w	r0, r8, #2
20001494:	4461      	add	r1, ip
20001496:	fbb1 f8fe 	udiv	r8, r1, lr
2000149a:	fb08 fc07 	mul.w	ip, r8, r7
2000149e:	e7ca      	b.n	20001436 <__udivmoddi4+0x2be>
200014a0:	f1a8 0802 	sub.w	r8, r8, #2
200014a4:	443c      	add	r4, r7
200014a6:	e744      	b.n	20001332 <__udivmoddi4+0x1ba>
200014a8:	3b02      	subs	r3, #2
200014aa:	443c      	add	r4, r7
200014ac:	e75e      	b.n	2000136c <__udivmoddi4+0x1f4>
200014ae:	4641      	mov	r1, r8
200014b0:	e791      	b.n	200013d6 <__udivmoddi4+0x25e>
200014b2:	eba1 010c 	sub.w	r1, r1, ip
200014b6:	4640      	mov	r0, r8
200014b8:	fbb1 f8fe 	udiv	r8, r1, lr
200014bc:	fb08 fc07 	mul.w	ip, r8, r7
200014c0:	e7b9      	b.n	20001436 <__udivmoddi4+0x2be>
200014c2:	bf00      	nop

200014c4 <__aeabi_idiv0>:
200014c4:	4770      	bx	lr
200014c6:	bf00      	nop

200014c8 <__memset_veneer>:
200014c8:	f85f f000 	ldr.w	pc, [pc]	@ 200014cc <__memset_veneer+0x4>
200014cc:	1000a615 	.word	0x1000a615

200014d0 <__tud_event_hook_cb_veneer>:
200014d0:	f85f f000 	ldr.w	pc, [pc]	@ 200014d4 <__tud_event_hook_cb_veneer+0x4>
200014d4:	100056ad 	.word	0x100056ad

200014d8 <__time_us_64_veneer>:
200014d8:	f85f f000 	ldr.w	pc, [pc]	@ 200014dc <__time_us_64_veneer+0x4>
200014dc:	10002a35 	.word	0x10002a35

200014e0 <__tu_fifo_write_veneer>:
200014e0:	f85f f000 	ldr.w	pc, [pc]	@ 200014e4 <__tu_fifo_write_veneer+0x4>
200014e4:	10007085 	.word	0x10007085

200014e8 <__best_effort_wfe_or_timeout_veneer>:
200014e8:	f85f f000 	ldr.w	pc, [pc]	@ 200014ec <__best_effort_wfe_or_timeout_veneer+0x4>
200014ec:	100028ed 	.word	0x100028ed

200014f0 <__panic_veneer>:
200014f0:	f85f f000 	ldr.w	pc, [pc]	@ 200014f4 <__panic_veneer+0x4>
200014f4:	100018ed 	.word	0x100018ed

200014f8 <addr_lecturas.1>:
200014f8:	                                         ..

200014fa <addr_alarmas.2>:
200014fa:	                                         ..

200014fc <last_sw_state>:
200014fc:	                                         .

200014fd <last_clk_state>:
200014fd:	                                         .

200014fe <striped_spin_lock_num>:
200014fe:	                                         ..

20001500 <irq_handler_chain_slots>:
20001500:	00000000 	.word	0x00000000
20001504:	00010000 	.word	0x00010000
	...
20001510:	00020000 	.word	0x00020000
	...
2000151c:	00030000 	.word	0x00030000
	...
20001528:	00ff0000 	.word	0x00ff0000
2000152c:	00000000 	.word	0x00000000

20001530 <irq_handler_chain_first_slot>:
20001530:	b501      	push	{r0, lr}
20001532:	6848      	ldr	r0, [r1, #4]
20001534:	3101      	adds	r1, #1
20001536:	468e      	mov	lr, r1
20001538:	4700      	bx	r0

2000153a <irq_handler_chain_remove_tail>:
2000153a:	4670      	mov	r0, lr
2000153c:	3809      	subs	r0, #9
2000153e:	4901      	ldr	r1, [pc, #4]	@ (20001544 <irq_handler_chain_remove_tail+0xa>)
20001540:	4788      	blx	r1
20001542:	bd01      	pop	{r0, pc}
20001544:	10001f55 	.word	0x10001f55

20001548 <default_alarm_pool>:
	...
2000155c:	20001b08                                ... 

20001560 <stdio_usb>:
20001560:	10004e59 10004e05 10004d7d 10004ced     YN...N..}M...L..
20001570:	00000000 00000100                       ........

20001578 <_usbd_qdef>:
20001578:	200020e4 000c0010 00000000 00000000     . . ............
	...

20001594 <_usbd_rhport>:
20001594:	000000ff                                ....

20001598 <i2c0_inst>:
20001598:	40090000 00000000                       ...@....

200015a0 <ucPrimaryCoreNum>:
200015a0:	000000ff                                ....

200015a4 <ulCriticalNesting>:
200015a4:	aaaaaaaa                                ....

200015a8 <__malloc_sbrk_base>:
200015a8:	ffffffff                                ....

200015ac <__malloc_trim_threshold>:
200015ac:	00020000                                ....

200015b0 <__malloc_av_>:
	...
200015b8:	200015b0 200015b0 200015b8 200015b8     ... ... ... ... 
200015c8:	200015c0 200015c0 200015c8 200015c8     ... ... ... ... 
200015d8:	200015d0 200015d0 200015d8 200015d8     ... ... ... ... 
200015e8:	200015e0 200015e0 200015e8 200015e8     ... ... ... ... 
200015f8:	200015f0 200015f0 200015f8 200015f8     ... ... ... ... 
20001608:	20001600 20001600 20001608 20001608     ... ... ... ... 
20001618:	20001610 20001610 20001618 20001618     ... ... ... ... 
20001628:	20001620 20001620 20001628 20001628      ..  .. (.. (.. 
20001638:	20001630 20001630 20001638 20001638     0.. 0.. 8.. 8.. 
20001648:	20001640 20001640 20001648 20001648     @.. @.. H.. H.. 
20001658:	20001650 20001650 20001658 20001658     P.. P.. X.. X.. 
20001668:	20001660 20001660 20001668 20001668     `.. `.. h.. h.. 
20001678:	20001670 20001670 20001678 20001678     p.. p.. x.. x.. 
20001688:	20001680 20001680 20001688 20001688     ... ... ... ... 
20001698:	20001690 20001690 20001698 20001698     ... ... ... ... 
200016a8:	200016a0 200016a0 200016a8 200016a8     ... ... ... ... 
200016b8:	200016b0 200016b0 200016b8 200016b8     ... ... ... ... 
200016c8:	200016c0 200016c0 200016c8 200016c8     ... ... ... ... 
200016d8:	200016d0 200016d0 200016d8 200016d8     ... ... ... ... 
200016e8:	200016e0 200016e0 200016e8 200016e8     ... ... ... ... 
200016f8:	200016f0 200016f0 200016f8 200016f8     ... ... ... ... 
20001708:	20001700 20001700 20001708 20001708     ... ... ... ... 
20001718:	20001710 20001710 20001718 20001718     ... ... ... ... 
20001728:	20001720 20001720 20001728 20001728      ..  .. (.. (.. 
20001738:	20001730 20001730 20001738 20001738     0.. 0.. 8.. 8.. 
20001748:	20001740 20001740 20001748 20001748     @.. @.. H.. H.. 
20001758:	20001750 20001750 20001758 20001758     P.. P.. X.. X.. 
20001768:	20001760 20001760 20001768 20001768     `.. `.. h.. h.. 
20001778:	20001770 20001770 20001778 20001778     p.. p.. x.. x.. 
20001788:	20001780 20001780 20001788 20001788     ... ... ... ... 
20001798:	20001790 20001790 20001798 20001798     ... ... ... ... 
200017a8:	200017a0 200017a0 200017a8 200017a8     ... ... ... ... 
200017b8:	200017b0 200017b0 200017b8 200017b8     ... ... ... ... 
200017c8:	200017c0 200017c0 200017c8 200017c8     ... ... ... ... 
200017d8:	200017d0 200017d0 200017d8 200017d8     ... ... ... ... 
200017e8:	200017e0 200017e0 200017e8 200017e8     ... ... ... ... 
200017f8:	200017f0 200017f0 200017f8 200017f8     ... ... ... ... 
20001808:	20001800 20001800 20001808 20001808     ... ... ... ... 
20001818:	20001810 20001810 20001818 20001818     ... ... ... ... 
20001828:	20001820 20001820 20001828 20001828      ..  .. (.. (.. 
20001838:	20001830 20001830 20001838 20001838     0.. 0.. 8.. 8.. 
20001848:	20001840 20001840 20001848 20001848     @.. @.. H.. H.. 
20001858:	20001850 20001850 20001858 20001858     P.. P.. X.. X.. 
20001868:	20001860 20001860 20001868 20001868     `.. `.. h.. h.. 
20001878:	20001870 20001870 20001878 20001878     p.. p.. x.. x.. 
20001888:	20001880 20001880 20001888 20001888     ... ... ... ... 
20001898:	20001890 20001890 20001898 20001898     ... ... ... ... 
200018a8:	200018a0 200018a0 200018a8 200018a8     ... ... ... ... 
200018b8:	200018b0 200018b0 200018b8 200018b8     ... ... ... ... 
200018c8:	200018c0 200018c0 200018c8 200018c8     ... ... ... ... 
200018d8:	200018d0 200018d0 200018d8 200018d8     ... ... ... ... 
200018e8:	200018e0 200018e0 200018e8 200018e8     ... ... ... ... 
200018f8:	200018f0 200018f0 200018f8 200018f8     ... ... ... ... 
20001908:	20001900 20001900 20001908 20001908     ... ... ... ... 
20001918:	20001910 20001910 20001918 20001918     ... ... ... ... 
20001928:	20001920 20001920 20001928 20001928      ..  .. (.. (.. 
20001938:	20001930 20001930 20001938 20001938     0.. 0.. 8.. 8.. 
20001948:	20001940 20001940 20001948 20001948     @.. @.. H.. H.. 
20001958:	20001950 20001950 20001958 20001958     P.. P.. X.. X.. 
20001968:	20001960 20001960 20001968 20001968     `.. `.. h.. h.. 
20001978:	20001970 20001970 20001978 20001978     p.. p.. x.. x.. 
20001988:	20001980 20001980 20001988 20001988     ... ... ... ... 
20001998:	20001990 20001990 20001998 20001998     ... ... ... ... 
200019a8:	200019a0 200019a0 200019a8 200019a8     ... ... ... ... 

200019b8 <_impure_ptr>:
200019b8:	200019c0 00000000                       ... ....

200019c0 <_impure_data>:
200019c0:	00000000 20001d80 20001de8 20001e50     ....... ... P.. 
	...
20001a58:	00000001 00000000 abcd330e e66d1234     .........3..4.m.
20001a68:	0005deec 0000000b 00000000 00000000     ................
	...

20001b00 <print_mutex>:
	...
